{"type": "FeatureCollection", "features": [{"type": "Feature", "properties": {"objectid_1": 2, "dist_name": "GMDA Boundary", "objectid": 1, "sub_type": "GMDA Boundary", "shape_Area": 875281963.4125355, "shape_Length": 176974.4025756302}, "geometry": {"type": "Polygon", "coordinates": [[[77.02009004085446, 28.535976387126542], [77.01992304314486, 28.536058048068973], [77.01990362516165, 28.536067543541694], [77.01987062285475, 28.536083680792476], [77.01962819989892, 28.536202224165546], [77.01958741458837, 28.53622216762881], [77.01948543154911, 28.53627648081556], [77.01945140606108, 28.536292079811414], [77.01937519748397, 28.536353788393694], [77.01913396928747, 28.53646668802349], [77.01880608510707, 28.536686209780804], [77.01832923599807, 28.537054248071954], [77.01788471186623, 28.537288001390216], [77.01773377154231, 28.5373879117781], [77.01758920027376, 28.537527434663925], [77.0169742810039, 28.53836759771342], [77.0168551518208, 28.538537481692842], [77.01677664175992, 28.538614662134638], [77.01669975675138, 28.538719011896067], [77.01664376565802, 28.538795005301537], [77.01654111696715, 28.53893432271988], [77.01635867542115, 28.539094267866403], [77.01609949439369, 28.53921243931398], [77.01541759673623, 28.539464678639874], [77.01473532268469, 28.539701948620845], [77.01441663455788, 28.539792391571428], [77.01409253947136, 28.54000432577322], [77.01405413469632, 28.54002944064002], [77.01401169918063, 28.540060242151533], [77.01390007182847, 28.540154369355758], [77.01386213777064, 28.540186356140083], [77.01376597401779, 28.540267444840016], [77.01371513835588, 28.5403106067873], [77.01363040925827, 28.5403825443791], [77.01342630843244, 28.54054458410208], [77.0133755697886, 28.540552340670192], [77.01332538360862, 28.54052938820307], [77.01284034186419, 28.54030755276483], [77.01274807410473, 28.540265353583468], [77.0125977509234, 28.54019660172613], [77.01250092331556, 28.540152316765546], [77.01249137063083, 28.54014794800745], [77.0123624641842, 28.540088990273407], [77.01219431932594, 28.540014896508936], [77.01199554281483, 28.54003521962327], [77.0119259476348, 28.54003896811014], [77.01182331062203, 28.540048290399074], [77.01148108124487, 28.54007426464498], [77.01134394892516, 28.540090188999454], [77.0113096377729, 28.54009229130765], [77.01115534763129, 28.540110019666816], [77.010624163024, 28.540194492317635], [77.01002934625355, 28.540274591412942], [77.00993597805785, 28.540131252657833], [77.00963696213745, 28.539774538472006], [77.00948502648019, 28.539860669409485], [77.00931476698776, 28.539968982654806], [77.00924647705988, 28.540000256098903], [77.00913245479916, 28.5400636947044], [77.00902882424967, 28.5401213511368], [77.00898116053901, 28.54014786988121], [77.00891826679103, 28.540205480496613], [77.00869779596579, 28.540407374271656], [77.00868924310595, 28.540414499528058], [77.00850414703832, 28.540568696618102], [77.0084068514082, 28.54061734461837], [77.0083574216097, 28.540637366160954], [77.00788355311077, 28.540829303991718], [77.00767936065682, 28.540954172572864], [77.00760023255502, 28.541002560765424], [77.00758678028365, 28.541010786842797], [77.00752722826851, 28.54104720443071], [77.00743928050724, 28.541093207777763], [77.00660151975814, 28.541407424423696], [77.00652627597162, 28.54135097214169], [77.00651490779168, 28.541327539258962], [77.00647236357982, 28.541266288137937], [77.00626984917878, 28.540974728304683], [77.00604071949253, 28.540741205706404], [77.0057510765938, 28.540323922955505], [77.00556675577222, 28.54028662678998], [77.00542680274252, 28.540209671692747], [77.00511638181126, 28.540034252119085], [77.00491439831458, 28.53996989334042], [77.00490375148182, 28.539676235494333], [77.00487900020083, 28.539538880116908], [77.00486584257683, 28.539465862378982], [77.00485129346252, 28.53923490120979], [77.00474813363024, 28.53859335465634], [77.00474070725777, 28.53856780935173], [77.0043944507332, 28.538056275357224], [77.00423954704223, 28.53777554749745], [77.00398023755568, 28.537519943035587], [77.0035934795882, 28.537086652483094], [77.00353995437032, 28.536983760295094], [77.00324611633921, 28.53644489949897], [77.00317428255751, 28.536278767868755], [77.00301259119625, 28.535904818232847], [77.00297603066252, 28.535784522530072], [77.00284330008769, 28.535462574787935], [77.00281205219055, 28.53538677943312], [77.0025798035536, 28.534823437561176], [77.00253912154935, 28.534668225049348], [77.00252190443861, 28.53460253635467], [77.00225961883352, 28.53428404958131], [77.00212286650121, 28.534171981796327], [77.00205611448906, 28.534137137862963], [77.00143127961509, 28.533810978642194], [77.00132217922383, 28.53375402903849], [77.00131802361733, 28.533751725357266], [77.00127544437117, 28.53372812426266], [77.00095588757347, 28.533551000266442], [77.00074611478496, 28.533488410869328], [77.00066143239975, 28.53346314449458], [77.00053529006922, 28.533422924264787], [77.0004798271853, 28.5332940723183], [77.00048163100237, 28.533255852661014], [77.00048322641032, 28.533222049387703], [77.00045451355889, 28.53290892032481], [77.00045183837597, 28.53287975117402], [77.0004333016401, 28.532677607000675], [77.0003891683085, 28.53213290530614], [77.0003691736069, 28.53195898915794], [77.00035277935298, 28.53181639358121], [77.00090929734958, 28.531553806652457], [77.0011705579769, 28.531404880195797], [77.0012397875426, 28.53136658566669], [77.00186679094968, 28.531019751288238], [77.00288617398125, 28.530443978634146], [77.00290072219728, 28.530435761991754], [77.00318998870193, 28.530136639784498], [77.00342184387675, 28.529905696838615], [77.00351586514766, 28.52982728907659], [77.00420224360172, 28.52937942760749], [77.00425104637618, 28.529348026311887], [77.00428974400197, 28.529291276340764], [77.00429010332812, 28.52929099852985], [77.0049332602406, 28.52879253665976], [77.00513729548942, 28.528617527425588], [77.00561695183367, 28.52833257722719], [77.0063016064207, 28.527939366266278], [77.00698597534353, 28.527535607107833], [77.00722705262308, 28.527375277415366], [77.00750457185872, 28.527313835077727], [77.00767248225668, 28.52727666058734], [77.00807262512191, 28.527156871995217], [77.00822269497831, 28.527036045399967], [77.00835856426674, 28.527001100450715], [77.0087188902053, 28.526892765193857], [77.00904553201565, 28.526794555169573], [77.00934976714787, 28.52671197545946], [77.00966656881258, 28.526543494655158], [77.00973071930365, 28.526481985535106], [77.0101182381442, 28.526050453846207], [77.01017171664967, 28.525990901014758], [77.01031609927202, 28.525830119093637], [77.01051284379399, 28.525741005115755], [77.01053851944141, 28.52572937454745], [77.01091347713934, 28.525435118216787], [77.01095664208707, 28.525401243769085], [77.01159169978897, 28.52525925810452], [77.01178099637889, 28.525241564342323], [77.01196207068901, 28.525172397789035], [77.01214535844802, 28.52510574579482], [77.01246651155199, 28.52498987108266], [77.01251796166159, 28.52497402731934], [77.01264057720626, 28.524917939557223], [77.01303132549025, 28.524739198537034], [77.01315142844709, 28.524707928456472], [77.01334031720191, 28.524655349648622], [77.01383745565988, 28.524516966003223], [77.0141761133355, 28.524428958263858], [77.01437663078163, 28.524297675410683], [77.01514398517206, 28.523787484163556], [77.01520357491643, 28.52374123963537], [77.01567163490871, 28.523221814264588], [77.0157208401284, 28.52318887598251], [77.01588248477724, 28.52305796333697], [77.01630685879894, 28.522635630960835], [77.0163871196763, 28.52259132204542], [77.01655866735284, 28.522170021768414], [77.01659195622233, 28.52208618820095], [77.0166747207044, 28.52190605164901], [77.01675256152042, 28.52173662943111], [77.01682549933159, 28.52153731402619], [77.01698977604423, 28.52104234680742], [77.01700748633004, 28.52098898555593], [77.01700680810202, 28.520916457748257], [77.01700603555086, 28.520833837915088], [77.01650010707779, 28.520382605801004], [77.01630049872672, 28.520207246361235], [77.01612921156159, 28.520056767097028], [77.01601295429246, 28.519954631802445], [77.01570986541059, 28.519688360040895], [77.01456551414653, 28.518731253255], [77.01392276417084, 28.51819312318689], [77.013463791536, 28.5178088553073], [77.01305898282122, 28.517462321254694], [77.01265447953361, 28.517111665777506], [77.01224564546803, 28.516759299446747], [77.01212665013391, 28.516595121954545], [77.01170273604966, 28.516055614646802], [77.01147947326051, 28.51580591936995], [77.01119125778476, 28.515487993854737], [77.01064908857816, 28.514947258979973], [77.01020388801494, 28.514503623603634], [77.00958369563435, 28.514668921275288], [77.00941349543075, 28.51472654423955], [77.00876424524567, 28.514995938540594], [77.00866414956683, 28.515027782196153], [77.0085797833886, 28.51505462141276], [77.00807023111167, 28.515173377089177], [77.00795988206217, 28.515198280014967], [77.00760275322772, 28.515278874869463], [77.00737781597887, 28.51533541215781], [77.0071288137619, 28.515404469920952], [77.00673449826793, 28.515513828915335], [77.00668640426426, 28.51552716716071], [77.00641020195879, 28.51560676009388], [77.00627924016679, 28.515646863984948], [77.0059962421062, 28.515733526131164], [77.00530657581815, 28.51602933374469], [77.00499667590978, 28.516168958312583], [77.00461835491944, 28.516339408505107], [77.00393174470001, 28.51664875301263], [77.0037684732022, 28.51672585318543], [77.00367105540118, 28.516771856098607], [77.003246622989, 28.516972278466906], [77.00303659058737, 28.51704864511814], [77.00258573153617, 28.517212573266573], [77.00256365633638, 28.517220599922783], [77.00226528001646, 28.51728443585262], [77.00222632008258, 28.51729277112959], [77.0018828258775, 28.51736625809159], [77.00179217508554, 28.51739132625777], [77.00141779051278, 28.517494854034652], [77.00124696598003, 28.517542091903724], [77.00120333211176, 28.51750770896332], [77.00115748569293, 28.51748926246384], [77.00099627133709, 28.51753801110079], [77.0005249962744, 28.517680514698355], [77.0003982781238, 28.51771167951547], [77.00030530159358, 28.51769740067405], [77.00000694593489, 28.517755123016716], [76.99984818128485, 28.517808518266975], [76.99975461096822, 28.517854257863885], [76.99964517281043, 28.517907753307686], [76.99917199152272, 28.5181582542383], [76.99899903169454, 28.518252948002072], [76.99894177577328, 28.518283024969694], [76.99871747363333, 28.518400848773524], [76.99849742501628, 28.518516438680642], [76.99782451769822, 28.518869907336107], [76.99766455289894, 28.51894562142987], [76.99715326597519, 28.519187618223636], [76.9967650778898, 28.519417075491425], [76.99664990937879, 28.519485151838403], [76.99650999407834, 28.51928621341426], [76.9962825819709, 28.518962864761672], [76.99625078430479, 28.518879495128424], [76.9960814087546, 28.51843540112587], [76.99593604696858, 28.518019540022344], [76.99589680047212, 28.517907258403543], [76.99581293106228, 28.51774616894782], [76.99562834254273, 28.51737984552933], [76.99553760641085, 28.517203905677007], [76.99540087384145, 28.516938775441492], [76.99514258214612, 28.517047328520253], [76.99489026334912, 28.517178988227606], [76.99467461018874, 28.517393528473654], [76.99452933104772, 28.517538056092253], [76.99452186335279, 28.517545485205684], [76.99447540248627, 28.51748483040963], [76.99440839086103, 28.517397347226428], [76.99401350403853, 28.516881815143332], [76.99400624026114, 28.5168723321501], [76.99380514789324, 28.51662037579667], [76.9935872633177, 28.516347377606472], [76.99358246631407, 28.516340541986683], [76.99321816892366, 28.51582143377908], [76.99313420519069, 28.515689773955433], [76.99304308457984, 28.51570105911218], [76.99299530678314, 28.515706975984806], [76.99290776146711, 28.515742622451587], [76.99289818632451, 28.515729593653624], [76.99258227578855, 28.51529974266249], [76.99243364772815, 28.515020453151763], [76.99241664800971, 28.514988508458124], [76.99235841202648, 28.51494071137965], [76.9923366898646, 28.514892132829505], [76.99165303420412, 28.514340219317734], [76.99160116008973, 28.514251373478793], [76.99124066975949, 28.51372461405894], [76.99120616367277, 28.513687069306823], [76.99112330037602, 28.513596907066056], [76.99106905111604, 28.513537878435308], [76.9909220427181, 28.51356502745753], [76.99091828596357, 28.5135380749843], [76.99091372791183, 28.513505368115236], [76.9908998965514, 28.51340612498501], [76.99084461333048, 28.513442007457108], [76.99062167303656, 28.5135534500115], [76.99049953180231, 28.513614504902634], [76.99032705077619, 28.513700723524227], [76.98965845537144, 28.513935109596183], [76.98938737525972, 28.514018151611523], [76.98907854524485, 28.514183517138733], [76.98899210306, 28.514229803747618], [76.98884896460433, 28.5143547141056], [76.98832847174556, 28.51460013930148], [76.98766101360799, 28.514926161418334], [76.98699144353117, 28.51523776995424], [76.9869289333638, 28.51526113365058], [76.98631768550851, 28.515489581215345], [76.9862347476516, 28.51552626652534], [76.98610511895946, 28.515583604859412], [76.98564488688659, 28.5157871742035], [76.98551099748506, 28.515864917525843], [76.98542407739647, 28.5159120329887], [76.98517004281729, 28.516049733313796], [76.9843412643227, 28.516498974332304], [76.98430120574922, 28.51652068883635], [76.9836255576712, 28.51685063192639], [76.98346151721549, 28.51693212377351], [76.98337405634109, 28.51697337089659], [76.98335602984832, 28.516991925624225], [76.98295700269068, 28.51740261360038], [76.98279177915374, 28.51755021325362], [76.98228934872037, 28.518040455421595], [76.98221418937548, 28.518110479118757], [76.98162779431085, 28.518672663989374], [76.98121824518631, 28.51906129677483], [76.98052099532066, 28.51960025513237], [76.98049023880195, 28.519625055191987], [76.9804396034643, 28.519665883717977], [76.98026648283772, 28.519805471109116], [76.98009679557214, 28.51994757698955], [76.98001213384818, 28.520026418325095], [76.97958689295224, 28.52037459911803], [76.97939151656446, 28.52052814909973], [76.97917011867786, 28.52069308293211], [76.97890249977495, 28.520852227789256], [76.9789033504795, 28.520883346678858], [76.97888888760343, 28.52089199107634], [76.97879617517789, 28.520947404551936], [76.97872974745759, 28.520987108605805], [76.97866677914942, 28.521024743896], [76.9784546527749, 28.52115152709884], [76.97825293338288, 28.520956394656743], [76.97820544664035, 28.520910457502364], [76.9780317609734, 28.520714821040755], [76.97775637074498, 28.520404624965167], [76.97748834760016, 28.520139420689905], [76.9774169324334, 28.520068756635467], [76.9772216135378, 28.519854974041376], [76.97703733853031, 28.519653276895053], [76.97681734021891, 28.519412480131216], [76.97677379258889, 28.519364816083385], [76.9767202979137, 28.51930626268874], [76.97627385138718, 28.51875815862077], [76.97615147030277, 28.51858086581295], [76.97606130010948, 28.51856141549127], [76.97536186104948, 28.51832645797443], [76.97499060261393, 28.518224766179472], [76.97466378922536, 28.51813524716673], [76.97428455285174, 28.518031367981877], [76.97396614050773, 28.517939379810173], [76.97326893286288, 28.517737955262287], [76.97314254080074, 28.51770144042605], [76.97295039655134, 28.517645928157847], [76.9725722875634, 28.51753966946963], [76.97187618394805, 28.517344040961614], [76.97128977900195, 28.517179239233382], [76.97118059147412, 28.517148553380167], [76.97088977627394, 28.517066820955495], [76.97048424711026, 28.516712972902933], [76.97040435274552, 28.51664325927386], [76.96978871302682, 28.51610606890864], [76.96917118864263, 28.515567223721803], [76.9690952091359, 28.51550092559393], [76.96871344130983, 28.51516779407801], [76.96855506383366, 28.515031309767263], [76.96840372555604, 28.514900891383583], [76.96793488492779, 28.51449685574812], [76.96771423174458, 28.51430670124788], [76.96760685162705, 28.514214162019254], [76.96731630232823, 28.513963770911538], [76.96711282493321, 28.513788414216204], [76.96702674656605, 28.513705952193888], [76.96674021453313, 28.513431456947554], [76.966341593414, 28.51304957925636], [76.96618569528803, 28.512900228032613], [76.9660477508913, 28.512768075948692], [76.96596622877928, 28.512689976710245], [76.96588129756073, 28.512608611829553], [76.96582499834524, 28.51255467560227], [76.96582676622974, 28.512553864139278], [76.96581667365751, 28.51254541245168], [76.96580649035545, 28.51255028754493], [76.96562856194545, 28.512635469817052], [76.96562733305015, 28.512636057890496], [76.96552233436648, 28.51268632592064], [76.96531161385533, 28.512792666856257], [76.96507126690612, 28.51291395813025], [76.96496575348779, 28.512967205064413], [76.96489694343535, 28.512995906110632], [76.96464308762089, 28.512699612425937], [76.96427058681527, 28.512468749686324], [76.96378144785486, 28.5121621241166], [76.96357620976191, 28.51201296897747], [76.96294330711838, 28.511564273247973], [76.96288148236557, 28.511524058871572], [76.96218752123217, 28.5110772563443], [76.96170182910753, 28.51076454302185], [76.96149325736654, 28.510600211741625], [76.96143670931771, 28.51055430796588], [76.96090031987167, 28.51011888970412], [76.96037272583058, 28.509688696145606], [76.9600950880173, 28.50949151930161], [76.9596687394986, 28.509151421415208], [76.95940865566429, 28.50897778310982], [76.95930746224417, 28.508901311940942], [76.95893040698006, 28.508614676786742], [76.95871426962776, 28.508447854784233], [76.95847780160393, 28.508285012636772], [76.9581939654152, 28.508078028890903], [76.95802028603649, 28.507935582574653], [76.9576621277327, 28.50768874700595], [76.95745598413794, 28.507541518777924], [76.9573267417214, 28.507444008293273], [76.95686672165091, 28.507109630914726], [76.95671989471269, 28.5070051069799], [76.95663305098088, 28.50693043185161], [76.95604118427786, 28.506492433061123], [76.95600886738552, 28.506468517206127], [76.95593961087036, 28.5064239252053], [76.95528084662813, 28.505932249150778], [76.95524612674238, 28.505902392064137], [76.95509879674759, 28.505797971135507], [76.95455477162162, 28.50553226358544], [76.95417847902719, 28.505338986576277], [76.95401778479591, 28.505256447690375], [76.95386372641964, 28.50517731743874], [76.95335604533346, 28.504934435136775], [76.95321571141808, 28.504867296699626], [76.95317288244027, 28.50482944881571], [76.95306592453096, 28.504789103196508], [76.95248539277019, 28.504739807914685], [76.95179821032394, 28.504672317272423], [76.95148012137338, 28.50465459084738], [76.95111142583134, 28.504635072435583], [76.95042447425209, 28.504582703078185], [76.94984365503043, 28.50453670511109], [76.94973772569212, 28.50454545347316], [76.94905188802386, 28.504583818529422], [76.94872579777908, 28.504609713888513], [76.94836577367447, 28.5045988901455], [76.94767984976791, 28.50463029091752], [76.94713901545784, 28.50471496172611], [76.94699407947327, 28.504675602837953], [76.94630661315938, 28.504570885451756], [76.94604346337498, 28.504540213297545], [76.94561900580997, 28.504450140337163], [76.94493102655807, 28.504291745941995], [76.94440694223476, 28.504072728271147], [76.94425823063108, 28.504010580819052], [76.944271439459, 28.50397757338253], [76.9442751423146, 28.503968321320126], [76.94428031122077, 28.50395540553437], [76.94426966798129, 28.50396661142523], [76.94425346237355, 28.50397143086577], [76.94424801948124, 28.503974155171868], [76.94419930114844, 28.503998542878996], [76.94401314866198, 28.504091725766983], [76.94389619789347, 28.504150267872873], [76.94357518133344, 28.504310959700216], [76.94314542011497, 28.50453072603703], [76.94289706199008, 28.504657728002478], [76.94221872076284, 28.504989949358972], [76.94154042265471, 28.505322851723903], [76.94116548741471, 28.505514648612188], [76.94086239404123, 28.50566885097028], [76.94044913397622, 28.505869509156994], [76.94045941609296, 28.505909330983812], [76.94015340499145, 28.506103392410278], [76.93983505463117, 28.506333111810147], [76.93952815150254, 28.506596256511845], [76.93944358769498, 28.506657962742267], [76.93915643043461, 28.506896334373316], [76.93885162846546, 28.507091909635605], [76.93867519395376, 28.507246682003753], [76.9381737920914, 28.507492987341422], [76.93781256963419, 28.507710176772733], [76.93766798309426, 28.50772371572247], [76.93749510950434, 28.50783562848357], [76.93700340944707, 28.508115054639497], [76.93681672875125, 28.508208540965654], [76.93661335286588, 28.508332515919864], [76.93632476908085, 28.508472883232475], [76.93576911077194, 28.508762685801795], [76.9357381224879, 28.510168698726144], [76.93497299142783, 28.510188556336278], [76.93410579737841, 28.509972787366475], [76.93368781307333, 28.509956820571492], [76.93342115087617, 28.509892305285657], [76.93328444435795, 28.509894352150067], [76.93307687962839, 28.50987794565807], [76.93273778087998, 28.509917664141657], [76.93243123617918, 28.50994223361109], [76.93205490855047, 28.509988389465484], [76.93202261052272, 28.509991562773436], [76.93137350137317, 28.510180109984823], [76.93130383522625, 28.510173637079497], [76.93110381993834, 28.51019387832672], [76.93069027061581, 28.510235729591468], [76.93021839637686, 28.510263686997448], [76.93000676587236, 28.510276225477593], [76.92962791936759, 28.510316551632005], [76.92932394923838, 28.51037722949591], [76.92899941846893, 28.510412351249705], [76.92864047324095, 28.510432859260508], [76.92861321566029, 28.51044195051249], [76.92828208137523, 28.510498751677325], [76.92795768445475, 28.51054900651739], [76.92790418259305, 28.510557346273536], [76.9275529781479, 28.510612088685132], [76.92726981749225, 28.510271805750346], [76.9269665094214, 28.50991996834373], [76.9266987872122, 28.509609408184424], [76.92664494039747, 28.509569916927106], [76.92657574137448, 28.509510417148732], [76.92614476383714, 28.50925956808198], [76.9258479963999, 28.509116501324524], [76.92574836335342, 28.509038455428723], [76.92500072788181, 28.50860707337827], [76.92486878063791, 28.508506659708367], [76.92421949182528, 28.50800999017593], [76.92415764012304, 28.50797230129849], [76.92381640248595, 28.50785624356375], [76.92367830537563, 28.507802663292395], [76.92326889459163, 28.507643817658728], [76.92312811062028, 28.50757877916609], [76.92267377059738, 28.507405565337184], [76.92243993553565, 28.507316416842457], [76.92184564427967, 28.50710847523073], [76.92175225811768, 28.507099425529717], [76.921335913238, 28.507013429649405], [76.92134419121335, 28.50698485959498], [76.92112861351146, 28.506922419410955], [76.92110703597832, 28.50691616970683], [76.92093107398047, 28.506856701586514], [76.92090593732219, 28.506925638596538], [76.92045253873367, 28.507477993499897], [76.92020186205703, 28.50779463118305], [76.9197794625323, 28.508223337355012], [76.91940201919603, 28.50858506359159], [76.91908985104155, 28.50882256411924], [76.9184263859154, 28.509327324180482], [76.91774818392703, 28.50979233883978], [76.91713948459221, 28.51023724677644], [76.9170703358749, 28.510287788285233], [76.91638999859107, 28.51063948000939], [76.91626703809331, 28.510711793071074], [76.9161530921894, 28.510764032296674], [76.91602278976083, 28.510823769758865], [76.9157091501659, 28.510967558055533], [76.91502800978823, 28.51128539379016], [76.91480652656166, 28.51138334119219], [76.914392985324, 28.51155308158342], [76.91434624957303, 28.5115722648125], [76.91404330352326, 28.51173166419173], [76.91366333951426, 28.51179483642933], [76.91329945714548, 28.511913430009557], [76.91315991734082, 28.511958907725866], [76.91306090862346, 28.511991175398155], [76.9129803180644, 28.512017439940475], [76.91247839338253, 28.512192238342763], [76.91229742956517, 28.51225525953618], [76.9120394468903, 28.512339221692187], [76.91161154877776, 28.512310885942163], [76.91095117924611, 28.512247658758227], [76.91092366923884, 28.512245024653183], [76.9102355767992, 28.51217004064623], [76.9101496313827, 28.512165223158995], [76.90955361805631, 28.512492972821274], [76.9094431144966, 28.512555363135604], [76.90903037725109, 28.512774712881544], [76.90887198360524, 28.51284482058983], [76.9082918417133, 28.51321222618152], [76.90819889572579, 28.51323021560277], [76.9080428673441, 28.51327191568517], [76.90788920781978, 28.51344087315505], [76.90747806688056, 28.513236997747985], [76.90736587089484, 28.513132872194973], [76.90699176120657, 28.512962534434166], [76.90685688814982, 28.512855747682174], [76.90672866172783, 28.512754222692024], [76.90653140875943, 28.512598045449387], [76.90641734697284, 28.51254563584085], [76.90607690614142, 28.512261165551042], [76.90592700606659, 28.512105420149936], [76.90589466491974, 28.512060305604496], [76.90566573286286, 28.51188804084806], [76.9053463629147, 28.511521273189715], [76.90494782354229, 28.51112407951043], [76.90480540014558, 28.51098213540163], [76.904717981492, 28.51088403448864], [76.90458592914524, 28.510775230359947], [76.90434429760518, 28.510505137731293], [76.90428163382589, 28.510442752519225], [76.90401806722323, 28.510182691253043], [76.90374911342379, 28.509903500283905], [76.90368551000671, 28.509804401378922], [76.90332233281545, 28.50951464666638], [76.90317236626531, 28.509440841637215], [76.90301840131382, 28.50929103930086], [76.90266032835, 28.50894307214947], [76.90262673315496, 28.508977731799636], [76.90217454459717, 28.50930882730828], [76.90210853010187, 28.509260367729556], [76.90194395874182, 28.50930653256547], [76.9012593769183, 28.509521455100195], [76.90057312512668, 28.509630061597758], [76.8999530926462, 28.509719992783047], [76.89988600196922, 28.509685503883354], [76.89939827605873, 28.509411282352083], [76.89919282596337, 28.50933072090435], [76.89826868411483, 28.508920932183898], [76.89822311976702, 28.50888868330706], [76.89788061011548, 28.508385889890786], [76.89785404423758, 28.508346891545692], [76.89770070720846, 28.508127414972012], [76.89761219440689, 28.50800632343652], [76.89738179001125, 28.507806581856357], [76.89727750009835, 28.5077320872779], [76.89723397043464, 28.507562094445692], [76.89713679967033, 28.507487893350962], [76.89710128926717, 28.50744078438711], [76.89656117001604, 28.506724249851164], [76.89647882774217, 28.506611748593482], [76.89631544125999, 28.506388519515834], [76.89619755085367, 28.506227450358068], [76.89618872760094, 28.50618257801533], [76.89587134292958, 28.5056401558245], [76.89569715690105, 28.505352764233603], [76.89550237789295, 28.50509847842252], [76.8951508626307, 28.504626842730026], [76.89509902894048, 28.50455729557448], [76.89470429662822, 28.50401601206178], [76.89445023240464, 28.50368677798903], [76.89429238313787, 28.50347498233654], [76.8940972483969, 28.503283262262265], [76.89385468260892, 28.50293432087047], [76.89350984991408, 28.502481257256708], [76.89348580740382, 28.50239273378221], [76.89314240752182, 28.501850819453814], [76.89307628882199, 28.50172794525933], [76.89279077008868, 28.501309038916244], [76.8926540545873, 28.501094900150008], [76.89219153181043, 28.500876892652705], [76.89204127510445, 28.5008033713084], [76.89150265334492, 28.500833534565146], [76.89113072476617, 28.500854363375154], [76.89081472889025, 28.500865131451505], [76.89072975365424, 28.50087363696793], [76.89019893106801, 28.500926767615148], [76.89019563604757, 28.500920812809408], [76.88948870234313, 28.501030839692476], [76.88921739226274, 28.50106388594426], [76.8888051481923, 28.501114097911973], [76.8883430332506, 28.501139693343614], [76.88812094455953, 28.50115199370597], [76.88743674002843, 28.50118988632856], [76.8871113208252, 28.501208285154092], [76.88675253459904, 28.501227774200874], [76.88644638605525, 28.501258451265247], [76.88606780994338, 28.501229372038864], [76.88603353472374, 28.50122673055371], [76.88546880792205, 28.50123501104896], [76.88522337650834, 28.50083654315376], [76.88509057316998, 28.500631489999915], [76.884954764967, 28.500421796840183], [76.88468603933966, 28.50037069798837], [76.8844413454428, 28.500324168462498], [76.88432556967064, 28.500302153790027], [76.88426352123736, 28.500272600628403], [76.88399950457872, 28.500245299767975], [76.88394405157622, 28.500232400894486], [76.88331379177626, 28.50017733099981], [76.8828881861643, 28.50013798699752], [76.8826274312885, 28.500063999360346], [76.88194064230431, 28.499920424355047], [76.88128515152296, 28.499745683775], [76.881276789106, 28.499770751392102], [76.88093847818007, 28.499822711041666], [76.88057789891661, 28.499878089798607], [76.88006873830517, 28.499985368886776], [76.87989350304436, 28.4999567677194], [76.87955613445119, 28.499911014835238], [76.87929829730342, 28.499876047476523], [76.87920684162097, 28.499863643546732], [76.8787798579934, 28.499823645757782], [76.87852056198157, 28.4997993549783], [76.8782576834884, 28.499842786910186], [76.87803872901935, 28.499878959778847], [76.87798012562517, 28.4998886416637], [76.87783661796189, 28.49991235059396], [76.87722541771731, 28.500040452302343], [76.87715307009927, 28.500055615354633], [76.87665971804017, 28.500159554873463], [76.8766254293458, 28.500188436241853], [76.87646772740271, 28.500062654130087], [76.87577493946908, 28.49950361711183], [76.8757127571868, 28.499450001020243], [76.87539819322546, 28.49917876862558], [76.87508164937721, 28.498905829504185], [76.87430196920276, 28.498253217872737], [76.87419563921587, 28.498171601858974], [76.87404658445571, 28.498057190439766], [76.87369912329032, 28.498017193545063], [76.87318219135335, 28.497999666527303], [76.87301339611481, 28.497993943660507], [76.87232739135989, 28.49794950044588], [76.87196802302542, 28.497933514462904], [76.87164385068378, 28.498093084448406], [76.8713270984264, 28.498270766953485], [76.8713036416177, 28.49828392501218], [76.87080499848159, 28.498532886509942], [76.87032693485034, 28.498771572546477], [76.87028218437612, 28.49879391516575], [76.86961588416695, 28.4990458185747], [76.86960013310677, 28.499051775065205], [76.86891705685966, 28.4992317209186], [76.86883154802442, 28.499244703597228], [76.86870957118187, 28.499271266571157], [76.86852133460397, 28.499312258499604], [76.86823349911558, 28.49937493923576], [76.86802584904608, 28.49944615635504], [76.86755112624935, 28.49960896951432], [76.86725752267853, 28.49971579099105], [76.86686894831753, 28.499858131565748], [76.86618656826478, 28.50009215524654], [76.865509382271, 28.500339485417197], [76.86550438404475, 28.50034131063093], [76.86504381600196, 28.500506638389613], [76.86496465735743, 28.500535053887017], [76.86482180097275, 28.500560192367182], [76.86413842558666, 28.500718527629196], [76.86364483188075, 28.500821925722715], [76.86345484987626, 28.50086172340284], [76.86277146910028, 28.501020051107414], [76.86236124264603, 28.501099910767802], [76.86225230574814, 28.501128780826598], [76.86208800747595, 28.50117232194433], [76.86152762402867, 28.501340977489857], [76.86140430869634, 28.50130642664255], [76.86133571334125, 28.50130258125553], [76.86102990166569, 28.501285440822144], [76.86071836053527, 28.50126797908173], [76.86023980642386, 28.501237699900678], [76.86003103705352, 28.501123578374678], [76.85993731492161, 28.500990564460434], [76.85977254952546, 28.5009992957487], [76.85934427052723, 28.50102199077918], [76.85865937878496, 28.501064609077613], [76.85859090200746, 28.50106983758415], [76.85844783092543, 28.501080761159525], [76.85815418872703, 28.50110318065564], [76.85797461101016, 28.501116890973712], [76.85754662126945, 28.501148768818084], [76.85729011542492, 28.501187955343752], [76.85660602318322, 28.501294534441335], [76.85613347880106, 28.50134686832687], [76.8559215581407, 28.501370338517216], [76.8554661679872, 28.50143994224506], [76.8552374650007, 28.501474898033326], [76.85499066904605, 28.50151108534193], [76.8545523019672, 28.501496962196065], [76.85386694220267, 28.501503888774376], [76.85345223764668, 28.50149892001628], [76.85340412208346, 28.50149834372243], [76.85330905517355, 28.50149720455525], [76.85318138570707, 28.5014956754029], [76.85249641670963, 28.50153286687637], [76.85232358623887, 28.501545655068835], [76.85181183847942, 28.50160032479131], [76.85144771895538, 28.501632225383492], [76.85130741019283, 28.501644517794006], [76.85112725935082, 28.50166778108424], [76.85101851289579, 28.501661677905126], [76.85045209007487, 28.501629887054396], [76.85029543287247, 28.501655298420797], [76.84979808959856, 28.501769317533746], [76.84939024098483, 28.501813470204173], [76.8493894280095, 28.50181169554018], [76.84934942782655, 28.501815962470243], [76.84933353483254, 28.501781370727517], [76.84926565633305, 28.50163362901249], [76.84906980473646, 28.501582546536355], [76.84882631997199, 28.501461887209096], [76.84824288126293, 28.50124269945944], [76.84814227803594, 28.501192353347093], [76.84798476024753, 28.501048206738513], [76.84760875331733, 28.500704117017612], [76.84725765756832, 28.50038220977784], [76.84711512996705, 28.500164117915485], [76.84708713217458, 28.50011898642148], [76.84670718074202, 28.49962325633059], [76.84667827295618, 28.4995884270317], [76.84661626584536, 28.499513716654683], [76.84660798337846, 28.49950373789898], [76.84659938470455, 28.49950742230202], [76.8464636420786, 28.499565586432574], [76.84628703598867, 28.499652577573595], [76.84571385604018, 28.49990659941047], [76.84530068311177, 28.500101204759122], [76.84499064755776, 28.50024722998057], [76.84468663700436, 28.50039041692035], [76.844339722913, 28.500553808079527], [76.84433967620059, 28.500553830184167], [76.84430996262596, 28.50056782477583], [76.84430852442318, 28.50056871764443], [76.84423177685689, 28.500616327030382], [76.84422193401632, 28.50061732015876], [76.84419201382913, 28.50063610196744], [76.84358713862248, 28.50070039476279], [76.84353031389254, 28.500710626029168], [76.84340788699406, 28.500732599565055], [76.84308233573844, 28.50080515546275], [76.84290456722857, 28.500843956075713], [76.84222199403804, 28.500987514824967], [76.84203921921706, 28.50102732665267], [76.84182100855308, 28.500799863787176], [76.84177367901572, 28.500750527958562], [76.84167768414612, 28.500651977018002], [76.84164419854558, 28.5006175988347], [76.84153274995818, 28.500656408200587], [76.84149861128246, 28.500662829586144], [76.84119186625732, 28.500756905918696], [76.84085068431577, 28.500836238426597], [76.84051445478639, 28.500966844720182], [76.84041926480732, 28.501003820860916], [76.84036894298173, 28.501023367575108], [76.84016980534787, 28.501100719950607], [76.83959095882658, 28.501318723827698], [76.83913204098894, 28.50147007768929], [76.83880771503537, 28.501606846378674], [76.83812693308552, 28.50187902696634], [76.8379181583253, 28.501937612140274], [76.83778687313979, 28.501969128173155], [76.83744455662605, 28.502037677604168], [76.8369682051837, 28.502106741704935], [76.83676133125859, 28.502135859372046], [76.8365256807017, 28.50217494764075], [76.83607831609693, 28.50224915405105], [76.8360191746119, 28.50226421810621], [76.83601418536882, 28.502265489101255], [76.83539614535164, 28.50242291158391], [76.83536234264582, 28.50245351883045], [76.83495396222943, 28.50255709916237], [76.83471429081335, 28.502619492984966], [76.83403241022387, 28.502814344370336], [76.83335025115669, 28.502989515635488], [76.8332204194453, 28.503021168715378], [76.83291856844184, 28.503127973317547], [76.83266828253232, 28.503178376924243], [76.83198620161858, 28.50335952593639], [76.83130391319398, 28.503525857066236], [76.83104806671285, 28.50358911789735], [76.83097987200637, 28.50360985616866], [76.83077537861676, 28.503672042538746], [76.83062193648479, 28.503714707921855], [76.83061063837346, 28.5037178364212], [76.83051963903519, 28.50374303571839], [76.83007059997074, 28.503867380635], [76.829939955284, 28.50390355607113], [76.82932921497687, 28.504099028730288], [76.82929247657667, 28.504111948445594], [76.82925838640995, 28.50412206175698], [76.82917325127386, 28.504153798176027], [76.82857683011233, 28.504341709284493], [76.82792954184781, 28.504564188796213], [76.82789547324066, 28.504575897483317], [76.82784839612991, 28.50459399573866], [76.82780993655764, 28.504578840443312], [76.82720759280343, 28.50434146456357], [76.82670900715948, 28.50418056832199], [76.82651954617789, 28.504094933987005], [76.82614106618573, 28.50395087502277], [76.82607221121754, 28.503938015284085], [76.82583289014438, 28.503948171241124], [76.82515016513855, 28.504084238077887], [76.82509029422148, 28.504088635171083], [76.82491946968875, 28.50413741210562], [76.8247342694165, 28.50417746036137], [76.82446764494863, 28.504235116686942], [76.82432477688582, 28.50426563893952], [76.82395197244965, 28.50434528457831], [76.82397059901706, 28.504212777588023], [76.82397095295327, 28.504210260906437], [76.8239706115935, 28.504185679050032], [76.82396339632513, 28.50366605788968], [76.82396003303269, 28.503423805230906], [76.82395633197372, 28.50315721938013], [76.82395584059527, 28.503121855223693], [76.82396372870176, 28.502767783555225], [76.82397528912117, 28.502726156684947], [76.82401673559175, 28.502576910049747], [76.82402232760438, 28.502555779225855], [76.82413003470865, 28.502148780117142], [76.82416118738438, 28.502031060521247], [76.82416369188739, 28.501998864009682], [76.82416467105107, 28.501943494260164], [76.82417223037416, 28.501515976733973], [76.82417264719246, 28.501492424473906], [76.8241727496004, 28.50148665048266], [76.82419946639527, 28.500942076587926], [76.82420621184474, 28.500555334877205], [76.82420896158783, 28.500397689351207], [76.82421180655233, 28.500339516995297], [76.82423559124611, 28.49985311615224], [76.8242535234158, 28.499486947693082], [76.82426226043025, 28.49930854251138], [76.82426582584361, 28.499235876639073], [76.82428898081837, 28.49876396763916], [76.82429599127084, 28.49866604799414], [76.82391387939003, 28.498269035650655], [76.82387074049345, 28.49822421360714], [76.82378721693495, 28.498143727300715], [76.8236972758121, 28.498057057019455], [76.82360737152015, 28.49801659117971], [76.82353668488709, 28.497897869872684], [76.82340989576954, 28.497684919445202], [76.8230846831788, 28.497218840892984], [76.82304265729486, 28.497144610418935], [76.82299889676412, 28.49706208091264], [76.82292245013343, 28.49695653886141], [76.82266737979673, 28.49660438704828], [76.82243231134812, 28.49624121682601], [76.82231226857839, 28.496063943804284], [76.8222998035555, 28.49601458128757], [76.82203627378377, 28.495522644355937], [76.82197189691723, 28.49543340055653], [76.82189936244963, 28.495302976892287], [76.82182536911799, 28.4951699287989], [76.82172072706548, 28.49498177161536], [76.82159749347987, 28.494733791766425], [76.82143940526123, 28.49444052819774], [76.82114097504237, 28.493899469116325], [76.82089555710337, 28.493478787684897], [76.82080832619772, 28.493358779118093], [76.82052701427493, 28.492817532115183], [76.82030042412597, 28.49240670421462], [76.82022859393751, 28.492276470241027], [76.82019395310355, 28.492246606922027], [76.82008846034647, 28.49204216158424], [76.81993017629512, 28.491735407962114], [76.81959754092516, 28.491194713984665], [76.8194915738576, 28.49095704429818], [76.81938442460715, 28.490761944426822], [76.81932479623521, 28.49065337219611], [76.81898361249705, 28.490112768209556], [76.81882479215145, 28.48985267578502], [76.81879100651362, 28.489797347034923], [76.81864072106154, 28.489572182772033], [76.81848808022676, 28.489268198767636], [76.81809676510586, 28.48909424035205], [76.81758899867972, 28.48889015604433], [76.81734890864867, 28.48878986414983], [76.81725937536093, 28.488749363175668], [76.81718321529286, 28.48867983713824], [76.81699771857657, 28.488511282949485], [76.81673708497328, 28.48827445440094], [76.81659385488943, 28.488146537376995], [76.81655657121189, 28.488113239953503], [76.81583452604777, 28.487459901529178], [76.81530207481593, 28.486901311758917], [76.81463993380652, 28.48580528043173], [76.81444563899036, 28.485826661741786], [76.81433975187286, 28.48583831408021], [76.81379901817412, 28.485892889295837], [76.81368032557226, 28.485907107697788], [76.8136736924122, 28.485779568374202], [76.81362141495424, 28.484774454544716], [76.81358201754082, 28.484034491044074], [76.81368047738755, 28.483481931322956], [76.81370778257892, 28.483385961184855], [76.81385351447081, 28.482873759188728], [76.81413399545198, 28.4815358987631], [76.8141843433287, 28.481265576537886], [76.81425735480177, 28.480873567970683], [76.81430222385355, 28.48036603691654], [76.81429843925129, 28.480333823531776], [76.81423836261999, 28.479822435028666], [76.81422940012841, 28.479807130888982], [76.81411352194833, 28.479609266529263], [76.81368532829006, 28.478837783386677], [76.8136312703712, 28.478740386144096], [76.81313554226818, 28.47817256146368], [76.81260971611158, 28.477403392479438], [76.8124278405042, 28.47707330314439], [76.81235626094575, 28.476961897869597], [76.81233250948964, 28.476930711541385], [76.81227999397811, 28.476861756519575], [76.81206545472871, 28.476580055607837], [76.81170517101096, 28.476039634621007], [76.81147691987707, 28.475711369822314], [76.81132951711874, 28.475499377482947], [76.81109698371584, 28.475172587633104], [76.8110594242555, 28.47511980410017], [76.81097315185227, 28.47507381303506], [76.81095070025837, 28.475069457373866], [76.81036145933089, 28.474955133047636], [76.81018858933425, 28.47491447752492], [76.80967619838101, 28.4749482868501], [76.80911151919004, 28.474985383443794], [76.80833302119852, 28.475333746031087], [76.80831199702762, 28.475343153793336], [76.80815529940102, 28.475404247373497], [76.8076309464815, 28.475608678337746], [76.80757012514688, 28.47563050785724], [76.80711820159205, 28.475681465494944], [76.80697967868026, 28.475701921821404], [76.80694708420852, 28.475692612006043], [76.80626111448788, 28.475640351472663], [76.80618295566826, 28.47563702157333], [76.80570546156889, 28.475616679731672], [76.80554632232136, 28.47546232923773], [76.8052537931356, 28.475172008036985], [76.80521130911089, 28.47512984438377], [76.80511437729848, 28.475033643187583], [76.80509075969131, 28.475009979996702], [76.80409762633066, 28.47456966774721], [76.80405070732337, 28.474488867290173], [76.80377023173209, 28.473946526231895], [76.8036272918041, 28.473741580357], [76.80342213455948, 28.473480488180684], [76.80299330130076, 28.472973767324614], [76.8029009760491, 28.472864673792504], [76.80250891352985, 28.472395350715885], [76.80244922766578, 28.47232390214025], [76.80220958050417, 28.472047588059294], [76.80198035469816, 28.471783287232483], [76.80157947790936, 28.471303399892893], [76.80152861439967, 28.471242511624354], [76.80109400856689, 28.470701578472195], [76.80088562637043, 28.47046130253379], [76.80064547705058, 28.470433231137438], [76.79995946600745, 28.47036383755238], [76.7998549856517, 28.470357874705332], [76.79927380979888, 28.47032470907695], [76.79858797752047, 28.470270443266855], [76.79858699566186, 28.47027098261635], [76.79790716323124, 28.470644457393238], [76.79782192029731, 28.47067918331722], [76.79763476349439, 28.470787761080445], [76.79761341952322, 28.470800936778343], [76.79722659418209, 28.471039736048528], [76.79658992041102, 28.471467524659577], [76.79655797452287, 28.47148047837598], [76.79651208857817, 28.47149908532391], [76.79646351397582, 28.47151878201016], [76.79644595820021, 28.471525900865306], [76.79645238744271, 28.471468266158013], [76.79644947330792, 28.471402981109335], [76.79644745838674, 28.47135783968933], [76.79643974724834, 28.47118509787016], [76.79643653936445, 28.471113236267858], [76.79642007594025, 28.470744402480594], [76.79631041679689, 28.4702004825863], [76.79625438078779, 28.469833588226514], [76.79622730646344, 28.469656319038982], [76.79622048196222, 28.469564862008728], [76.79619307076965, 28.46919750189657], [76.79618667386649, 28.46911176811209], [76.7961438754314, 28.468644081184223], [76.79612891488868, 28.468567373106385], [76.7959855186165, 28.468023761041387], [76.79585925052186, 28.467479991398847], [76.79571585694461, 28.466936378477882], [76.79565221310338, 28.466758904634816], [76.79559171875552, 28.46659021200977], [76.79552108152978, 28.466393234214912], [76.795471348999, 28.466204691709105], [76.79537769154578, 28.465849621231268], [76.79523430335846, 28.465306007030577], [76.79517598113698, 28.465084895495867], [76.79509091517113, 28.46476239319237], [76.79505802156038, 28.464637685541106], [76.79494752967875, 28.464218778927037], [76.7948489853904, 28.463727609954297], [76.7948384005414, 28.46367485150289], [76.79469501774395, 28.463131236381837], [76.79464262979322, 28.46294310898343], [76.79463727134257, 28.462586839786326], [76.79463674043821, 28.462541389762315], [76.79463415778176, 28.46232036168371], [76.79463090588042, 28.462041974440915], [76.79462913799597, 28.46189062329118], [76.79463344631606, 28.46149702889179], [76.79462759828355, 28.46120131721668], [76.79465242861632, 28.46095193127088], [76.79479146805937, 28.46040574019284], [76.79488820314074, 28.459859933272348], [76.7949852723954, 28.459499628288082], [76.7951088275779, 28.45934619090401], [76.79511287269162, 28.45931296021845], [76.79546615673668, 28.458764812325736], [76.79581943718846, 28.458216663959853], [76.7958316830224, 28.458199155608867], [76.79590948700748, 28.4580879136596], [76.7959618974161, 28.458037134712225], [76.79634397516097, 28.457666949794127], [76.79660717435267, 28.457432229494522], [76.7969198859879, 28.457116764432993], [76.79713069363564, 28.456897686027496], [76.7973587839711, 28.456567830378322], [76.79768432983681, 28.456115810938652], [76.79809955990721, 28.455471209480493], [76.79857941927075, 28.45470642129166], [76.79859075600966, 28.454688636721333], [76.79879065810982, 28.454375040817784], [76.79881469253523, 28.454317350948735], [76.79881472307795, 28.454317277497665], [76.79882230935054, 28.454299067161585], [76.79883119997689, 28.454278128864797], [76.79888633767074, 28.454148264892012], [76.79891542691624, 28.45407975229602], [76.79892604859619, 28.454054735437392], [76.7989695665818, 28.45395224010126], [76.79897025109804, 28.453950628121312], [76.7990223174519, 28.453827997524787], [76.79903746664085, 28.453789683529628], [76.79910476303205, 28.45361948458843], [76.79923856170372, 28.453281095145716], [76.79924457592456, 28.453261160488516], [76.79940342860952, 28.452734663032814], [76.79942867216732, 28.452662346591943], [76.79973483867741, 28.45178527854147], [76.79974469948428, 28.451693559624193], [76.79975028161545, 28.451641641059865], [76.79984829769441, 28.451170111755513], [76.79986376848022, 28.451095678315703], [76.79993899519876, 28.450661887517136], [76.7999584176735, 28.450549888093683], [76.80001094216819, 28.4502620638088], [76.80002715226748, 28.45017024563169], [76.80004332014597, 28.450078667482618], [76.80005649034635, 28.450004066620714], [76.80006265009425, 28.44994469282083], [76.80008851348958, 28.44969537746963], [76.79986341005245, 28.449382761156603], [76.79970459150347, 28.44920504063625], [76.79948305797124, 28.448977361897036], [76.79942722677804, 28.448919982648157], [76.79892423130437, 28.448379661901342], [76.79886378007562, 28.44830129071832], [76.79859692204576, 28.447955318341975], [76.79850686144692, 28.447838556447607], [76.79829392838528, 28.447551573868456], [76.79818192553734, 28.44740062059293], [76.79813878933567, 28.44732389551868], [76.79812374524961, 28.44729713702478], [76.7981228684939, 28.447295762687904], [76.79801497723503, 28.44712663696841], [76.79787982839547, 28.446914782382645], [76.79782625466858, 28.446754932875887], [76.79763151249136, 28.446211789176967], [76.79755010087212, 28.44598472719203], [76.79743677211083, 28.445668645058287], [76.7974029217943, 28.445558544703324], [76.79731552200536, 28.44527427543872], [76.79722490984095, 28.445125656913223], [76.79709690440454, 28.444904404435544], [76.79701338533764, 28.44476004672683], [76.7969782477353, 28.44469931298927], [76.79695485650362, 28.444658883578224], [76.79691030635372, 28.444583606714573], [76.79689379891207, 28.444553519018307], [76.79688789069246, 28.44454274993999], [76.79687539782178, 28.444519981163417], [76.79664354713852, 28.44409738906297], [76.79661282924741, 28.44404139971276], [76.79647160959315, 28.44378399713249], [76.79633341546479, 28.4435321064769], [76.79631535663263, 28.44349919072133], [76.79601788671283, 28.442956982899886], [76.79586244762596, 28.442686944289264], [76.79583928456634, 28.44264670447097], [76.79588433148459, 28.442570223971693], [76.7959772738788, 28.442412427919646], [76.79602910756904, 28.442334312187285], [76.79619710240863, 28.442081134511888], [76.79632380798283, 28.441890182137662], [76.79633247043711, 28.441877126058795], [76.79640536512915, 28.441854798256607], [76.79642912107686, 28.44184752179492], [76.79644573272307, 28.441842433326727], [76.79658351542305, 28.441800229521068], [76.79667225819333, 28.441773047038545], [76.79679106847449, 28.441708706525613], [76.79684639571282, 28.44168342291688], [76.79687624044153, 28.441669783873078], [76.79717327917001, 28.44147855113443], [76.79751992915668, 28.44125537711497], [76.79752851884743, 28.441249944224563], [76.79755613755084, 28.441232477298257], [76.7976692596996, 28.441163470549267], [76.79781125639656, 28.441076849882787], [76.79789932183715, 28.441023127514057], [76.7981009927201, 28.44090010277616], [76.79823629157829, 28.44081756724227], [76.7985858404284, 28.440588655582797], [76.79863878174135, 28.440553985335228], [76.79891608538135, 28.44037238341651], [76.79892939571891, 28.440362861165553], [76.79940858583757, 28.44002006192978], [76.79943608416671, 28.440019761766596], [76.7995306498167, 28.440018730943], [76.79959693650149, 28.440018008181628], [76.80024349263903, 28.439969189786193], [76.80025552916554, 28.43996828139717], [76.80028133237376, 28.439966332705172], [76.80042606803401, 28.439957693529852], [76.80088994906357, 28.439912367271976], [76.80091660656963, 28.439909762168742], [76.80092565709612, 28.439892268164414], [76.80096458199569, 28.43981703135335], [76.80103787284477, 28.439641530193242], [76.80104706979665, 28.439616593649127], [76.80106935340558, 28.439565996988893], [76.8011234786981, 28.439426794040738], [76.80128292516945, 28.43901671273568], [76.80131914793665, 28.43885279588563], [76.8013246806605, 28.438827757256934], [76.80144053458606, 28.438789242719], [76.80163834540826, 28.43872348407765], [76.80208177539205, 28.438628883287038], [76.8023225759905, 28.43857751124888], [76.80238602938891, 28.438565344204346], [76.80248916496667, 28.438534057286283], [76.80261945751377, 28.43849453234076], [76.80260779288983, 28.438437347253434], [76.80258171928872, 28.43830952471905], [76.80255146133499, 28.438161188677377], [76.8025450608386, 28.43812981000941], [76.8024996761538, 28.437907312205237], [76.80240425800265, 28.43736226359646], [76.80238487235881, 28.437234268349712], [76.8022504781041, 28.436818016325482], [76.8022069026263, 28.436671238300736], [76.80221130706613, 28.436596986609892], [76.80222678234352, 28.436336106809236], [76.80223058940372, 28.43627193203492], [76.8022381657948, 28.43572547128653], [76.80223546635739, 28.43559978936253], [76.80223351791153, 28.43550902408194], [76.8022299551931, 28.435343135641606], [76.80226532456079, 28.435316458640376], [76.80236203898092, 28.435243507817926], [76.80252529880065, 28.43512036260783], [76.80280224850443, 28.434911462054565], [76.80286084650872, 28.43486726167134], [76.8029431178157, 28.434805204630784], [76.80309928274131, 28.434667502630212], [76.80342015646924, 28.43438456280436], [76.80366842116938, 28.434066775270175], [76.80404589325175, 28.43351523717314], [76.80414593952327, 28.433416095819027], [76.80416288085122, 28.433399306958556], [76.80421182016956, 28.43335081017982], [76.80421443965693, 28.433348370015217], [76.80425242941033, 28.433281702705642], [76.80438838134371, 28.433071707594596], [76.80451516686799, 28.432928774619015], [76.80482737993823, 28.432576796465643], [76.80490278721811, 28.43249178502583], [76.80498720460032, 28.432389700111514], [76.80505425754806, 28.43230861541615], [76.80533163035835, 28.431973193620085], [76.80534350788304, 28.431957827254667], [76.80557732318182, 28.431655322217622], [76.80564290289249, 28.431570477510427], [76.805662222061, 28.431545482976468], [76.80575583280181, 28.431424370788474], [76.80588834508602, 28.431276757395086], [76.80615092444019, 28.430875813700922], [76.80620493025675, 28.430795836176312], [76.80628423353002, 28.43067839413442], [76.80630437196209, 28.43064857107432], [76.80652118574581, 28.430327483652825], [76.80655959321578, 28.430264844897607], [76.80658784702808, 28.430202175296216], [76.80662385419961, 28.430145606649077], [76.80683156535454, 28.429819286458958], [76.8068597805393, 28.42977495992201], [76.80693868675725, 28.429650994668087], [76.80697221457858, 28.429605004360926], [76.80698559408643, 28.42958370252423], [76.8070805424187, 28.429432534013685], [76.80729776134261, 28.429099701361565], [76.80730314045454, 28.429091438121745], [76.80752893918772, 28.42874458765313], [76.80753032977977, 28.428736735968982], [76.80756688672027, 28.428683089493347], [76.80760347689842, 28.42846809094455], [76.80761743851457, 28.4283860513066], [76.80762207022816, 28.428358835358203], [76.80762308532442, 28.428352867772155], [76.8076304021024, 28.42830987570509], [76.80765977072402, 28.428137311608307], [76.80767833440935, 28.427995221210693], [76.80779032018931, 28.42759118489071], [76.80788697262567, 28.427373503662277], [76.80834942802888, 28.42708652323668], [76.80853029482817, 28.42699586520432], [76.80867714332598, 28.426918379570743], [76.80903016416467, 28.426732105085822], [76.80925100509577, 28.426608205788245], [76.80971017895328, 28.426317142119807], [76.80979528444496, 28.426273974634565], [76.80991037031099, 28.426205626475312], [76.8103905476781, 28.425932448279205], [76.81057952446781, 28.425820541174915], [76.81058669032882, 28.42581629803579], [76.81058956403939, 28.42538568765565], [76.81056600931433, 28.424840982200795], [76.81056366471144, 28.42446667411901], [76.8104910934129, 28.424296750325396], [76.81040551450904, 28.424035018579147], [76.81038097792539, 28.42395997668947], [76.81031345515873, 28.423753466841593], [76.81029136019599, 28.423678660969834], [76.81015294059051, 28.423210024143955], [76.81009056786537, 28.423012865999713], [76.81007915746464, 28.4229767987501], [76.81019467092871, 28.422912016241273], [76.81021609844319, 28.422899998291488], [76.81023037806293, 28.422891989747697], [76.81026710568332, 28.422871392847817], [76.81037822189411, 28.422809075173124], [76.81051863575951, 28.422730326373465], [76.81064264638785, 28.422660776656553], [76.81064299762916, 28.422660579938405], [76.81075888299574, 28.422561474238247], [76.8110706909258, 28.42229481470099], [76.81109830423931, 28.42227119895891], [76.81125306330154, 28.422144307311864], [76.81125449791102, 28.422143130947394], [76.8112953505952, 28.422109634971388], [76.81130382350496, 28.422103482954437], [76.81146734473444, 28.421984752986763], [76.8115891104729, 28.42189634061451], [76.81171162360964, 28.421808317657682], [76.81183754046302, 28.42171784945469], [76.81195294972254, 28.42163493080041], [76.8120605166896, 28.421557645863277], [76.81211685004105, 28.42151554694309], [76.81218734802793, 28.421462863818746], [76.81238158175867, 28.421319113272542], [76.81239064126831, 28.421312408179737], [76.81260826712904, 28.42115516663964], [76.81288113758309, 28.42095800861883], [76.81306971462249, 28.42082175571815], [76.8134909580154, 28.420536317086565], [76.81362095861009, 28.420453376175562], [76.81430610457558, 28.4199458821254], [76.8144280203327, 28.419855576662094], [76.81445336809506, 28.41983669121808], [76.81510689605751, 28.419349779950156], [76.81521592907511, 28.419270996185045], [76.81533336852715, 28.41918613760059], [76.81578594425886, 28.41885911523312], [76.81597594602633, 28.418726092565425], [76.81646516493677, 28.41838358193135], [76.81646504186757, 28.418373239194803], [76.81655004495136, 28.418322247616327], [76.81712609861043, 28.417934229350116], [76.81733606184179, 28.417792801556466], [76.81748425511759, 28.4176929794469], [76.81766225179956, 28.417569803545938], [76.81783751131485, 28.417448521303367], [76.81789682886969, 28.417407472335082], [76.81810497750418, 28.417263429486436], [76.81828239746774, 28.41714065128305], [76.8183728425455, 28.417078503261546], [76.81856626509753, 28.416945593707915], [76.8185902734718, 28.416888044603205], [76.81861300264514, 28.41665058784911], [76.81862851834673, 28.416488496993175], [76.81870458588834, 28.415944147914196], [76.81872333642326, 28.415550789435184], [76.81866077056034, 28.415398497924265], [76.81846281960098, 28.41485117566058], [76.81842489901791, 28.4147447590425], [76.81838140977835, 28.41464598014212], [76.81823746822882, 28.414303557442885], [76.81813100978279, 28.4140755128474], [76.81799432482411, 28.41374701538355], [76.81776622191222, 28.413208094443913], [76.81762873745295, 28.412925294783047], [76.81755017439147, 28.412769485892966], [76.81738119320167, 28.412454420970313], [76.81726143789284, 28.412231136759786], [76.8171706766081, 28.4120683556928], [76.81714278032527, 28.41207345823435], [76.81671169678674, 28.412152306612683], [76.81655860409936, 28.41218490501223], [76.81603128314612, 28.412297186029026], [76.81597137180488, 28.412306778754562], [76.8159446882477, 28.412259732436276], [76.81593244780363, 28.41222974063447], [76.81581228825291, 28.41193532607495], [76.81572436384783, 28.411719894506952], [76.81550404124464, 28.41118005619648], [76.81541841832332, 28.41096443346344], [76.81522458164795, 28.410476293844436], [76.81522370938382, 28.410474451276123], [76.81495773170292, 28.40991268294338], [76.81455437556393, 28.409022183016763], [76.81442580868047, 28.408767176291708], [76.81440994622916, 28.408735713846898], [76.81421902009532, 28.408277152334595], [76.81421322416509, 28.40826290294842], [76.81412338365354, 28.408130190928695], [76.81409423961077, 28.40808713929078], [76.81387828281986, 28.40765116995094], [76.81375665362532, 28.407405626671373], [76.8137202188557, 28.4072890033503], [76.81364539907402, 28.407049514144628], [76.81358765087597, 28.406864671224454], [76.8134309370797, 28.406445463916153], [76.81338445016208, 28.40632445734077], [76.81323509177136, 28.405985048263112], [76.8131527270396, 28.4057978780491], [76.8131317630558, 28.405741208655193], [76.81305440643175, 28.40558345251501], [76.8130096586525, 28.405489952827047], [76.8129014898142, 28.405263934986476], [76.8126535377278, 28.40474583444008], [76.81184298605031, 28.403052141178293], [76.8118397188776, 28.40304531482173], [76.81160302896993, 28.40255073190971], [76.81154470225682, 28.402435028549267], [76.81133145119152, 28.402011997383937], [76.81115060864674, 28.40162025525522], [76.81108252443303, 28.40147276941051], [76.81099832713808, 28.401283650513033], [76.81130999313436, 28.40092321716803], [76.81144500183669, 28.40079072353045], [76.81145469915019, 28.400781206411065], [76.81157258057334, 28.40066552087328], [76.81181150728611, 28.40022491570687], [76.81212063374502, 28.399862929963124], [76.81244100980629, 28.399487766305665], [76.8126052137554, 28.398923056238193], [76.81264462644016, 28.39878751067626], [76.81272246006964, 28.398519831961462], [76.81290960878773, 28.3978903473695], [76.81292736488763, 28.397845109779254], [76.81298518944246, 28.39770382743013], [76.81302316931438, 28.397618339146565], [76.81303333914168, 28.397596691080665], [76.8130430723878, 28.39755688770797], [76.81309330617849, 28.397351456392496], [76.81316195722914, 28.397070706913752], [76.81333494041351, 28.39652233298825], [76.81334413107719, 28.396493197289324], [76.81334770367707, 28.396463014530134], [76.81340533239917, 28.39597618388866], [76.81343633954782, 28.395703199555477], [76.81344943159478, 28.395587941522802], [76.81347217963271, 28.395504964480686], [76.81349282291795, 28.395429663724784], [76.81353566447214, 28.395236992989393], [76.81354689880312, 28.39517140327542], [76.81360185503725, 28.394914556725784], [76.81364684805656, 28.39468269778019], [76.81364838687064, 28.394674506927707], [76.81366470476777, 28.394571442004963], [76.81367337979849, 28.3945166450137], [76.81370199742848, 28.394335881596227], [76.81373563125103, 28.39412986241663], [76.81375329123121, 28.394021686441366], [76.81376049122821, 28.393977581994044], [76.81378948615063, 28.39378936087671], [76.81379416188169, 28.393759002702637], [76.81379757907305, 28.393736823591727], [76.814141608674, 28.393531801333495], [76.81467286694317, 28.393225573489563], [76.81481471990966, 28.393127948049955], [76.81497321506515, 28.393038323048856], [76.8153490683834, 28.392825783322085], [76.81548846086433, 28.39274695849259], [76.81553021905032, 28.392722858847815], [76.81562327103902, 28.392676464487366], [76.81587723644793, 28.392487080961175], [76.8161535905687, 28.392335785211852], [76.81637953033737, 28.392212088284307], [76.8164258816094, 28.392187901589313], [76.81642759020508, 28.39218701017603], [76.81635762941077, 28.39212780783064], [76.81630227073137, 28.39208096197082], [76.81619617161148, 28.392001023899425], [76.81616303994717, 28.391955327024146], [76.81558738873332, 28.391450625162538], [76.81555726732351, 28.391424216066678], [76.81496988950195, 28.390900139008977], [76.81480691804144, 28.390778245384016], [76.81448574966609, 28.3905380265834], [76.8143533137387, 28.390438970645206], [76.81423234031436, 28.39034848829442], [76.81421009353633, 28.39033184907995], [76.81419995515003, 28.390324265611873], [76.81421559841239, 28.390308272837764], [76.81427827746303, 28.390244193449604], [76.8140852474748, 28.390083851374694], [76.81408490970821, 28.39008357082682], [76.8140450352894, 28.390050606051712], [76.8138098383817, 28.389913268648886], [76.81371990714031, 28.389859630166992], [76.81334931345805, 28.38963859489005], [76.81312978945711, 28.38954156834009], [76.81292515682867, 28.389451123156796], [76.81265660277953, 28.389334985855214], [76.81236714673035, 28.389222772177146], [76.8119662429921, 28.389116093521938], [76.81127797268606, 28.3889724650385], [76.81109230708648, 28.38891985345029], [76.81059535008818, 28.389032642775387], [76.81013143132934, 28.389106337479042], [76.81009036843938, 28.38911286047453], [76.80991398333504, 28.38913817402404], [76.80923219527206, 28.389228584701915], [76.8089672847897, 28.389282168183392], [76.8088931755754, 28.389298123178786], [76.80855186427648, 28.38937160590257], [76.80791305610826, 28.389528191274202], [76.80787218366116, 28.389538210441472], [76.80728930100925, 28.38965183522377], [76.80719142866074, 28.389666105289123], [76.80703161388013, 28.389689429575238], [76.80650988673614, 28.38976557289408], [76.80628462878879, 28.389782321255748], [76.80582844721948, 28.38986881635067], [76.80528160497681, 28.390008551509247], [76.80514938913664, 28.390058238536437], [76.80480148150858, 28.39017166124124], [76.80447218966815, 28.39031493800865], [76.80434906118542, 28.390347261789586], [76.8043316221908, 28.390366825013913], [76.80415799401605, 28.39056160277448], [76.80413535018272, 28.39058700448851], [76.80400475131005, 28.390733512112064], [76.80387623563057, 28.390858837930768], [76.8038048492099, 28.390928451994384], [76.8037052619775, 28.391029281628306], [76.80343027958418, 28.391290554393354], [76.80332371513698, 28.39139790100589], [76.80325003441905, 28.391472121172285], [76.80322353501649, 28.391498813961395], [76.80313867296825, 28.391584297697722], [76.80299783958955, 28.39170133106485], [76.80281271567411, 28.391848525467], [76.80249025013153, 28.392082294350544], [76.80246856030897, 28.392098018168387], [76.80221794471777, 28.392315231366023], [76.80193948943756, 28.39238072880666], [76.80179301104565, 28.392415183284395], [76.8014429995632, 28.392508920522836], [76.80111353165294, 28.392590221404557], [76.80108019876602, 28.392595655211615], [76.80081835153881, 28.392638340933047], [76.8006244780325, 28.392766497566377], [76.80061383299639, 28.392773534793108], [76.80051994916774, 28.392812492018212], [76.80051141427421, 28.392816033152375], [76.80028317212346, 28.392861196234463], [76.79982569069195, 28.392948245946485], [76.79949094697608, 28.393011180992975], [76.79945650736472, 28.393016998051525], [76.79935468512389, 28.393034195553863], [76.79918383094673, 28.39306305324418], [76.79886013740715, 28.392952887110102], [76.79881074982946, 28.3929222829273], [76.7988096880208, 28.392921625435545], [76.79871347126735, 28.39289393096169], [76.79824473394535, 28.392759011473974], [76.798131208453, 28.39272633439373], [76.79807825546196, 28.392708130055155], [76.79772035497467, 28.39258509184622], [76.79754748767296, 28.392525663709524], [76.7974537206253, 28.392493428311457], [76.79722981194747, 28.392459436950347], [76.79712891856464, 28.392444120959304], [76.79704957846042, 28.392432076634968], [76.79696600100304, 28.39239578323133], [76.79684811957986, 28.392344593437212], [76.79677486017182, 28.39231278077265], [76.79674151201351, 28.39230282982993], [76.79670776769818, 28.392291955863488], [76.79611883489288, 28.392102168617352], [76.79609697618707, 28.392095124233755], [76.79588771094667, 28.39202548643821], [76.79586704071198, 28.392018608004353], [76.79541929971316, 28.39186960966938], [76.79524065444754, 28.39181145582547], [76.79520296922304, 28.391799187784862], [76.79489948957398, 28.391700396973228], [76.7947404356664, 28.391689404405405], [76.79471447615134, 28.391685991256352], [76.79465125900983, 28.391677678471655], [76.79453921843265, 28.391662946372694], [76.79452778737065, 28.391661443290705], [76.79452196359267, 28.39166067752494], [76.79438028130605, 28.391642047051022], [76.79411797234481, 28.391607554389303], [76.79408622767927, 28.391603380213013], [76.79405918838924, 28.391599824813603], [76.7939734415004, 28.39158889071493], [76.79379472706454, 28.391582710056298], [76.79361492027725, 28.39157649146464], [76.79353380150879, 28.39157963987862], [76.79337595493693, 28.391585765218895], [76.79330794708004, 28.39159173566699], [76.79330165887306, 28.391579771852797], [76.79328837548495, 28.391554496819005], [76.79308023583363, 28.39115846992581], [76.79305903110135, 28.39117049779922], [76.7926978894925, 28.391375341282977], [76.7926977125244, 28.39137536182988], [76.79242281008115, 28.39140737155197], [76.79230819133909, 28.391398677047], [76.79204830513413, 28.391378962282015], [76.79201509262145, 28.391376442123597], [76.79201266447527, 28.391376556712178], [76.79192154745768, 28.391386731387147], [76.7918869784889, 28.39139059183637], [76.79171247176183, 28.39141007742211], [76.79169367541282, 28.391412176368068], [76.79144266995274, 28.391440204721118], [76.79144218396418, 28.391440259249414], [76.79132863960722, 28.39145293826963], [76.79124364730325, 28.391460560379958], [76.79101737875116, 28.391480851233148], [76.79087248498739, 28.391493845564305], [76.79071135058165, 28.39150829556215], [76.79064341638659, 28.391514387715425], [76.79055686460727, 28.391531638409294], [76.79051674494838, 28.391539635099473], [76.79027819732467, 28.391587181372866], [76.79021390759473, 28.391599995510692], [76.79002404955774, 28.391637835733665], [76.7899562024993, 28.391651358732208], [76.78991222008464, 28.39165916258896], [76.78973298642254, 28.391690964386015], [76.78965467309271, 28.391704859591908], [76.78954148716352, 28.391724942559048], [76.78926938476904, 28.3917732213232], [76.78914389281879, 28.391803712830146], [76.7891145825877, 28.391810834678903], [76.78896523677338, 28.391847122751003], [76.78883964241523, 28.391877639525116], [76.78863079578976, 28.391928385417508], [76.78858137048282, 28.391940394237274], [76.78823095745341, 28.392048427718827], [76.78789215964063, 28.392152878050336], [76.78784336405273, 28.392166758180732], [76.78779202533424, 28.39218136218756], [76.78770971899296, 28.39220477442934], [76.78761565729788, 28.392231531044995], [76.78751795023938, 28.392088114621135], [76.78738289033302, 28.3918898704143], [76.78737854967359, 28.391885692297812], [76.78716963028457, 28.39168458853819], [76.78705477259068, 28.391563017452974], [76.78695704666754, 28.391471090666258], [76.78691688209288, 28.39143331044395], [76.78659297655088, 28.391128627043173], [76.78655277963688, 28.391097571880856], [76.78643069948805, 28.390987688991157], [76.78622243137765, 28.390800231497725], [76.78600607214148, 28.390605489737855], [76.78598433291158, 28.390585923396458], [76.78596850369796, 28.390571676372822], [76.78593537922018, 28.390531698082597], [76.78588485437534, 28.39050345216439], [76.78575007115009, 28.390362442156523], [76.78557751825878, 28.39018191505938], [76.78541919198658, 28.390016272507943], [76.78540105230601, 28.389995525384982], [76.7851944999778, 28.389759282280504], [76.78516685612156, 28.38972766482911], [76.78514521570638, 28.389702914098688], [76.78506387235907, 28.389609877727466], [76.78497236906594, 28.38946298210394], [76.78483846618968, 28.389258643866384], [76.78471627464977, 28.38907217591121], [76.78465868365693, 28.38898429084725], [76.78461095347093, 28.3889114535174], [76.78447016680467, 28.38870616745418], [76.7844224141608, 28.388636536915836], [76.78441812740024, 28.388630281798143], [76.78379623091558, 28.38771771347015], [76.78379494273145, 28.38771570612507], [76.78399154442128, 28.387556970846195], [76.78401560399953, 28.38753754461463], [76.78395974046697, 28.387476481688847], [76.78393663759448, 28.387451228595317], [76.78379018076214, 28.38729114072316], [76.7837632896941, 28.38726174643069], [76.7836466174033, 28.38710158714561], [76.78342849207928, 28.386802159436222], [76.7832814163077, 28.386612684014622], [76.78325410123486, 28.386579456570352], [76.78311536362578, 28.386373544022987], [76.78309214127735, 28.386339077307724], [76.78296960837766, 28.386157216437418], [76.78289498353038, 28.386046926161434], [76.7827750162191, 28.38586962407184], [76.78259625956241, 28.385605434351397], [76.78249571562425, 28.385444480673453], [76.78241285681908, 28.385311838865608], [76.78239903174685, 28.385289706986697], [76.78233917160955, 28.38519387931185], [76.78230434212936, 28.385138122775558], [76.78225194878875, 28.385054250031903], [76.78201973249116, 28.38470096759598], [76.78200767889668, 28.384682629106216], [76.78196819973657, 28.38457544245096], [76.78194180184363, 28.38450377255211], [76.78185774648249, 28.38419951734758], [76.78183816770088, 28.384128646998576], [76.78183433099632, 28.38411476028353], [76.78183385219427, 28.38411302632103], [76.78183262329894, 28.384108576818207], [76.78183264575684, 28.38410773117556], [76.7818278703128, 28.38409635293449], [76.7818329547773, 28.384096048661167], [76.78183315689824, 28.384088385715025], [76.78183661541206, 28.383957529917712], [76.78183776435733, 28.38391406144386], [76.78183778501855, 28.383913288509238], [76.78184137558475, 28.3837774202694], [76.78185098576166, 28.383413758187928], [76.78185392145602, 28.383302678683734], [76.78185575491753, 28.383233294339956], [76.78186465183208, 28.382896710237763], [76.78186535790789, 28.382869986830993], [76.78186575675987, 28.382854882053245], [76.7819480460332, 28.382327627382647], [76.78196672290625, 28.382267561228947], [76.78204569380289, 28.381798221953353], [76.78204781382694, 28.381785620812316], [76.78205566061094, 28.381734262295232], [76.7821319760876, 28.381473268680423], [76.78219881793126, 28.381244672900486], [76.78238397867761, 28.380704431169313], [76.78246520434561, 28.38040332092273], [76.78242027331005, 28.380184605366757], [76.7824154268991, 28.380161012641906], [76.78233295257286, 28.379854821260665], [76.78226805827674, 28.379613898007133], [76.78223639356128, 28.37945851909236], [76.78214357513455, 28.379067256345344], [76.7819948132252, 28.378520111567003], [76.78193963151392, 28.378334449866387], [76.78190531676839, 28.378218996699484], [76.78183210766598, 28.377972679434315], [76.78182918993792, 28.377962422854754], [76.7818265372129, 28.37795309969661], [76.78167637752495, 28.377425390694565], [76.78166780580051, 28.377398827144663], [76.78161755314521, 28.37724310117322], [76.78154911140203, 28.377031011120078], [76.7815173433803, 28.376938485276867], [76.78151108391943, 28.37687790390847], [76.78145639089165, 28.376686525708582], [76.78135467375371, 28.37633060082568], [76.7812934769233, 28.37605483593409], [76.78128365564231, 28.375785062213648], [76.7812642241844, 28.37525017520303], [76.78126387563805, 28.375240584655895], [76.78125168639797, 28.37512929899442], [76.78124297453635, 28.375091769825303], [76.78115067713247, 28.374694173379684], [76.78114781330336, 28.37468176662103], [76.78110456571062, 28.374494391745714], [76.78105752543078, 28.374290585842797], [76.78103293854146, 28.374184059728993], [76.78102449976767, 28.374147494506715], [76.78089712854185, 28.37360078989489], [76.78079950502668, 28.373259171193855], [76.78079366957056, 28.37323875038957], [76.7807407273593, 28.37305348571163], [76.78067351091818, 28.37279499686854], [76.7806697164344, 28.372507946844532], [76.7806652482142, 28.372384918392978], [76.7806576313989, 28.372175209614028], [76.78065513857396, 28.372106585478413], [76.78064994002344, 28.3719634674841], [76.78064694683691, 28.37184250137555], [76.78064642761068, 28.371821477214358], [76.78057893089517, 28.3714179293351], [76.78050314632284, 28.371140681497216], [76.78042936499364, 28.370870764860538], [76.78042789445152, 28.370840507621672], [76.78036411496467, 28.370701638799], [76.78018963249207, 28.370321734537132], [76.78012898632893, 28.370188055749725], [76.7800115190291, 28.369929126771645], [76.77994046768002, 28.369772508508436], [76.77955728590572, 28.36928219756769], [76.77959210011453, 28.369268520744225], [76.78009807260504, 28.369069754083522], [76.78031878687372, 28.369008282146343], [76.78077716841712, 28.36888061453342], [76.78078573115842, 28.368878229794916], [76.78088144844858, 28.36885157083349], [76.78108273754756, 28.368795507712207], [76.78145619146567, 28.368691492826137], [76.78162967231668, 28.368650890538042], [76.78168690937335, 28.368637493447395], [76.78206770612059, 28.368548367063273], [76.78213564750217, 28.368532465067105], [76.78216739665925, 28.368521500134243], [76.7823638061096, 28.3684536648627], [76.78251648287699, 28.368400934014755], [76.78267744660286, 28.368345340175345], [76.7827185274591, 28.368331151817856], [76.78277659994895, 28.368307877374445], [76.78281367701399, 28.36829301713961], [76.78349288421717, 28.368133395953894], [76.78383615474175, 28.36804840709934], [76.78386489364429, 28.3680412915591], [76.78417205099613, 28.36796524251341], [76.78454773093955, 28.367843858445447], [76.7846168356394, 28.367821530053714], [76.7847059673802, 28.367792731100888], [76.78482300618364, 28.367754914777272], [76.78485020806876, 28.367746126641784], [76.78552854660104, 28.367542064318492], [76.7858683945444, 28.367424673882805], [76.78620632278798, 28.367307945710483], [76.7864100957287, 28.36722845611824], [76.78641012627142, 28.367228444261567], [76.78647641026129, 28.367202588769445], [76.78664163379824, 28.367138137347467], [76.78684089090805, 28.367060408744514], [76.78685394073419, 28.367055318264047], [76.78688354561267, 28.367043770618825], [76.78693660640155, 28.367028697576576], [76.78714608274605, 28.366969192672293], [76.78787567375852, 28.366760582979925], [76.78793404628568, 28.36674388315215], [76.78823998552201, 28.36665080687825], [76.78838681066362, 28.366603024936612], [76.78879927482129, 28.36646879051924], [76.78891821895144, 28.366461868533765], [76.78895224893101, 28.36645993983155], [76.78915404737475, 28.366448502784785], [76.78939728061097, 28.36643471809463], [76.78959876823764, 28.366423298435077], [76.7899218500245, 28.36639590689817], [76.79019155481552, 28.36637611397296], [76.79027897975728, 28.366369697080525], [76.79032141796796, 28.36636729173381], [76.79095933141413, 28.366331132481527], [76.79117192760756, 28.366323781271216], [76.79163981691994, 28.366307602283147], [76.79180590643283, 28.36630919662656], [76.79186301772532, 28.366309744410376], [76.79199716584164, 28.366311030477178], [76.79208224438392, 28.366311847014938], [76.79250763889175, 28.36631179800689], [76.79279703565211, 28.36630818247553], [76.79300094603506, 28.36629060201192], [76.79321080506185, 28.366287980079317], [76.79330714218955, 28.36628677542891], [76.79335816919263, 28.36628591936827], [76.79337569352722, 28.3662788369089], [76.7935948806599, 28.36619025632808], [76.79367950645123, 28.366161868759022], [76.79435660710509, 28.365942976814715], [76.79437323941255, 28.36593982131596], [76.7945500242672, 28.3659062822792], [76.79457719650793, 28.36590112692598], [76.79503500851943, 28.365814271596523], [76.79535497584722, 28.36575019954112], [76.79544969690573, 28.365731231732763], [76.79571400641512, 28.365730661022685], [76.79590057392323, 28.365698277568562], [76.79639313905814, 28.365662084889095], [76.79652929221419, 28.36565330290392], [76.79668189981126, 28.365643460123646], [76.79707217737804, 28.365593514244352], [76.79749257006637, 28.365538318906093], [76.79751682008748, 28.36554569941781], [76.79752364099545, 28.365547775161904], [76.79754627674397, 28.365549695976124], [76.79755033173915, 28.365551230256074], [76.79757510817302, 28.365560605883978], [76.79758844456173, 28.365565652960942], [76.7976277808897, 28.365580538081936], [76.79773473700237, 28.36562101190977], [76.79816168469733, 28.365554012669985], [76.79852668816356, 28.365513156234528], [76.79884713339511, 28.365477427491378], [76.79918699211822, 28.36543198952392], [76.79953297465666, 28.365385733411216], [76.79987200603136, 28.365348570730696], [76.80007785497875, 28.365327450427518], [76.80010439300888, 28.365324727292222], [76.8002188168165, 28.365294037670903], [76.80029685975343, 28.365271265294258], [76.80049762693123, 28.36521268424389], [76.80049765388068, 28.365212676339294], [76.80066496420405, 28.36516693314038], [76.80090684637408, 28.36511895844836], [76.80092291274292, 28.36511383072305], [76.8014065198778, 28.3649594842569], [76.80157991718553, 28.364904142353186], [76.80159604643646, 28.36489916717691], [76.80174370341803, 28.36483109956468], [76.80177864428934, 28.36481499228126], [76.80208076388905, 28.36467571954955], [76.80208473534093, 28.36470139780277], [76.80208689848413, 28.364715385867523], [76.80208897898231, 28.36472883483358], [76.80211448844145, 28.364720271729905], [76.80226717958186, 28.364669017196398], [76.80294969438192, 28.364469878305293], [76.80363273200146, 28.364376536020806], [76.80371285902986, 28.364365585677387], [76.803786030403, 28.36435558547466], [76.804315769621, 28.364283189701872], [76.80499868327303, 28.364165658119468], [76.8056817631134, 28.364081374347695], [76.80589199134776, 28.364055035111843], [76.80596721626964, 28.36404821572997], [76.80657180311708, 28.363953043135634], [76.80664729124538, 28.363941159202884], [76.80701839876396, 28.363882740255296], [76.80818424671276, 28.363794215378835], [76.80841426393451, 28.363783502116814], [76.80862800907322, 28.363768477620734], [76.80896806362907, 28.363744575332305], [76.80909751894634, 28.363735475418704], [76.80978077395818, 28.363687445536975], [76.8104375610085, 28.36365580529407], [76.81046410263187, 28.363654526309396], [76.8105716435478, 28.363650245109532], [76.81078342766423, 28.363633272079145], [76.81114706658958, 28.363548979189368], [76.81124783241162, 28.363519480298297], [76.81131427540329, 28.36350002911176], [76.81153586013949, 28.36344066451416], [76.81182961642389, 28.36336196408084], [76.81251225608979, 28.36319300786052], [76.8130148374401, 28.363085489622694], [76.81319500804507, 28.363046945173092], [76.81359803001078, 28.362946877041793], [76.81387763962609, 28.36287745171644], [76.81456027120714, 28.362708333466934], [76.81524290009322, 28.362539363558373], [76.81542349470297, 28.362501924003176], [76.81572535019802, 28.36243934632979], [76.81592564486199, 28.362393514191993], [76.81660822883228, 28.362216224735842], [76.81669147570967, 28.36219663181389], [76.81696903177627, 28.36213130781918], [76.81729089365099, 28.362055556503243], [76.81760549264666, 28.361984650806814], [76.81797359080903, 28.361901686995044], [76.81865613076191, 28.361717585090563], [76.81910629721204, 28.36161611970438], [76.81933882432673, 28.36156370955895], [76.81967889774718, 28.361533923959286], [76.81972293495906, 28.361521864267175], [76.82002166970678, 28.36144005816023], [76.82070404975954, 28.361225718398796], [76.82093923588744, 28.361154446941008], [76.82103902973235, 28.3611084893507], [76.82138610282553, 28.36094865262061], [76.82148025884369, 28.360907685324182], [76.82206805168695, 28.360651933624954], [76.82272992769333, 28.360364680793918], [76.82275000144666, 28.36035596872465], [76.82284584180603, 28.360312615477945], [76.82302252694768, 28.360188611640393], [76.82308853695139, 28.36013459528694], [76.8231424053257, 28.360090513900097], [76.82343088580446, 28.359854447659433], [76.82345604581896, 28.359833991864825], [76.82374745480557, 28.35970771477481], [76.82411277897036, 28.359549407140033], [76.82424918904454, 28.359494444228467], [76.8247948239515, 28.359274591507088], [76.82530503649016, 28.359028857922173], [76.82532155111834, 28.359045498885465], [76.82532183498598, 28.359045785048966], [76.82532492608887, 28.359048899646332], [76.8253613626551, 28.359085613943957], [76.82547791636827, 28.359203057081793], [76.8255979357818, 28.359356195332865], [76.82563346684623, 28.359401531554987], [76.8257211208584, 28.35951337204532], [76.8257259825407, 28.359519575125884], [76.82581504061969, 28.359633208351703], [76.82587527984602, 28.35970800330804], [76.82600341194487, 28.359867094092625], [76.82625185001984, 28.36017555734829], [76.82655391392402, 28.36051439294038], [76.82655938825735, 28.360526286742804], [76.82664765761548, 28.360718071948998], [76.82690825977771, 28.36123039415129], [76.8269238635142, 28.361261069137907], [76.82697530913221, 28.361361581532925], [76.82714881244112, 28.36180427539927], [76.82731023969771, 28.362226184035023], [76.827356677208, 28.362347550023866], [76.82739450975619, 28.36249494089188], [76.8274961963514, 28.3628911016969], [76.82752266970283, 28.363091935170896], [76.82752802815348, 28.36313258227171], [76.8275341708334, 28.363123163743566], [76.82753836237254, 28.36312096779961], [76.82761463473005, 28.363081007618764], [76.82790262832191, 28.36293012602327], [76.82806690054296, 28.362858452565966], [76.82857485831026, 28.362636824279747], [76.82873517614746, 28.362541052816127], [76.82899501114844, 28.362356027946905], [76.82904667236213, 28.36231924126563], [76.82920505882142, 28.36220645594222], [76.82924103545025, 28.362192458060985], [76.82937533358522, 28.362130159245986], [76.82957925205304, 28.362035565937834], [76.82984637957749, 28.361911651066645], [76.82991325555714, 28.361899149535947], [76.83017148886196, 28.361833370828606], [76.83024130592584, 28.36181558646873], [76.83025810531998, 28.36181130756613], [76.83059031129521, 28.361726685967678], [76.8307326385722, 28.361675139879534], [76.83126796980282, 28.361569326767974], [76.83134003534987, 28.36155035900287], [76.83172009188533, 28.36147306265702], [76.83194623018169, 28.36142707042314], [76.8324962731217, 28.361317125963406], [76.8325379962734, 28.36130162129064], [76.83260829303767, 28.36127549874976], [76.83262388509606, 28.361269704455314], [76.83299374215977, 28.3612101243872], [76.83320658089833, 28.361266409691304], [76.83330819383173, 28.361278501032047], [76.83366013579372, 28.36123618528589], [76.83391001566473, 28.361206141103807], [76.8339888724753, 28.36119665916543], [76.83422963444617, 28.361188397744325], [76.83455065370117, 28.361134701258223], [76.83466954842397, 28.36111481328326], [76.83477560711968, 28.361102987529073], [76.83492385788765, 28.361086457557214], [76.83534423889789, 28.36088369543721], [76.83581506659957, 28.3606856308402], [76.83609296402594, 28.360531358564582], [76.8366335306381, 28.360282269854785], [76.83668704238121, 28.360257611855697], [76.83692092774861, 28.360180214175095], [76.83714301643965, 28.360106719922474], [76.83718445213047, 28.36009816356035], [76.83726112962819, 28.360095758071505], [76.8377820428985, 28.35997843449641], [76.8379684990155, 28.35993643917508], [76.83804140179238, 28.359920019691607], [76.83817276692795, 28.35990096230517], [76.8382205824539, 28.359899462725554], [76.83872327789027, 28.35986836679895], [76.83906421549003, 28.359842538762212], [76.83920083307507, 28.35983824871308], [76.83940575945263, 28.35983181561532], [76.83954064149255, 28.359824591225518], [76.83998692003412, 28.359800687258367], [76.84008823921837, 28.359795260466583], [76.84014270317576, 28.35979935447311], [76.84077425654972, 28.359846829601665], [76.84087526851017, 28.35983329780487], [76.8408879832647, 28.359850533098758], [76.8409317869146, 28.35990991314291], [76.84107263646293, 28.360100849676307], [76.8410752748149, 28.360104425894168], [76.84146653963018, 28.36005447503658], [76.84165149286572, 28.360010285318012], [76.84209506747828, 28.359904303751094], [76.84214356213059, 28.359881956297862], [76.8428169419625, 28.359618798279172], [76.84290124615697, 28.35958919711141], [76.84303929475824, 28.35954072425247], [76.84348728548875, 28.359280107652623], [76.84393087627099, 28.359084712766357], [76.84415337549214, 28.358835672044783], [76.84420278642602, 28.35878874349609], [76.84458436111433, 28.358472167936956], [76.84465272200914, 28.358415451112734], [76.8446746894111, 28.358400399769874], [76.84480885010385, 28.35830847665087], [76.84484109872422, 28.35827245852617], [76.84488109351727, 28.358222920244856], [76.84489786955521, 28.358196581926645], [76.84516714944311, 28.358035151087055], [76.8452880375275, 28.35796267906616], [76.84544953395435, 28.35786586306631], [76.84548190025406, 28.357856155532545], [76.84586677445438, 28.357647428322093], [76.84654752047162, 28.35737315559496], [76.84681590384085, 28.357198566867773], [76.8468161248264, 28.357198422993015], [76.84700794298735, 28.357085063843304], [76.84704028862578, 28.357066021758307], [76.84704275000965, 28.35706404071092], [76.8472234182813, 28.356918617027397], [76.8469203832983, 28.3565252908908], [76.84678975657786, 28.35636302429427], [76.84664213552891, 28.356145232319523], [76.84656966124841, 28.35599181986558], [76.84646470298894, 28.355801442751954], [76.84627458444054, 28.35545659749913], [76.84610501215928, 28.355229604995614], [76.84596243335403, 28.35492191079048], [76.84596037980529, 28.35491775335283], [76.84591215015601, 28.354820110044397], [76.84572733615931, 28.354445948339997], [76.84570485671766, 28.354400436872833], [76.84570151498481, 28.35438561263669], [76.8456643992922, 28.354314081241164], [76.84542352413361, 28.35384985092595], [76.84535182689582, 28.353634449153756], [76.84531278341865, 28.353517151640496], [76.84531235492226, 28.35351586462814], [76.84530962134886, 28.353507651623268], [76.84538801283212, 28.3534828086433], [76.84564098829759, 28.353402637520656], [76.84580068539893, 28.353365780539825], [76.84595160685821, 28.353259618418253], [76.84639292310618, 28.352975119631093], [76.84661391585259, 28.352769423293445], [76.84666379840198, 28.35273756081264], [76.84693193383622, 28.352544899483], [76.84695068437112, 28.3525314268376], [76.84696168693674, 28.35252352286377], [76.84699157658117, 28.35250834893999], [76.84699340824605, 28.352507037408188], [76.84717898401406, 28.352413218175446], [76.8473061737802, 28.352348916674586], [76.84731221315386, 28.35234586354406], [76.84768029784153, 28.352145373395288], [76.8478870594772, 28.352030196097864], [76.84798159188949, 28.351984645648326], [76.8481575107682, 28.351891698732484], [76.8486499681053, 28.35163151002215], [76.84872373865474, 28.35160064805184], [76.84875947992495, 28.3515857641326], [76.84878543944001, 28.35156610363186], [76.84904262171597, 28.351419835210393], [76.84925947502556, 28.351296503242388], [76.84932032241132, 28.35126189705937], [76.84941186972195, 28.351217702890164], [76.84974028211172, 28.351059161236304], [76.84998512423061, 28.350787224220504], [76.84999720926612, 28.350778141379195], [76.85003818771446, 28.350747343196957], [76.85004603988834, 28.350741441601084], [76.85019106211118, 28.350632445825827], [76.85022324425623, 28.350608258346043], [76.85034168892308, 28.35051923857002], [76.8504140940333, 28.350464820429977], [76.85051333092271, 28.35040332111508], [76.85073129005843, 28.350268246387007], [76.85130067462487, 28.349947441143964], [76.85131896342571, 28.34994361001887], [76.85143216462623, 28.349862780836983], [76.85159601823239, 28.34976992614233], [76.85165879430109, 28.349734351005807], [76.85226091796802, 28.349396374360694], [76.85230006475147, 28.349371430015278], [76.85230460214198, 28.349368538867882], [76.85231260792777, 28.349363438051963], [76.85233360784419, 28.349350056710097], [76.85248625496716, 28.34925279171265], [76.85255562377169, 28.34920859038264], [76.85267557221833, 28.34913215943279], [76.85276074328706, 28.349077889211177], [76.85284697436782, 28.34902294301461], [76.85282521088344, 28.348981906288277], [76.85271455371178, 28.34874865670376], [76.85238711509577, 28.348221280773533], [76.85221069585543, 28.34793713373935], [76.85205968186965, 28.347693903805457], [76.85189229698614, 28.347424307024944], [76.85173225044016, 28.347166526590247], [76.85197091035326, 28.347036851471334], [76.85209658645816, 28.346973076414667], [76.85275545849825, 28.34656893518738], [76.85279340243751, 28.346550288888167], [76.85285833895446, 28.346518377895826], [76.8528750907379, 28.346510145375312], [76.85285760413257, 28.346269102140965], [76.85271866889408, 28.346026448690026], [76.85240833689603, 28.34549818324804], [76.85239620065654, 28.345481722791824], [76.85205169584677, 28.34501448590701], [76.85202175769331, 28.344973881677607], [76.85195698826303, 28.34491438654713], [76.85188046886879, 28.344819963693528], [76.85180761370263, 28.34473006385618], [76.85158252643514, 28.344452314630253], [76.85154096408189, 28.344385540005366], [76.85127897402252, 28.343964625433426], [76.85127176953397, 28.343953049976488], [76.85126115504055, 28.34393599710685], [76.85120688332265, 28.343972807551623], [76.85100793792826, 28.344090632672113], [76.85058616003776, 28.34432540098348], [76.85054604127716, 28.344347731945735], [76.85027516867629, 28.34452026564844], [76.85015750913698, 28.344591566457147], [76.85011224033488, 28.3445287339265], [76.84988505370458, 28.344204616051737], [76.84984633272259, 28.344149376386408], [76.8497824580143, 28.34405175875364], [76.84960007306219, 28.343784273172083], [76.84938903724236, 28.34347751905828], [76.84934177597697, 28.343397062082342], [76.84907872860049, 28.342949245682277], [76.8490721268815, 28.342937678811577], [76.84888105611887, 28.342602904723233], [76.84880261612658, 28.34241919313167], [76.84869685746817, 28.34214752178224], [76.84862068392535, 28.34195184710798], [76.84859488970027, 28.341885587986248], [76.84851612451786, 28.34175149230055], [76.84849413106475, 28.34171404936781], [76.84828459004157, 28.34135731143685], [76.84804600199367, 28.34093910625381], [76.84794830930824, 28.340830384258997], [76.84792168593816, 28.34080152263871], [76.8475320659382, 28.34037914619173], [76.84745064713239, 28.34031184006379], [76.84730969607442, 28.340179915881254], [76.84718278478601, 28.340061132900995], [76.84694686832779, 28.339840325950085], [76.84680563070724, 28.33978582643582], [76.84651520268093, 28.339675148770997], [76.84648272768511, 28.339566057829412], [76.84636203363681, 28.339528130247146], [76.84609628233135, 28.33944461756911], [76.84564158837222, 28.33931701165157], [76.84552696154532, 28.33926452408386], [76.84538081373343, 28.33901298979511], [76.84531436265691, 28.33889362358654], [76.84529689671284, 28.338862248731406], [76.84531348679951, 28.338843633496264], [76.84537438179598, 28.33877530565615], [76.84546434088517, 28.338674365481193], [76.84549416764754, 28.33864089768733], [76.84553411752485, 28.33859950905966], [76.845617078738, 28.338513559628765], [76.84565074310326, 28.338478682828022], [76.8457174591828, 28.33840157130443], [76.84581325462638, 28.338289610535213], [76.84615297860219, 28.337892560945935], [76.84618410612511, 28.337846627285646], [76.84624179772926, 28.337762831808913], [76.84656506097585, 28.33729330440206], [76.84662752802407, 28.337165415212752], [76.84665754073774, 28.337103969869197], [76.84713728332027, 28.33685043164579], [76.84755000259946, 28.336630676733947], [76.84767989809123, 28.336561512518532], [76.84781436600778, 28.336489913770183], [76.8480798621917, 28.33636546542561], [76.84808561140949, 28.336362770802463], [76.8483558668678, 28.33623105994282], [76.84849229670492, 28.336164569537896], [76.84853642105338, 28.336146974594595], [76.84900173130255, 28.33596142537049], [76.84917135388945, 28.335885922633782], [76.84929971955029, 28.335824300228683], [76.84984917229718, 28.335556325846607], [76.85021780405886, 28.335376508834774], [76.85046967459655, 28.335228788560244], [76.85052623342517, 28.335195616978375], [76.85109828958123, 28.334829221844544], [76.85120154822819, 28.33476308558118], [76.85150785936703, 28.334543582535478], [76.85187563323763, 28.334280033585557], [76.85190767524549, 28.334257205534065], [76.85221303327181, 28.33405336665432], [76.85255100553282, 28.33385035128719], [76.85275202064567, 28.333708507712668], [76.85322510761023, 28.33336850649176], [76.85349786936817, 28.333208057911953], [76.85360308454581, 28.333146165906616], [76.85390152823942, 28.332982486186957], [76.85450092462118, 28.33262133211292], [76.85457742964233, 28.33257523407951], [76.85462365874346, 28.332552041937834], [76.85494940134024, 28.332388624607947], [76.85502424178318, 28.33234933049619], [76.85527156594722, 28.332213142424617], [76.85542637980663, 28.33214086231936], [76.85578368021932, 28.33197404272934], [76.85593270623338, 28.331904464314118], [76.8563538032009, 28.33170074031845], [76.85661062525246, 28.33158090174731], [76.85673521529412, 28.331520275514656], [76.85690979208981, 28.331435324562012], [76.85708924494088, 28.33134800061136], [76.85718143364858, 28.331303141073597], [76.85723555804276, 28.331276803195372], [76.85728834125224, 28.331249167749206], [76.85731507601339, 28.331232172934612], [76.8575584790312, 28.331077445907027], [76.85775163029201, 28.330968195110966], [76.85802014661192, 28.330816316652744], [76.85812844390932, 28.33075506057275], [76.85814922463678, 28.330743305765047], [76.85881806168831, 28.330289160865615], [76.85890729673538, 28.330233237897943], [76.8594630448758, 28.3299559180885], [76.85949694729462, 28.329934415942354], [76.85970632123114, 28.329844583371653], [76.85996083820564, 28.329750163729216], [76.86013515808317, 28.329685495054196], [76.86017684709886, 28.32967002925291], [76.86027100940525, 28.329641159856624], [76.86055651735875, 28.329553624889208], [76.86056040257235, 28.32955243405511], [76.86072353752624, 28.329488278441588], [76.86085707748315, 28.329435762296743], [76.86103308349844, 28.329382966208307], [76.86126541298373, 28.329313274603976], [76.86153763485419, 28.329231616063716], [76.86206628172077, 28.329058212241375], [76.86221796854473, 28.3290084563244], [76.8622905946405, 28.328984633191947], [76.86230448349309, 28.32900717375944], [76.86242249786694, 28.32919869959673], [76.86247238850117, 28.329175427645232], [76.8628456717394, 28.329001304957142], [76.8628959414627, 28.328975497088827], [76.86301918492978, 28.328912225164586], [76.8630646720225, 28.328876924543152], [76.86366133842412, 28.328413867202205], [76.86371294573887, 28.32836146122941], [76.86379657979015, 28.32828374456729], [76.86383355444724, 28.32824938550394], [76.86430431926681, 28.327811927202973], [76.86448821788018, 28.327613173076365], [76.86430561463746, 28.32734161885397], [76.86437481905033, 28.327268726562977], [76.8644222968097, 28.327223472303697], [76.86474987466458, 28.326911231622766], [76.86495120957765, 28.326719322895354], [76.86500313309938, 28.32666378314357], [76.86506299772822, 28.32659016685285], [76.86523798774894, 28.326374981027328], [76.8654035355777, 28.32617140537329], [76.86546188115541, 28.326105848878363], [76.86553238183723, 28.326026635253577], [76.8655476684684, 28.326001659325787], [76.86557030511526, 28.32594459383583], [76.86555486936372, 28.325925745437644], [76.86550529942802, 28.325865214032543], [76.86549322966388, 28.32585047595984], [76.8654784963949, 28.32583248472249], [76.86536082068595, 28.32568878719603], [76.86536714302892, 28.325684041873732], [76.86542085240144, 28.325643729162188], [76.86544113186895, 28.325628506325536], [76.86559373138122, 28.325533981720888], [76.86559797771758, 28.325531344548274], [76.86562764188488, 28.325512923876094], [76.86608892947822, 28.3252535514583], [76.86620413482015, 28.325188774085625], [76.86627236096767, 28.325151272335393], [76.86630636669277, 28.32513889932488], [76.86653248612448, 28.325002875980953], [76.86692254270571, 28.32476823261501], [76.86695080639947, 28.324751229647244], [76.86695668138144, 28.324747239461033], [76.86706588328232, 28.324644440319677], [76.86741546537009, 28.324420149644936], [76.86747800248689, 28.32438097752793], [76.86792318867708, 28.32409829053744], [76.86794493689011, 28.324085440571757], [76.86808993396015, 28.323999764077822], [76.86831513441534, 28.323851889604878], [76.86865855316194, 28.32362638737891], [76.86872825793643, 28.323580615986284], [76.86876392374815, 28.32355760771305], [76.86900015820999, 28.32341851414988], [76.86918577170725, 28.323309224641037], [76.86943887922507, 28.323160193886633], [76.8695556835682, 28.323096009900794], [76.86957038449783, 28.323087930557158], [76.8698562679471, 28.322941326383095], [76.87011483003533, 28.32280873298874], [76.87046772690648, 28.322655703360212], [76.8705307041978, 28.322612473110542], [76.87067397829911, 28.32251412319909], [76.87074044913854, 28.32246849445858], [76.87079027689073, 28.322434290089806], [76.87129778460205, 28.322099785902797], [76.87131332365985, 28.3220868621528], [76.87146358665403, 28.321961886886847], [76.87155328343518, 28.321895761594945], [76.87161189042261, 28.321852556341316], [76.87211799855876, 28.321479448085427], [76.87213637808944, 28.321465898747807], [76.87215233935544, 28.32145506259774], [76.8723757099424, 28.321285323253257], [76.87258584295535, 28.32112742886935], [76.87291762582404, 28.32087812596506], [76.87299216712803, 28.320823339157993], [76.8730192082147, 28.32080346340431], [76.87305310614197, 28.320780969335434], [76.873281782179, 28.320599854938248], [76.8733135151664, 28.320574721949182], [76.87358471385572, 28.32036755525922], [76.87375305724166, 28.320238957709154], [76.8737537992501, 28.32023839149938], [76.87381770629774, 28.32018957250135], [76.87382340610819, 28.320185218377684], [76.87343393253362, 28.31979351416698], [76.87331109151177, 28.319668675385955], [76.87332096489506, 28.319659712458172], [76.87355331324498, 28.319448795585537], [76.87384950665879, 28.31917992110121], [76.87400208461146, 28.31903781517108], [76.87405360568796, 28.318989830711946], [76.87419846082415, 28.318823444404476], [76.87463646588198, 28.318593177965703], [76.87475286149166, 28.31853198680519], [76.87478042539782, 28.31851425134207], [76.8748701140941, 28.31845654285919], [76.87536443723202, 28.318138479780398], [76.87559290845319, 28.31800684439639], [76.87586846666659, 28.317705786442133], [76.87592817409023, 28.31765728418886], [76.87615582155628, 28.317498059800062], [76.87618614149375, 28.317455653065615], [76.87629198818705, 28.317310800694138], [76.87631429155893, 28.31727987972319], [76.87637183853435, 28.31723551641776], [76.87657539048952, 28.3170623002214], [76.87669106565036, 28.316963863721284], [76.87686348109946, 28.31681714276013], [76.877037385057, 28.316680017434106], [76.87718584603074, 28.31656295432481], [76.87749501471048, 28.316316971672705], [76.87757150715525, 28.316126275137172], [76.87762422568602, 28.316080455438488], [76.87767726850859, 28.316034354185653], [76.87769899875532, 28.315993600487506], [76.87781685502566, 28.315879965653675], [76.87785394287049, 28.315844205978266], [76.87799594585564, 28.31570728975823], [76.87801007905, 28.315693662183737], [76.87821815132769, 28.315513307808573], [76.8782785603356, 28.315460946089352], [76.8784252731878, 28.31535772752703], [76.87892988293405, 28.314985122385007], [76.87898039430414, 28.314933674611268], [76.87911695080375, 28.314840548185746], [76.87914010398187, 28.31482475914527], [76.87908567685547, 28.314763844981485], [76.878977564611, 28.314642849301002], [76.87895486957368, 28.31461066063238], [76.87887819746585, 28.31452953252246], [76.87884371114211, 28.31449304403062], [76.87882446204218, 28.31447150079653], [76.8787945229904, 28.314437992956737], [76.87862869129398, 28.314265183440348], [76.87861210210566, 28.31424789646289], [76.87860702572597, 28.314242606531753], [76.87859603214352, 28.314220213884226], [76.87859531618626, 28.314219596237756], [76.87858755114891, 28.314212901772322], [76.8785347948889, 28.3141674149841], [76.8784141466547, 28.31406339246193], [76.87838288707945, 28.314033341263684], [76.87824648958166, 28.31390221800914], [76.87820830579217, 28.313866913194286], [76.87788659393613, 28.31356945293761], [76.87777072563749, 28.31334210204651], [76.87770919732874, 28.313262187710844], [76.8776477220206, 28.31318234053729], [76.87755828485258, 28.31301073818948], [76.87752934203243, 28.312960253506613], [76.87741155762734, 28.31275480078261], [76.87723100254343, 28.31245206479395], [76.87714445166246, 28.312312198272842], [76.87707828086029, 28.312208523494185], [76.87692622213385, 28.311970282753155], [76.87690733056341, 28.311934123170843], [76.87688565421561, 28.311892635567055], [76.87655775566219, 28.3113339341541], [76.87651834926562, 28.311279452447607], [76.87644181460006, 28.311136843251678], [76.87641940612528, 28.311101354038453], [76.87621303795167, 28.310774529098847], [76.87593192994647, 28.310336683336576], [76.87580053696311, 28.3102122913674], [76.87525933793705, 28.309644674298813], [76.87521071572398, 28.30959722497789], [76.8748463347902, 28.30908241082304], [76.87471257294946, 28.308887997623323], [76.8744587351013, 28.308521208903564], [76.874138960013, 28.30806621377926], [76.87408052280715, 28.30808201094104], [76.87396038212104, 28.30811448709539], [76.87364977883176, 28.308169480544162], [76.8735317375085, 28.30819738851828], [76.87327090268258, 28.308259056992696], [76.87326888326984, 28.30825953468715], [76.87311604480571, 28.30827337912578], [76.87290414750154, 28.307911229214362], [76.8728202673119, 28.307737418109678], [76.87273843528106, 28.307567850636847], [76.87273238602594, 28.307555315820423], [76.87264242064857, 28.30736889416111], [76.8726357156233, 28.307355001360392], [76.87250709663755, 28.307164613812617], [76.8722665430758, 28.306808534996136], [76.87225682779602, 28.306794154139542], [76.87214718751729, 28.306662023848677], [76.8721255372206, 28.306635934534718], [76.87205526650753, 28.306675243686875], [76.87204087459835, 28.30668329422349], [76.87199121662775, 28.306654518238354], [76.87169050828133, 28.30675389595609], [76.87129499623143, 28.306884603312586], [76.87119845159287, 28.30690848755057], [76.87060276166001, 28.307042916663914], [76.87020821080742, 28.30714111875154], [76.86990831723297, 28.30724096185038], [76.8692831418975, 28.30744451601439], [76.8692121884648, 28.307469212371462], [76.86911735242195, 28.307512896421557], [76.86908058617398, 28.30752983254751], [76.86857207504447, 28.307764067893476], [76.86852292102874, 28.30778670944836], [76.86851445171226, 28.307762823034896], [76.86851269730252, 28.307757875235986], [76.86835627276378, 28.307501645213925], [76.86822038910233, 28.307279060713938], [76.86808436889696, 28.307164668384203], [76.86805644296973, 28.30714367017294], [76.86805117345226, 28.307139707798125], [76.86787116993392, 28.30700435662447], [76.86782392843148, 28.306970621818145], [76.86782181559394, 28.306969112791535], [76.86734772700775, 28.3065888381937], [76.86721651548412, 28.306472009946383], [76.86717433149668, 28.3064344493956], [76.86714954338474, 28.306412378581683], [76.86708481707358, 28.306352685493408], [76.86707033443457, 28.306330027815335], [76.86692004179595, 28.306094889266443], [76.86687475502754, 28.30602403638071], [76.86686891867313, 28.306015777787117], [76.86677812954062, 28.305887293380945], [76.86667160821257, 28.305736544094135], [76.86655747545908, 28.30546975298685], [76.8665557327274, 28.30546567665928], [76.86646955464725, 28.30529835094999], [76.86624506655609, 28.304907664380337], [76.86609493471593, 28.30467429353856], [76.86600718638064, 28.304532287653615], [76.86600111915922, 28.304522468473554], [76.86618190870341, 28.304360010146603], [76.86624270668182, 28.304287511003473], [76.86631085287927, 28.304219668717995], [76.86663594958735, 28.30390876910872], [76.86663830317337, 28.303834099379817], [76.86663747851998, 28.303819994151503], [76.86663019408131, 28.303695561343282], [76.86662829234785, 28.303643428709165], [76.86662192508913, 28.303468881402928], [76.86661539613365, 28.30338047781159], [76.86660855366614, 28.303287842715125], [76.86656096990552, 28.303213272206655], [76.86649868072371, 28.30297842732026], [76.86643425894144, 28.30273553819911], [76.86640677139205, 28.30265742790743], [76.86638110382945, 28.302584487848716], [76.86648197205943, 28.30248161112634], [76.86661895705542, 28.302341896799376], [76.86662164571307, 28.302339154648983], [76.86656678290373, 28.30219607314626], [76.86640067183129, 28.30164411097391], [76.86638682879276, 28.301598112612858], [76.86627917738404, 28.3013759721315], [76.86606479174655, 28.30108504173161], [76.86592446681432, 28.300929874571693], [76.86575890551083, 28.30102421065736], [76.86555585751054, 28.30113990593656], [76.86549419625113, 28.301175039387402], [76.86546484649416, 28.301120485248255], [76.86543540960061, 28.30107484021024], [76.86506347293701, 28.30049811414033], [76.86490172049032, 28.300199221272226], [76.86476169290046, 28.29994046890844], [76.8645349212918, 28.29954360670366], [76.86439991797936, 28.299380310276124], [76.864385203575, 28.299361041920246], [76.86420882925043, 28.29913008160087], [76.86393587884628, 28.298815868046375], [76.86388625141844, 28.298754455904515], [76.86378273764994, 28.298626361371603], [76.86348002606042, 28.29825176609905], [76.86343871523543, 28.298190493631527], [76.86310190180116, 28.297690917558], [76.863007743088, 28.297549459982783], [76.86293604405358, 28.297441744012758], [76.86282864596978, 28.29725438711129], [76.86281862885606, 28.29724049694467], [76.86273946212673, 28.297130724937144], [76.86266054782394, 28.29697984697139], [76.86283918051316, 28.296880721935302], [76.86297135952238, 28.296807374522096], [76.86354512786737, 28.296494891084745], [76.86367609504927, 28.29642356434127], [76.86388590736368, 28.29629515298612], [76.86411826290012, 28.296152943711522], [76.8643828410058, 28.296003545857538], [76.86441293726277, 28.29598922760959], [76.86467336784678, 28.29586532825424], [76.86468388172887, 28.295860326115616], [76.86475034628012, 28.295828706013076], [76.86490421690849, 28.29575550341475], [76.86490740592775, 28.295751632369267], [76.86510600097921, 28.295654176735955], [76.86511012155138, 28.295651180509136], [76.86504864803989, 28.295580538188105], [76.86471443522832, 28.295196476005575], [76.8646111451403, 28.29508708788937], [76.86422950756995, 28.294633082580564], [76.86422306305609, 28.294625416342498], [76.86417228578466, 28.29456733420924], [76.86407257009319, 28.29448329975528], [76.86401733807625, 28.29443675409942], [76.8635990438524, 28.294072933979567], [76.86354999943117, 28.29403420629568], [76.86334591567335, 28.293873048957114], [76.86318587182232, 28.293722520737937], [76.86308428314346, 28.293779041912995], [76.8630840675478, 28.293779162143863], [76.86267485169822, 28.29328970118806], [76.86254215885266, 28.293174347785985], [76.86244296059078, 28.293088110885847], [76.8623349040419, 28.292967741543738], [76.8620061017833, 28.292577468482097], [76.86190673373979, 28.292417910718193], [76.8617794460573, 28.292276096510943], [76.8617181081914, 28.292252051578707], [76.86162029513167, 28.292147382734132], [76.86135774721852, 28.291866435713594], [76.86133772197422, 28.29184500733959], [76.86087913292, 28.29131591497499], [76.8608387626311, 28.291257585822326], [76.8606710947783, 28.29101533044514], [76.86058558684134, 28.29089353730706], [76.86049653594891, 28.290766697354776], [76.86045483705175, 28.29070839875078], [76.86045221127617, 28.290704726857637], [76.86036034596196, 28.290712761991195], [76.85999445765515, 28.290744759345724], [76.85970053518241, 28.2907472779376], [76.85957174282177, 28.290748381403546], [76.859337679588, 28.29075038741764], [76.85931286901817, 28.29075059940966], [76.85925257679123, 28.290740840657097], [76.85910901433073, 28.290717603004637], [76.8586326341423, 28.29068089751766], [76.8583546603591, 28.290608996555434], [76.8580156613237, 28.29052130922534], [76.85795429740664, 28.29050543668289], [76.8572763972522, 28.29030580046006], [76.85690879226492, 28.290173855360138], [76.85675133286698, 28.29013393181806], [76.8566419018957, 28.29007037733039], [76.856599996386, 28.290022741300728], [76.85613020444187, 28.289619229948954], [76.85592897912328, 28.289440048757058], [76.85568491404709, 28.28922272002427], [76.855509760533, 28.289066754825132], [76.85550551419664, 28.289062608258806], [76.85525861313913, 28.288821544713883], [76.85494042178064, 28.288514972941993], [76.85458870978736, 28.288177720033257], [76.85430780569969, 28.287612645681435], [76.85421053881566, 28.28741698059084], [76.85412814264286, 28.287233391966453], [76.85408651740757, 28.287140645516686], [76.85399082976181, 28.28692744133665], [76.85394779776475, 28.286869377152268], [76.85393130918769, 28.286838928288304], [76.8537877341508, 28.286625261533395], [76.85358286526541, 28.28632037786179], [76.8534207238482, 28.28609416797552], [76.85330077809652, 28.28592682683784], [76.85326686130466, 28.285892938214204], [76.85311646805472, 28.285793870883822], [76.85306004666836, 28.28574866463507], [76.85291427165731, 28.285631864927073], [76.8526633227911, 28.28549121402196], [76.85260838631991, 28.285460423819426], [76.85259333774228, 28.285451989598023], [76.85255966259722, 28.2854299334177], [76.85251985195879, 28.28542079594633], [76.85246301195751, 28.28537520271329], [76.85236899607648, 28.285266168390237], [76.85232501815345, 28.28521516505825], [76.85229506293196, 28.285173911472896], [76.85192603591156, 28.284665695258994], [76.8515270581613, 28.284116224206397], [76.85126053160974, 28.283780124978744], [76.85105569057214, 28.28356576306501], [76.85106657635677, 28.283541827706127], [76.850763180251, 28.283017744282994], [76.85071594413843, 28.282932254630207], [76.85059819746257, 28.282719151982675], [76.85043234151165, 28.28246920057014], [76.8498800950042, 28.281917627357114], [76.84960560309105, 28.281590429576745], [76.84972229424646, 28.281501495190714], [76.84986206042657, 28.2813949749231], [76.84988992167511, 28.28137374142156], [76.85033596845133, 28.280990282213775], [76.85051282606952, 28.280838240621495], [76.85096501732231, 28.28044950923383], [76.85132608796425, 28.280139109777238], [76.85175866899438, 28.279767230152128], [76.85201876091352, 28.279513886700624], [76.85225367754686, 28.279229974523876], [76.85257672340109, 28.27869036897805], [76.85268206973278, 28.278589456418047], [76.85320161397061, 28.278154883165204], [76.8539266945421, 28.277620764075923], [76.85417146030417, 28.27743282958631], [76.85421902340352, 28.27738497271972], [76.85479018753254, 28.276967636957473], [76.85526304183347, 28.27655096172791], [76.85548254786808, 28.276357504901995], [76.85586468669838, 28.276098416900975], [76.85594027364132, 28.276016180335496], [76.85617259773676, 28.275875636981233], [76.85628442181995, 28.27584314149594], [76.85647755511445, 28.275787018229163], [76.85656757798401, 28.27576085884804], [76.85673592136995, 28.275732046813125], [76.8567539146251, 28.275757964116654], [76.85678582727556, 28.275739639254613], [76.85681228266067, 28.275724448833195], [76.85682585979788, 28.275716653071083], [76.85683398146637, 28.275711989379136], [76.85689205126127, 28.275678644964664], [76.8569531133444, 28.275665118274794], [76.857033562868, 28.275647298135944], [76.85730952352664, 28.27558616930142], [76.85751244396614, 28.275504210026508], [76.85757962088144, 28.27546482053381], [76.85759144540552, 28.27545559834777], [76.85793345649205, 28.275188843679864], [76.85824322614475, 28.274947236072745], [76.85830957391501, 28.274896990450635], [76.85886812839237, 28.274428050210346], [76.85897907571984, 28.274339203197677], [76.85898764385102, 28.274332341666927], [76.85902992216155, 28.274298483372526], [76.85951529987585, 28.27390978191345], [76.85974838753926, 28.273733565592785], [76.8602138639768, 28.273393631360843], [76.8603043440888, 28.27333345535318], [76.8604621637112, 28.273252494352246], [76.86106662299791, 28.272883840717633], [76.86117220828145, 28.272813517154948], [76.8611825317207, 28.272822285450673], [76.86130129349283, 28.27292316470831], [76.86139985305253, 28.27300224856804], [76.86160159759734, 28.273164126584525], [76.86163552876228, 28.273191353067403], [76.86167127991393, 28.273220039206283], [76.86188139765552, 28.27337698569098], [76.8619066160605, 28.273396621093784], [76.86205927575988, 28.273515480116895], [76.86223881125595, 28.27365526550653], [76.86234340030785, 28.273736696930467], [76.86243036621049, 28.273792811783803], [76.86266674979267, 28.273945340490958], [76.86268176692928, 28.273955007428288], [76.86301700561688, 28.274170817482116], [76.86302984523724, 28.274184709076387], [76.86303859931968, 28.274194178998656], [76.8631355661664, 28.27417769089034], [76.86354090668384, 28.27410876770605], [76.86368380708599, 28.274084468671308], [76.86378323890985, 28.27406439510429], [76.86401795342222, 28.274015560458334], [76.86431360425358, 28.2739540469846], [76.86438226967728, 28.274030536724712], [76.86482456149562, 28.274384888971692], [76.86485501079048, 28.274380173006413], [76.86486288003239, 28.27437895386488], [76.86498962872571, 28.27435932338995], [76.86499590705122, 28.27435835108287], [76.86505795548455, 28.27434874114396], [76.86519297317005, 28.274332389926272], [76.8654052100374, 28.274481642558396], [76.86569422770872, 28.27468488991478], [76.86573307984474, 28.274698667518656], [76.86611023931341, 28.274754102281285], [76.86626638267946, 28.27477705228041], [76.8664126742218, 28.27479855370911], [76.86646777957625, 28.274801401789702], [76.86650306899391, 28.2748032261435], [76.8667783631026, 28.27481745546927], [76.86682074831265, 28.27481964532641], [76.86684119037525, 28.274833635727717], [76.86707952599654, 28.274996764114388], [76.86717003575299, 28.27506435604088], [76.86719243704124, 28.27505791781225], [76.86728649963463, 28.274947270882567], [76.86731262174479, 28.2749165432955], [76.86740647413241, 28.274806144634866], [76.86743208420286, 28.274776019059818], [76.86762405597568, 28.274550199996916], [76.86763868773504, 28.274532988054734], [76.8680026473589, 28.274096107904906], [76.86810824162562, 28.27396935712056], [76.8682663370308, 28.273795626663357], [76.8684147369191, 28.273632551026104], [76.86841877933789, 28.273628108762747], [76.8686010528989, 28.27340481022419], [76.86893423713948, 28.27298189789564], [76.8690442879483, 28.272842210515915], [76.86912954615362, 28.27273892371587], [76.86937065217926, 28.272446831176033], [76.86946974354161, 28.272280307215063], [76.86980048346629, 28.271796599609985], [76.86980718399998, 28.271786800353773], [76.86985281122988, 28.27172007108156], [76.87010067078982, 28.27139950353083], [76.87013751788612, 28.271351847281494], [76.87021643757879, 28.271274833452672], [76.87032388147666, 28.27116998417341], [76.87033841531964, 28.27115580103895], [76.87078329698095, 28.270593130907482], [76.87081637923792, 28.270545536008324], [76.87093442235785, 28.270375711494143], [76.87117289003147, 28.27003263351891], [76.87120036051289, 28.269997552292786], [76.87140499314133, 28.269680477328478], [76.87153885110182, 28.269473065183586], [76.87157565058745, 28.269391560877377], [76.87176355928027, 28.269097131520798], [76.87180776807031, 28.269027861679035], [76.87184302784355, 28.268965294642566], [76.87187746565829, 28.268914570701586], [76.87207051001957, 28.268650529223056], [76.872216166453, 28.26845130221079], [76.87228785201269, 28.268353251939395], [76.87233080765292, 28.268306130748687], [76.87258924038376, 28.267950887188817], [76.87262441032543, 28.267902541857406], [76.87267542924369, 28.267832411220656], [76.87270507185144, 28.267791663590536], [76.87281715105617, 28.267649006411936], [76.8730961785632, 28.267393387163928], [76.87311107532557, 28.267381058863997], [76.87330206703642, 28.267223001419147], [76.87341935107993, 28.26712396182052], [76.87350809115527, 28.267049025768163], [76.87361710620657, 28.26695696827515], [76.87367875488957, 28.266904908637038], [76.87375436159547, 28.266856899087855], [76.87375540453951, 28.266855997128424], [76.87387517511972, 28.26675235560875], [76.87399270709822, 28.26665065162246], [76.87408613727767, 28.266570974399244], [76.87423299835189, 28.266445730592796], [76.87434839862821, 28.266347316899175], [76.87441120973119, 28.266293751315914], [76.87450972796842, 28.26622150633264], [76.87462489378447, 28.266080598764855], [76.8746776635192, 28.26601306443451], [76.87470467585982, 28.265978493790715], [76.87470521125572, 28.26597780861236], [76.87480625645384, 28.265848491011365], [76.87491204565495, 28.265713102368498], [76.87493773028552, 28.265680231127604], [76.87494974615076, 28.265664853339565], [76.87500838188431, 28.265589809448837], [76.87502613439095, 28.26556709008406], [76.87503809456068, 28.265551782696658], [76.87505747122134, 28.265518398706853], [76.87506005028453, 28.265475723613218], [76.87506741197828, 28.265353936870657], [76.87507150200776, 28.26528627706954], [76.87507596753304, 28.265212401521577], [76.87509481867926, 28.26490897646263], [76.87509563345122, 28.264897086995166], [76.87510865812455, 28.264707079247255], [76.87511275444224, 28.264647314509265], [76.87512797549643, 28.264425270997254], [76.87516576941705, 28.26424071544072], [76.87512580965826, 28.264081610519113], [76.87511860337304, 28.26405291954613], [76.87510938486159, 28.264016214363444], [76.87510576105774, 28.26399690558558], [76.87508835709743, 28.263904165802764], [76.87509560560345, 28.263903266983174], [76.87512971822807, 28.263883097343403], [76.87518874922033, 28.263848194489594], [76.87525837584136, 28.26380702678316], [76.87564564674689, 28.263578046505128], [76.87631045215943, 28.263175100375083], [76.87701236158645, 28.262749738959315], [76.8771671116655, 28.26266404393772], [76.87831699206009, 28.262209884571178], [76.87863594608825, 28.26208223109765], [76.87878181093082, 28.262023851910982], [76.87887191015716, 28.26198779167201], [76.87898847375179, 28.26194114003023], [76.87958202749097, 28.26171719192642], [76.8796607055368, 28.261687506530954], [76.88018861398827, 28.26151245367947], [76.8803344428982, 28.2614640975148], [76.88054483552428, 28.261400353429977], [76.88054763647132, 28.261398919715774], [76.88100440643711, 28.26116511485315], [76.8812377995277, 28.26103913280047], [76.88159292422075, 28.260847441542857], [76.88167168760657, 28.260812475187137], [76.88190925965985, 28.26067650254246], [76.88197470552159, 28.260639045311432], [76.88225638485531, 28.26047782794126], [76.88233643013702, 28.260409048604306], [76.88234703295232, 28.260401275458776], [76.88241190568888, 28.260353711613202], [76.88245553147236, 28.260316123713984], [76.88248594842787, 28.260293775108313], [76.88257582936363, 28.260227734931398], [76.88262690218077, 28.260188258293116], [76.88300947220242, 28.259892550177288], [76.8831031170792, 28.25980203734226], [76.88315950253296, 28.259747537173514], [76.88321649704446, 28.259712483419978], [76.88338958892498, 28.25960602365497], [76.88342956575174, 28.25958143567287], [76.88352263570677, 28.259524193720765], [76.8836578537166, 28.259441028097847], [76.8839168964035, 28.25928046011334], [76.88396328989633, 28.259231142359614], [76.8840612763309, 28.259126979903545], [76.88407539335562, 28.259111973848626], [76.8843160690882, 28.258907200529826], [76.8843959904024, 28.258830808334718], [76.88463863703875, 28.25859887706653], [76.88467324553339, 28.25856829747683], [76.8847104106333, 28.258535459638694], [76.88471288100034, 28.258533276568144], [76.88497088074321, 28.258305315175118], [76.88499568502483, 28.258283757403998], [76.88499744572277, 28.258282227114616], [76.88511134401598, 28.25818323855136], [76.88534691731776, 28.257978503011305], [76.8855526997898, 28.257799657890633], [76.88562725367017, 28.257734863194557], [76.8856408730282, 28.257726134802848], [76.88568081302404, 28.2577005399038], [76.88571759903492, 28.257676966669514], [76.8857082772172, 28.257667393206653], [76.88564801193975, 28.257605501567436], [76.88567841721718, 28.257572758384068], [76.88571198905598, 28.25753842158968], [76.88576782024919, 28.257464001030367], [76.88588993273736, 28.257292396690193], [76.88601102563767, 28.25718964553757], [76.88627374692565, 28.25696671767878], [76.88641526841381, 28.256893292133544], [76.88668519059712, 28.256661289391968], [76.88693689943804, 28.256532286489506], [76.88760415545467, 28.256180073026243], [76.88814920825331, 28.255886275004247], [76.88827104226371, 28.25582060162185], [76.8888160923674, 28.255526799444116], [76.88893792637782, 28.25546112663151], [76.88960782613634, 28.255162104976232], [76.88968389906786, 28.255121097709736], [76.8897831242792, 28.25506761035999], [76.89007839691985, 28.25490844268581], [76.89027470036896, 28.254802624600334], [76.89048845269421, 28.254707078842117], [76.89094141919307, 28.254440117139875], [76.89157275068317, 28.25405477426521], [76.89160616980836, 28.254038311527058], [76.89169466194869, 28.253959098856782], [76.89226879770466, 28.253594183003695], [76.89268594837314, 28.25332974827819], [76.89293837406967, 28.25328910034533], [76.893172592712, 28.253244974661964], [76.89361958631252, 28.253216769000293], [76.89420251298186, 28.253167859122932], [76.89430155314027, 28.253159548951952], [76.89453732137648, 28.253122456240177], [76.89471704372211, 28.253156556277368], [76.89498881194332, 28.25320812174195], [76.89567606984807, 28.25325669134465], [76.89575941284521, 28.253277830746917], [76.89636030402357, 28.253244802159962], [76.89654402027897, 28.25322938380437], [76.89672512064024, 28.253214185426206], [76.89704226905467, 28.253187568674658], [76.89760689344841, 28.253180398759895], [76.89772839238721, 28.253213456644634], [76.89781978069601, 28.253313046457592], [76.89815527809841, 28.253703901766393], [76.89821649738673, 28.253746913915062], [76.89845510519756, 28.25405195332516], [76.89876964041282, 28.254463218693054], [76.89917517047479, 28.254753940174698], [76.89952026457938, 28.25501262904603], [76.89978850152322, 28.25527486854745], [76.90024805357146, 28.255801874528633], [76.90066625886206, 28.256330514252248], [76.90087179160246, 28.256560024425344], [76.90099281533246, 28.25669516753351], [76.90113778006312, 28.256857043419913], [76.90134795080532, 28.257115262715473], [76.90137716491668, 28.25713127000131], [76.90205637391645, 28.257585777007247], [76.90219340562486, 28.257676931854043], [76.90229068149202, 28.257741640338004], [76.90235090185374, 28.257781699458388], [76.90238372719251, 28.257797022995717], [76.9024781464171, 28.257841099319432], [76.90251462161088, 28.257858126429493], [76.90275148758838, 28.257790503806476], [76.9029537621392, 28.2577558980538], [76.90333840816749, 28.25840552611438], [76.90339419264829, 28.25848527907272], [76.90366277634185, 28.25889243735823], [76.90367932151275, 28.25891905426793], [76.90369033845138, 28.258936778298196], [76.90377564336906, 28.259126213973637], [76.90380235297742, 28.259188877780606], [76.90392334077484, 28.259472734964632], [76.904083792461, 28.259784823808936], [76.90419804019882, 28.260007040776312], [76.90423275738961, 28.260068615315234], [76.9043009224517, 28.260189513994156], [76.90449871620588, 28.260540318463402], [76.90477134321651, 28.261070582040315], [76.90480567503005, 28.261113557193596], [76.90506495038062, 28.261426536117835], [76.90521080893497, 28.261602488740667], [76.90522748885317, 28.261628282093074], [76.90555819643848, 28.262133914885013], [76.90571971622153, 28.262354678220174], [76.90581659323671, 28.262431314751943], [76.90598435361602, 28.262677664060146], [76.90619381199419, 28.262985243053848], [76.90623730842023, 28.26304911515975], [76.9063780879, 28.26319181251882], [76.90645098888024, 28.263279788991788], [76.90647118390616, 28.26330580347956], [76.90652164766554, 28.263370810000488], [76.90658568137565, 28.263453296857058], [76.90670267256833, 28.263604000787605], [76.90678131468157, 28.263721024828786], [76.90681335758777, 28.263761556431206], [76.90682689969067, 28.263778685453477], [76.90705571766154, 28.26406811796142], [76.90717545141081, 28.264068871196358], [76.9074000634695, 28.264054996481036], [76.90758588178265, 28.264043517558054], [76.90783736784138, 28.26402798287351], [76.9078582339088, 28.264026693986764], [76.90793508478134, 28.264026891790117], [76.90802928571532, 28.264027134692693], [76.90818019190324, 28.264023490363265], [76.90822515168492, 28.2640224048183], [76.90854253096636, 28.264014740332552], [76.90905653709049, 28.264017109226], [76.90922758710035, 28.264017897274734], [76.90975065363243, 28.26399718013676], [76.90979407998988, 28.26399546003813], [76.90979268131296, 28.26398548520614], [76.9103076270749, 28.263961140345828], [76.91034199392271, 28.26395951598351], [76.91037628621035, 28.263957894786017], [76.9106858726067, 28.26397114920225], [76.91081819893965, 28.263974512652553], [76.91097114699822, 28.263978399095087], [76.91106376510068, 28.263938620811015], [76.91153633643228, 28.263773419915257], [76.91174894789711, 28.263690998977374], [76.9124204574366, 28.263404628250612], [76.91246358465507, 28.26338623638389], [76.91271347081431, 28.26386815446408], [76.91276457776743, 28.263964080496947], [76.91277187927408, 28.263977783530688], [76.91280108350395, 28.26403259881294], [76.91285949196373, 28.264142227710376], [76.9128886961936, 28.264197042116795], [76.9131968201327, 28.264775367635213], [76.91325966806662, 28.264893327970473], [76.91330329834165, 28.264977348589106], [76.913555085336, 28.26549634947544], [76.91368848335904, 28.26583683109673], [76.91380124708006, 28.2660392879227], [76.91410672098904, 28.266581865983657], [76.9141530039891, 28.266670584171447], [76.91438984930532, 28.267124579740297], [76.9145188806178, 28.267479079964886], [76.91452255742226, 28.267668204553136], [76.91459635761612, 28.268166817006076], [76.91460455114984, 28.26821213673604], [76.91463455757524, 28.26837524994405], [76.91472264816865, 28.26875585015051], [76.91479838872353, 28.269171117513597], [76.91481527076265, 28.269263678654223], [76.91482183654907, 28.269299677884263], [76.9148217449209, 28.26939335446806], [76.91482156256288, 28.26958095502549], [76.91477833473313, 28.26984437154726], [76.914730510224, 28.27014839729003], [76.91470474654166, 28.27038924755848], [76.91470282863853, 28.270430571746335], [76.91469093404585, 28.27068691395236], [76.91466775661321, 28.27080273002049], [76.91464147370463, 28.270934061445963], [76.91457474325207, 28.27113636617792], [76.91464696780092, 28.27147845798054], [76.91478999845877, 28.27202201943916], [76.91479296649244, 28.272038950136185], [76.91479820816214, 28.272068851006466], [76.91494581393974, 28.27240329175547], [76.91494864992107, 28.27240971827729], [76.91499492214137, 28.272565204701554], [76.91504136054999, 28.272641946233293], [76.91518507213081, 28.27287943877157], [76.91524798743839, 28.27310809684379], [76.91535138622254, 28.273396727898223], [76.91544260025815, 28.273651343815576], [76.91545966016372, 28.273684343926845], [76.91555512323063, 28.273868999424057], [76.91572317735904, 28.27419406823935], [76.91579037673222, 28.274311147105305], [76.91590502062708, 28.274510887682716], [76.91598656519697, 28.274736896701143], [76.91617276080257, 28.27528019311904], [76.9162067108321, 28.27541798571265], [76.91625545970761, 28.27582411887553], [76.91626593945372, 28.275869391045163], [76.91635275264278, 28.276244408423963], [76.91636947388349, 28.27631663869965], [76.9163813127806, 28.27636778236651], [76.91651940180608, 28.276892501347003], [76.91652436050644, 28.2769113402373], [76.91678776002246, 28.277454166718396], [76.91680457828122, 28.27748057567552], [76.9168073918047, 28.277484994044833], [76.91690549052866, 28.27763903402757], [76.91709890499585, 28.27794274560554], [76.91707351231774, 28.27799685515324], [76.91698598227309, 28.2781034990682], [76.91676201071317, 28.27837637593337], [76.91671179938037, 28.2784436745881], [76.91667885815892, 28.278525554863926], [76.91667154587249, 28.27854373130986], [76.91654108623872, 28.278737394598647], [76.91653429767013, 28.278744485265847], [76.91620252198793, 28.27909101365799], [76.91620110714133, 28.279092583994718], [76.91618310580137, 28.279112568801885], [76.91596103238167, 28.279359111333566], [76.915872624683, 28.27945725906479], [76.91582194083632, 28.279513525959732], [76.91570942235542, 28.279638441129094], [76.91560530491907, 28.279771585929947], [76.9155384927198, 28.279857025116627], [76.91552405140331, 28.279875493249705], [76.9153529474945, 28.28009429904818], [76.91530158272487, 28.28011588325948], [76.91528606612496, 28.28014797556555], [76.91526789769833, 28.280185554095514], [76.91522706747205, 28.280242807889856], [76.91518913521084, 28.280295997810402], [76.91507556120949, 28.28045525572259], [76.91504440224553, 28.280498947696845], [76.91493841900831, 28.280647560398172], [76.91487851305696, 28.280731561472603], [76.91487794891496, 28.28073235256202], [76.91487114866827, 28.280739901928253], [76.91480567765375, 28.280812584031313], [76.91470875841773, 28.28092017759685], [76.91468351396159, 28.28094820267808], [76.91456646617502, 28.281078141148598], [76.91455715064552, 28.281088483026704], [76.91445905641314, 28.28119738002319], [76.91441327377471, 28.28124820570322], [76.91438483580772, 28.281279775551734], [76.9143557474605, 28.281313715481943], [76.9143121531181, 28.28136458066067], [76.91429769473362, 28.281381449750317], [76.91429374933287, 28.281386053071582], [76.91422644485684, 28.28146458321781], [76.91420910467693, 28.281484815980182], [76.91416840919791, 28.28153229840423], [76.91411975554382, 28.281589066540622], [76.91405600300642, 28.28166345205588], [76.91404385059724, 28.281677630626934], [76.91399770593775, 28.281731470891344], [76.91397318103216, 28.2817505573254], [76.91388841240868, 28.281816524831218], [76.91388806476067, 28.281816932238137], [76.91387452355609, 28.28182730173236], [76.91386629768304, 28.281836761482133], [76.91357607537091, 28.28217051575764], [76.9134675409183, 28.282295328925777], [76.91340633061314, 28.282374571162045], [76.91316501707668, 28.282638124545922], [76.91290505990483, 28.282922038711774], [76.91281207798473, 28.283020068453848], [76.91237794286916, 28.28346966166074], [76.91195281875422, 28.28394105078414], [76.91190927920903, 28.283971560597823], [76.9118848046091, 28.28401707769856], [76.91165428972066, 28.28428033432389], [76.91152744221264, 28.284425198442708], [76.91145543415782, 28.284507434843547], [76.91138745145375, 28.28458507274445], [76.91136074364199, 28.284615574463007], [76.91135720338148, 28.284617891479435], [76.91134501863297, 28.284625866160752], [76.91093968530205, 28.285128015950438], [76.91068494015546, 28.28544668162305], [76.91052704866784, 28.28567525813259], [76.91052146024848, 28.285694568518682], [76.91051914439166, 28.28571000037116], [76.91051041456373, 28.28576815932297], [76.91046750114428, 28.286054069663578], [76.91048301055768, 28.286219848280172], [76.9105016784476, 28.28641605902024], [76.91053475711132, 28.28676374980651], [76.91054321564802, 28.286884637969006], [76.91061956885392, 28.286915299610616], [76.9106292832354, 28.286934695995512], [76.91070323793947, 28.28708236312096], [76.91101941347844, 28.287713679420943], [76.91104317661267, 28.287770121518697], [76.91113146124218, 28.287979821305697], [76.91124679324656, 28.28825376448938], [76.91144254063855, 28.28861087124373], [76.91154241263688, 28.28879306844492], [76.91187215273662, 28.289331979692832], [76.91191800903697, 28.289450196812975], [76.91226857567827, 28.28971938058495], [76.91275739483842, 28.290076559151935], [76.91295563775027, 28.2901637492972], [76.91355522098159, 28.29039807270591], [76.91364108375309, 28.2904515375737], [76.913701193622, 28.290485826582938], [76.9141795051883, 28.29071067845692], [76.91464242681715, 28.290928292872003], [76.91467078842729, 28.290962160908506], [76.91469209377087, 28.290987602270487], [76.91540892062153, 28.291462184637282], [76.91546897748985, 28.291501795232513], [76.91570097010693, 28.291654802448193], [76.91631872266318, 28.291994426850874], [76.91638743210433, 28.292038861590267], [76.9165577643603, 28.292162162654552], [76.91691283964602, 28.292419193724438], [76.91692030464604, 28.29242214891014], [76.91707452561737, 28.292483207964047], [76.91715467510366, 28.29252629858734], [76.91728941431144, 28.29259873692639], [76.91776084029108, 28.292852185296915], [76.91803729142987, 28.29300080685914], [76.91806532066337, 28.293010741006103], [76.91811944505757, 28.293029924292945], [76.91838933310488, 28.29312557964618], [76.91845672920905, 28.293149086503014], [76.91855777979706, 28.293181186745787], [76.91860909695598, 28.293197488400534], [76.91867848821843, 28.293219531897684], [76.91908176979722, 28.293347643221257], [76.9194235059993, 28.293586794967265], [76.91981918603419, 28.29389880760198], [76.91988770862575, 28.29392629692988], [76.92050756323978, 28.29446371807272], [76.92056531503107, 28.294473239978753], [76.92059302087105, 28.29447780793056], [76.92059407100163, 28.294479392278124], [76.9206359109343, 28.294542507508645], [76.92067730170933, 28.294524035591675], [76.92116743959635, 28.29430529820505], [76.92171297568859, 28.294088733218974], [76.92184876592528, 28.294088209583453], [76.92232687626893, 28.294038620023137], [76.92244550958198, 28.294024784015193], [76.92253277013207, 28.29410296471365], [76.92318050396094, 28.294602875606078], [76.92322273376246, 28.29463259849704], [76.92386114038372, 28.29513861486807], [76.92391294532784, 28.29518330457304], [76.92417881161764, 28.29540669191112], [76.92451921292319, 28.295674557878694], [76.92480990325758, 28.29594317301772], [76.92501384957313, 28.295856401287526], [76.92568741535635, 28.29556982279355], [76.9260594382582, 28.295416189212407], [76.92612669153027, 28.295369708033956], [76.92661718245519, 28.29515624032732], [76.92664530241852, 28.295144002249025], [76.92664783836256, 28.29514289882863], [76.92667495580605, 28.295118516003477], [76.92668167700099, 28.29511247210568], [76.92732705993879, 28.294745123337183], [76.92747472859845, 28.29465973090071], [76.92766684410175, 28.294561289489167], [76.9280019902629, 28.29435445338858], [76.9283485477231, 28.294140574703945], [76.92835293778988, 28.2941378655638], [76.92859327216267, 28.294014402262093], [76.92860071739975, 28.294010577821748], [76.92920455415396, 28.29363596472047], [76.92936451895322, 28.293536723457816], [76.92948329958999, 28.2934603355288], [76.93004371896986, 28.293138935635717], [76.93010377673652, 28.293105100722652], [76.93072308876812, 28.292756199059955], [76.93103905679625, 28.292641091081016], [76.93108626416276, 28.29261667366971], [76.93140333262711, 28.29244873371265], [76.93208286771537, 28.29208104669257], [76.93236582355514, 28.29196667757413], [76.93276292652143, 28.29175852019506], [76.93333743507824, 28.291460457863053], [76.93344263049293, 28.291405881341756], [76.9335872897964, 28.291350140424953], [76.93412338279839, 28.29114356861052], [76.93437375943778, 28.291030171430698], [76.93480237350761, 28.290730703007398], [76.93484024378503, 28.29070023705444], [76.9352111096568, 28.290433636852338], [76.93539589221245, 28.290318633149326], [76.93548065544601, 28.290257615568823], [76.93588616394844, 28.289912134440943], [76.93623841223595, 28.290630827014308], [76.93626867737619, 28.29068689183313], [76.93651729331759, 28.291147458016834], [76.93655735458599, 28.291226229341245], [76.93683171624346, 28.291765700170046], [76.9368665547068, 28.291821107064273], [76.93688139846853, 28.291844714667047], [76.93693038629594, 28.292141190749735], [76.93695771035193, 28.292306557266873], [76.93701251297415, 28.292607175327603], [76.9370745748822, 28.29272120362773], [76.93708370625706, 28.29284741398851], [76.93727807922664, 28.29338763200165], [76.93747245399287, 28.293927848854985], [76.93757824588894, 28.294202768632786], [76.93768028642039, 28.29446793878145], [76.93770304344147, 28.294527075354537], [76.93811762043667, 28.295005880820412], [76.93823071294106, 28.29517415053724], [76.9382949083479, 28.29554625635692], [76.9383312128618, 28.2957265939628], [76.93835163246652, 28.296072403457174], [76.93835253886662, 28.296087751543794], [76.93846145330662, 28.296628766228924], [76.93847867760388, 28.296983471980916], [76.9383539411368, 28.297073873335457], [76.93835663967592, 28.297078274281386], [76.93834686151405, 28.297085347907792], [76.93839942463626, 28.297171383036442], [76.93840577482699, 28.29771335876996], [76.93847847727957, 28.298004023924694], [76.93847932259425, 28.298007402910457], [76.93830847829855, 28.29816414438731], [76.9382157110758, 28.29824925322148], [76.93820698933271, 28.298257254565208], [76.93831336603203, 28.298581479327968], [76.9383842853288, 28.298797629411958], [76.93850959581933, 28.299266568316426], [76.93852902637892, 28.29933830840378], [76.93855083837234, 28.299880139431284], [76.93855722000411, 28.299940097954416], [76.93860847338264, 28.300421633921854], [76.93860935642658, 28.30049690874388], [76.93861482537002, 28.300963609711594], [76.93860527538024, 28.30144553176939], [76.93860408241753, 28.301505744882487], [76.93861043440491, 28.302047720686804], [76.93858155356853, 28.302347767073176], [76.93841164352075, 28.302591618055853], [76.93836119323606, 28.30266335115591], [76.93830502427632, 28.302743215716823], [76.93831542317405, 28.30313455404597], [76.93833169885036, 28.303510668887284], [76.93833887010125, 28.303676368906114], [76.93834098653208, 28.30385702650148], [76.93834522119035, 28.304218343935535], [76.93835157317771, 28.304760319367688], [76.93836557342141, 28.30495604748437], [76.93837202152851, 28.305046200838515], [76.93840921178128, 28.30530181354023], [76.93850104385783, 28.305842987804603], [76.9385458230781, 28.30617942547243], [76.93854640249147, 28.30626975890592], [76.93856607829112, 28.306384413194557], [76.93858665689767, 28.30650432603997], [76.93859010553003, 28.306737367809006], [76.93858213388022, 28.306926296920608], [76.93859216446867, 28.307029923857996], [76.93854392673454, 28.307585375967033], [76.9385150494914, 28.307976005249653], [76.93850142564183, 28.30865341043716], [76.93854052481456, 28.309094824455062], [76.93857283631702, 28.309459609489917], [76.93860784096869, 28.309636227758126], [76.93871507106752, 28.310177256596294], [76.93875902743102, 28.31039904020849], [76.93928972515141, 28.31187710232689], [76.93891539986747, 28.313012168045418], [76.93903275038629, 28.313426482232053], [76.93917730997674, 28.313936849805152], [76.93918587271804, 28.313967080551905], [76.93923558368922, 28.314142584948442], [76.93934875614369, 28.31450758675901], [76.93951633416498, 28.315048048304757], [76.93954188314997, 28.315130446889], [76.93968110045944, 28.31558853636447], [76.93984536459566, 28.316129028003708], [76.93988867866373, 28.316271552213788], [76.9400096287319, 28.31666952084989], [76.94001447514285, 28.31668659707499], [76.94016303223634, 28.317210113755188], [76.9403164375374, 28.31775070786624], [76.94035822806275, 28.317887552654437], [76.9403694453257, 28.31792428355191], [76.94040586572225, 28.318043541247715], [76.94046635737517, 28.31807653866858], [76.94306603599334, 28.31949462174076], [76.94359455440085, 28.319516944477915], [76.94426926823098, 28.31954543862106], [76.9449439829594, 28.319573929593385], [76.94561869678951, 28.319602416604063], [76.94629341151797, 28.319630900443915], [76.94696812534806, 28.319659381112935], [76.9476428400765, 28.319687858611122], [76.94804896572153, 28.31970499761546], [76.94831755480496, 28.31971633293847], [76.94899226953339, 28.31974480330422], [76.9496669851601, 28.319773270499113], [76.95034169988857, 28.31980173531401], [76.9510164155153, 28.319830195376507], [76.95169113114206, 28.31985865226817], [76.95236584676881, 28.319887105989025], [76.95304056239554, 28.319915557329896], [76.95371527892063, 28.31994400391833], [76.95438999454736, 28.31997244812678], [76.95450031125752, 28.31997709801751], [76.95506471107244, 28.32000088837365], [76.9557394275975, 28.320029325449706], [76.95641414412256, 28.32005775935494], [76.95708886064762, 28.320086189298603], [76.95721684901604, 28.320091581742645], [76.95748259223666, 28.320267254750718], [76.95759616264476, 28.3203423312738], [76.95884417589932, 28.320608015131878], [76.95945956229315, 28.321323113423244], [76.95921650692334, 28.322197263965904], [76.95934207253542, 28.32330205786562], [76.95964626454852, 28.323422031504247], [76.96006565022545, 28.32358743638526], [76.96034525714583, 28.323697712489125], [76.96132939387893, 28.324357170755135], [76.9623904407734, 28.3241068877567], [76.96283233912966, 28.325015991531192], [76.96323901634024, 28.325807658992424], [76.96342114796745, 28.326446936102215], [76.96349287664626, 28.326450337116178], [76.96365058757247, 28.32646770197542], [76.96404600440098, 28.32652911235028], [76.96430786779788, 28.326569780562952], [76.96468163882132, 28.32663632520696], [76.96482047883835, 28.326661043201774], [76.96541860051073, 28.326756262661775], [76.96554987850972, 28.326799025476316], [76.96580680476579, 28.326909823303865], [76.9658266817881, 28.326917593175295], [76.96634062862339, 28.327118485194553], [76.96649442828488, 28.327192530493413], [76.96653159158818, 28.327216979505963], [76.96655497653164, 28.327232364217597], [76.9666244612189, 28.327278075522813], [76.96672615769558, 28.327318623255948], [76.96685833131491, 28.327366984303087], [76.96688115930289, 28.327375336918454], [76.96701740857868, 28.327409046274084], [76.96719009891227, 28.327472383934026], [76.96740702678203, 28.32752931338693], [76.96754785477079, 28.32757560575922], [76.96758957702414, 28.32758932037375], [76.96774606624162, 28.32765863355304], [76.96784889369724, 28.32771788293778], [76.96831136527011, 28.327623670161593], [76.96869379605288, 28.327550428556346], [76.9688946997746, 28.327511951073365], [76.96891486515608, 28.327369214197606], [76.96891540773852, 28.32734495657987], [76.96892175074272, 28.327061145124958], [76.96892112551531, 28.32689123127863], [76.96893340099365, 28.32681061861715], [76.96895942608576, 28.326682110308077], [76.96898524456533, 28.326643719493045], [76.96916192701207, 28.32658947732012], [76.96941207727596, 28.326513631856216], [76.96968170121859, 28.326455960927014], [76.96993552649032, 28.326374882974324], [76.97006756715898, 28.326499631642413], [76.97034126945302, 28.32677309213518], [76.97047979326311, 28.326922944944766], [76.97055433456704, 28.32702122198238], [76.97110913049325, 28.327787548703117], [76.9711465013074, 28.327843317182037], [76.97115989967988, 28.32790278391702], [76.97119846704996, 28.3280730306282], [76.97120512626114, 28.328102424709297], [76.97125030163848, 28.328314192640796], [76.97127171028833, 28.328419809575312], [76.9712854203762, 28.328534752322817], [76.97129261677995, 28.328821932314593], [76.97129311354827, 28.32884175912515], [76.97131500639009, 28.329153713425733], [76.97134379020841, 28.329407620306164], [76.97139072448705, 28.329655237938432], [76.97145987769595, 28.330146846011576], [76.97152418988378, 28.330578757297932], [76.97166330568362, 28.3306711092669], [76.97190204375016, 28.330796459372575], [76.97211236810426, 28.330910438829314], [76.97226229423022, 28.33099885669937], [76.9722732707447, 28.33100513023782], [76.97244084157946, 28.331100895352865], [76.97246674180573, 28.33111569753615], [76.97251128656573, 28.33109161631227], [76.9725860102277, 28.331081774281667], [76.97273424302934, 28.331078727656287], [76.97291800959042, 28.33110069925556], [76.97304212352498, 28.331085096075814], [76.97316345807211, 28.331073900340247], [76.97341680903337, 28.331074021319655], [76.97351067399741, 28.33107363940425], [76.97359620978214, 28.33107329069883], [76.97378193467048, 28.331082629044708], [76.97393697400707, 28.33107339191039], [76.97405371726477, 28.331055274251945], [76.97431576840954, 28.331012249841603], [76.97436609921829, 28.330999101030546], [76.97441027746564, 28.331010379008397], [76.97444598190495, 28.331027291624036], [76.9747722015071, 28.33124323897643], [76.97523718836278, 28.331547619908456], [76.97524646795966, 28.33155369415517], [76.97526138807822, 28.331563461024444], [76.97529780038992, 28.331587295439494], [76.97543260337811, 28.33183146366249], [76.97552305294745, 28.331970279747615], [76.97554582883316, 28.332005233802047], [76.9755790790751, 28.332083721845596], [76.97561387621593, 28.332172203577453], [76.97564202133208, 28.332262183624113], [76.9756838280271, 28.332499726564528], [76.97572090688877, 28.332705661415584], [76.97579711905915, 28.33296844254604], [76.97580027484075, 28.332979324964413], [76.97582779472947, 28.333095273295374], [76.97583042679327, 28.333102652899463], [76.97589659310384, 28.333220236261795], [76.97593658969355, 28.33331354900603], [76.97597693123632, 28.333415996599786], [76.97600916278871, 28.33349784880841], [76.97609156345311, 28.333637164018036], [76.97620225116746, 28.33377032190234], [76.97624650128006, 28.333818919594158], [76.9763453878265, 28.333907690856623], [76.97639422114368, 28.333945569840882], [76.97659965956093, 28.33408630612909], [76.97670854255992, 28.334139964107596], [76.97671067516039, 28.334140962752073], [76.97686283898973, 28.33421220094642], [76.97724387468884, 28.334381344025207], [76.97728808617389, 28.334399673812285], [76.97741957976852, 28.334454191903305], [76.97752794174463, 28.33451653779325], [76.9776675363465, 28.334577701566435], [76.97770532218232, 28.334605170102332], [76.97770565186403, 28.33441412446956], [76.9777020370433, 28.33439367168106], [76.97767031932725, 28.33421420851293], [76.97763318836333, 28.334005553437535], [76.97760519057086, 28.333894536078212], [76.9775371907988, 28.333710737474178], [76.97749290295697, 28.33358765694216], [76.97747685635106, 28.33351993139581], [76.97745264855077, 28.33341775827437], [76.97742095598754, 28.333156165885956], [76.9773902318082, 28.332949917208868], [76.97738919335573, 28.332945369886076], [76.97734172907106, 28.33273757497592], [76.97733092233821, 28.332672144299412], [76.97730713854273, 28.332387041615743], [76.97729160307823, 28.33217686558584], [76.97728267831586, 28.33204784585154], [76.9772753633345, 28.331842274242767], [76.97731749611796, 28.33174409892046], [76.97736171838277, 28.331609462239317], [76.97738517608978, 28.33154626779152], [76.97740322324384, 28.331497650873985], [76.97741778044303, 28.331458433922574], [76.97748320923672, 28.331260366629156], [76.97753438176692, 28.33108344901626], [76.97759903621285, 28.330921092941427], [76.97765437153602, 28.330805932955396], [76.97777873160902, 28.330473240558142], [76.97787789303996, 28.33020702627003], [76.9779080396026, 28.330128366835154], [76.97802313175679, 28.330248056016483], [76.97813484534721, 28.33036473637176], [76.97826239803273, 28.330480956400155], [76.97848610997949, 28.330690697726357], [76.97865380927335, 28.330831658935356], [76.97873981397866, 28.330895687223297], [76.97890350229478, 28.331002191147583], [76.97922871308889, 28.331151758081393], [76.9793184556841, 28.33119303179382], [76.97946410942257, 28.331247769767057], [76.97961065069654, 28.33132860520709], [76.98006914363104, 28.331544369292807], [76.9804847815366, 28.331704492239755], [76.98050882135193, 28.331713753831227], [76.98059861425277, 28.331748345824785], [76.98127699141263, 28.331938100278727], [76.98135104762632, 28.33194903894293], [76.98157391605507, 28.331981958511605], [76.98181120424074, 28.3320415842353], [76.98211268334167, 28.3321236778776], [76.98247397496915, 28.33223011257042], [76.98258055019613, 28.33226203655276], [76.98248541231933, 28.332325332575948], [76.98263342413546, 28.332374909822008], [76.98287025058706, 28.332407822142414], [76.98288329771826, 28.33241064416944], [76.98289353671585, 28.332412858934745], [76.98308670684129, 28.33245464137136], [76.98322620352683, 28.332479993739565], [76.98323866495643, 28.332475889982007], [76.9833736332346, 28.332367288211486], [76.98353187237022, 28.332254056744137], [76.98368183083555, 28.33214522148827], [76.9838193961432, 28.332047748594466], [76.98391811111148, 28.331987097325495], [76.98404582818867, 28.33190955885204], [76.98414750759737, 28.33184648239842], [76.98426422031233, 28.331787022614353], [76.98430784429917, 28.331767377425834], [76.98435304482932, 28.331738649345677], [76.98441738486491, 28.331709299759385], [76.98444320064957, 28.331698853683154], [76.9844658435846, 28.331677058536005], [76.98447778848293, 28.331636320322897], [76.98499209823761, 28.331188183133726], [76.98516746195749, 28.33103538143423], [76.98562015896177, 28.33064092280568], [76.98574983346796, 28.33052793066823], [76.98558210542801, 28.330408890192604], [76.98529610160448, 28.3298426294918], [76.98521438455802, 28.32968083689014], [76.98514269899837, 28.329538905514628], [76.98493461683921, 28.328836612251862], [76.98470486282383, 28.328061162448382], [76.98464112465948, 28.3279286719104], [76.98472340584792, 28.327757558317106], [76.98504616154636, 28.32708634853831], [76.98514822273903, 28.326159912588192], [76.9858294224055, 28.32601769579363], [76.9863235308461, 28.32589626535322], [76.98773985694383, 28.325548182123214], [76.98826631731104, 28.325499011304487], [76.98916112826723, 28.325415435410434], [76.98923728474209, 28.32540832175779], [76.99019301764422, 28.325609380316006], [76.99084915611087, 28.32650345570553], [76.99191785934651, 28.326503129916862], [76.9926795265029, 28.326643925087563], [76.9929268497686, 28.32664695523437], [76.99514166316959, 28.326674062866893], [76.99608311914692, 28.32580752930869], [76.99653837006154, 28.325407793531866], [76.99731515406748, 28.324725722818226], [76.99880830768161, 28.324243003185238], [76.9994555124028, 28.3233074778236], [76.99966221205473, 28.323010523976983], [76.99978034231121, 28.322395063467994], [76.999782128162, 28.322275970390816], [76.99978351695742, 28.32218332644614], [76.99961465973514, 28.321120893787462], [76.99940088135878, 28.32038866157091], [76.99938757820775, 28.3196778613186], [76.9993759549063, 28.319345259828403], [76.99941597575051, 28.319165237457923], [76.99954422013879, 28.318588368271193], [76.99991581903583, 28.31764580076392], [77.00044747615696, 28.316939365692253], [77.00062762879561, 28.315999891518917], [77.00165856506008, 28.315493048300027], [77.00242989539393, 28.316910284852707], [77.0025819307642, 28.31717241939399], [77.00276367342089, 28.317389467241473], [77.0030154514321, 28.3177149274679], [77.00310178581913, 28.318322066488566], [77.00311847921205, 28.31932749682286], [77.00387502686961, 28.319484347649603], [77.00488962277905, 28.319694694285044], [77.00534465360641, 28.31978903033603], [77.0052826572754, 28.320750564970027], [77.0062543496469, 28.321210827044055], [77.00692769444453, 28.321620007138833], [77.0073526101503, 28.32170935162931], [77.00778446624001, 28.321800154250692], [77.00896032950587, 28.32177613338817], [77.0096889395581, 28.322037669963482], [77.00991101477445, 28.322116556804787], [77.01018717575738, 28.32221465561567], [77.01097380799384, 28.322494084861], [77.01268105708961, 28.32310051257085], [77.01275043218237, 28.32312515468275], [77.01313611845973, 28.32352984689943], [77.013496640231, 28.3239520420209], [77.01447970527398, 28.323937528261126], [77.0149216377662, 28.322469218021524], [77.01539800088665, 28.322454896218684], [77.01590417459978, 28.322439678460803], [77.01653428078784, 28.322420734547624], [77.01687416376548, 28.32243521451095], [77.01721864432074, 28.32244988979485], [77.01744205443357, 28.32263451367612], [77.01782415104304, 28.322950274800284], [77.01793545769664, 28.32300305352377], [77.01877057739885, 28.32339904217522], [77.01884838138392, 28.32343593406764], [77.01896225811754, 28.32348993112906], [77.01910991869238, 28.32389359553944], [77.01921566028277, 28.324182662978142], [77.01945180850636, 28.324828222973068], [77.01946180585715, 28.32486626492729], [77.01957369012747, 28.325291993383967], [77.02001788008602, 28.325833379856196], [77.02079527225142, 28.326412734595035], [77.0225807268792, 28.326383521128456], [77.02247375190191, 28.32742286528811], [77.02259680851941, 28.32750456396436], [77.02329874489591, 28.328217421570123], [77.02348336395816, 28.328278040198104], [77.02401896019178, 28.3286654613744], [77.0240293806491, 28.32869602636699], [77.02423221574867, 28.329290967366276], [77.02437180585898, 28.329700398647457], [77.0244436225727, 28.32968957915136], [77.02499106219503, 28.329607108033816], [77.0252940360926, 28.329561464942007], [77.02573593534717, 28.329494891291027], [77.02604873681395, 28.329447766328144], [77.0263493607187, 28.3294024750417], [77.02692230890187, 28.329316153645596], [77.02719793538724, 28.329264640059616], [77.02798827137758, 28.32907546439087], [77.02834376707484, 28.328990371524647], [77.02896764973461, 28.329002691898605], [77.02932529959195, 28.32900975470394], [77.02936375826589, 28.32901051380526], [77.0294375027642, 28.329011970330875], [77.02949016559941, 28.32890484922316], [77.02987028052536, 28.32813165351821], [77.03031991068126, 28.328176450344973], [77.031302556211, 28.328326488580338], [77.03185278689891, 28.328410501834142], [77.03185358999278, 28.32842322001496], [77.03185677272383, 28.328473672843046], [77.03188033283881, 28.32884704200406], [77.03191249611922, 28.329356733811778], [77.0318827600867, 28.329431919361678], [77.03172616935963, 28.32982785164369], [77.03165567766096, 28.330092864192725], [77.03149516578769, 28.330719490928676], [77.03131206847154, 28.33143428319365], [77.03125590669829, 28.331653530146205], [77.03159827261938, 28.33251765104482], [77.03167328823379, 28.332815527173153], [77.03169289845646, 28.33288379321772], [77.03189444806686, 28.333585425596684], [77.03203158577647, 28.334062095904713], [77.03194221238884, 28.334290072202062], [77.03184681040736, 28.334533427711584], [77.03169264153829, 28.3349266890242], [77.03158464068491, 28.335202176496843], [77.03150485681297, 28.335405688202066], [77.03145160827619, 28.335541754370354], [77.03144004336524, 28.335692602933776], [77.03203864922953, 28.33588326041631], [77.03216091622792, 28.335903482830403], [77.03234028194237, 28.335933149111252], [77.03266144852105, 28.33593521436482], [77.03343446050113, 28.335940185363572], [77.03384848233748, 28.33590414225689], [77.03454318278438, 28.33584763635052], [77.03524573540516, 28.33603094024703], [77.03589981942477, 28.336064355096934], [77.03655898880719, 28.336098030069355], [77.03749096486332, 28.33635695459097], [77.03762962611566, 28.336395477893365], [77.03777790832464, 28.337100184139715], [77.0378312251334, 28.337353569958804], [77.03786372079048, 28.337463916380486], [77.0379884707323, 28.33788753943599], [77.0381184560556, 28.338405937332436], [77.03824402885422, 28.338780834726478], [77.03875470582189, 28.33985609150869], [77.03919531060411, 28.340783787728903], [77.03926095409521, 28.34094943045345], [77.03921989390018, 28.341107628248928], [77.03920458211616, 28.34136098711583], [77.03919065194106, 28.341591471464636], [77.03917658162877, 28.341824286896454], [77.03944274975251, 28.341801498416455], [77.04037100857997, 28.341981970267593], [77.04054021973847, 28.341959560535184], [77.04117812689647, 28.341875077287824], [77.0413884359792, 28.341847224010987], [77.04197201841868, 28.34181666201061], [77.04219413585584, 28.341805029393825], [77.04254409343939, 28.341786701675012], [77.04256496399839, 28.34248265625195], [77.04258485808867, 28.342902519628165], [77.0426078935875, 28.343388687007664], [77.04264920890405, 28.343632719004287], [77.04272704073689, 28.344092444769238], [77.04277206789222, 28.344358398941527], [77.04280566488383, 28.34447654778657], [77.04293755373722, 28.34494035973502], [77.0431347348404, 28.344807264078167], [77.04325206559629, 28.34472806597572], [77.04329112793808, 28.34470169821967], [77.0436378749428, 28.344358310392494], [77.0440357881895, 28.344026741206573], [77.044385930826, 28.343810415829086], [77.04485073083211, 28.343508632435405], [77.04499581414036, 28.343414432078475], [77.0450663498565, 28.34336863442121], [77.04522827837295, 28.343262010858545], [77.04548266329512, 28.343100497225016], [77.04555743905937, 28.342716361559507], [77.04558830696917, 28.342510946580585], [77.04563923515758, 28.342172043254685], [77.04573869842247, 28.34171568282174], [77.04583172705499, 28.341627129183063], [77.04631609416457, 28.341147496288993], [77.0464175867237, 28.3410469948018], [77.04652528214987, 28.34091112148502], [77.0468241705095, 28.340534028872355], [77.04696931669984, 28.340347251530186], [77.04733426986044, 28.340022806217956], [77.04735694064327, 28.339987279999335], [77.04752823140164, 28.33971886307445], [77.04770521478395, 28.339441523744327], [77.047820414736, 28.339272558711784], [77.04785156561512, 28.339226869169757], [77.04807740028092, 28.338895637389825], [77.04844978430553, 28.338379965709407], [77.04850082837662, 28.338349473870984], [77.04913039288051, 28.33797442393796], [77.04932665231222, 28.337868156294668], [77.04981299391885, 28.337867245449047], [77.0503772131724, 28.337867555389582], [77.05049637110157, 28.337876389485018], [77.05107891239366, 28.33791957873688], [77.05118002766035, 28.337927075024222], [77.05126563890357, 28.337928502963738], [77.05182926167575, 28.3379379079136], [77.05186342101274, 28.33793847798239], [77.0525123540925, 28.33789189283448], [77.05254640922493, 28.337889448100007], [77.0532293947422, 28.337840415822985], [77.05326918471937, 28.33784224067738], [77.05354414195986, 28.33785485257101], [77.05359693954236, 28.33777798728223], [77.05381109431285, 28.337451183468303], [77.05391024496402, 28.33747413022437], [77.0545944485968, 28.337606376405635], [77.05468825157709, 28.33762350698605], [77.05517176259225, 28.337711809367722], [77.05527804317181, 28.33764797731877], [77.05595817114815, 28.33717593112118], [77.05607727877167, 28.337089939423752], [77.05657374169658, 28.337095865498284], [77.05664094645964, 28.337096668028703], [77.0569825946268, 28.33709696532076], [77.05709195373285, 28.336819527428073], [77.05715054994053, 28.336670870630286], [77.0572495415899, 28.336429533866326], [77.0571346794044, 28.33627351848779], [77.05709927859569, 28.3362254350679], [77.05702730018521, 28.33612766783147], [77.0568685849425, 28.335894790893192], [77.05707279536279, 28.335848605723765], [77.05731544738902, 28.33579372621675], [77.05749851775573, 28.33575624560353], [77.05776480355877, 28.33570172976194], [77.05799780228897, 28.335654027191563], [77.05849803723976, 28.335540520115842], [77.05868005478095, 28.335499218836773], [77.05876457367276, 28.335476322257836], [77.05936214467783, 28.335320991002277], [77.05947920234587, 28.33529938715282], [77.06012655888235, 28.335062886269], [77.06052562646418, 28.334867420728532], [77.06065658645954, 28.33489202215938], [77.06081655036051, 28.33492207220559], [77.06088895187747, 28.334935672803905], [77.06110140523877, 28.334975582694433], [77.06118646581473, 28.334894226594045], [77.06119882663303, 28.334882404245125], [77.06138533215739, 28.334704020401112], [77.06143943768693, 28.334738829651112], [77.06169231523606, 28.334901518306964], [77.06173097153936, 28.33481169546993], [77.06188539642825, 28.334452870660257], [77.0619648317539, 28.334463862041847], [77.06242262130753, 28.33452720498556], [77.06254356598582, 28.33454393992708], [77.06301416821032, 28.33452836255495], [77.06329621495503, 28.334519026883967], [77.0633366445327, 28.334517688246553], [77.06359833365643, 28.33454904224534], [77.06373655563257, 28.33457002713775], [77.06404224064565, 28.334616436627872], [77.06414051813437, 28.334631357715455], [77.06416718731853, 28.334635701759087], [77.06435890307151, 28.334666928422227], [77.06481087423704, 28.334663345022154], [77.06482409384476, 28.334672910770795], [77.06519451415217, 28.33480966340339], [77.06550808188189, 28.33477488817617], [77.06558295466418, 28.33476242140349], [77.06559695221296, 28.334753063613825], [77.0656647229146, 28.334707754030564], [77.06570869634609, 28.334686055173854], [77.06583815256167, 28.334612695088328], [77.06598601795237, 28.33432194654271], [77.06600955560945, 28.334275663434575], [77.06601946941691, 28.33426651197248], [77.06614212089426, 28.334153298342724], [77.06617369667649, 28.334124151840623], [77.0661868390291, 28.334112021035914], [77.06624399523736, 28.334077236092046], [77.06627127797087, 28.334060631541398], [77.06630760045103, 28.33403852534557], [77.06666903131742, 28.333818559828057], [77.06669717823021, 28.33380143021555], [77.06686731555178, 28.333701685591077], [77.0670946288445, 28.333597070973916], [77.06715251628142, 28.33357043003677], [77.06723101646085, 28.333534302312344], [77.06723622758783, 28.33353154752441], [77.06778017905192, 28.333244048956352], [77.06785429185949, 28.333204876928647], [77.06822961876497, 28.333079756594792], [77.06873240942274, 28.332895486113944], [77.06891051480086, 28.33273254610603], [77.06895464723416, 28.332709502650847], [77.06917127147332, 28.33259639331653], [77.06913962831744, 28.33255022252751], [77.06910575644135, 28.332500798759916], [77.06918968244509, 28.33232763511141], [77.06958923960873, 28.332070088463233], [77.06971314962577, 28.331969521458166], [77.07003905661419, 28.3317050085737], [77.0702689049527, 28.3315455553603], [77.07031613477706, 28.331513114037143], [77.07036505972238, 28.331479507194366], [77.07045779191085, 28.33141581056678], [77.07072778056948, 28.331320129551113], [77.070714367824, 28.331284202693602], [77.07066711823667, 28.331157645742127], [77.07058646928712, 28.330920466694103], [77.07054669907285, 28.330803507035096], [77.07063068885698, 28.330780608653612], [77.07094631642362, 28.33069455643027], [77.07123898933983, 28.33061118230122], [77.07161266693844, 28.330816905736977], [77.0716304913103, 28.330826718535572], [77.07169806078936, 28.330874400342246], [77.07200692314359, 28.331092356421518], [77.07204657927181, 28.331121052257085], [77.07208592997284, 28.331149751247736], [77.07231713656402, 28.331316806973582], [77.07252570830501, 28.33155424528115], [77.07264540522335, 28.331690507733224], [77.0727822689468, 28.331840372586502], [77.0727855082717, 28.33184391891843], [77.07284433265147, 28.331908332462444], [77.07288348302816, 28.331969521458166], [77.07289920354565, 28.33199409193158], [77.07300552365108, 28.332058151938188], [77.07326545117854, 28.33223092225396], [77.07355097979328, 28.33250085252783], [77.07358261306771, 28.332516412010953], [77.07369233688978, 28.33257038548244], [77.07406216071584, 28.33273324350591], [77.07406241853231, 28.332733355785738], [77.07413837288622, 28.33276873182432], [77.07422550677383, 28.332809313834954], [77.07427413886835, 28.332781631345178], [77.07437666987997, 28.33272326878927], [77.07459064319073, 28.33257285168832], [77.07466453141949, 28.332501398904682], [77.07495398207874, 28.332221493077725], [77.07495824907635, 28.332217695313698], [77.07496434773881, 28.332212267112293], [77.07505584474377, 28.33213081954628], [77.07522674293836, 28.331969521458166], [77.07527581790232, 28.331923203324937], [77.0754873289309, 28.331723573663417], [77.0755398543239, 28.331674345607606], [77.07556867946472, 28.331632809566056], [77.07579498574609, 28.331306720633407], [77.07582878036705, 28.33133092357841], [77.0758706247913, 28.331360891606828], [77.07606751753526, 28.33150190411385], [77.07618029113772, 28.3314904190216], [77.0764177796477, 28.331466233508564], [77.07669181880995, 28.331414785012484], [77.07696229255886, 28.33141702035711], [77.07741271952042, 28.33142074224135], [77.07765596084147, 28.331383634883537], [77.077783627613, 28.331367478246232], [77.0784156867385, 28.331272861487697], [77.07846618283727, 28.33126514570319], [77.07914926806751, 28.331239250615386], [77.07938656793127, 28.331213021839883], [77.07956081863853, 28.33119376083241], [77.07973518972001, 28.331174487170006], [77.07974730889148, 28.331173148490493], [77.07983213590546, 28.331181929373948], [77.07993845241765, 28.33118788187156], [77.08018727407324, 28.331201811884934], [77.08030053546089, 28.331208152622096], [77.08030945034179, 28.331208651562743], [77.08031122900604, 28.331211579577285], [77.08036841036714, 28.33130568321737], [77.08043175057782, 28.33140992133895], [77.08049814506046, 28.331405843633608], [77.0805169530876, 28.33140468840232], [77.08101055757326, 28.33131507056702], [77.08107699786999, 28.331303008233725], [77.08118757868482, 28.331274676175614], [77.08119929091951, 28.331271675417142], [77.0812975782897, 28.331229660045494], [77.0814485410715, 28.331188975429452], [77.08152931488691, 28.331156606743193], [77.08173108997445, 28.33110862854503], [77.0817328389943, 28.3311131269221], [77.08180630950645, 28.331302049889], [77.0818104740961, 28.331312819406012], [77.08193636489833, 28.331638408590614], [77.08197233074738, 28.33173189905227], [77.08214513876025, 28.332181100612257], [77.0822855939482, 28.33258739826919], [77.08223316736989, 28.332608153454192], [77.08193508479907, 28.332726157226926], [77.0816402092138, 28.332860639887798], [77.08154283183701, 28.332905050440306], [77.08147770308057, 28.333003507760985], [77.08132750566338, 28.33323056279291], [77.08131733493774, 28.33324593872701], [77.08121416432566, 28.333401903202194], [77.08101055757326, 28.333506851685637], [77.08092122550815, 28.333552897919635], [77.08077606135147, 28.333627722315452], [77.08075172060057, 28.333640269081602], [77.08081305127996, 28.333813799054845], [77.0808153168311, 28.333820210798674], [77.0808449387776, 28.33390036507564], [77.08087900648643, 28.33399254890304], [77.08100695263403, 28.33433876453906], [77.0810158899728, 28.334362950979695], [77.08113381631172, 28.334626287028662], [77.08125883035824, 28.33490545276389], [77.08132738798409, 28.33509957090677], [77.08140540397154, 28.335320475476575], [77.08145052634829, 28.3354482411681], [77.08167638796354, 28.33599083703664], [77.0817517215816, 28.336186653152424], [77.08177235049378, 28.336240275280517], [77.08188516991031, 28.33653352975928], [77.0819482541011, 28.336682210469405], [77.08204438551464, 28.336908781656064], [77.08211103871207, 28.33707612562016], [77.08225806058473, 28.337347088849327], [77.08240523606932, 28.337618333655417], [77.08246524442859, 28.337743503991444], [77.08251562284806, 28.337848587343625], [77.08266527229293, 28.338160734217162], [77.08292531121147, 28.33870313438171], [77.08311625620995, 28.339115536259996], [77.08316222479968, 28.33921481801312], [77.08317646938512, 28.33924558554155], [77.08341244153891, 28.33978812011246], [77.0836375297047, 28.340228499572273], [77.08378814034691, 28.340184509542603], [77.08399441060415, 28.340124262195374], [77.08406478462352, 28.340098432518428], [77.08406589943279, 28.340100762558105], [77.0841033340273, 28.34017896077918], [77.08416475094495, 28.340307253523754], [77.0841745273102, 28.34032767750125], [77.0841754211339, 28.340329601143722], [77.08426463911297, 28.340521499523852], [77.08438013550906, 28.340769918269956], [77.08442672124137, 28.3408701172033], [77.08447044583953, 28.34097596833825], [77.0847474197978, 28.341412169094625], [77.08489110981908, 28.341713647724728], [77.08489112509042, 28.341713679350168], [77.08495542649847, 28.341848589437618], [77.08498819793834, 28.341917348568682], [77.08500594056352, 28.341954574005385], [77.08505488167852, 28.34204201178715], [77.08505493108585, 28.342042099547456], [77.08514080823038, 28.342195528202343], [77.08520329144828, 28.34230716227736], [77.0853093923648, 28.3424967223542], [77.08540039080476, 28.342651222445376], [77.08558624684719, 28.342964786241495], [77.0856300999044, 28.34303877227016], [77.08575003936787, 28.343254590847607], [77.085757265416, 28.34326759424842], [77.08585069290051, 28.34339181629552], [77.08599266534297, 28.34358058223332], [77.08606981355787, 28.34374085781511], [77.08623356745103, 28.344069451215013], [77.08623534521696, 28.344069442518208], [77.08671879604502, 28.344066699862765], [77.08672057650588, 28.344066689584725], [77.08675545000355, 28.344066491930082], [77.08675723046441, 28.344066481652046], [77.0871312763723, 28.34406435488832], [77.08743962129695, 28.344183457545288], [77.08805278885201, 28.344411871471603], [77.08812475288941, 28.34443665648693], [77.08818161355197, 28.344457871076635], [77.08839149324002, 28.344536176776238], [77.08854480421796, 28.34459337696453], [77.08869696894564, 28.344652092729266], [77.08869913208883, 28.344652928408394], [77.08880988538023, 28.34468931167325], [77.088919904748, 28.344746767937796], [77.08893001618483, 28.345195480426614], [77.08893930656151, 28.34560770055942], [77.08897891328242, 28.345739069320253], [77.08902485132938, 28.345969363120563], [77.08893406758678, 28.346274589709903], [77.08893150469329, 28.346283207271863], [77.08890729240143, 28.346333793927624], [77.08882274656014, 28.346510438688014], [77.08868490546968, 28.34682848010602], [77.08855900119272, 28.347128069650925], [77.08853119563973, 28.347192490530798], [77.08845299370098, 28.34737366870942], [77.08835232399869, 28.347555674329328], [77.0882347480027, 28.34791878019859], [77.08821947484626, 28.347993100357908], [77.08822672155566, 28.348171140908406], [77.08823541994255, 28.348384842934863], [77.08823858650392, 28.348462626324274], [77.08823582508273, 28.34846689232493], [77.08806883455964, 28.348724872783222], [77.087866583365, 28.349008611350637], [77.08769426852719, 28.34926099081621], [77.0874770675696, 28.349494267736205], [77.08746494749978, 28.349508745591564], [77.08742624178912, 28.349554985696322], [77.08740097307849, 28.34958046759128], [77.08765216898138, 28.35009756722108], [77.08778050859111, 28.35037919445712], [77.08780397797622, 28.350412597678417], [77.08782669097985, 28.3504449241315], [77.08782821901416, 28.35044709978286], [77.08792460824415, 28.350584283524082], [77.08793642917495, 28.35060110764212], [77.08796351787235, 28.350639662144907], [77.08808590883822, 28.350814281422277], [77.0882539548818, 28.3510540320412], [77.08834320699687, 28.35118136850528], [77.0884831276872, 28.351371190231145], [77.08865370787818, 28.351602606274906], [77.08873998387472, 28.35172297407241], [77.08886066983817, 28.35187746074184], [77.08913631698478, 28.352221217163535], [77.08917093176764, 28.35226438477147], [77.08936341558021, 28.352510215441825], [77.08936521310906, 28.352512512005873], [77.08942954146659, 28.352594669674815], [77.089610086669, 28.352805745276644], [77.08977550963196, 28.353011642344086], [77.08977698376734, 28.353011260507508], [77.08977878399115, 28.353010794081886], [77.08978199097672, 28.353009964002393], [77.09023464755681, 28.35289282311926], [77.09067646955627, 28.352763894951334], [77.09071989411709, 28.35275122316477], [77.09077304563583, 28.35273571328808], [77.0907981751076, 28.352728380109454], [77.09081550181277, 28.352723323725986], [77.09081728227369, 28.35272331740154], [77.09088043383814, 28.352722956118352], [77.09088221429906, 28.352722945841155], [77.09091684345493, 28.352722748202655], [77.09091862391584, 28.352722737925433], [77.09100155997614, 28.352722264383573], [77.09100334043701, 28.35272225410639], [77.09118677821468, 28.352721206622267], [77.09137029504404, 28.352953963662614], [77.09150392303582, 28.353123447667194], [77.09158480644571, 28.353226033475465], [77.09167294644642, 28.35333782434295], [77.09178504361745, 28.35349785435901], [77.09185443398158, 28.35350179366098], [77.09188796090461, 28.353503697301118], [77.09201526116352, 28.35351092449276], [77.09209096578579, 28.35351522270306], [77.09228934973312, 28.353526484851265], [77.0929730296481, 28.35356529759148], [77.09320355621463, 28.35357812659986], [77.09321440876157, 28.35387285975455], [77.09321726091261, 28.354274144623265], [77.0932178016984, 28.354350142607654], [77.09321827421223, 28.354416703844993], [77.09322214235787, 28.35496054752129], [77.09324992096138, 28.355055928184623], [77.09339079476423, 28.355063668328846], [77.09355892345285, 28.355072905748717], [77.09366720188558, 28.355078852954964], [77.09386389430524, 28.3550896595883], [77.0941599152425, 28.355253712369098], [77.0943434599197, 28.35539972490961], [77.09435295601057, 28.355407279253285], [77.0948303369222, 28.35588717344524], [77.09497034924071, 28.356027922560223], [77.09498055589896, 28.356038183631714], [77.09518082900335, 28.356235465582127], [77.09522055609847, 28.356274485240757], [77.09528271322793, 28.356335534507103], [77.09551270529687, 28.356578988127666], [77.09573083241752, 28.356955419019286], [77.0959876634522, 28.357375887630035], [77.09617071315765, 28.357662932738137], [77.09632220594546, 28.357956841903103], [77.09632383908266, 28.357956555736628], [77.09642128742638, 28.35793946559002], [77.09660706890861, 28.35790853272594], [77.0966075036932, 28.35790875644183], [77.09717493083062, 28.35820101117245], [77.09722047272058, 28.35825537396402], [77.0973855255776, 28.358452398830313], [77.09746845894297, 28.358551395314105], [77.09755064850323, 28.35864950554398], [77.09767429172062, 28.358741996743777], [77.0977945420012, 28.358832808032364], [77.098012977244, 28.358966950923065], [77.09815428942471, 28.35908034047389], [77.09840516193411, 28.359281642023216], [77.09848153490294, 28.359329257302686], [77.09897487618224, 28.359785153906017], [77.0990147335331, 28.359821986524167], [77.0990163334326, 28.359821819728424], [77.09916839305738, 28.359805990731697], [77.09920585819461, 28.359804799446202], [77.09947640919864, 28.359796201163213], [77.09982398714499, 28.359785153906017], [77.09985167861194, 28.359784274077914], [77.10001567774515, 28.35977906072069], [77.10014165568397, 28.359775056830525], [77.10014166466713, 28.359775112956143], [77.10014321336267, 28.359785153906017], [77.10022330984837, 28.36030442987583], [77.10023169831646, 28.360358811352533], [77.10030211814993, 28.36044800153054], [77.10030376476185, 28.360447831573783], [77.10045797405508, 28.360431929154206], [77.1005397135594, 28.360423500088302], [77.1012226541609, 28.360353071552368], [77.10128239033067, 28.36034691041687], [77.10128255562067, 28.360347077211795], [77.10130960119895, 28.360374340668443], [77.10182455684232, 28.360893444590232], [77.10200070928298, 28.361060913603463], [77.10200253915123, 28.36107467843888], [77.10205058195093, 28.36143599741755], [77.10211685426269, 28.361934431278563], [77.1021228379408, 28.361979442300573], [77.1021371364252, 28.362086972725674], [77.10219509752395, 28.362522885981967], [77.10225685400478, 28.362794563698085], [77.1022502720487, 28.363066428061785], [77.10223710184833, 28.3636103689181], [77.10222393164796, 28.364154308567496], [77.10222276204144, 28.364171298904836], [77.10221666248069, 28.364259862990156], [77.10261832439703, 28.364348412773133], [77.10325371986548, 28.36452584174186], [77.10330318379995, 28.364540828978836], [77.1036581665592, 28.36468983725394], [77.1039888076692, 28.364838986812853], [77.10400509143035, 28.364843561226817], [77.1045189403493, 28.36499348522311], [77.104673723666, 28.36503864671647], [77.10499297683313, 28.365121107713744], [77.10518892095618, 28.3651761522909], [77.10535853725486, 28.36522380128716], [77.10604307685755, 28.36537088146221], [77.10672775480081, 28.36553673561754], [77.10704779129888, 28.365614745949156], [77.1074125531183, 28.365718663463152], [77.10754191411247, 28.36576578340016], [77.10762613027204, 28.36579645944729], [77.10762777149408, 28.36579640885806], [77.10809648905314, 28.36578189291064], [77.1085783669311, 28.365763333774183], [77.10864184997392, 28.365760888890893], [77.10864206826452, 28.365760948965605], [77.10878009171297, 28.365799042659667], [77.10921841028282, 28.365957158377384], [77.10946536434096, 28.366045809503277], [77.10961597857644, 28.366104646200935], [77.10994955627908, 28.36623495726827], [77.11002413351565, 28.366284250721908], [77.11015106277037, 28.36635073491605], [77.11083693547295, 28.36667924016263], [77.11108061247693, 28.36682191314804], [77.11152302646614, 28.367036859737112], [77.11167264446998, 28.367096283187387], [77.1118707526345, 28.367184430637753], [77.11200121586154, 28.367242480210425], [77.11200156979775, 28.367241845482358], [77.11217653736063, 28.36692828145037], [77.1122053427385, 28.366876658053346], [77.11223906818921, 28.36681510659117], [77.11252556608613, 28.36626956094155], [77.11281206218645, 28.36572401564907], [77.11285474024727, 28.365633679788665], [77.11298199738705, 28.36535521691829], [77.11306267238778, 28.365178680976534], [77.11325069157338, 28.364795606150206], [77.1132919233466, 28.364633470766535], [77.11338807631968, 28.364336261706622], [77.11346820873797, 28.364088572362263], [77.11347310545457, 28.364064519166234], [77.11350150120073, 28.363925019375078], [77.11358212589579, 28.363544041101836], [77.11364688005472, 28.363340429963863], [77.11385152436127, 28.36299859483636], [77.1138881899979, 28.362937505925835], [77.11406959129481, 28.362635279681406], [77.11412386750428, 28.36254485265787], [77.11412502992425, 28.36254588265446], [77.11434970935659, 28.36274501883198], [77.11463063320718, 28.362994003742838], [77.11474083403468, 28.36310943158339], [77.11491481973889, 28.363536187747766], [77.11506528485405, 28.36396940350038], [77.11510332850632, 28.364078936539894], [77.115341046985, 28.364621394036394], [77.11537377710238, 28.364723100012533], [77.1156087233801, 28.364961236713167], [77.11606072957994, 28.365373267860452], [77.11633180969164, 28.36570326298331], [77.11661567732145, 28.366024742299345], [77.11672878240223, 28.366244775489623], [77.11681422925373, 28.366409551683358], [77.1168200799812, 28.366414503075227], [77.11766159838317, 28.367126682193536], [77.11786486557239, 28.367298705403154], [77.11842718219415, 28.36777458492681], [77.11842840390294, 28.36777555637995], [77.11887293791624, 28.368129243776334], [77.11846626789217, 28.369392061056043], [77.11842644108405, 28.36951573480647], [77.11821455905124, 28.37017366608053], [77.12011903326764, 28.370649631512617], [77.12116889703513, 28.370138977524196], [77.12085813025249, 28.369382838319677], [77.12176591557633, 28.36725194026659], [77.1224919645317, 28.367890739516003], [77.12492038203587, 28.36807489552753], [77.1265711100323, 28.3677793852806], [77.12733650609539, 28.36760782288818], [77.12800500448209, 28.367457980049007], [77.12826420167922, 28.367399880796235], [77.12827040903782, 28.367398488823042], [77.12832376537243, 28.367386529393414], [77.12833172354755, 28.367458508065827], [77.12833800546632, 28.367515322024776], [77.12833801534778, 28.367515408183163], [77.12835451650123, 28.367664658109145], [77.1284724042126, 28.368730877038633], [77.12998039260533, 28.36996929067483], [77.13013708484202, 28.369851390728126], [77.130127115339, 28.36970086417579], [77.13011171282513, 28.369391759111803], [77.13030743147104, 28.369325402501477], [77.13036852230024, 28.36930469006158], [77.13104000848354, 28.368842155184243], [77.13107190316772, 28.368855488223925], [77.13130864248276, 28.36895445129108], [77.13151872698666, 28.369042272330038], [77.1315267282809, 28.36904561744031], [77.13178146803759, 28.36871563982558], [77.13192934151316, 28.36858465677238], [77.13220093905447, 28.368400311150165], [77.1324645550645, 28.368096691109706], [77.13248106070948, 28.36807768024657], [77.1327553190607, 28.367790672790395], [77.13286132026424, 28.367679743708145], [77.13293983930826, 28.36759757321092], [77.13305322646006, 28.36747987140164], [77.13324271439114, 28.36728776563708], [77.13359780674485, 28.366927768449454], [77.13387721603588, 28.36665159495721], [77.13409253322632, 28.366376504456415], [77.13411120291286, 28.36635509426176], [77.13418493932636, 28.366270531618024], [77.13457301422405, 28.36582547868882], [77.13506060987876, 28.365274332281306], [77.13538134436781, 28.36491179008554], [77.13551259631565, 28.364723784554943], [77.13582216025416, 28.364175640949767], [77.13593491678863, 28.364015250767032], [77.13600456676586, 28.363916177170374], [77.13614952341167, 28.363627197295614], [77.13642347813231, 28.363079653531816], [77.13675929713159, 28.36246274300403], [77.13713609098596, 28.362442340674367], [77.13735428637857, 28.36243052613482], [77.13792287593597, 28.362398396208867], [77.13806606110406, 28.36240341576935], [77.13809812467149, 28.36240296598514], [77.1385645407468, 28.362396420003886], [77.13877783403288, 28.36237630223504], [77.13948960875837, 28.362349184741365], [77.14020168352116, 28.36233713937059], [77.14073874311038, 28.362323177868785], [77.14074807031798, 28.362322935190655], [77.14091254735494, 28.362264787278423], [77.14162054017308, 28.36204966265035], [77.14232777032156, 28.361796693843825], [77.14263063731958, 28.3617155053191], [77.14277065323135, 28.361677972195768], [77.1430379756902, 28.361691917972735], [77.14375004596144, 28.36167985434612], [77.14397624085164, 28.361670807218168], [77.14427564753922, 28.361658832123798], [77.14446397394863, 28.36176020102975], [77.14478466172528, 28.361892592456847], [77.1451822542734, 28.362056732744243], [77.14530121547155, 28.362110203475922], [77.14532977560937, 28.362123040937444], [77.1454806934754, 28.362190876303437], [77.14576570915213, 28.362378619928688], [77.1459031289327, 28.362481856054668], [77.14644598984206, 28.36290999491746], [77.14683018042447, 28.3631902230133], [77.14707055522143, 28.36344231265293], [77.14730253795703, 28.363656835279897], [77.14735236570924, 28.363702911918534], [77.14760718451767, 28.36397611854524], [77.1478489085842, 28.36419695751837], [77.14784960208362, 28.36432482205961], [77.14784925623225, 28.364334725037697], [77.14783136269008, 28.364847203683837], [77.14782488583687, 28.36505825097069], [77.147889233059, 28.365600071885265], [77.14795357848449, 28.366141893985727], [77.1480305389515, 28.366649195940536], [77.14803573031551, 28.36668341373909], [77.14813568406056, 28.36722462956905], [77.1484019276428, 28.36764856706465], [77.14844927155319, 28.367762217671473], [77.14867384947593, 28.368301318319965], [77.14888062548465, 28.36884071975611], [77.14908740418832, 28.369380120030986], [77.14929418558695, 28.36991952072539], [77.14950096968052, 28.37045892104876], [77.14962097022942, 28.37077194190422], [77.1497077555707, 28.3709983210011], [77.14991454235923, 28.371537720582307], [77.14998910342611, 28.371750647599583], [77.15010353082701, 28.37207742172889], [77.15150277006975, 28.37443060235968], [77.15163602166741, 28.37476592973724], [77.15185880475619, 28.375214568296684], [77.1521650952338, 28.375842756151062], [77.15241668370045, 28.37638138814523], [77.1526769103669, 28.376919872765775], [77.15283232340263, 28.37724068105596], [77.15290153051043, 28.37745896244697], [77.15307274042044, 28.37799896067994], [77.15309676316778, 28.378067551760164], [77.153261756736, 28.37853865661653], [77.15343297023927, 28.379078653304248], [77.15353296800176, 28.379619862806585], [77.15363296666256, 28.380161071918135], [77.1536479694261, 28.380242759265226], [77.15267943642951, 28.380569404489002], [77.15258916113333, 28.380599798844163], [77.15197181461556, 28.38080765657745], [77.15157773807347, 28.380944397210158], [77.15126419010672, 28.38104590575962], [77.15062272292526, 28.381298108671277], [77.1505573336574, 28.38132240296595], [77.1505204524251, 28.381336532681363], [77.15051756434147, 28.381397886036638], [77.15049660664589, 28.381843164482945], [77.15049875721266, 28.381949650500733], [77.15050513255623, 28.382265284276798], [77.1505075687873, 28.382385889962272], [77.15051852913209, 28.382928615034995], [77.15052553149972, 28.38327535710216], [77.15052948857854, 28.383471340491344], [77.15054045071994, 28.38401406712157], [77.15055860657014, 28.384225400309795], [77.15058702387587, 28.384556186381538], [77.15059798601729, 28.38509891299141], [77.15059532341078, 28.385310218727515], [77.15059114265144, 28.385641940301888], [77.15055937193478, 28.386185393176472], [77.1505737144366, 28.386494985127293], [77.15060152897276, 28.386709278579612], [77.15060389962677, 28.38672754638212], [77.15060622716169, 28.387270419146645], [77.15060491382472, 28.387632530088776], [77.15061719020143, 28.387813143717658], [77.15062815503777, 28.388355869461858], [77.15063363655761, 28.38862723208241], [77.1507057748682, 28.388671247872956], [77.15142553920984, 28.389031171267437], [77.15165854332992, 28.389128279683657], [77.15214215226143, 28.38923496939055], [77.1524984052385, 28.389300246665293], [77.1527955697311, 28.38940481982729], [77.1528585218696, 28.389426596801478], [77.15343825502808, 28.38962008260262], [77.15357586075993, 28.389666008084834], [77.15380612232346, 28.389746383360375], [77.15429750886871, 28.390118209395123], [77.15463367821096, 28.39045934309207], [77.15491698708863, 28.390778301493224], [77.15502413364415, 28.39081591836303], [77.1554993747688, 28.390987504068196], [77.15574161985822, 28.39106197029543], [77.15581430254784, 28.391092441460003], [77.15646022896638, 28.39136322966458], [77.15685951124553, 28.391507230284823], [77.15717631380858, 28.391539757590536], [77.15789055800278, 28.391625373267967], [77.15822965764947, 28.391656602133754], [77.15860496030047, 28.391718750844678], [77.1586228601308, 28.391723035653328], [77.15870770331446, 28.39174334700312], [77.15914527358765, 28.392011145566943], [77.15918851219723, 28.392037609834837], [77.15932484681295, 28.392082424743577], [77.15957757883497, 28.39215837905189], [77.16004416918344, 28.39241806377588], [77.16023585978361, 28.392512971383255], [77.16113874300096, 28.392950377262398], [77.16133259584602, 28.393059614060988], [77.16148416678726, 28.393155275785347], [77.16220546814634, 28.393587607982607], [77.16226002193523, 28.39362762384255], [77.16292877005354, 28.394118153348], [77.1636484023428, 28.394467786670525], [77.16485472747998, 28.39504795463103], [77.16498867167873, 28.395168737803427], [77.16508875927273, 28.395220108778474], [77.16581100655782, 28.395697571510215], [77.16588865154107, 28.395746687692867], [77.16652513397102, 28.395775829128635], [77.16723711171576, 28.395748555014574], [77.16736176194456, 28.395746419803714], [77.16794939758262, 28.39573635222877], [77.16839457568797, 28.395728724104053], [77.16899488924963, 28.396095453501353], [77.16911638549351, 28.396183855801933], [77.16935469057208, 28.396341078308104], [77.16938730480676, 28.39636621312024], [77.17011182752447, 28.39695400346727], [77.17017141277724, 28.39700057454599], [77.17064021567626, 28.397366978712444], [77.17083462907006, 28.397456948540544], [77.17155357684305, 28.397770776332916], [77.17193826419383, 28.397940942612593], [77.17230360722324, 28.39821392039162], [77.17235797685748, 28.398299875211467], [77.17254588644863, 28.39883955552716], [77.17274430273534, 28.39937905608818], [77.17295127098353, 28.399918408505375], [77.1732294720405, 28.400456537320895], [77.17334012112728, 28.40067222174187], [77.17341271578202, 28.40075179531441], [77.17363233141111, 28.400992523557306], [77.17375945110865, 28.401110986268176], [77.17403187959161, 28.401339374851286], [77.17402522217705, 28.40152868171462], [77.17418073582407, 28.402068915310686], [77.17418913058042, 28.40221719051085], [77.17440285415955, 28.402608005129085], [77.1745399595298, 28.402921039339187], [77.17472737145427, 28.403145334057978], [77.17518367519442, 28.40368039641245], [77.17538784339385, 28.403942318328237], [77.17553313151801, 28.404217294791145], [77.17576612395999, 28.404756194310774], [77.17607072560486, 28.405293863177125], [77.17610218011453, 28.405339905923018], [77.17612122260194, 28.405701530026384], [77.17612829234322, 28.405835777995655], [77.17614821338296, 28.406502308347385], [77.1761545869299, 28.406773462525575], [77.17615760706587, 28.406921084798906], [77.1761589823866, 28.40698832181365], [77.17531135813563, 28.40731100658258], [77.17515514739593, 28.407383700103004], [77.1746056524282, 28.407648718922086], [77.17390022969009, 28.40800045915871], [77.17379745793001, 28.40804746628148], [77.17372701833365, 28.40807938484237], [77.17337796894687, 28.40859757970506], [77.1730047072682, 28.409146896977724], [77.17284087701826, 28.409410194429697], [77.17294658087943, 28.409690801385263], [77.1731346575572, 28.410230476619013], [77.17325687784319, 28.410631342059588], [77.17317299495859, 28.410772724108767], [77.17289432677765, 28.41119700897489], [77.1727944826271, 28.4113221312362], [77.17234030519921, 28.41187283683023], [77.17215707852569, 28.412053376753292], [77.17191484331774, 28.41242304890309], [77.17159664926432, 28.41297141717293], [77.17127788927228, 28.413519794455038], [77.17116567891348, 28.413678444230047], [77.17046303017298, 28.414168615439728], [77.16994282747005, 28.414451458396126], [77.16975627164007, 28.414457685126507], [77.16904402799399, 28.414478045054757], [77.1683316181596, 28.4144902599037], [77.16761920742691, 28.41450247080081], [77.16752237442918, 28.414502042570074], [77.16737803312932, 28.41418615320087], [77.16737748246203, 28.414186377588123], [77.16571149747884, 28.414865490528058], [77.16530880339822, 28.415087805275736], [77.16464189862285, 28.415455978310877], [77.16441920716227, 28.4167543968788], [77.16483352723928, 28.41791775090093], [77.16521645568871, 28.41876274511879], [77.16572249734949, 28.419516771094944], [77.16573682098668, 28.419538114460345], [77.16624852113546, 28.42030055843163], [77.16579740875935, 28.420486890056665], [77.16573265819368, 28.420513634789792], [77.16541702254219, 28.421497413124555], [77.16584374026844, 28.42265954420552], [77.16589285565662, 28.424277861723485], [77.16495186051503, 28.42592487288938], [77.16444630843606, 28.42684318804482], [77.16370351218887, 28.427860053339185], [77.1632645746798, 28.428460941540497], [77.16275632855329, 28.428874425147313], [77.16257362829248, 28.42896557610166], [77.16216097818359, 28.42918359927879], [77.16191405287152, 28.42931368665908], [77.16162177521407, 28.429467667674967], [77.1614889575027, 28.429566152303916], [77.16145417922647, 28.429583282254285], [77.1610560036717, 28.42968141681436], [77.16081304352333, 28.42982865482287], [77.16039606083982, 28.430081349912644], [77.16014101475758, 28.430211200776505], [77.15972693902235, 28.430422017607793], [77.15946509269342, 28.430473696165738], [77.15936194633588, 28.43048672047287], [77.15918313757689, 28.430509299515993], [77.15883457687359, 28.43055331212579], [77.15881749630678, 28.430554247454765], [77.15878430804861, 28.430586129212543], [77.15845843609448, 28.43077757044226], [77.15815475162951, 28.430955977598195], [77.15811226670648, 28.430968666108424], [77.15802753221897, 28.43099397360694], [77.15743439080657, 28.43117112908687], [77.15702793727645, 28.431289796612788], [77.15675636758293, 28.43136908412229], [77.15672361770261, 28.431378646681054], [77.15655220207842, 28.431436432798563], [77.15647152438275, 28.43150219912861], [77.15608640045076, 28.431816137758467], [77.15590923471044, 28.43198428865276], [77.15581474451898, 28.432073969178447], [77.15540921894856, 28.432040349161], [77.15520472466068, 28.432033154970387], [77.15507949052689, 28.432028748558025], [77.15505402059365, 28.43202785195026], [77.15504060155995, 28.4320478229979], [77.1548598847793, 28.43231677334], [77.1548312860139, 28.432336314594604], [77.15473645176769, 28.432401112664422], [77.15429996216776, 28.432699354537394], [77.15406680892734, 28.43285866125451], [77.15374725302794, 28.433042281766514], [77.15354004582788, 28.433048269626948], [77.15353165735976, 28.433048512933144], [77.15339017539745, 28.433100119112556], [77.15329572922344, 28.433134234094855], [77.15329234437144, 28.433135456944456], [77.15328950389852, 28.43313899594069], [77.15320515658492, 28.433244098545394], [77.1530643555456, 28.43341954712116], [77.15302684010267, 28.433466294914556], [77.15300209870315, 28.433562556059112], [77.15293434506947, 28.43358204415693], [77.1528994230628, 28.433597268885276], [77.15275723232975, 28.43365925790855], [77.1525381610797, 28.43375476368545], [77.15240618598804, 28.433813659964333], [77.15237446557707, 28.433827815857853], [77.15216083093114, 28.433990909467486], [77.15205274563614, 28.434073424258727], [77.15191037793497, 28.434179223458315], [77.15184588249083, 28.434256697456366], [77.15185423502635, 28.434340276886964], [77.15187750318883, 28.43457310438839], [77.15166815710008, 28.43467477958574], [77.1514315040233, 28.43478971781546], [77.15139206169414, 28.434808873121675], [77.15118785666375, 28.435009101120606], [77.15091154656047, 28.435121391109305], [77.15072018294705, 28.435198128984247], [77.15045113751945, 28.43531107837082], [77.15010857217239, 28.435519542880016], [77.15004792690755, 28.4355758179579], [77.14993168850306, 28.43568545711163], [77.14938370629827, 28.436202473369097], [77.14900414114125, 28.436397602891432], [77.14878547503146, 28.436514785018723], [77.1487107702341, 28.436559457091235], [77.14803928225417, 28.43696145591954], [77.14775947141621, 28.437141103100434], [77.14746403438389, 28.437191589541037], [77.14736279964127, 28.437208888880676], [77.14712658494236, 28.43724925478547], [77.1468342264365, 28.43729921429554], [77.14671611863788, 28.437319396837676], [77.14668195570763, 28.437321264216326], [77.14633820817765, 28.437319314685627], [77.14599965650325, 28.4373886170035], [77.14586674896034, 28.437415822730422], [77.14564769747327, 28.437460662675928], [77.14550640685212, 28.437484949622345], [77.14546296252833, 28.437488663835797], [77.14541829649578, 28.437492480738975], [77.14531880897637, 28.437500985038927], [77.14530516626215, 28.437500616935306], [77.14518427009291, 28.43749735455764], [77.1449006656695, 28.437489701003418], [77.1448278661989, 28.437458078840237], [77.14475625609771, 28.437426974066828], [77.14468122700852, 28.437394384229542], [77.14463070036705, 28.437388258378558], [77.14456198373941, 28.437379926272715], [77.14409610575494, 28.437329003884372], [77.14394404343524, 28.43732054538612], [77.14387003483223, 28.437316328775548], [77.14369779455458, 28.437306515557705], [77.14303940401153, 28.43705722571061], [77.14253141749815, 28.437107705081935], [77.14145285704888, 28.437214882034834], [77.14089941308717, 28.43732828584414], [77.13984441814277, 28.437544457594043], [77.13916307833912, 28.43764178932091], [77.13848198736879, 28.437746919839725], [77.13836343220919, 28.43776445369483], [77.13808192984355, 28.437838244043338], [77.13745311363623, 28.438028721091616], [77.13742068714943, 28.438039180395318], [77.13610560477743, 28.43843877462971], [77.1352997764417, 28.438536978389074], [77.13508585613154, 28.438563047924347], [77.13502595287513, 28.438560012284757], [77.13494873548991, 28.43855609826067], [77.13486553981653, 28.438556568259504], [77.1344042710878, 28.438653153377114], [77.13386849519108, 28.438765336019877], [77.13372507825768, 28.438817685878032], [77.13360916145005, 28.43888365220757], [77.13305072644862, 28.43913287850793], [77.13237515562571, 28.43941025258521], [77.13174657477703, 28.439654192384978], [77.13169909881427, 28.439672616147753], [77.13103007940472, 28.44015412341436], [77.13086041010544, 28.44019939980488], [77.12967260283953, 28.440512511672512], [77.12900257552026, 28.440688649625365], [77.12899387174345, 28.44069202801967], [77.12831779696567, 28.44095437576497], [77.12802557230881, 28.441087514257877], [77.12764316308562, 28.441261739710214], [77.12701918520443, 28.441556841274938], [77.1269699718999, 28.44161411867309], [77.12659055226999, 28.442055711971893], [77.12639694556334, 28.442262285631582], [77.12595962502178, 28.442496429024953], [77.12562526758146, 28.442371691158918], [77.12498909507028, 28.442245956309026], [77.12493737187285, 28.442266067607537], [77.12422542377251, 28.442542889239373], [77.12393466247123, 28.442635348315033], [77.12387749727984, 28.444314388983347], [77.12386836949823, 28.44441547821361], [77.12379801793674, 28.445247514846546], [77.12375580969483, 28.445746717255457], [77.12375002454438, 28.445815128619536], [77.12370713358284, 28.44632240225836], [77.12366234358275, 28.446717750546995], [77.12361766587212, 28.447112107675494], [77.12360974003636, 28.44718206705154], [77.12358830982693, 28.44737122244569], [77.12349579503076, 28.448187814159397], [77.12347409353015, 28.44836126414025], [77.12347409083519, 28.448361287045614], [77.12335751556245, 28.449150059449842], [77.12335420527062, 28.44946144036275], [77.12335055541564, 28.449804713701393], [77.12334944509793, 28.4499091742041], [77.12334588417613, 28.450244066817355], [77.12334517091381, 28.450311120720134], [77.12334437859974, 28.4503856842436], [77.12334110963043, 28.45069316294972], [77.12333946661177, 28.450847691789793], [77.12333880185845, 28.450910199885417], [77.12333046459429, 28.45169435338922], [77.12332647607444, 28.45178597436871], [77.12328572400158, 28.452722103502474], [77.12324497103039, 28.453658233035956], [77.1232042180592, 28.454594362968738], [77.12319052593764, 28.454908888596666], [77.12299643773399, 28.455517536839164], [77.12270413941528, 28.45643415536789], [77.12243643607071, 28.457273635832603], [77.12241183660497, 28.457350773846947], [77.1222261458526, 28.45793306527785], [77.12184635342183, 28.458242765763327], [77.12184250503914, 28.45824590350769], [77.12122702611889, 28.45874778740063], [77.12079066946959, 28.45910360278946], [77.12007621147637, 28.45968618230315], [77.11989361721679, 28.459835070994007], [77.11974858151922, 28.459962052486162], [77.11955548505563, 28.460131113449144], [77.11897887983093, 28.4606349382819], [77.11891446254023, 28.46072428651472], [77.11883775539812, 28.4608306813773], [77.11838318540649, 28.461461179305005], [77.11819642655722, 28.461720216264773], [77.11790467800745, 28.462124869324867], [77.1177172553032, 28.46208613345755], [77.11771540657034, 28.462085751224176], [77.11726777965752, 28.46199323570942], [77.11726763502877, 28.461993438672344], [77.11646756309739, 28.463112763004318], [77.11472386665558, 28.465454614564102], [77.1143793250149, 28.465917338068508], [77.11391635218207, 28.466668974753514], [77.11376469949411, 28.466914040962855], [77.11318859912265, 28.46784498839647], [77.11280581170871, 28.468463546999313], [77.11259905007303, 28.468972838596322], [77.1124498443959, 28.469340355847006], [77.1126309878763, 28.46959085993025], [77.11337914257417, 28.470625475199412], [77.1135484193097, 28.470933337249882], [77.11360243051615, 28.471082438310525], [77.11418492779077, 28.471171780079466], [77.11411484841885, 28.47399631915959], [77.11432398160683, 28.475285387719442], [77.11486163677912, 28.478474019055817], [77.11499696618007, 28.479713949460155], [77.11514684649195, 28.48108715082505], [77.11529418457158, 28.481477036962115], [77.11538471948086, 28.48160591747271], [77.11593949384752, 28.482395646690378], [77.11691023759805, 28.483777493786476], [77.11738576977686, 28.484485092213742], [77.1174900569948, 28.48464027278228], [77.11867628412412, 28.487368579925338], [77.11902440644953, 28.488180193242616], [77.11950031053087, 28.49080950533858], [77.11975686398611, 28.49221373949734], [77.12060619323948, 28.494179675885853], [77.12108705691949, 28.495939914960147], [77.12062433202172, 28.495970850144328], [77.11920205189024, 28.4960659309362], [77.11855161323405, 28.49617232178332], [77.11791810243108, 28.49630611862145], [77.1169123162996, 28.496518532615603], [77.11611323520998, 28.496750046842642], [77.11567203933629, 28.49687786896703], [77.11541791582387, 28.496951493309872], [77.11454052050608, 28.49729771658619], [77.11372383243688, 28.497642961359812], [77.11347376481801, 28.497757309280896], [77.11328280544649, 28.497844629542957], [77.11313185254613, 28.497913655335545], [77.11306313591845, 28.497945077833794], [77.1125568490176, 28.49816621373616], [77.11245712883454, 28.49820976949727], [77.11210457062825, 28.498363757532935], [77.11177081236423, 28.498510786201457], [77.11153159100407, 28.498616168805324], [77.1112387501029, 28.49874516970803], [77.11083354612938, 28.498948841809668], [77.11077694238502, 28.498962470303518], [77.11069552088429, 28.499004962330265], [77.1104312365277, 28.499144951269283], [77.11011575089486, 28.499302951555382], [77.11005965739356, 28.499335519935627], [77.10984595267907, 28.49942834931663], [77.1097789877662, 28.499459817941958], [77.10894271822045, 28.499846378935008], [77.10797712810471, 28.50019789231469], [77.1071704778105, 28.500486655013184], [77.10683392219264, 28.50060713388203], [77.10616952012369, 28.500925682913728], [77.10612901688417, 28.50095290149556], [77.10520069876785, 28.50142395679083], [77.10465457697403, 28.501692816667063], [77.10425795819968, 28.501938597361818], [77.10393957190679, 28.50214009392203], [77.103619356644, 28.50231384768732], [77.10330438215254, 28.50252303026922], [77.10312648248862, 28.502664662881227], [77.1025518553542, 28.502943456187495], [77.10200263976253, 28.50319460052079], [77.10179386051072, 28.50329006951936], [77.10078916673066, 28.50361482088021], [77.10042316882941, 28.503742935461176], [77.10018620763047, 28.503825881296173], [77.0975579634846, 28.505027622724082], [77.09638223766096, 28.50605589996452], [77.09629417761029, 28.506168646531663], [77.09595686201776, 28.50660052088024], [77.09580991919681, 28.506788654189798], [77.0957620632467, 28.50684992455688], [77.09571594823157, 28.506911205940018], [77.09587477127212, 28.50723579458977], [77.09588425927818, 28.507248499203964], [77.096244620251, 28.5078059740211], [77.09644252539633, 28.508118056705317], [77.09656197168468, 28.50836203998459], [77.09685001827717, 28.508765567862017], [77.09694821761245, 28.50892035987751], [77.09734286458477, 28.50947895309975], [77.09750706943218, 28.509719284707252], [77.09751735514217, 28.50971926813023], [77.09773751515031, 28.51003754336393], [77.09806223187103, 28.51059384621717], [77.09811280881817, 28.51066745625334], [77.09816205446202, 28.510741109653754], [77.09836657749602, 28.51110862992814], [77.0983897324708, 28.511150237703536], [77.09864890990498, 28.511491503726134], [77.09835384477519, 28.51167118760633], [77.09825548913305, 28.511731082428167], [77.09812949861781, 28.51180824934558], [77.09776373697349, 28.512032268159487], [77.09738110586642, 28.512266618471223], [77.09697542219251, 28.512517017555005], [77.09673102204476, 28.512664343034075], [77.09663014213666, 28.51272970281785], [77.09603532356961, 28.51297614612003], [77.09534014252404, 28.513270865842312], [77.09496413918714, 28.51343026975864], [77.09464469378054, 28.513574181587806], [77.09423658465538, 28.513742713902122], [77.09416108664566, 28.513814689361894], [77.09395016940346, 28.513847170380586], [77.09337872949166, 28.513953842462247], [77.0932600440763, 28.513975997947796], [77.0925699133593, 28.514104974544715], [77.0921501126607, 28.51422001503807], [77.09187816028489, 28.514286946238904], [77.09174696672751, 28.51435755812433], [77.09118570921946, 28.514491628696394], [77.09049279282675, 28.514711449600828], [77.090342639427, 28.51476583386207], [77.08980149519817, 28.514878253014174], [77.08911042574168, 28.515037511630005], [77.08877313440364, 28.515096068184366], [77.08852241281122, 28.515192552555657], [77.08841865919251, 28.515219466717692], [77.08784916233668, 28.515451633739218], [77.08772387789726, 28.515499844989037], [77.08737463088111, 28.51570060366452], [77.08702631182463, 28.515871075926142], [77.08692709020656, 28.515936879697232], [77.08668683488551, 28.516010505737793], [77.08633268127124, 28.516113576267102], [77.08599545910347, 28.516201057358057], [77.08575590536668, 28.516285130825985], [77.0857158809292, 28.516299177794778], [77.085639974186, 28.516325817775968], [77.0855464335138, 28.516357057980002], [77.08494656910976, 28.516560754491977], [77.08462504769652, 28.51670178415277], [77.08453740176921, 28.516736011857947], [77.0842522324806, 28.516825972504094], [77.08355874296272, 28.51706343395274], [77.08312547472138, 28.51719826041656], [77.0828667976488, 28.517250401710225], [77.08254910126205, 28.517359695644274], [77.08217291466885, 28.517500467706245], [77.08203142462172, 28.51755076578008], [77.08170368327345, 28.51769727517178], [77.08167892300928, 28.517707101446028], [77.08147791418466, 28.517786872699162], [77.08103934678148, 28.517973205349694], [77.08078281758075, 28.51807630237613], [77.08058114490115, 28.51815837263609], [77.08023547138318, 28.51805247439417], [77.08011067383065, 28.51807420278602], [77.08009658375545, 28.51807665599128], [77.07963893703395, 28.518175158291772], [77.07943099052038, 28.5182197358528], [77.07940617815392, 28.518212987179375], [77.07936286049262, 28.518217287386744], [77.07907067536162, 28.518246295627588], [77.07871785754222, 28.518281323200032], [77.07841505432454, 28.518331268865694], [77.0780281391519, 28.518395085179588], [77.07740609085194, 28.518482754603095], [77.0773393514162, 28.518478558596346], [77.07718464086302, 28.518488632643123], [77.07674340995504, 28.518536799881456], [77.07665102541459, 28.518546884973116], [77.07661005684777, 28.51854812735655], [77.07637256564283, 28.51855533144379], [77.07596223498398, 28.51863035037654], [77.07531506170383, 28.51869084665066], [77.07529514335904, 28.518655746597254], [77.07527624909366, 28.518622450118144], [77.07524266288182, 28.518598862211515], [77.07507616822875, 28.518686741423416], [77.0748703076033, 28.518795398470807], [77.07481836252201, 28.518822816084956], [77.07473694461456, 28.518865790276184], [77.07458046078699, 28.51893355598966], [77.0744238871279, 28.519004197125525], [77.07438120098226, 28.519023086164317], [77.07423257292186, 28.51908885481734], [77.07419484996815, 28.519136198529434], [77.0741784386462, 28.519156795614638], [77.07413731287417, 28.519171123195743], [77.07388421793276, 28.519259294764957], [77.07332593654326, 28.519561638223323], [77.07326479989996, 28.519602715405902], [77.07318540589682, 28.519668465543354], [77.0724852005739, 28.520122759267718], [77.07232450813923, 28.520251261079185], [77.07230190562836, 28.520269336123004], [77.07227905787747, 28.5202302364053], [77.07221098085026, 28.520113738309036], [77.07212518545244, 28.519947711960803], [77.07223146154045, 28.51989612135787], [77.07226083645023, 28.5198818609663], [77.0722022079032, 28.51956776088879], [77.07213236388988, 28.51932293529028], [77.07210473440668, 28.519211855601515], [77.07200456955756, 28.519015570330545], [77.07200101312735, 28.519008447573903], [77.0719073538775, 28.518820883844363], [77.07184296443455, 28.518691934326686], [77.07179039053256, 28.518604453723537], [77.0717869311204, 28.518593822430912], [77.07178035096094, 28.518573603318018], [77.07175570568113, 28.51846169326805], [77.071506811262, 28.51790781408541], [77.07150396809412, 28.51789983563008], [77.07136467802111, 28.517509027923417], [77.07122348801127, 28.517352801680072], [77.07119935027957, 28.517306533807012], [77.07077771701785, 28.516792441805755], [77.07073515663629, 28.516745689827843], [77.0705952368443, 28.516589381941813], [77.07058370696761, 28.5165738439658], [77.07053665231471, 28.516541978675804], [77.07031462291245, 28.516231510633652], [77.07016618978648, 28.516037133162506], [77.0701472955211, 28.516017855236036], [77.06982581093881, 28.51566973030803], [77.06951378741306, 28.515309408924075], [77.06937112506448, 28.51510907101235], [77.06921407978987, 28.514922003158524], [77.0689082348767, 28.514548138779737], [77.06887459746088, 28.51450410668358], [77.06874457800158, 28.514333905326588], [77.06855234392069, 28.514127152100233], [77.06842972118945, 28.51398669127527], [77.06828166355928, 28.51379926464368], [77.06805330103427, 28.513522636017264], [77.06797350728083, 28.513425976460198], [77.0678908505966, 28.51332471092749], [77.06763410490187, 28.513048214457754], [77.06759323514969, 28.512932226245802], [77.06757025354979, 28.512867002357208], [77.06748399372296, 28.512646239059077], [77.06743090418796, 28.51241768745435], [77.06740727041115, 28.512315942599695], [77.06738484666505, 28.5122090983589], [77.06736253790326, 28.512156911157653], [77.06694741203744, 28.51222959260113], [77.06672444479405, 28.51226863055763], [77.06646838990375, 28.51231479960251], [77.06612698248507, 28.512376358034494], [77.06612327423957, 28.512376370664274], [77.0660414835313, 28.51237665009852], [77.06564882273409, 28.512447448762885], [77.06535866869393, 28.512499764486204], [77.06467570563456, 28.512607777475495], [77.06433126460519, 28.51269602952165], [77.06399215507702, 28.51265539800522], [77.06357189174607, 28.51259198789616], [77.06330714026552, 28.5125520415049], [77.06283480878407, 28.51248077324067], [77.06262212725068, 28.51244868095648], [77.06207376685515, 28.51232975644583], [77.0619366776546, 28.512300025099847], [77.0617117961013, 28.51227934142422], [77.06166074664033, 28.51227464550382], [77.06130340400684, 28.512241777212875], [77.06125181286177, 28.512211755356354], [77.06103187114421, 28.5121823026225], [77.06097821926386, 28.51221283125873], [77.06070520597767, 28.51227399427937], [77.06064445650826, 28.51228763683925], [77.06056869978374, 28.512304649976446], [77.06054111791126, 28.5123349401898], [77.06051524912601, 28.51236334618657], [77.06047043846469, 28.51233517857727], [77.06041903057594, 28.51230286206978], [77.06021494771642, 28.512174570804916], [77.05988441889582, 28.51227676336475], [77.05970045201047, 28.512337774790662], [77.0592023227107, 28.512475333750764], [77.05892876594376, 28.51256104337646], [77.05882814834374, 28.512592568076215], [77.05841443373119, 28.51271705017222], [77.05788239931769, 28.51285793104819], [77.05783820400231, 28.512880746667623], [77.05776153638605, 28.512887820108567], [77.05729959212425, 28.513064861999947], [77.05715645726184, 28.51311637148384], [77.0564755118186, 28.513435653944498], [77.05595538906572, 28.513708658093492], [77.05579492749807, 28.513792881946543], [77.05569685033367, 28.513831472551512], [77.05554944667702, 28.513889471704402], [77.05531157009486, 28.513983069736593], [77.05511387156207, 28.51410145641479], [77.05494370998602, 28.514085757834266], [77.05443178256347, 28.51430306077582], [77.05388957832258, 28.514511288156097], [77.051923414999, 28.51514256751498], [77.05170400867735, 28.515172705359717], [77.05137198955174, 28.515242691494162], [77.05121287096546, 28.51527623215734], [77.05102158820041, 28.5153410401525], [77.05067291430942, 28.515482883674274], [77.05034020617597, 28.515618229964545], [77.05030995361211, 28.51563025394919], [77.0497726963935, 28.51584378462763], [77.04965875947278, 28.515889068051198], [77.0495791031616, 28.515932890395078], [77.04897651776058, 28.516077020612276], [77.04864327512952, 28.516173421206098], [77.04855983960594, 28.516198364941094], [77.04829440271082, 28.516278558050047], [77.0477460234507, 28.516422626226937], [77.04761196875918, 28.516446877659], [77.04714887285715, 28.516514928296957], [77.04692888352892, 28.51654725535379], [77.04684913289461, 28.51656231815652], [77.04675570091857, 28.516579964436787], [77.04639427544205, 28.516648226529306], [77.04631435682282, 28.51667473065759], [77.0463181396285, 28.51667391843691], [77.04625350764043, 28.516695728413882], [77.04627233992204, 28.516743320260563], [77.0462777917975, 28.516757099585643], [77.04629571767902, 28.516802402350237], [77.04643003647521, 28.517141852787102], [77.0464358593549, 28.51715656741198], [77.04651083095189, 28.517346035586026], [77.04672696021936, 28.517770056987466], [77.04678763333196, 28.517889092182873], [77.04707814759651, 28.518432021270915], [77.04730856097531, 28.518873081166205], [77.04736181130872, 28.518975013076368], [77.04754106293714, 28.5193944515098], [77.04759406982714, 28.519518483564], [77.04761370071104, 28.519561249094263], [77.04762866125377, 28.519593840424694], [77.04766116409739, 28.51966464687284], [77.04773817666668, 28.519832418823295], [77.04784346730281, 28.520061793389523], [77.04793489064592, 28.52024809755155], [77.04806753138921, 28.520518394125514], [77.04815961050245, 28.52072752876712], [77.04823014711688, 28.520887735968078], [77.04816045941038, 28.520932808061545], [77.047821144168, 28.52115226745902], [77.04746865423368, 28.521348401943456], [77.04740374825946, 28.521384516922865], [77.04737133704401, 28.521400636689513], [77.04719511094146, 28.52148828309238], [77.04687942049274, 28.52164529092279], [77.04604578480738, 28.52213984803771], [77.045462114333, 28.522419128163303], [77.04519880285186, 28.522561642528284], [77.04500326386903, 28.5226600206675], [77.04480084109618, 28.522761861305984], [77.0447996795745, 28.52276258429059], [77.04479943343613, 28.522762569294173], [77.04468648196722, 28.522819396183664], [77.04461682929504, 28.522867178640936], [77.04456489768846, 28.52290280453368], [77.04450783759992, 28.522944196127778], [77.04429959823561, 28.523095250603873], [77.04427501134629, 28.523113086007747], [77.04401051139403, 28.523371322932825], [77.04391437189568, 28.523462185588908], [77.04389312224764, 28.523482268797604], [77.04350823547092, 28.523846030333864], [77.04364944344707, 28.524082138152153], [77.04365511810468, 28.52409162681107], [77.04366535530568, 28.524108744595956], [77.04346614580658, 28.524312825504808], [77.04342376418978, 28.524356243397296], [77.04334348265118, 28.52443848793375], [77.04330973653923, 28.52446911483784], [77.04331391999347, 28.524501310015424], [77.04349788418389, 28.524860976466126], [77.04316498201433, 28.525016098448912], [77.0430943564667, 28.525051512881088], [77.04277817284284, 28.52521006078799], [77.04267223092816, 28.525263183912536], [77.04216067630645, 28.525435833290462], [77.04206475959029, 28.52546820417871], [77.04194849243973, 28.525508399030755], [77.04188175480064, 28.525531471580784], [77.04172866480822, 28.52558439643824], [77.04158668428093, 28.525633480715438], [77.04154216287716, 28.525650670072856], [77.0413091848082, 28.52573054265557], [77.04128085733403, 28.52574004300514], [77.04113446248545, 28.525789140627293], [77.04101109505086, 28.525828048860646], [77.04088351182263, 28.52586828698481], [77.04074617468704, 28.525911600843415], [77.04054172172162, 28.526026963891134], [77.04056827502312, 28.52607771487874], [77.04059627551052, 28.526131231406357], [77.04060784760803, 28.52615126596179], [77.04065226750217, 28.526228172131685], [77.040707886693, 28.526324468733407], [77.04076811064797, 28.5264287375329], [77.0406522872651, 28.526484489057122], [77.04048529853863, 28.526564868499673], [77.04030241591984, 28.526652898133527], [77.03939541841851, 28.5271343522772], [77.03837303681048, 28.527677042757524], [77.03813189305562, 28.52781929903398], [77.03810916567892, 28.527832706754918], [77.03797652852892, 28.52791095262685], [77.03791962654387, 28.527944520830008], [77.03787879002938, 28.527964932300137], [77.03767879809769, 28.52806489335735], [77.03754303570878, 28.52813275102421], [77.03752121113895, 28.52814365995814], [77.03742948596194, 28.528189505565344], [77.0372399126909, 28.528284258194148], [77.03714687777017, 28.528332851883686], [77.03681962780038, 28.52850377963353], [77.03656045665439, 28.52863914709258], [77.03652433988839, 28.528660215076155], [77.03611163408391, 28.52890096072642], [77.03596665408189, 28.528981123653566], [77.03594889888032, 28.528990453234723], [77.03580538492884, 28.529065865674607], [77.0357021280785, 28.529120123357], [77.03520211860484, 28.52938286077942], [77.03513138975094, 28.529455659783526], [77.03501765495113, 28.52952985962742], [77.03452389685354, 28.52980987389076], [77.03417770680429, 28.529975112839793], [77.03384389643797, 28.530134441780955], [77.03358928514038, 28.53027495449242], [77.03345209802343, 28.5303441697865], [77.03341795305947, 28.53036139704786], [77.03340258378329, 28.53036915120871], [77.0332544902205, 28.530443869720795], [77.03316441704527, 28.530489314189612], [77.03309168315164, 28.530530576528527], [77.03248545687879, 28.53087449317821], [77.0320559328156, 28.531093823755395], [77.0319966880243, 28.531124077002218], [77.03196025235638, 28.53114268132802], [77.0318051833754, 28.53118389605789], [77.03112281140746, 28.531372063643037], [77.03044043764292, 28.531560226946066], [77.0301227717989, 28.531645902116686], [77.0299695641272, 28.53168722240495], [77.02991788943879, 28.5317011591988], [77.02991773582686, 28.531701200238093], [77.02990016837319, 28.531705938700238], [77.02989248598088, 28.531706744491323], [77.02984562985564, 28.531711659737933], [77.02980276404692, 28.531716155909795], [77.02963713267485, 28.53173352895211], [77.02899732288508, 28.53181726487643], [77.02877618640821, 28.531830312995222], [77.02871054830703, 28.531847134356354], [77.02831691912596, 28.53194801116792], [77.0281886163472, 28.531975505861347], [77.02778584680806, 28.532061816012334], [77.02763645967129, 28.532093828140653], [77.0269556363989, 28.53222464906429], [77.02677405094738, 28.532267579910002], [77.0262749281109, 28.532385582230315], [77.0258528753359, 28.532483183297952], [77.02491441613839, 28.532842943261347], [77.02401080528564, 28.533075178805902], [77.02373302553853, 28.533292459182018], [77.02336051934304, 28.53344120855692], [77.02326304494821, 28.533480132117226], [77.02273097819533, 28.53401655208406], [77.02247264697412, 28.534280805187386], [77.02220018525351, 28.53451036218698], [77.02184408229508, 28.534778159903027], [77.02172947523115, 28.53486434622269], [77.02172497467156, 28.534867731075114], [77.02163280123521, 28.534937047526313], [77.02155551467973, 28.535025475812358], [77.02147534722717, 28.5350803467857], [77.02041307592893, 28.53580744288503], [77.02036571674715, 28.53583465088601], [77.02015026480943, 28.535950693609674], [77.02009004085446, 28.535976387126542]]]}}]}