{"type": "FeatureCollection", "features": [{"type": "Feature", "properties": {"OBJECTID_12": 1, "OBJECTID": 149, "OBJECTID_1": 0, "Id": 0, "Area": 0, "Name": "80", "Density": "250/100", "Shape_Leng": 0, "Shape_Le_1": 0, "Sector_Nam": " ", "SHAPE_Le_2": 4900.79978103, "S": "S", "Shape_Length": 5587.36560114932, "Shape_Area": 1321244.4151404765}, "geometry": {"type": "Polygon", "coordinates": [[[76.9595039992553, 28.361200846395842], [76.96455338455156, 28.361128161522675], [76.9659206446685, 28.362087353739103], [76.96646946679806, 28.36206839634285], [76.96621302742885, 28.362868591243483], [76.96543248756669, 28.365186245690712], [76.9649030950984, 28.366779228100974], [76.96429340132856, 28.36870285058763], [76.9636109386308, 28.37078032430387], [76.96303910795183, 28.37241688800414], [76.9624670050834, 28.374332799164918], [76.96206187746667, 28.376081562638905], [76.96159545600146, 28.377874182402007], [76.961268454865, 28.37912305796259], [76.96038270072349, 28.378682403560873], [76.95787555037624, 28.377374891569744], [76.95824652943574, 28.373632607383175], [76.95796348286613, 28.368804217507797], [76.95844568952751, 28.36566478588292], [76.95967044989091, 28.36415733211103], [76.9595039992553, 28.361200846395842]]]}}, {"type": "Feature", "properties": {"OBJECTID_12": 2, "OBJECTID": 150, "OBJECTID_1": 0, "Id": 0, "Area": 0, "Name": "M1D", "Density": "250/100", "Shape_Leng": 0, "Shape_Le_1": 0, "Sector_Nam": " ", "SHAPE_Le_2": 2833.83038885, "S": "S", "Shape_Length": 3223.5903796345856, "Shape_Area": 560840.5544347679}, "geometry": {"type": "Polygon", "coordinates": [[[76.95228772837339, 28.36855454748357], [76.95234889106784, 28.368808365706766], [76.9548995818586, 28.372477324904615], [76.95232539473325, 28.37450830659382], [76.9513123088918, 28.37398014494568], [76.94899098763746, 28.372812411850308], [76.94746507246494, 28.372034387063522], [76.94672765353306, 28.3717130492597], [76.94575405583484, 28.371318676902387], [76.94513538969196, 28.370995635160963], [76.94469210164193, 28.370667699733804], [76.94447241594426, 28.370463114237104], [76.94408632632336, 28.37001498042587], [76.94390252562633, 28.369688312184905], [76.94377216480723, 28.36941437963209], [76.94357411593151, 28.36899820808046], [76.94342635205042, 28.36865224929651], [76.9451954375771, 28.368544562693895], [76.95228772837339, 28.36855454748357]]]}}, {"type": "Feature", "properties": {"OBJECTID_12": 3, "OBJECTID": 151, "OBJECTID_1": 0, "Id": 0, "Area": 0, "Name": "M1A", "Density": "250/100", "Shape_Leng": 0, "Shape_Le_1": 0, "Sector_Nam": " ", "SHAPE_Le_2": 4167.02014394, "S": "S", "Shape_Length": 4742.227822766074, "Shape_Area": 1409627.9569786314}, "geometry": {"type": "Polygon", "coordinates": [[[76.9553591976872, 28.35305849597255], [76.957932699398, 28.3548247070252], [76.95840718503948, 28.35567742099595], [76.95840573246367, 28.35581095442192], [76.9571646838475, 28.357049694321883], [76.95425417197136, 28.359650941694643], [76.95275852912559, 28.361697048234852], [76.95270297461346, 28.362132003445073], [76.94497745957678, 28.3621382664494], [76.94506710874718, 28.354712694000742], [76.94511501769792, 28.352603287514462], [76.9553591976872, 28.35305849597255]]]}}, {"type": "Feature", "properties": {"OBJECTID_12": 4, "OBJECTID": 152, "OBJECTID_1": 0, "Id": 0, "Area": 0, "Name": "M1B", "Density": "250/100", "Shape_Leng": 0, "Shape_Le_1": 0, "Sector_Nam": " ", "SHAPE_Le_2": 1868.54529551, "S": "S", "Shape_Length": 2127.0762003130562, "Shape_Area": 218561.1499635756}, "geometry": {"type": "Polygon", "coordinates": [[[76.94502662796555, 28.358065431739956], [76.94497745957678, 28.3621382664494], [76.94064188099516, 28.36214158964378], [76.94046981948229, 28.361729247145494], [76.9403918025965, 28.361537511986203], [76.93978960616599, 28.360057509763912], [76.94216482004916, 28.36016034973626], [76.94222921667863, 28.35800486884449], [76.94502662796555, 28.358065431739956]]]}}, {"type": "Feature", "properties": {"OBJECTID_12": 5, "OBJECTID": 153, "OBJECTID_1": 0, "Id": 0, "Area": 0, "Name": "M1B", "Density": "250/100", "Shape_Leng": 0, "Shape_Le_1": 0, "Sector_Nam": " ", "SHAPE_Le_2": 5872.89225201, "S": "S", "Shape_Length": 6684.533127495964, "Shape_Area": 1535331.3768126837}, "geometry": {"type": "Polygon", "coordinates": [[[76.94502662796555, 28.358065431739956], [76.94222921667863, 28.35800486884449], [76.94216482004916, 28.36016034973626], [76.93978960616599, 28.360057509763912], [76.93967585699312, 28.359777945323074], [76.93915281920718, 28.358474597177906], [76.9385887993796, 28.35714317822913], [76.93794608443822, 28.35549054854381], [76.93779222279301, 28.35504386696601], [76.93768514361112, 28.354646659448388], [76.93763598690047, 28.354317870309835], [76.93762200731801, 28.353845325052045], [76.9376573650076, 28.35356308563882], [76.93773886556006, 28.353146485113047], [76.93788233818903, 28.35272422732923], [76.93819956835016, 28.351912710240132], [76.93849059285779, 28.351144540004306], [76.93868821683043, 28.350841452458976], [76.93887176599915, 28.350248628333212], [76.93894187501552, 28.3498293236836], [76.93898608111066, 28.34941038736912], [76.93898209528574, 28.34883455595194], [76.9388507741676, 28.34766745377362], [76.93862768026176, 28.34585795505463], [76.94503786588977, 28.347774890384624], [76.94734783064226, 28.34864920360852], [76.95037200904623, 28.350205662292424], [76.95248052479964, 28.350390364441104], [76.95282134561845, 28.351316642875165], [76.9553591976872, 28.35305849597255], [76.94511501769792, 28.352603287514462], [76.94506710874718, 28.354712694000742], [76.94502662796555, 28.358065431739956]]]}}, {"type": "Feature", "properties": {"OBJECTID_12": 6, "OBJECTID": 154, "OBJECTID_1": 0, "Id": 0, "Area": 0, "Name": "M1C", "Density": "250/100", "Shape_Leng": 0, "Shape_Le_1": 0, "Sector_Nam": " ", "SHAPE_Le_2": 2447.80533673, "S": "S", "Shape_Length": 2787.8727059194644, "Shape_Area": 447393.6018776842}, "geometry": {"type": "Polygon", "coordinates": [[[76.94732956429928, 28.362136405650247], [76.95270297461346, 28.362132003445073], [76.95234302776394, 28.364950114899607], [76.95236365577783, 28.366076758966727], [76.9518581117837, 28.36677162476835], [76.95228772837339, 28.36855454748357], [76.94741610709544, 28.368547728390848], [76.94732956429928, 28.362136405650247]]]}}, {"type": "Feature", "properties": {"OBJECTID_12": 7, "OBJECTID": 155, "OBJECTID_1": 0, "Id": 0, "Area": 0, "Name": "M1", "Density": "250/100", "Shape_Leng": 0, "Shape_Le_1": 0, "Sector_Nam": " ", "SHAPE_Le_2": 2529.27367838, "S": "S", "Shape_Length": 2880.279611187951, "Shape_Area": 485575.12942776165}, "geometry": {"type": "Polygon", "coordinates": [[[76.94741610709544, 28.368547728390848], [76.9451954375771, 28.368544562693895], [76.94342635205042, 28.36865224929651], [76.94273385517096, 28.36703087604986], [76.94189684721002, 28.365092142031013], [76.94116410490747, 28.36339306451718], [76.94064188099516, 28.36214158964378], [76.94732956429928, 28.362136405650247], [76.94741610709544, 28.368547728390848]]]}}, {"type": "Feature", "properties": {"OBJECTID_12": 8, "OBJECTID": 156, "OBJECTID_1": 0, "Id": 0, "Area": 0, "Name": "82 A", "Density": "250/100", "Shape_Leng": 0, "Shape_Le_1": 0, "Sector_Nam": " ", "SHAPE_Le_2": 4292.1907604, "S": "S", "Shape_Length": 4885.999813603416, "Shape_Area": 1508592.4187781245}, "geometry": {"type": "Polygon", "coordinates": [[[76.95657583997541, 28.386387217060342], [76.95697321243625, 28.385793681063987], [76.95735447361254, 28.385223063954587], [76.95839837076988, 28.383660676106967], [76.96077794597377, 28.380111941401395], [76.96151960315719, 28.379247999955783], [76.96323260686069, 28.38010017387935], [76.96487306801173, 28.380928886711693], [76.96659722340114, 28.381756371996417], [76.9686040732206, 28.38283283106547], [76.96885524756394, 28.38298439407198], [76.96905189416952, 28.383072070720715], [76.9692453131283, 28.383165195022947], [76.96943531220079, 28.383263671334756], [76.96962170094415, 28.38336740401189], [76.9698042943054, 28.38347628950627], [76.96998291082495, 28.383590217947], [76.97015737173794, 28.383709075511305], [76.9703275027713, 28.383832745214917], [76.97049313414337, 28.383961102170183], [76.97109538806605, 28.384556443234533], [76.97265029905931, 28.38615270300569], [76.96735147137159, 28.39172417442298], [76.95657583997541, 28.386387217060342]]]}}, {"type": "Feature", "properties": {"OBJECTID_12": 9, "OBJECTID": 157, "OBJECTID_1": 0, "Id": 0, "Area": 0, "Name": "83", "Density": "250/100", "Shape_Leng": 0, "Shape_Le_1": 0, "Sector_Nam": " ", "SHAPE_Le_2": 6170.12599896, "S": "S", "Shape_Length": 7026.273850632315, "Shape_Area": 3042187.0956079764}, "geometry": {"type": "Polygon", "coordinates": [[[76.97265029905931, 28.38615270300569], [76.97431543333796, 28.387866723172767], [76.97605168364437, 28.389627441681785], [76.97646859625931, 28.38997952544876], [76.97794631861346, 28.39148133566576], [76.97896191973773, 28.39252188311764], [76.98332966519304, 28.397105042123627], [76.97900997870711, 28.4004157196171], [76.97703623000926, 28.401811317415042], [76.97581335700622, 28.402675954464403], [76.97568384240016, 28.402767527803675], [76.97301494230115, 28.40536135644684], [76.96225828871364, 28.399875166252468], [76.96109847474862, 28.399437518701486], [76.96513188881475, 28.39405773510228], [76.97265029905931, 28.38615270300569]]]}}, {"type": "Feature", "properties": {"OBJECTID_12": 10, "OBJECTID": 158, "OBJECTID_1": 0, "Id": 0, "Area": 0, "Name": "82", "Density": "250/100", "Shape_Leng": 0, "Shape_Le_1": 0, "Sector_Nam": " ", "SHAPE_Le_2": 4514.7146002, "S": "S", "Shape_Length": 5140.036925180446, "Shape_Area": 1640088.916926193}, "geometry": {"type": "Polygon", "coordinates": [[[76.96735147137159, 28.39172417442298], [76.96513188881475, 28.39405773510228], [76.96109847474862, 28.399437518701486], [76.95089498305182, 28.39558670401531], [76.95103684410319, 28.39529595178572], [76.9522008073865, 28.392910281331073], [76.9529115715073, 28.391857200178507], [76.9545766752432, 28.38937315959501], [76.95657583997541, 28.386387217060342], [76.96735147137159, 28.39172417442298]]]}}, {"type": "Feature", "properties": {"OBJECTID_12": 11, "OBJECTID": 159, "OBJECTID_1": 0, "Id": 0, "Area": 0, "Name": "85", "Density": "250/100", "Shape_Leng": 0, "Shape_Le_1": 0, "Sector_Nam": " ", "SHAPE_Le_2": 5460.64769256, "S": "S", "Shape_Length": 6219.5050154407545, "Shape_Area": 2380139.343821543}, "geometry": {"type": "Polygon", "coordinates": [[[76.96299373584347, 28.400250310363802], [76.96147486346277, 28.401984454630863], [76.96167661519412, 28.4023826591183], [76.96153361867226, 28.405173394177627], [76.9614088310012, 28.406607730543442], [76.96045139489327, 28.407404639778374], [76.95729314203484, 28.408347802681437], [76.95472966103104, 28.412147373158735], [76.95310173946304, 28.411292173934072], [76.9482784735985, 28.408739726160494], [76.94564428260544, 28.40732290303863], [76.9454072881689, 28.40719542931341], [76.94727412027993, 28.403199639047802], [76.95019807095272, 28.397015041968253], [76.95089498305182, 28.39558670401531], [76.96225828871364, 28.399875166252468], [76.96299373584347, 28.400250310363802]]]}}, {"type": "Feature", "properties": {"OBJECTID_12": 12, "OBJECTID": 160, "OBJECTID_1": 0, "Id": 0, "Area": 0, "Name": "84", "Density": "250/100", "Shape_Leng": 0, "Shape_Le_1": 0, "Sector_Nam": " ", "SHAPE_Le_2": 5570.19835811, "S": "S", "Shape_Length": 6344.708903818845, "Shape_Area": 2063563.631902446}, "geometry": {"type": "Polygon", "coordinates": [[[76.96299373584347, 28.400250310363802], [76.97301494230115, 28.40536135644684], [76.97127861653622, 28.40704875086051], [76.97004628427328, 28.40839597826589], [76.96819929864178, 28.410852267971627], [76.96438150719331, 28.417497069612253], [76.96433736757349, 28.417605154463494], [76.96023083154155, 28.41510054467354], [76.95743732792612, 28.413569722500416], [76.95472966103104, 28.412147373158735], [76.95729314203484, 28.408347802681437], [76.96045139489327, 28.407404639778374], [76.9614088310012, 28.406607730543442], [76.96153361867226, 28.405173394177627], [76.96167661519412, 28.4023826591183], [76.96147486346277, 28.401984454630863], [76.96299373584347, 28.400250310363802]]]}}, {"type": "Feature", "properties": {"OBJECTID_12": 13, "OBJECTID": 161, "OBJECTID_1": 0, "Id": 0, "Area": 0, "Name": "88", "Density": "300", "Shape_Leng": 0, "Shape_Le_1": 0, "Sector_Nam": " ", "SHAPE_Le_2": 5565.44140777, "S": "S", "Shape_Length": 6343.600729508566, "Shape_Area": 2270205.5109986016}, "geometry": {"type": "Polygon", "coordinates": [[[76.9625205554541, 28.422705301310774], [76.96232506587857, 28.42382394253887], [76.96184012384721, 28.42659880237912], [76.96127781800521, 28.42993860486291], [76.96122819417057, 28.42990040071087], [76.96038269174035, 28.42957163951298], [76.95942794518841, 28.42911838291709], [76.9590547625615, 28.428917470704107], [76.95834093159232, 28.428346134685217], [76.95794632953579, 28.428019747327443], [76.95780123814266, 28.427961385019366], [76.95754539705143, 28.427902020177285], [76.95732680280685, 28.427882243475757], [76.95690317438682, 28.427874965263157], [76.95595316285474, 28.428029965882732], [76.9551433792368, 28.428173394479455], [76.95419605636236, 28.4283574726251], [76.95375349325279, 28.428378152196487], [76.95350229016339, 28.4283769838012], [76.95319660155704, 28.428350332693476], [76.95109518698594, 28.428048603387484], [76.94957154095783, 28.427829610129535], [76.95052170969507, 28.423195500256952], [76.95150819552265, 28.42034009491267], [76.95472966103104, 28.412147373158735], [76.95743732792612, 28.413569722500416], [76.96023083154155, 28.41510054467354], [76.96433736757349, 28.417605154463494], [76.96271956283225, 28.421566521972924], [76.9625205554541, 28.422705301310774]]]}}, {"type": "Feature", "properties": {"OBJECTID_12": 14, "OBJECTID": 162, "OBJECTID_1": 0, "Id": 0, "Area": 0, "Name": "89", "Density": "250/100", "Shape_Leng": 0, "Shape_Le_1": 0, "Sector_Nam": " ", "SHAPE_Le_2": 6476.22458436, "S": "S", "Shape_Length": 7379.654819329197, "Shape_Area": 3152135.3358626557}, "geometry": {"type": "Polygon", "coordinates": [[[76.95052170969507, 28.423195500256952], [76.94957154095783, 28.427829610129535], [76.94751521462746, 28.42753402551079], [76.94600111409756, 28.42729782661083], [76.9445806925804, 28.42701490737126], [76.94238468361327, 28.426559201085155], [76.94071817670888, 28.426258265369135], [76.94052842646971, 28.426220382211163], [76.94014792706481, 28.426089715113832], [76.93902551086343, 28.425558955398277], [76.93884325347204, 28.425487536792243], [76.93654557138441, 28.42478487521823], [76.93556566661462, 28.42451469226724], [76.93516929218201, 28.424435108105747], [76.93764483530602, 28.420340745123834], [76.94012846506419, 28.41623266127808], [76.94156807279919, 28.413907403823977], [76.94564428260544, 28.40732290303863], [76.9482784735985, 28.408739726160494], [76.95310173946304, 28.411292173934072], [76.95472966103104, 28.412147373158735], [76.95150819552265, 28.42034009491267], [76.95052170969507, 28.423195500256952]]]}}, {"type": "Feature", "properties": {"OBJECTID_12": 15, "OBJECTID": 163, "OBJECTID_1": 0, "Id": 0, "Area": 0, "Name": "94", "Density": "700", "Shape_Leng": 0, "Shape_Le_1": 0, "Sector_Nam": " ", "SHAPE_Le_2": 3195.65989561, "S": "S", "Shape_Length": 3637.400946244407, "Shape_Area": 737785.9810165128}, "geometry": {"type": "Polygon", "coordinates": [[[76.9339968290395, 28.41940615843258], [76.93764483530602, 28.420340745123834], [76.93516929218201, 28.424435108105747], [76.93487715106849, 28.424376451513858], [76.93330254091936, 28.424076503440226], [76.93191418835951, 28.42391953619357], [76.9298134654912, 28.423648500966735], [76.92882991535798, 28.423473823849633], [76.927679372905, 28.423174961878274], [76.92617888454659, 28.422790315080988], [76.92607864154402, 28.4173771904545], [76.93375187373287, 28.419343398656178], [76.9339968290395, 28.41940615843258]]]}}, {"type": "Feature", "properties": {"OBJECTID_12": 16, "OBJECTID": 164, "OBJECTID_1": 0, "Id": 0, "Area": 0, "Name": "93", "Density": "250/100", "Shape_Leng": 0, "Shape_Le_1": 0, "Sector_Nam": " ", "SHAPE_Le_2": 4513.61317693, "S": "S", "Shape_Length": 5139.379341628044, "Shape_Area": 1607537.925555138}, "geometry": {"type": "Polygon", "coordinates": [[[76.93365319559554, 28.419318116814228], [76.92607864154402, 28.4173771904545], [76.9260044011757, 28.413367238499664], [76.9277333688401, 28.40829200775618], [76.94156807279919, 28.413907403823977], [76.94012846506419, 28.41623266127808], [76.93764483530602, 28.420340745123834], [76.9339968290395, 28.41940615843258], [76.93365319559554, 28.419318116814228]]]}}, {"type": "Feature", "properties": {"OBJECTID_12": 17, "OBJECTID": 165, "OBJECTID_1": 0, "Id": 0, "Area": 0, "Name": "90", "Density": "250/100", "Shape_Leng": 0, "Shape_Le_1": 0, "Sector_Nam": " ", "SHAPE_Le_2": 4922.36836366, "S": "S", "Shape_Length": 5604.522964066349, "Shape_Area": 1828999.5804338094}, "geometry": {"type": "Polygon", "coordinates": [[[76.93827777927204, 28.412572084707286], [76.93815613480616, 28.412522714798175], [76.93807295170916, 28.412488955042956], [76.93471304683237, 28.411125258312726], [76.9277333688401, 28.40829200775618], [76.9290667660641, 28.40527908556117], [76.93136936373297, 28.400027176644414], [76.93253034460953, 28.400617154496842], [76.93967518954487, 28.40418290183278], [76.9454072881689, 28.40719542931341], [76.94564428260544, 28.40732290303863], [76.94156807279919, 28.413907403823977], [76.93827777927204, 28.412572084707286]]]}}, {"type": "Feature", "properties": {"OBJECTID_12": 18, "OBJECTID": 166, "OBJECTID_1": 0, "Id": 0, "Area": 0, "Name": "81", "Density": "250/100", "Shape_Leng": 0, "Shape_Le_1": 0, "Sector_Nam": " ", "SHAPE_Le_2": 5303.9011771, "S": "S", "Shape_Length": 6036.154909623627, "Shape_Area": 2326040.308291524}, "geometry": {"type": "Polygon", "coordinates": [[[76.9545766752432, 28.38937315959501], [76.9529115715073, 28.391857200178507], [76.9522008073865, 28.392910281331073], [76.95103684410319, 28.39529595178572], [76.9381608797075, 28.39012597385097], [76.9368778806659, 28.389209613979205], [76.93857463204927, 28.386156690884622], [76.94229334022023, 28.38280885166813], [76.94540154523928, 28.38152295970757], [76.94876225500656, 28.382238955878023], [76.95489964384235, 28.384204343038657], [76.95735447361254, 28.385223063954587], [76.95697321243625, 28.385793681063987], [76.95657583997541, 28.386387217060342], [76.95531500596512, 28.388270415524044], [76.9545766752432, 28.38937315959501]]]}}, {"type": "Feature", "properties": {"OBJECTID_12": 19, "OBJECTID": 167, "OBJECTID_1": 0, "Id": 0, "Area": 0, "Name": "86", "Density": "250/100", "Shape_Leng": 0, "Shape_Le_1": 0, "Sector_Nam": " ", "SHAPE_Le_2": 5881.04581748, "S": "S", "Shape_Length": 6698.011850320734, "Shape_Area": 2739601.97969448}, "geometry": {"type": "Polygon", "coordinates": [[[76.94911617955042, 28.399303489414564], [76.94894099908684, 28.399674027079023], [76.94727412027993, 28.403199639047802], [76.9454072881689, 28.40719542931341], [76.93967518954487, 28.40418290183278], [76.93253034460953, 28.400617154496842], [76.93136936373297, 28.400027176644414], [76.93512366405378, 28.392365737600556], [76.9368778806659, 28.389209613979205], [76.9381608797075, 28.39012597385097], [76.95103684410319, 28.39529595178572], [76.95089498305182, 28.39558670401531], [76.95019807095272, 28.397015041968253], [76.94911617955042, 28.399303489414564]]]}}, {"type": "Feature", "properties": {"OBJECTID_12": 20, "OBJECTID": 168, "OBJECTID_1": 0, "Id": 0, "Area": 0, "Name": "M11", "Density": "320/330/340", "Shape_Leng": 0, "Shape_Le_1": 0, "Sector_Nam": " ", "SHAPE_Le_2": 8547.4332738, "S": "S", "Shape_Length": 9752.502676557477, "Shape_Area": 2469983.349255669}, "geometry": {"type": "Polygon", "coordinates": [[[76.8695395911482, 28.380818887376925], [76.87222976964135, 28.37430044679036], [76.87262003912326, 28.372225848745366], [76.87337535339393, 28.36821053963662], [76.87363656102067, 28.36755533428606], [76.87694327934446, 28.359260167947298], [76.87840841360656, 28.355584356361394], [76.87844385394116, 28.356770540146496], [76.87881910718477, 28.369326701969037], [76.87879666726899, 28.37344521010431], [76.87891531495508, 28.379685811478215], [76.87890504271981, 28.38008325643399], [76.87925284255003, 28.388680147285736], [76.87926049260301, 28.388869211225554], [76.8793876572163, 28.392011827562467], [76.8695395911482, 28.380818887376925]]]}}, {"type": "Feature", "properties": {"OBJECTID_12": 21, "OBJECTID": 169, "OBJECTID_1": 0, "Id": 0, "Area": 0, "Name": "P4", "Density": " ", "Shape_Leng": 0, "Shape_Le_1": 0, "Sector_Nam": " ", "SHAPE_Le_2": 4751.75104366, "S": "S", "Shape_Length": 5408.340510289524, "Shape_Area": 1374445.3821554482}, "geometry": {"type": "Polygon", "coordinates": [[[76.89541974276828, 28.350184714483387], [76.89542457300958, 28.350528273999245], [76.89553056253499, 28.35806458984227], [76.89226190313485, 28.356390906966087], [76.89148594288402, 28.354033143519437], [76.8904369064649, 28.35332185366156], [76.8897535670114, 28.353751550481906], [76.88693982614924, 28.353370300900366], [76.8842353877993, 28.351841413556183], [76.88232969546733, 28.351523918409804], [76.88098304270301, 28.35003160332177], [76.88205367012998, 28.34683075702802], [76.8953750345149, 28.34700469079667], [76.89541974276828, 28.350184714483387]]]}}, {"type": "Feature", "properties": {"OBJECTID_12": 22, "OBJECTID": 170, "OBJECTID_1": 0, "Id": 0, "Area": 0, "Name": "P3", "Density": " ", "Shape_Leng": 0, "Shape_Le_1": 0, "Sector_Nam": " ", "SHAPE_Le_2": 3992.31956466, "S": "S", "Shape_Length": 4546.808042046003, "Shape_Area": 906681.0209459558}, "geometry": {"type": "Polygon", "coordinates": [[[76.90401500576473, 28.349503704075712], [76.90290547769268, 28.350245032809603], [76.90127582057957, 28.350879001272304], [76.90163889895616, 28.351867189781466], [76.9012748450092, 28.35324754039401], [76.90026657234102, 28.354827882617887], [76.89879661053259, 28.35473375791626], [76.89760842327932, 28.358341297141536], [76.89553056253499, 28.35806458984227], [76.89542457300958, 28.350528273999245], [76.89541974276828, 28.350184714483387], [76.8953750345149, 28.34700469079667], [76.90483983975693, 28.347127477494734], [76.90469599163215, 28.348745432703666], [76.90401500576473, 28.349503704075712]]]}}, {"type": "Feature", "properties": {"OBJECTID_12": 23, "OBJECTID": 171, "OBJECTID_1": 0, "Id": 0, "Area": 0, "Name": "P5", "Density": " ", "Shape_Leng": 0, "Shape_Le_1": 0, "Sector_Nam": " ", "SHAPE_Le_2": 5436.92597694, "S": "S", "Shape_Length": 6190.42874318964, "Shape_Area": 2388801.876218217}, "geometry": {"type": "Polygon", "coordinates": [[[76.88205367012998, 28.34683075702802], [76.88139111140397, 28.346852820241477], [76.88154165197763, 28.346360958995316], [76.88172207770413, 28.345020957851936], [76.88194058840539, 28.34339807249912], [76.88223021333785, 28.34124695482761], [76.8823816198874, 28.34012238836002], [76.88298060034917, 28.338237569974527], [76.88364976079421, 28.33613183549287], [76.8842045567204, 28.334946658600735], [76.88517448569897, 28.33287459103087], [76.88535666314027, 28.332941395821525], [76.89477307973122, 28.333307809325387], [76.89507358505838, 28.340146254062375], [76.89519924858686, 28.343005480579745], [76.8953750345149, 28.34700469079667], [76.88205367012998, 28.34683075702802]]]}}, {"type": "Feature", "properties": {"OBJECTID_12": 24, "OBJECTID": 172, "OBJECTID_1": 0, "Id": 0, "Area": 0, "Name": "P6", "Density": " ", "Shape_Leng": 0, "Shape_Le_1": 0, "Sector_Nam": " ", "SHAPE_Le_2": 5378.20614032, "S": "S", "Shape_Length": 6123.3999421915805, "Shape_Area": 2282557.713529116}, "geometry": {"type": "Polygon", "coordinates": [[[76.90709067829575, 28.339460835439816], [76.90715401491316, 28.340317388029654], [76.90744621801049, 28.344268868722228], [76.90670311453947, 28.344971672708425], [76.90690296274072, 28.347093865313358], [76.90483983975693, 28.347127477494734], [76.8953750345149, 28.34700469079667], [76.89519924858686, 28.343005480579745], [76.89507358505838, 28.340146254062375], [76.89477307973122, 28.333307809325387], [76.90720502844154, 28.333790560532503], [76.90693054461322, 28.33552402965206], [76.90684127812511, 28.336087769443164], [76.90709067829575, 28.339460835439816]]]}}, {"type": "Feature", "properties": {"OBJECTID_12": 25, "OBJECTID": 173, "OBJECTID_1": 0, "Id": 0, "Area": 0, "Name": "P7", "Density": " ", "Shape_Leng": 0, "Shape_Le_1": 0, "Sector_Nam": " ", "SHAPE_Le_2": 7497.14092781, "S": "S", "Shape_Length": 8525.900242433225, "Shape_Area": 3327108.197883612}, "geometry": {"type": "Polygon", "coordinates": [[[76.88535666314027, 28.332941395821525], [76.88517448569897, 28.33287459103087], [76.88614797739596, 28.330794828122908], [76.88782006822815, 28.327589651694282], [76.88974356786397, 28.32421069090024], [76.89060252346394, 28.322701713175114], [76.89292494695113, 28.31732538574135], [76.89413569539273, 28.31831853710332], [76.89648850708936, 28.32024841246305], [76.90020217571156, 28.323336960998315], [76.90240276608667, 28.325088422772595], [76.90363484322806, 28.325907862546295], [76.90405904656986, 28.326091042834317], [76.9064378321546, 28.326934557049988], [76.91017913744652, 28.328280413987486], [76.91261073498683, 28.329174650358343], [76.91411692405403, 28.329743744623276], [76.91474351333777, 28.33001573393172], [76.90720502844154, 28.333790560532503], [76.90193846374724, 28.333586190990882], [76.9011596594302, 28.33355595238106], [76.89477307973122, 28.333307809325387], [76.88535666314027, 28.332941395821525]]]}}, {"type": "Feature", "properties": {"OBJECTID_12": 26, "OBJECTID": 174, "OBJECTID_1": 0, "Id": 0, "Area": 0, "Name": "P1", "Density": " ", "Shape_Leng": 0, "Shape_Le_1": 0, "Sector_Nam": " ", "SHAPE_Le_2": 2646.72098096, "S": "S", "Shape_Length": 3009.466792875822, "Shape_Area": 375555.02008287644}, "geometry": {"type": "Polygon", "coordinates": [[[76.91391184316625, 28.333877115502485], [76.9142581796409, 28.33513291963205], [76.90693054461322, 28.33552402965206], [76.90720502844154, 28.333790560532503], [76.91474351333777, 28.33001573393172], [76.91567369186501, 28.330604355236435], [76.91709300306445, 28.331549497057885], [76.91468061060661, 28.332204539535397], [76.91404683300398, 28.332977474724068], [76.91391184316625, 28.333877115502485]]]}}, {"type": "Feature", "properties": {"OBJECTID_12": 27, "OBJECTID": 175, "OBJECTID_1": 0, "Id": 0, "Area": 0, "Name": "P2", "Density": " ", "Shape_Leng": 0, "Shape_Le_1": 0, "Sector_Nam": " ", "SHAPE_Le_2": 12736.1045621, "S": "S", "Shape_Length": 14496.315375931941, "Shape_Area": 11499686.698527632}, "geometry": {"type": "Polygon", "coordinates": [[[76.93978960616599, 28.360057509763912], [76.93309943363023, 28.360084681597034], [76.93304124705432, 28.360448422074676], [76.91462365202771, 28.360536461215414], [76.90482350658844, 28.360606031151747], [76.90469599163215, 28.348745432703666], [76.90483983975693, 28.347127477494734], [76.90690296274072, 28.347093865313358], [76.90670311453947, 28.344971672708425], [76.90744621801049, 28.344268868722228], [76.90715401491316, 28.340317388029654], [76.90709067829575, 28.339460835439816], [76.90684127812511, 28.336087769443164], [76.90693054461322, 28.33552402965206], [76.9142581796409, 28.33513291963205], [76.91391184316625, 28.333877115502485], [76.91404683300398, 28.332977474724068], [76.91468061060661, 28.332204539535397], [76.91709300306445, 28.331549497057885], [76.91779738555347, 28.332018545374517], [76.91824394167446, 28.332361814156812], [76.91855339871341, 28.332643974700535], [76.91889749568806, 28.33305171519745], [76.91937520987469, 28.333686784931036], [76.92002632316564, 28.33460019745974], [76.92063208860279, 28.335347348435864], [76.92122410442616, 28.33585473665355], [76.92170902040641, 28.336168799661348], [76.92208869156461, 28.336392660716253], [76.92268954231882, 28.336670704588844], [76.92327579455134, 28.336857268588002], [76.92386143053956, 28.337009455471076], [76.92449809353087, 28.33711794338457], [76.92500730714295, 28.337162330018963], [76.92547016319475, 28.337150065937905], [76.92592618127064, 28.337117840597426], [76.92708559099377, 28.336943879569553], [76.92957160488075, 28.33653053073066], [76.93165118320388, 28.336205984415844], [76.93295249799584, 28.336001312736748], [76.93375351225995, 28.33588681372943], [76.93459775165893, 28.335834728504405], [76.9350515616758, 28.335859807281704], [76.93542490420285, 28.335911811845175], [76.93599775446964, 28.336072724423687], [76.93636001807425, 28.336228027697224], [76.9368639855251, 28.336518845350536], [76.93720854243712, 28.336768946519957], [76.93744867019741, 28.336974690451907], [76.9378859449249, 28.337515716166617], [76.93815471816298, 28.338050539535868], [76.9382565754381, 28.338309819050068], [76.9383358742198, 28.33857514805704], [76.93839334394009, 28.338886629434597], [76.938420323043, 28.339124050826918], [76.9384474467747, 28.339547703632757], [76.93845255998532, 28.34107760683401], [76.93843304857732, 28.342321346997558], [76.93839330261758, 28.343164258003945], [76.93839890900327, 28.343651248803752], [76.93841261549788, 28.344049306254743], [76.9384475294197, 28.344366838770327], [76.93858489709802, 28.34551093417028], [76.93862768026176, 28.34585795505463], [76.9388507741676, 28.34766745377362], [76.93898209528574, 28.34883455595194], [76.93898608111066, 28.34941038736912], [76.93894187501552, 28.3498293236836], [76.93887176599915, 28.350248628333212], [76.93868821683043, 28.350841452458976], [76.93849059285779, 28.351144540004306], [76.93819956835016, 28.351912710240132], [76.93788233818903, 28.35272422732923], [76.93773886556006, 28.353146485113047], [76.9376573650076, 28.35356308563882], [76.93762200731801, 28.353845325052045], [76.93763598690047, 28.354317870309835], [76.93768514361112, 28.354646659448388], [76.93779222279301, 28.35504386696601], [76.93794608443822, 28.35549054854381], [76.9385887993796, 28.35714317822913], [76.93915281920718, 28.358474597177906], [76.93967585699312, 28.359777945323074], [76.93978960616599, 28.360057509763912]]]}}, {"type": "Feature", "properties": {"OBJECTID_12": 28, "OBJECTID": 176, "OBJECTID_1": 0, "Id": 0, "Area": 0, "Name": "M3A", "Density": " ", "Shape_Leng": 0, "Shape_Le_1": 0, "Sector_Nam": " ", "SHAPE_Le_2": 11254.9390685, "S": "S", "Shape_Length": 12819.820904466511, "Shape_Area": 6076630.302761897}, "geometry": {"type": "Polygon", "coordinates": [[[76.89328659790472, 28.369132610821705], [76.88952839799724, 28.369182853027844], [76.88126312303554, 28.369292985365462], [76.87881910718477, 28.369326701969037], [76.87844385394116, 28.356770540146496], [76.88098304270301, 28.35003160332177], [76.88232969546733, 28.351523918409804], [76.8842353877993, 28.351841413556183], [76.88693982614924, 28.353370300900366], [76.8897535670114, 28.353751550481906], [76.8904369064649, 28.35332185366156], [76.89148594288402, 28.354033143519437], [76.89226190313485, 28.356390906966087], [76.89553056253499, 28.35806458984227], [76.89760842327932, 28.358341297141536], [76.89879661053259, 28.35473375791626], [76.90026657234102, 28.354827882617887], [76.9012748450092, 28.35324754039401], [76.90163889895616, 28.351867189781466], [76.90127582057957, 28.350879001272304], [76.90290547769268, 28.350245032809603], [76.90401500576473, 28.349503704075712], [76.90469599163215, 28.348745432703666], [76.90487237404157, 28.36514864581512], [76.90498535425654, 28.372448011870034], [76.89923618404887, 28.372520074843916], [76.89655825947453, 28.372519169828365], [76.89651199803403, 28.36943309226377], [76.89648833910441, 28.369074321201232], [76.89624680278573, 28.36909296354441], [76.89328659790472, 28.369132610821705]]]}}, {"type": "Feature", "properties": {"OBJECTID_12": 29, "OBJECTID": 177, "OBJECTID_1": 0, "Id": 0, "Area": 0, "Name": "M4", "Density": " ", "Shape_Leng": 0, "Shape_Le_1": 0, "Sector_Nam": " ", "SHAPE_Le_2": 4500.90654018, "S": "S", "Shape_Length": 5120.773391245738, "Shape_Area": 1514515.0283913943}, "geometry": {"type": "Polygon", "coordinates": [[[76.91822118375504, 28.372277074335578], [76.91533450238676, 28.372317678397625], [76.91252092322135, 28.372353189056174], [76.90966070083145, 28.372389229275917], [76.90498535425654, 28.372448011870034], [76.90487237404157, 28.36514864581512], [76.90944898229203, 28.365069323764267], [76.91962320687685, 28.364926404169385], [76.91960324361628, 28.372257612107834], [76.91822118375504, 28.372277074335578]]]}}, {"type": "Feature", "properties": {"OBJECTID_12": 30, "OBJECTID": 178, "OBJECTID_1": 0, "Id": 0, "Area": 0, "Name": "M5", "Density": " ", "Shape_Leng": 0, "Shape_Le_1": 0, "Sector_Nam": " ", "SHAPE_Le_2": 4445.91386443, "S": "S", "Shape_Length": 5058.222232375902, "Shape_Area": 1491131.1355411957}, "geometry": {"type": "Polygon", "coordinates": [[[76.92931911091225, 28.372128349406395], [76.9293186500765, 28.372128355729654], [76.92696963555859, 28.372159374555785], [76.9203823335976, 28.372246634913424], [76.91960324361628, 28.372257612107834], [76.91962320687685, 28.364926404169385], [76.92373221058088, 28.36486846873743], [76.93402682288851, 28.364783897794837], [76.9341196440102, 28.36995050067602], [76.93415009061013, 28.371914392451075], [76.93391293447681, 28.372055283926514], [76.93303874165301, 28.372079147984078], [76.92931911091225, 28.372128349406395]]]}}, {"type": "Feature", "properties": {"OBJECTID_12": 31, "OBJECTID": 179, "OBJECTID_1": 0, "Id": 0, "Area": 0, "Name": "M2", "Density": "320/330/340", "Shape_Leng": 0, "Shape_Le_1": 0, "Sector_Nam": " ", "SHAPE_Le_2": 3431.32830176, "S": "S", "Shape_Length": 3906.77047108898, "Shape_Area": 912146.2920282448}, "geometry": {"type": "Polygon", "coordinates": [[[76.93928179572241, 28.36970240313829], [76.93865086937248, 28.369742860375805], [76.9341196440102, 28.36995050067602], [76.93402682288851, 28.364783897794837], [76.93398785217487, 28.361682481926017], [76.93960373485221, 28.361791780179807], [76.9403918025965, 28.361537511986203], [76.94046981948229, 28.361729247145494], [76.94064188099516, 28.36214158964378], [76.94116410490747, 28.36339306451718], [76.94189684721002, 28.365092142031013], [76.94273385517096, 28.36703087604986], [76.94342635205042, 28.36865224929651], [76.94357411593151, 28.36899820808046], [76.94377216480723, 28.36941437963209], [76.94058521436872, 28.369618813808], [76.93928179572241, 28.36970240313829]]]}}, {"type": "Feature", "properties": {"OBJECTID_12": 32, "OBJECTID": 180, "OBJECTID_1": 0, "Id": 0, "Area": 0, "Name": "M6", "Density": " ", "Shape_Leng": 0, "Shape_Le_1": 0, "Sector_Nam": " ", "SHAPE_Le_2": 10844.9141914, "S": "S", "Shape_Length": 12338.242790422373, "Shape_Area": 6243714.496948265}, "geometry": {"type": "Polygon", "coordinates": [[[76.94540154523928, 28.38152295970757], [76.94229334022023, 28.38280885166813], [76.93857463204927, 28.386156690884622], [76.9368778806659, 28.389209613979205], [76.93088489601203, 28.38492885017472], [76.92465239714723, 28.37936467073086], [76.92342016100402, 28.379507946294734], [76.91970237989443, 28.379562634861554], [76.91960324361628, 28.372257612107834], [76.9203823335976, 28.372246634913424], [76.92696963555859, 28.372159374555785], [76.9293186500765, 28.372128355729654], [76.92931911091225, 28.372128349406395], [76.93303874165301, 28.372079147984078], [76.93391293447681, 28.372055283926514], [76.93415009061013, 28.371914392451075], [76.9341196440102, 28.36995050067602], [76.93865086937248, 28.369742860375805], [76.93928179572241, 28.36970240313829], [76.94058521436872, 28.369618813808], [76.94377216480723, 28.36941437963209], [76.94390252562633, 28.369688312184905], [76.94408632632336, 28.37001498042587], [76.94447241594426, 28.370463114237104], [76.94469210164193, 28.370667699733804], [76.94513538969196, 28.370995635160963], [76.94575405583484, 28.371318676902387], [76.94672765353306, 28.3717130492597], [76.94746507246494, 28.372034387063522], [76.94899098763746, 28.372812411850308], [76.9513123088918, 28.37398014494568], [76.95232539473325, 28.37450830659382], [76.95335373396821, 28.375044407428977], [76.95558830311894, 28.37618704433692], [76.95770059359317, 28.377283647218068], [76.95787555037624, 28.377374891569744], [76.96038270072349, 28.378682403560873], [76.961268454865, 28.37912305796259], [76.96151960315719, 28.379247999955783], [76.96077794597377, 28.380111941401395], [76.95839837076988, 28.383660676106967], [76.95735447361254, 28.385223063954587], [76.95489964384235, 28.384204343038657], [76.94876225500656, 28.382238955878023], [76.9466168391562, 28.38178188725767], [76.94540154523928, 28.38152295970757]]]}}, {"type": "Feature", "properties": {"OBJECTID_12": 33, "OBJECTID": 181, "OBJECTID_1": 0, "Id": 0, "Area": 0, "Name": "M7", "Density": "320/330/340", "Shape_Leng": 0, "Shape_Le_1": 0, "Sector_Nam": " ", "SHAPE_Le_2": 3563.73146273, "S": "S", "Shape_Length": 4056.794430147853, "Shape_Area": 1020555.0574995193}, "geometry": {"type": "Polygon", "coordinates": [[[76.91966139605623, 28.37654312777686], [76.91970237989443, 28.379562634861554], [76.91082791871102, 28.37969277053785], [76.90982399388884, 28.379704837648912], [76.90966070083145, 28.372389229275917], [76.91252092322135, 28.372353189056174], [76.91533450238676, 28.372317678397625], [76.91822118375504, 28.372277074335578], [76.91960324361628, 28.372257612107834], [76.91965927962539, 28.37638705357328], [76.91966139605623, 28.37654312777686]]]}}, {"type": "Feature", "properties": {"OBJECTID_12": 34, "OBJECTID": 182, "OBJECTID_1": 0, "Id": 0, "Area": 0, "Name": " ", "Density": "320/330/340", "Shape_Leng": 0, "Shape_Le_1": 0, "Sector_Nam": " ", "SHAPE_Le_2": 4196.40936643, "S": "S", "Shape_Length": 4775.353982235279, "Shape_Area": 1351974.6091850821}, "geometry": {"type": "Polygon", "coordinates": [[[76.90297006296836, 28.37978702168875], [76.90279614912937, 28.379789103477066], [76.89937508245644, 28.379829990771064], [76.8966867500012, 28.37985588349367], [76.89655825947453, 28.372519169828365], [76.89923618404887, 28.372520074843916], [76.90498535425654, 28.372448011870034], [76.90966070083145, 28.372389229275917], [76.90982399388884, 28.379704837648912], [76.90297006296836, 28.37978702168875]]]}}, {"type": "Feature", "properties": {"OBJECTID_12": 35, "OBJECTID": 183, "OBJECTID_1": 0, "Id": 0, "Area": 0, "Name": "M8", "Density": "320/330/340", "Shape_Leng": 0, "Shape_Le_1": 0, "Sector_Nam": " ", "SHAPE_Le_2": 5862.77325129, "S": "S", "Shape_Length": 6672.266901962503, "Shape_Area": 2689688.6847042483}, "geometry": {"type": "Polygon", "coordinates": [[[76.8966089163717, 28.37541199480767], [76.8966867500012, 28.37985588349367], [76.89517183919088, 28.379870450469017], [76.89226638842305, 28.379898343561678], [76.87890504271981, 28.38008325643399], [76.87891531495508, 28.379685811478215], [76.87879666726899, 28.37344521010431], [76.87881910718477, 28.369326701969037], [76.88126312303554, 28.369292985365462], [76.88952839799724, 28.369182853027844], [76.89328659790472, 28.369132610821705], [76.89624680278573, 28.36909296354441], [76.89648833910441, 28.369074321201232], [76.89651199803403, 28.36943309226377], [76.89655825947453, 28.372519169828365], [76.89660490090239, 28.37518268726158], [76.8966089163717, 28.37541199480767]]]}}, {"type": "Feature", "properties": {"OBJECTID_12": 36, "OBJECTID": 184, "OBJECTID_1": 0, "Id": 0, "Area": 0, "Name": "M9", "Density": "320/330/340", "Shape_Leng": 0, "Shape_Le_1": 0, "Sector_Nam": " ", "SHAPE_Le_2": 5876.44427262, "S": "S", "Shape_Length": 6689.142394018638, "Shape_Area": 2731242.7261289116}, "geometry": {"type": "Polygon", "coordinates": [[[76.89664271278934, 28.387229582139252], [76.89729563708391, 28.390495938252574], [76.8793876572163, 28.392011827562467], [76.87926049260301, 28.388869211225554], [76.87925284255003, 28.388680147285736], [76.87890504271981, 28.38008325643399], [76.89226638842305, 28.379898343561678], [76.89517183919088, 28.379870450469017], [76.8964350726013, 28.386190783845056], [76.89664271278934, 28.387229582139252]]]}}, {"type": "Feature", "properties": {"OBJECTID_12": 37, "OBJECTID": 185, "OBJECTID_1": 0, "Id": 0, "Area": 0, "Name": "M10", "Density": "320/330/340", "Shape_Leng": 0, "Shape_Le_1": 0, "Sector_Nam": " ", "SHAPE_Le_2": 6010.56894732, "S": "S", "Shape_Length": 6842.022141375946, "Shape_Area": 2907476.2157896175}, "geometry": {"type": "Polygon", "coordinates": [[[76.89656637575312, 28.401351706583338], [76.87985883795587, 28.40365330765328], [76.87979754410742, 28.40213916601279], [76.87961717407644, 28.39768307469987], [76.87948756604558, 28.39448065972833], [76.8793876572163, 28.392011827562467], [76.89729563708391, 28.390495938252574], [76.89894367013449, 28.398739413694866], [76.89756462501934, 28.4002547986991], [76.89747368317323, 28.400354730486736], [76.89656637575312, 28.401351706583338]]]}}, {"type": "Feature", "properties": {"OBJECTID_12": 38, "OBJECTID": 186, "OBJECTID_1": 0, "Id": 0, "Area": 0, "Name": "M14", "Density": "320/330/340", "Shape_Leng": 0, "Shape_Le_1": 0, "Sector_Nam": " ", "SHAPE_Le_2": 6044.28257178, "S": "S", "Shape_Length": 6887.999244178123, "Shape_Area": 2491739.0720788715}, "geometry": {"type": "Polygon", "coordinates": [[[76.90817384800071, 28.388595270518636], [76.90806239492173, 28.388717774383494], [76.89894367013449, 28.398739413694866], [76.89729563708391, 28.390495938252574], [76.89664271278934, 28.387229582139252], [76.8964350726013, 28.386190783845056], [76.89517183919088, 28.379870450469017], [76.8966867500012, 28.37985588349367], [76.89937508245644, 28.379829990771064], [76.90279614912937, 28.379789103477066], [76.90297006296836, 28.37978702168875], [76.90982399388884, 28.379704837648912], [76.90979588470528, 28.386812367742834], [76.90817384800071, 28.388595270518636]]]}}, {"type": "Feature", "properties": {"OBJECTID_12": 39, "OBJECTID": 187, "OBJECTID_1": 0, "Id": 0, "Area": 0, "Name": "M15", "Density": " ", "Shape_Leng": 0, "Shape_Le_1": 0, "Sector_Nam": " ", "SHAPE_Le_2": 5461.50548716, "S": "S", "Shape_Length": 6217.037197753469, "Shape_Area": 2446660.889730442}, "geometry": {"type": "Polygon", "coordinates": [[[76.92876235126882, 28.383034009309853], [76.92049757397382, 28.393151062157383], [76.91475173741419, 28.38951624224243], [76.91305197936956, 28.38868058589453], [76.90979588470528, 28.386812367742834], [76.90982399388884, 28.379704837648912], [76.91082791871102, 28.37969277053785], [76.91970237989443, 28.379562634861554], [76.92342016100402, 28.379507946294734], [76.92465239714723, 28.37936467073086], [76.92876235126882, 28.383034009309853]]]}}, {"type": "Feature", "properties": {"OBJECTID_12": 40, "OBJECTID": 188, "OBJECTID_1": 0, "Id": 0, "Area": 0, "Name": "95", "Density": "250/100", "Shape_Leng": 0, "Shape_Le_1": 0, "Sector_Nam": " ", "SHAPE_Le_2": 7174.74330234, "S": "S", "Shape_Length": 8163.154678355193, "Shape_Area": 2892559.0054420875}, "geometry": {"type": "Polygon", "coordinates": [[[76.91642584316756, 28.42135098912152], [76.91607125297206, 28.42121390797096], [76.91402836184513, 28.4203998282084], [76.91273276842323, 28.419990659158124], [76.91182599011081, 28.419876855174802], [76.90764203726768, 28.41984482482151], [76.90710049239024, 28.419766459363483], [76.90688523898017, 28.4196906836474], [76.90583384987332, 28.4191323835772], [76.9057295545705, 28.41909946181182], [76.90466621787039, 28.418456519092633], [76.90398553473521, 28.41808784531661], [76.90278423297711, 28.417239373341395], [76.90048386223184, 28.415638384627496], [76.8977588542585, 28.41384557784534], [76.89662751958294, 28.413137417314957], [76.90190590790303, 28.407816088033176], [76.91930488346603, 28.415639337470143], [76.92607864154402, 28.4173771904545], [76.92617888454659, 28.422790315080988], [76.92543321369051, 28.42262657060469], [76.92479666837848, 28.42252335748739], [76.92415271645696, 28.42245844671552], [76.92097347805516, 28.42228369416151], [76.92031088519316, 28.422233353875853], [76.91833300783824, 28.42203203436585], [76.91794239160664, 28.421937259856367], [76.91642584316756, 28.42135098912152]]]}}, {"type": "Feature", "properties": {"OBJECTID_12": 41, "OBJECTID": 189, "OBJECTID_1": 0, "Id": 0, "Area": 0, "Name": "92", "Density": "250/100", "Shape_Leng": 0, "Shape_Le_1": 0, "Sector_Nam": " ", "SHAPE_Le_2": 6664.10492148, "S": "S", "Shape_Length": 7584.143157962, "Shape_Area": 2996346.9926459636}, "geometry": {"type": "Polygon", "coordinates": [[[76.92004312794968, 28.41582875862428], [76.91930488346603, 28.415639337470143], [76.91714844708379, 28.414669908091263], [76.90190590790303, 28.407816088033176], [76.90853482072627, 28.401132240099894], [76.9106989898065, 28.40195665505983], [76.91940397752333, 28.405219851021208], [76.92753881800408, 28.408285210972426], [76.9277333688401, 28.40829200775618], [76.9260044011757, 28.413367238499664], [76.92607864154402, 28.4173771904545], [76.92004312794968, 28.41582875862428]]]}}, {"type": "Feature", "properties": {"OBJECTID_12": 42, "OBJECTID": 190, "OBJECTID_1": 0, "Id": 0, "Area": 0, "Name": " ", "Density": "320/330/340", "Shape_Leng": 0, "Shape_Le_1": 0, "Sector_Nam": " ", "SHAPE_Le_2": 8502.5610709, "S": "S", "Shape_Length": 9682.50524247644, "Shape_Area": 3920890.007595943}, "geometry": {"type": "Polygon", "coordinates": [[[76.90853482072627, 28.401132240099894], [76.90579888564584, 28.40389098397843], [76.90190590790303, 28.407816088033176], [76.89662751958294, 28.413137417314957], [76.89590067472024, 28.41268243666204], [76.89328943388605, 28.411082780728446], [76.88988092296587, 28.409290715406456], [76.88950704055135, 28.4091079007199], [76.89747368317323, 28.400354730486736], [76.89756462501934, 28.4002547986991], [76.89894367013449, 28.398739413694866], [76.90557625347401, 28.391450327232423], [76.90806239492173, 28.388717774383494], [76.90817384800071, 28.388595270518636], [76.90979588470528, 28.386812367742834], [76.91305197936956, 28.38868058589453], [76.91475173741419, 28.38951624224243], [76.92004537912777, 28.39286502106855], [76.92049757397382, 28.393151062157383], [76.91833579531058, 28.394492139586482], [76.90853482072627, 28.401132240099894]]]}}, {"type": "Feature", "properties": {"OBJECTID_12": 43, "OBJECTID": 191, "OBJECTID_1": 0, "Id": 0, "Area": 0, "Name": "37 B", "Density": "320/330/340", "Shape_Leng": 0, "Shape_Le_1": 0, "Sector_Nam": " ", "SHAPE_Le_2": 6656.91513697, "S": "S", "Shape_Length": 7588.941418463926, "Shape_Area": 3327129.3727563946}, "geometry": {"type": "Polygon", "coordinates": [[[76.98834557477022, 28.430410229603357], [76.99190373872858, 28.434520559683666], [76.99150600514496, 28.43475707502966], [76.98188108508502, 28.441938086535135], [76.98167214054317, 28.4418580447021], [76.9812988195757, 28.441654333607655], [76.98096693429905, 28.44141277204775], [76.98027443831789, 28.44043154773735], [76.97992484904361, 28.43993525236631], [76.97976939917694, 28.43976847669343], [76.97967376992166, 28.439681051550643], [76.9794904893492, 28.439586306273515], [76.97822267992075, 28.43904033106066], [76.9780401476449, 28.438985684251946], [76.97759747134762, 28.43888611278225], [76.97602540343074, 28.438536496541403], [76.97550448117727, 28.438412267450826], [76.97530245545975, 28.43835503492409], [76.97523863644703, 28.438320248616808], [76.97372562467523, 28.42560920562134], [76.97478475815812, 28.42155888543751], [76.97666180950388, 28.419382847798275], [76.97785912992862, 28.418525369204875], [76.98834557477022, 28.430410229603357]]]}}, {"type": "Feature", "properties": {"OBJECTID_12": 44, "OBJECTID": 192, "OBJECTID_1": 0, "Id": 0, "Area": 0, "Name": "36", "Density": "320/330/340", "Shape_Leng": 0, "Shape_Le_1": 0, "Sector_Nam": " ", "SHAPE_Le_2": 6503.10534727, "S": "S", "Shape_Length": 7407.796681071981, "Shape_Area": 3499024.6069542565}, "geometry": {"type": "Polygon", "coordinates": [[[76.97785912992862, 28.418525369204875], [76.98047289323212, 28.4166534005252], [76.98422845029604, 28.413853037164877], [76.99255784340943, 28.410095786217376], [76.99299487469348, 28.41090001338162], [76.9939568715481, 28.41266464265709], [76.99475964830681, 28.414145091906637], [76.99550373902632, 28.41551895766503], [76.99605736714264, 28.416527929817168], [76.99689084382621, 28.418058052682127], [76.99724059928882, 28.41870710421188], [76.99779165193523, 28.41972088112051], [76.99814411851338, 28.420369891645333], [76.99879061895537, 28.421575652474935], [76.99911209904607, 28.42215587502662], [76.99941688933716, 28.422710081006567], [76.99965747523824, 28.423153014083837], [76.99978899488401, 28.42339699689065], [76.99994530893, 28.423666878534586], [77.00012322296695, 28.423936441901194], [77.00034217653766, 28.424234053489663], [76.98952649824611, 28.430010965279173], [76.98834557477022, 28.430410229603357], [76.97785912992862, 28.418525369204875]]]}}, {"type": "Feature", "properties": {"OBJECTID_12": 45, "OBJECTID": 193, "OBJECTID_1": 0, "Id": 0, "Area": 0, "Name": "37", "Density": "320/330/340", "Shape_Leng": 0, "Shape_Le_1": 0, "Sector_Nam": " ", "SHAPE_Le_2": 6208.12799583, "S": "S", "Shape_Length": 7072.807054867736, "Shape_Area": 2950705.0900437874}, "geometry": {"type": "Polygon", "coordinates": [[[76.98834557477022, 28.430410229603357], [76.98952649824611, 28.430010965279173], [77.00034217653766, 28.424234053489663], [77.0021763881258, 28.426408381387], [77.00406872700107, 28.4286534515182], [77.00475330612963, 28.42947278438768], [77.00658327227976, 28.43166287586824], [77.00847872651238, 28.433919769083488], [77.01010163278615, 28.435882416284713], [77.00946264854814, 28.4363279017994], [77.00876041303266, 28.436758474768258], [77.00720381230832, 28.437717352336215], [77.00630763501461, 28.438320286532747], [77.00510828709224, 28.439032734491626], [77.0038528456686, 28.43992267630771], [77.0030240483094, 28.440519822191696], [77.00219258744532, 28.441119390472306], [77.00166329379174, 28.441700184396453], [77.00035893820257, 28.44315188195728], [76.99957522369417, 28.443975650655222], [76.99329362471258, 28.43612601427873], [76.98834557477022, 28.430410229603357]]]}}, {"type": "Feature", "properties": {"OBJECTID_12": 46, "OBJECTID": 194, "OBJECTID_1": 0, "Id": 0, "Area": 0, "Name": "37 A", "Density": "320/330/340", "Shape_Leng": 0, "Shape_Le_1": 0, "Sector_Nam": " ", "SHAPE_Le_2": 4771.89417803, "S": "S", "Shape_Length": 5435.008597410875, "Shape_Area": 1612949.733812966}, "geometry": {"type": "Polygon", "coordinates": [[[76.99190373872858, 28.434520559683666], [76.99329362471258, 28.43612601427873], [76.99957522369417, 28.443975650655222], [76.99954574817308, 28.444006631862656], [76.99909765233969, 28.444884662506436], [76.99789409042035, 28.447103638901623], [76.99721966405112, 28.448324375407154], [76.9967366551942, 28.448125625130647], [76.99592978750766, 28.44778449472036], [76.9946788637116, 28.44727262169525], [76.99314143393376, 28.446601436713177], [76.99175997504545, 28.446036936042088], [76.99103994659914, 28.44566929195442], [76.98990331994823, 28.445038424975852], [76.9893010390761, 28.44472634938407], [76.98803874620178, 28.444134547827016], [76.98603442963143, 28.443209764329186], [76.98483247928972, 28.442723058533673], [76.98455823980315, 28.442618188092375], [76.98428075919506, 28.442513363360383], [76.9836746461099, 28.4423417047287], [76.98329038905219, 28.442247030554665], [76.98287372796551, 28.442152827068675], [76.98188108508502, 28.441938086535135], [76.99150600514496, 28.43475707502966], [76.99190373872858, 28.434520559683666]]]}}, {"type": "Feature", "properties": {"OBJECTID_12": 47, "OBJECTID": 195, "OBJECTID_1": 0, "Id": 0, "Area": 0, "Name": "36 B", "Density": "320/330/340", "Shape_Leng": 0, "Shape_Le_1": 0, "Sector_Nam": " ", "SHAPE_Le_2": 5649.29701562, "S": "S", "Shape_Length": 6438.108927611831, "Shape_Area": 2248135.3502269024}, "geometry": {"type": "Polygon", "coordinates": [[[76.97478475815812, 28.42155888543751], [76.97372562467523, 28.42560920562134], [76.97523863644703, 28.438320248616808], [76.97288590649711, 28.437037790387915], [76.9694253867152, 28.435176927805745], [76.96700589846493, 28.433868210700744], [76.96505395906556, 28.432776173164495], [76.96479490470054, 28.4326137396678], [76.96242720881799, 28.430768421774587], [76.96155697127637, 28.430153518266966], [76.96127781800521, 28.42993860486291], [76.96184012384721, 28.42659880237912], [76.96232506587857, 28.42382394253887], [76.9625205554541, 28.422705301310774], [76.96270767991768, 28.421634513659082], [76.97478475815812, 28.42155888543751]]]}}, {"type": "Feature", "properties": {"OBJECTID_12": 48, "OBJECTID": 196, "OBJECTID_1": 0, "Id": 0, "Area": 0, "Name": "36 A", "Density": "250/100", "Shape_Leng": 0, "Shape_Le_1": 0, "Sector_Nam": " ", "SHAPE_Le_2": 8530.59219702, "S": "S", "Shape_Length": 9715.514850087187, "Shape_Area": 5140191.55548763}, "geometry": {"type": "Polygon", "coordinates": [[[76.99255784340943, 28.410095786217376], [76.98422845029604, 28.413853037164877], [76.98047289323212, 28.4166534005252], [76.97666180950388, 28.419382847798275], [76.97478475815812, 28.42155888543751], [76.96270767991768, 28.421634513659082], [76.96271956283225, 28.421566521972924], [76.96433736757349, 28.417605154463494], [76.96438150719331, 28.417497069612253], [76.96819929864178, 28.410852267971627], [76.97004628427328, 28.40839597826589], [76.97127861653622, 28.40704875086051], [76.97301494230115, 28.40536135644684], [76.97568384240016, 28.402767527803675], [76.97581335700622, 28.402675954464403], [76.97703623000926, 28.401811317415042], [76.97900997870711, 28.4004157196171], [76.98332966519304, 28.397105042123627], [76.9847711126777, 28.398533284543262], [76.98589705027506, 28.399691543533805], [76.98684381080412, 28.400651852838415], [76.98730104430058, 28.401134627273848], [76.98764541885463, 28.401488900363756], [76.9878433913736, 28.40169255995637], [76.98808120237875, 28.401992305928218], [76.98846725696536, 28.40256684294427], [76.98893155301661, 28.403426739882725], [76.98975910351422, 28.404940289463013], [76.99027226073038, 28.405887066364166], [76.9905589688331, 28.406416037008416], [76.99141764865024, 28.408003132999493], [76.99215305805083, 28.409350884766752], [76.99255784340943, 28.410095786217376]]]}}, {"type": "Feature", "properties": {"OBJECTID_12": 49, "OBJECTID": 197, "OBJECTID_1": 0, "Id": 0, "Area": 0, "Name": "10", "Density": "375/100", "Shape_Leng": 0, "Shape_Le_1": 0, "Sector_Nam": " ", "SHAPE_Le_2": 5906.28219489, "S": "S", "Shape_Length": 6720.289246428423, "Shape_Area": 1740446.953645413}, "geometry": {"type": "Polygon", "coordinates": [[[77.00359778431503, 28.457028243205556], [77.00158483583314, 28.457082547406536], [76.99897523532266, 28.45715723014943], [76.99616209992499, 28.457258236812823], [76.99316449278878, 28.457318912002112], [76.9903403584188, 28.457410409641547], [76.99022391250347, 28.457414919246702], [76.9903472646667, 28.457232330630344], [76.99045888303571, 28.45698955680597], [76.99058784158464, 28.456662966389192], [76.99068836036997, 28.456260390080217], [76.99078566767818, 28.455974851179363], [76.99089119457123, 28.45583960532665], [76.99107513360882, 28.455707985208296], [76.99168567898154, 28.455419705830312], [76.99337949646721, 28.45469773435319], [76.99362307196157, 28.45457717546416], [76.99379885788963, 28.454443285481737], [76.99459110639319, 28.453042130959318], [76.9958361147831, 28.450865548090164], [76.9969379335134, 28.448834307450372], [76.99721966405112, 28.448324375407154], [76.99785175012606, 28.448584465028045], [76.99943590128183, 28.44925490761797], [77.00076914040234, 28.44982053241665], [77.00200116544144, 28.45033568194502], [77.00288118294155, 28.45070320160497], [77.00311440265729, 28.450785336092988], [77.00335793593081, 28.450864261469896], [77.00361803503651, 28.450904743006426], [77.00435638641964, 28.451002353883784], [77.00498135514262, 28.451138304125255], [77.00530117155341, 28.451228325412377], [77.00590848658439, 28.45143634863826], [77.00634399612234, 28.451610230849177], [77.00718967013081, 28.451988924313753], [77.008336651662, 28.45248387652514], [77.00910109730755, 28.45277207623945], [77.0094472065084, 28.452880609215377], [77.00972925235482, 28.452938517065178], [77.01009218340768, 28.452988067153527], [77.0110776316811, 28.45310003793089], [77.01156880622393, 28.45321692512325], [77.012022807582, 28.453367785587073], [77.01267626547589, 28.45363745652153], [77.01350740025147, 28.4540167058519], [77.01368237230588, 28.454126328260955], [77.01392914759926, 28.45431845034523], [77.01411394183302, 28.454518652471837], [77.01430711195843, 28.45473305470288], [77.01477788486287, 28.455482921242126], [77.01513251727914, 28.456091255795116], [77.01565995770834, 28.456694642043946], [77.01584030617971, 28.456944143864007], [77.01434339491274, 28.456961516581305], [77.01152817542365, 28.456950659521816], [77.00846979186858, 28.4569385593526], [77.00558533652556, 28.456981125942658], [77.00359778431503, 28.457028243205556]]]}}, {"type": "Feature", "properties": {"OBJECTID_12": 50, "OBJECTID": 198, "OBJECTID_1": 0, "Id": 0, "Area": 0, "Name": "37 D", "Density": " ", "Shape_Leng": 0, "Shape_Le_1": 0, "Sector_Nam": " ", "SHAPE_Le_2": 8253.18192337, "S": "S", "Shape_Length": 9409.36170812416, "Shape_Area": 5011873.447447262}, "geometry": {"type": "Polygon", "coordinates": [[[76.98167214054317, 28.4418580447021], [76.97192971904741, 28.458304678741534], [76.97093364819578, 28.45775190783119], [76.96728195434501, 28.455741712222718], [76.96400645786723, 28.453938454157406], [76.96347609432013, 28.453639994153495], [76.96303881060949, 28.45339391386143], [76.96156921980526, 28.452566880789803], [76.96102324533516, 28.452262901659235], [76.96106636267217, 28.45218877780527], [76.9611583887848, 28.452174892904946], [76.9614405810566, 28.449914728283424], [76.96064318161318, 28.446052660537987], [76.96023408613785, 28.442150609065383], [76.96025199135809, 28.439239849612747], [76.96026327509637, 28.437405640627926], [76.96126760056715, 28.42999929493568], [76.96127781800521, 28.42993860486291], [76.96155697127637, 28.430153518266966], [76.96242720881799, 28.430768421774587], [76.96479490470054, 28.4326137396678], [76.96505395906556, 28.432776173164495], [76.96700589846493, 28.433868210700744], [76.9694253867152, 28.435176927805745], [76.97288590649711, 28.437037790387915], [76.97523863644703, 28.438320248616808], [76.97530245545975, 28.43835503492409], [76.97550448117727, 28.438412267450826], [76.97602540343074, 28.438536496541403], [76.97759747134762, 28.43888611278225], [76.9780401476449, 28.438985684251946], [76.97822267992075, 28.43904033106066], [76.9794904893492, 28.439586306273515], [76.97967376992166, 28.439681051550643], [76.97976939917694, 28.43976847669343], [76.97992484904361, 28.43993525236631], [76.98027443831789, 28.44043154773735], [76.98096693429905, 28.44141277204775], [76.9812988195757, 28.441654333607655], [76.98167214054317, 28.4418580447021]]]}}, {"type": "Feature", "properties": {"OBJECTID_12": 51, "OBJECTID": 199, "OBJECTID_1": 0, "Id": 0, "Area": 0, "Name": "37 C", "Density": " ", "Shape_Leng": 0, "Shape_Le_1": 0, "Sector_Nam": " ", "SHAPE_Le_2": 5456.08274393, "S": "S", "Shape_Length": 6211.79035319972, "Shape_Area": 2223959.2985851024}, "geometry": {"type": "Polygon", "coordinates": [[[76.97586313984263, 28.451665146781316], [76.98167214054317, 28.4418580447021], [76.98188108508502, 28.441938086535135], [76.98287372796551, 28.442152827068675], [76.98329038905219, 28.442247030554665], [76.9836746461099, 28.4423417047287], [76.98428075919506, 28.442513363360383], [76.98455823980315, 28.442618188092375], [76.98483247928972, 28.442723058533673], [76.98603442963143, 28.443209764329186], [76.98803874620178, 28.444134547827016], [76.9893010390761, 28.44472634938407], [76.98990331994823, 28.445038424975852], [76.99103994659914, 28.44566929195442], [76.99175997504545, 28.446036936042088], [76.99314143393376, 28.446601436713177], [76.9946788637116, 28.44727262169525], [76.99592978750766, 28.44778449472036], [76.9967366551942, 28.448125625130647], [76.99721966405112, 28.448324375407154], [76.9969379335134, 28.448834307450372], [76.9958361147831, 28.450865548090164], [76.99459110639319, 28.453042130959318], [76.99379885788963, 28.454443285481737], [76.97586313984263, 28.451665146781316]]]}}, {"type": "Feature", "properties": {"OBJECTID_12": 52, "OBJECTID": 200, "OBJECTID_1": 0, "Id": 0, "Area": 0, "Name": "9 B", "Density": " ", "Shape_Leng": 0, "Shape_Le_1": 0, "Sector_Nam": " ", "SHAPE_Le_2": 5466.14257671, "S": "S", "Shape_Length": 6221.861903269832, "Shape_Area": 1590628.2645448921}, "geometry": {"type": "Polygon", "coordinates": [[[76.99379885788963, 28.454443285481737], [76.99362307196157, 28.45457717546416], [76.99337949646721, 28.45469773435319], [76.99168567898154, 28.455419705830312], [76.99107513360882, 28.455707985208296], [76.99089119457123, 28.45583960532665], [76.99078566767818, 28.455974851179363], [76.99068836036997, 28.456260390080217], [76.99058784158464, 28.456662966389192], [76.99045888303571, 28.45698955680597], [76.9903472646667, 28.457232330630344], [76.99022391250347, 28.457414919246702], [76.98796198875404, 28.457502495582343], [76.98573276547758, 28.457566272066472], [76.9847218176265, 28.45759518245933], [76.98301063301146, 28.457682219231913], [76.98228490475466, 28.457735774394212], [76.98184599958493, 28.457813796614005], [76.98148255649237, 28.458026807697973], [76.98135748585199, 28.458128905779457], [76.98121028790953, 28.458348316494266], [76.98109072214518, 28.458600749175734], [76.9810523308449, 28.459004800533723], [76.98113273365607, 28.459404734916617], [76.98137362228941, 28.4604421895583], [76.98139203146452, 28.460535721259337], [76.98140296396154, 28.46063016424815], [76.98140636498321, 28.460725051780983], [76.98140221835985, 28.460819916325978], [76.98139054565105, 28.46091429114262], [76.98137140255234, 28.46100770712291], [76.98134488428516, 28.461099704637405], [76.98131112200352, 28.46118983037618], [76.98127028189579, 28.461277638138434], [76.98122256698115, 28.461362695150417], [76.98116820992328, 28.461444581275472], [76.98110748201347, 28.461522892962453], [76.9810406814923, 28.46159724245609], [76.98096813714321, 28.461667264114393], [76.98089021008896, 28.461732611249737], [76.98080728211347, 28.461792961656645], [76.98071976374693, 28.46184801761165], [76.98062808618062, 28.46189750587307], [76.97988786091179, 28.46222582780586], [76.97945683845866, 28.462473568886], [76.97889694998311, 28.462163035777067], [76.97541157561395, 28.460236830511747], [76.97192971904741, 28.458304678741534], [76.97586313984263, 28.451665146781316], [76.99379885788963, 28.454443285481737]]]}}, {"type": "Feature", "properties": {"OBJECTID_12": 53, "OBJECTID": 201, "OBJECTID_1": 0, "Id": 0, "Area": 0, "Name": "99", "Density": "250/100", "Shape_Leng": 0, "Shape_Le_1": 0, "Sector_Nam": " ", "SHAPE_Le_2": 5909.66739987, "S": "S", "Shape_Length": 6737.916654377498, "Shape_Area": 2638488.7675375836}, "geometry": {"type": "Polygon", "coordinates": [[[76.97217326489735, 28.467282730970776], [76.97199017386941, 28.467396192561843], [76.96947624214008, 28.468969606408006], [76.96849839002068, 28.469601541961246], [76.96770966920126, 28.47005166930348], [76.96769560607547, 28.470058518977044], [76.96664860523879, 28.47056840461849], [76.96557784126787, 28.471109147352113], [76.96423926166301, 28.471779098055084], [76.96423827082126, 28.47178030624388], [76.96242129970004, 28.472674595891867], [76.96207511953224, 28.472195237726602], [76.96090610142883, 28.470783396556115], [76.96061450469438, 28.470443795421556], [76.96028688012709, 28.47016553618479], [76.95871719274571, 28.46883233031177], [76.95850220703359, 28.468650923841842], [76.95523315956125, 28.465892367445385], [76.95381658103688, 28.464696927103375], [76.95374369173473, 28.4646120228214], [76.95395598339933, 28.464167752582874], [76.95665041092377, 28.45977984814184], [76.95723889097819, 28.45876831097633], [76.95828674611269, 28.45696710583015], [76.95975657766542, 28.45444043353048], [76.96034272569335, 28.453432797447924], [76.96102324533516, 28.452262901659235], [76.96140312310587, 28.452474404332783], [76.96527908046899, 28.45721757921977], [76.96870144969907, 28.462808361680484], [76.96958988621004, 28.464259594140675], [76.96991499639282, 28.46479063983321], [76.97217326489735, 28.467282730970776]]]}}, {"type": "Feature", "properties": {"OBJECTID_12": 54, "OBJECTID": 202, "OBJECTID_1": 0, "Id": 0, "Area": 0, "Name": "95B", "Density": "250/100", "Shape_Leng": 0, "Shape_Le_1": 0, "Sector_Nam": " ", "SHAPE_Le_2": 8189.83334568, "S": "S", "Shape_Length": 9321.736431907299, "Shape_Area": 2341238.7747882884}, "geometry": {"type": "Polygon", "coordinates": [[[76.91235243879993, 28.428879296202954], [76.91175987590253, 28.42858331083156], [76.9096590236768, 28.42753389990136], [76.90448189165893, 28.424936149908614], [76.90184745632409, 28.42361893347418], [76.90351218636086, 28.42165943705972], [76.90519398438802, 28.41965610768016], [76.9057295545705, 28.41909946181182], [76.90583384987332, 28.4191323835772], [76.91344475874438, 28.424957055302844], [76.92116745846094, 28.427856629505506], [76.93471909698582, 28.434518691465655], [76.93449179626948, 28.439609621937283], [76.93340461918002, 28.43920911425078], [76.9317161826029, 28.43851395870681], [76.92879184834948, 28.437051268094187], [76.92538704208152, 28.435363238773142], [76.92091664883364, 28.433174447513018], [76.91402182749974, 28.42971313214927], [76.91235243879993, 28.428879296202954]]]}}, {"type": "Feature", "properties": {"OBJECTID_12": 55, "OBJECTID": 203, "OBJECTID_1": 0, "Id": 0, "Area": 0, "Name": "88 B", "Density": "250/100", "Shape_Leng": 0, "Shape_Le_1": 0, "Sector_Nam": " ", "SHAPE_Le_2": 5028.32078057, "S": "S", "Shape_Length": 5729.474060543382, "Shape_Area": 1825925.5638711876}, "geometry": {"type": "Polygon", "coordinates": [[[76.95513721679397, 28.448980644456405], [76.95327280743923, 28.44794458436318], [76.95039444626711, 28.44636711837051], [76.94755118676471, 28.444754704061303], [76.94707332076281, 28.44450925947388], [76.9476534949941, 28.438114178335887], [76.95342204096411, 28.43862974429277], [76.95513248626568, 28.438782567959656], [76.96025199135809, 28.439239849612747], [76.96023408613785, 28.442150609065383], [76.96064318161318, 28.446052660537987], [76.9614405810566, 28.449914728283424], [76.9611583887848, 28.452174892904946], [76.96106636267217, 28.45218877780527], [76.96102324533516, 28.452262901659235], [76.9584543169475, 28.45083256195328], [76.9563285247945, 28.449642634130182], [76.95513721679397, 28.448980644456405]]]}}, {"type": "Feature", "properties": {"OBJECTID_12": 56, "OBJECTID": 204, "OBJECTID_1": 0, "Id": 0, "Area": 0, "Name": "88 A", "Density": "250/100", "Shape_Leng": 0, "Shape_Le_1": 0, "Sector_Nam": " ", "SHAPE_Le_2": 4659.64642497, "S": "S", "Shape_Length": 5308.213039975966, "Shape_Area": 1789288.5721691186}, "geometry": {"type": "Polygon", "coordinates": [[[76.95513248626568, 28.438782567959656], [76.95342204096411, 28.43862974429277], [76.9476534949941, 28.438114178335887], [76.9477953129263, 28.436550896630635], [76.94957154095783, 28.427829610129535], [76.95109518698594, 28.428048603387484], [76.95319660155704, 28.428350332693476], [76.95350229016339, 28.4283769838012], [76.95375349325279, 28.428378152196487], [76.95419605636236, 28.4283574726251], [76.9551433792368, 28.428173394479455], [76.95595316285474, 28.428029965882732], [76.95690317438682, 28.427874965263157], [76.95732680280685, 28.427882243475757], [76.95754539705143, 28.427902020177285], [76.95780123814266, 28.427961385019366], [76.95794632953579, 28.428019747327443], [76.95834093159232, 28.428346134685217], [76.9590547625615, 28.428917470704107], [76.95942794518841, 28.42911838291709], [76.96038269174035, 28.42957163951298], [76.96122819417057, 28.42990040071087], [76.96127781800521, 28.42993860486291], [76.96126760056715, 28.42999929493568], [76.96026327509637, 28.437405640627926], [76.96025199135809, 28.439239849612747], [76.95513248626568, 28.438782567959656]]]}}, {"type": "Feature", "properties": {"OBJECTID_12": 57, "OBJECTID": 205, "OBJECTID_1": 0, "Id": 0, "Area": 0, "Name": "89 B", "Density": " ", "Shape_Leng": 0, "Shape_Le_1": 0, "Sector_Nam": " ", "SHAPE_Le_2": 3953.13758128, "S": "S", "Shape_Length": 4501.594332982298, "Shape_Area": 1016184.2291197525}, "geometry": {"type": "Polygon", "coordinates": [[[76.94078276108624, 28.436342407295815], [76.9417657560606, 28.436638022607422], [76.94343029116294, 28.437138576131495], [76.9476534949941, 28.438114178335887], [76.94707332076281, 28.44450925947388], [76.94535873063451, 28.443628580418462], [76.94320056589366, 28.442779843993435], [76.93901719785379, 28.441258004302092], [76.93625021430215, 28.440257383319963], [76.93449179626948, 28.439609621937283], [76.93471909698582, 28.434518691465655], [76.94078276108624, 28.436342407295815]]]}}, {"type": "Feature", "properties": {"OBJECTID_12": 58, "OBJECTID": 206, "OBJECTID_1": 0, "Id": 0, "Area": 0, "Name": "89 A", "Density": "250/100", "Shape_Leng": 0, "Shape_Le_1": 0, "Sector_Nam": " ", "SHAPE_Le_2": 5070.46106331, "S": "S", "Shape_Length": 5775.874406643709, "Shape_Area": 1975578.6406274184}, "geometry": {"type": "Polygon", "coordinates": [[[76.94078276108624, 28.436342407295815], [76.93952634858375, 28.435964554382572], [76.93471909698582, 28.434518691465655], [76.93516929218201, 28.424435108105747], [76.93556566661462, 28.42451469226724], [76.93654557138441, 28.42478487521823], [76.93884325347204, 28.425487536792243], [76.93902551086343, 28.425558955398277], [76.94014792706481, 28.426089715113832], [76.94052842646971, 28.426220382211163], [76.94071817670888, 28.426258265369135], [76.94238468361327, 28.426559201085155], [76.9445806925804, 28.42701490737126], [76.94600111409756, 28.42729782661083], [76.94751521462746, 28.42753402551079], [76.94957154095783, 28.427829610129535], [76.9477953129263, 28.436550896630635], [76.9476534949941, 28.438114178335887], [76.94343029116294, 28.437138576131495], [76.9417657560606, 28.436638022607422], [76.94078276108624, 28.436342407295815]]]}}, {"type": "Feature", "properties": {"OBJECTID_12": 59, "OBJECTID": 207, "OBJECTID_1": 0, "Id": 0, "Area": 0, "Name": "95 A", "Density": "250/100", "Shape_Leng": 0, "Shape_Le_1": 0, "Sector_Nam": " ", "SHAPE_Le_2": 7412.16722796, "S": "S", "Shape_Length": 8434.641710989375, "Shape_Area": 2324439.6104033175}, "geometry": {"type": "Polygon", "coordinates": [[[76.92747733730604, 28.430958880740853], [76.92583169916402, 28.43014984961467], [76.92116745846094, 28.427856629505506], [76.91344475874438, 28.424957055302844], [76.90583384987332, 28.4191323835772], [76.90688523898017, 28.4196906836474], [76.90710049239024, 28.419766459363483], [76.90764203726768, 28.41984482482151], [76.91182599011081, 28.419876855174802], [76.91273276842323, 28.419990659158124], [76.91402836184513, 28.4203998282084], [76.91607125297206, 28.42121390797096], [76.91642584316756, 28.42135098912152], [76.91794239160664, 28.421937259856367], [76.91833300783824, 28.42203203436585], [76.92031088519316, 28.422233353875853], [76.92097347805516, 28.42228369416151], [76.92415271645696, 28.42245844671552], [76.92479666837848, 28.42252335748739], [76.92543321369051, 28.42262657060469], [76.92617888454659, 28.422790315080988], [76.927679372905, 28.423174961878274], [76.92882991535798, 28.423473823849633], [76.9298134654912, 28.423648500966735], [76.93191418835951, 28.42391953619357], [76.93330254091936, 28.424076503440226], [76.93487715106849, 28.424376451513858], [76.93516929218201, 28.424435108105747], [76.93471909698582, 28.434518691465655], [76.92747733730604, 28.430958880740853]]]}}, {"type": "Feature", "properties": {"OBJECTID_12": 60, "OBJECTID": 208, "OBJECTID_1": 0, "Id": 0, "Area": 0, "Name": "95 B", "Density": " ", "Shape_Leng": 0, "Shape_Le_1": 0, "Sector_Nam": " ", "SHAPE_Le_2": 8189.83334568, "S": "S", "Shape_Length": 9321.736432729678, "Shape_Area": 2341216.380137169}, "geometry": {"type": "Polygon", "coordinates": [[[76.92379086428073, 28.43458174795308], [76.92234821305355, 28.433875396867098], [76.92091664883364, 28.433174447513018], [76.91402182749974, 28.42971313214927], [76.91235243879993, 28.428879296202954], [76.91175987590253, 28.42858331083156], [76.9096590236768, 28.42753389990136], [76.90448189165893, 28.424936149908614], [76.90184745632409, 28.42361893347418], [76.90351218636086, 28.42165943705972], [76.90519398438802, 28.41965610768016], [76.9057295545705, 28.41909946181182], [76.90583384987332, 28.4191323835772], [76.91344475874438, 28.424957055302844], [76.92116745846094, 28.427856629505506], [76.92583169916402, 28.43014984961467], [76.92747733730604, 28.430958880740853], [76.93471909698582, 28.434518691465655], [76.93449179626948, 28.439609621937283], [76.93340461918002, 28.43920911425078], [76.9317161826029, 28.43851395870681], [76.92879184834948, 28.437051268094187], [76.92538704208152, 28.435363238773142], [76.92379086428073, 28.43458174795308]]]}}, {"type": "Feature", "properties": {"OBJECTID_12": 61, "OBJECTID": 209, "OBJECTID_1": 0, "Id": 0, "Area": 0, "Name": " ", "Density": " ", "Shape_Leng": 0, "Shape_Le_1": 0, "Sector_Nam": " ", "SHAPE_Le_2": 228.50601921, "S": "S", "Shape_Length": 260.45799381113386, "Shape_Area": 250.53308482725356}, "geometry": {"type": "Polygon", "coordinates": [[[76.98831952632196, 28.400648959927555], [76.98764541885463, 28.401488900363756], [76.98796180549772, 28.40104191938519], [76.98831952632196, 28.400648959927555]]]}}, {"type": "Feature", "properties": {"OBJECTID_12": 62, "OBJECTID": 210, "OBJECTID_1": 0, "Id": 0, "Area": 0, "Name": " ", "Density": " ", "Shape_Leng": 0, "Shape_Le_1": 0, "Sector_Nam": " ", "SHAPE_Le_2": 6023.81493643, "S": "S", "Shape_Length": 6866.132137443403, "Shape_Area": 1571770.455781952}, "geometry": {"type": "Polygon", "coordinates": [[[76.98554602459463, 28.375487095586845], [76.99220904016101, 28.36939948556375], [76.99703398138357, 28.380098638229093], [77.00075211642937, 28.38678110662832], [77.0015644701273, 28.38855958827387], [77.00123076306726, 28.388760269627056], [77.00110465936432, 28.38894596207175], [77.00096020038517, 28.389160575376263], [77.00066894860373, 28.389465683282033], [77.00008010113837, 28.390025852235553], [76.99888632816065, 28.39115358132982], [76.99806180318895, 28.391960730043547], [76.99487332022453, 28.38453741872458], [76.99105960622913, 28.37924510488003], [76.98554602459463, 28.375487095586845]]]}}, {"type": "Feature", "properties": {"OBJECTID_12": 63, "OBJECTID": 211, "OBJECTID_1": 0, "Id": 0, "Area": 0, "Name": "79 B", "Density": "250/100", "Shape_Leng": 0, "Shape_Le_1": 0, "Sector_Nam": " ", "SHAPE_Le_2": 6267.493302, "S": "S", "Shape_Length": 7132.910029093619, "Shape_Area": 2322083.243571976}, "geometry": {"type": "Polygon", "coordinates": [[[76.96975962737453, 28.35576384824754], [76.97033079689342, 28.355284793046255], [76.97056631449968, 28.355039741154588], [76.97066049836565, 28.354878413027613], [76.97071389961602, 28.354700960026413], [76.97069082189638, 28.354474474225142], [76.9702088856279, 28.35322318907549], [76.96953842801561, 28.351554412790723], [76.96907258865872, 28.35015008501138], [76.96847393787866, 28.348714246545782], [76.96826065896559, 28.348125206949298], [76.96831350236216, 28.347771082898902], [76.96846993947734, 28.34732712248547], [76.96863723991922, 28.347047013796605], [76.98154536310376, 28.35018505601089], [76.98325547602865, 28.352165742919485], [76.9822019246769, 28.353565853346566], [76.98373086807028, 28.35741146336825], [76.98738901002815, 28.356737413237337], [76.98831703439535, 28.36022841243913], [76.98252234206069, 28.363756230050242], [76.9775249431682, 28.36003802790391], [76.97303579309721, 28.357237999614604], [76.96975962737453, 28.35576384824754]]]}}, {"type": "Feature", "properties": {"OBJECTID_12": 64, "OBJECTID": 212, "OBJECTID_1": 0, "Id": 0, "Area": 0, "Name": "79", "Density": "250/100", "Shape_Leng": 0, "Shape_Le_1": 0, "Sector_Nam": " ", "SHAPE_Le_2": 4896.04275674, "S": "S", "Shape_Length": 5572.3418217009075, "Shape_Area": 1667495.5337640035}, "geometry": {"type": "Polygon", "coordinates": [[[76.96597707593634, 28.36356920977358], [76.96621302742885, 28.362868591243483], [76.96646946679806, 28.36206839634285], [76.9668664188474, 28.36082972686711], [76.96839645638877, 28.357006622731763], [76.9690086232206, 28.356393725193836], [76.96975962737453, 28.35576384824754], [76.97303579309721, 28.357237999614604], [76.9775249431682, 28.36003802790391], [76.98252234206069, 28.363756230050242], [76.98229221973602, 28.363896318964066], [76.9814438570699, 28.366176837584504], [76.98220849046334, 28.36955605299971], [76.96597707593634, 28.36356920977358]]]}}, {"type": "Feature", "properties": {"OBJECTID_12": 65, "OBJECTID": 213, "OBJECTID_1": 0, "Id": 0, "Area": 0, "Name": "78", "Density": "250/100", "Shape_Leng": 0, "Shape_Le_1": 0, "Sector_Nam": " ", "SHAPE_Le_2": 7453.77749764, "S": "S", "Shape_Length": 8487.808491805226, "Shape_Area": 4584797.653334405}, "geometry": {"type": "Polygon", "coordinates": [[[76.98220849046334, 28.36955605299971], [76.98251120025621, 28.371318442939398], [76.98554602459463, 28.375487095586845], [76.9732235661444, 28.386742808668323], [76.97265029905931, 28.38615270300569], [76.97109538806605, 28.384556443234533], [76.97049313414337, 28.383961102170183], [76.9703275027713, 28.383832745214917], [76.97015737173794, 28.383709075511305], [76.96998291082495, 28.383590217947], [76.9698042943054, 28.38347628950627], [76.96962170094415, 28.38336740401189], [76.96943531220079, 28.383263671334756], [76.9692453131283, 28.383165195022947], [76.96905189416952, 28.383072070720715], [76.96885524756394, 28.38298439407198], [76.9686040732206, 28.38283283106547], [76.96659722340114, 28.381756371996417], [76.96487306801173, 28.380928886711693], [76.96406439740642, 28.380520374535475], [76.96323260686069, 28.38010017387935], [76.96151960315719, 28.379247999955783], [76.961268454865, 28.37912305796259], [76.96159545600146, 28.377874182402007], [76.96206187746667, 28.376081562638905], [76.9624670050834, 28.374332799164918], [76.96303910795183, 28.37241688800414], [76.9636109386308, 28.37078032430387], [76.96429340132856, 28.36870285058763], [76.9649030950984, 28.366779228100974], [76.96543248756669, 28.365186245690712], [76.96597707593634, 28.36356920977358], [76.98220849046334, 28.36955605299971]]]}}, {"type": "Feature", "properties": {"OBJECTID_12": 66, "OBJECTID": 214, "OBJECTID_1": 0, "Id": 0, "Area": 0, "Name": "79 A", "Density": "250/100", "Shape_Leng": 0, "Shape_Le_1": 0, "Sector_Nam": " ", "SHAPE_Le_2": 4138.37172874, "S": "S", "Shape_Length": 4716.1967662312145, "Shape_Area": 1357205.1075462892}, "geometry": {"type": "Polygon", "coordinates": [[[76.98251120025621, 28.371318442939398], [76.98220849046334, 28.36955605299971], [76.9814438570699, 28.366176837584504], [76.98229221973602, 28.363896318964066], [76.98831703439535, 28.36022841243913], [76.98866615564737, 28.361541651773862], [76.99220904016101, 28.36939948556375], [76.98554602459463, 28.375487095586845], [76.98251120025621, 28.371318442939398]]]}}, {"type": "Feature", "properties": {"OBJECTID_12": 67, "OBJECTID": 215, "OBJECTID_1": 0, "Id": 0, "Area": 0, "Name": "77", "Density": "250/100", "Shape_Leng": 0, "Shape_Le_1": 0, "Sector_Nam": " ", "SHAPE_Le_2": 5362.89657435, "S": "S", "Shape_Length": 6107.036539295732, "Shape_Area": 2032049.8154042359}, "geometry": {"type": "Polygon", "coordinates": [[[76.99168139940754, 28.380108015732787], [76.98587145547596, 28.385914351493025], [76.98576236945775, 28.388752352546017], [76.98363161051958, 28.38915585580861], [76.97896191973773, 28.39252188311764], [76.97794631861346, 28.39148133566576], [76.97646859625931, 28.38997952544876], [76.97605168364437, 28.389627441681785], [76.97431543333796, 28.387866723172767], [76.9732235661444, 28.386742808668323], [76.98554602459463, 28.375487095586845], [76.99105960622913, 28.37924510488003], [76.99168139940754, 28.380108015732787]]]}}, {"type": "Feature", "properties": {"OBJECTID_12": 68, "OBJECTID": 216, "OBJECTID_1": 0, "Id": 0, "Area": 0, "Name": "76", "Density": "250/100", "Shape_Leng": 0, "Shape_Le_1": 0, "Sector_Nam": " ", "SHAPE_Le_2": 6220.74392593, "S": "S", "Shape_Length": 7087.587273504348, "Shape_Area": 2795567.3644035053}, "geometry": {"type": "Polygon", "coordinates": [[[76.99168139940754, 28.380108015732787], [76.99487332022453, 28.38453741872458], [76.99806180318895, 28.391960730043547], [76.99688536050968, 28.39300701240374], [76.99588652015204, 28.39387877977844], [76.99436364218347, 28.3952354054027], [76.99379039845459, 28.39576714762577], [76.99302912026876, 28.39640860098747], [76.99236307877436, 28.39694551645611], [76.99214181204181, 28.397139484002512], [76.99189553800834, 28.39735537194002], [76.99135878384631, 28.39776050902499], [76.99089098526379, 28.398156995652872], [76.99041536684672, 28.39859752565503], [76.98948849771295, 28.39939609451698], [76.98894940254131, 28.399908218055145], [76.98831952632196, 28.400648959927555], [76.98796180549772, 28.40104191938519], [76.98764541885463, 28.401488900363756], [76.98730104430058, 28.401134627273848], [76.98684381080412, 28.400651852838415], [76.98589705027506, 28.399691543533805], [76.9847711126777, 28.398533284543262], [76.98332966519304, 28.397105042123627], [76.97896191973773, 28.39252188311764], [76.98363161051958, 28.38915585580861], [76.98576236945775, 28.388752352546017], [76.98587145547596, 28.385914351493025], [76.99168139940754, 28.380108015732787]]]}}, {"type": "Feature", "properties": {"OBJECTID_12": 69, "OBJECTID": 217, "OBJECTID_1": 0, "Id": 0, "Area": 0, "Name": "75 A", "Density": "320/330/340", "Shape_Leng": 0, "Shape_Le_1": 0, "Sector_Nam": " ", "SHAPE_Le_2": 4672.36006482, "S": "S", "Shape_Length": 5320.814459464056, "Shape_Area": 1554699.599662461}, "geometry": {"type": "Polygon", "coordinates": [[[77.00399942018026, 28.40155654066222], [77.00373176624302, 28.401588456437544], [77.00199104232652, 28.401922051967965], [77.0008506175986, 28.402158466299326], [76.99849627427443, 28.4027445596066], [76.996114535029, 28.403455168048154], [76.99383704078078, 28.404254934547], [76.9912103623984, 28.4054441653684], [76.99027226073038, 28.405887066364166], [76.98975910351422, 28.404940289463013], [76.98893155301661, 28.403426739882725], [76.98846725696536, 28.40256684294427], [76.98808120237875, 28.401992305928218], [76.9878433913736, 28.40169255995637], [76.98764541885463, 28.401488900363756], [76.98796180549772, 28.40104191938519], [76.98831952632196, 28.400648959927555], [76.98894940254131, 28.399908218055145], [76.98948849771295, 28.39939609451698], [76.99041536684672, 28.39859752565503], [76.99089098526379, 28.398156995652872], [76.99135878384631, 28.39776050902499], [76.99189553800834, 28.39735537194002], [76.99214181204181, 28.397139484002512], [76.99236307877436, 28.39694551645611], [76.99302912026876, 28.39640860098747], [76.99379039845459, 28.39576714762577], [76.99436364218347, 28.3952354054027], [76.99588652015204, 28.39387877977844], [76.99688536050968, 28.39300701240374], [76.99806180318895, 28.391960730043547], [77.00399942018026, 28.40155654066222]]]}}, {"type": "Feature", "properties": {"OBJECTID_12": 70, "OBJECTID": 218, "OBJECTID_1": 0, "Id": 0, "Area": 0, "Name": "75", "Density": " ", "Shape_Leng": 0, "Shape_Le_1": 0, "Sector_Nam": " ", "SHAPE_Le_2": 11616.9924782, "S": "S", "Shape_Length": 13229.782620253336, "Shape_Area": 5191139.29675066}, "geometry": {"type": "Polygon", "coordinates": [[[77.00936408359854, 28.400863219234736], [77.00800539969761, 28.40097876153148], [77.00682370097564, 28.40117285839903], [77.00571555091925, 28.401339284769428], [77.0053078119, 28.40140051829238], [77.00399942018026, 28.40155654066222], [76.99806180318895, 28.391960730043547], [76.99888632816065, 28.39115358132982], [77.00008010113837, 28.390025852235553], [77.00066894860373, 28.389465683282033], [77.00096020038517, 28.389160575376263], [77.00110465936432, 28.38894596207175], [77.00123076306726, 28.388760269627056], [77.0015644701273, 28.38855958827387], [77.00075211642937, 28.38678110662832], [77.00743386905596, 28.38494675157831], [77.00758634729569, 28.38042189172443], [77.02079040338259, 28.372892201564614], [77.02605019208468, 28.37693973485763], [77.02908715890506, 28.373112710562918], [77.02965794663996, 28.37297616612864], [77.02958404134323, 28.38196959384558], [77.01790646906244, 28.381168952618086], [77.01448563774812, 28.38528792720533], [77.01342581974896, 28.388186802892676], [77.01373942969946, 28.392693324605567], [77.01632546560342, 28.400760883359958], [77.01463891908165, 28.40079960928252], [77.01387163655644, 28.400806192403504], [77.01156398047422, 28.400825965469785], [77.01044878043948, 28.40082333411844], [77.00936408359854, 28.400863219234736]]]}}, {"type": "Feature", "properties": {"OBJECTID_12": 71, "OBJECTID": 219, "OBJECTID_1": 0, "Id": 0, "Area": 0, "Name": "70 A", "Density": "250/100", "Shape_Leng": 0, "Shape_Le_1": 0, "Sector_Nam": " ", "SHAPE_Le_2": 4303.44303713, "S": "S", "Shape_Length": 4895.358473417131, "Shape_Area": 1320691.8174805536}, "geometry": {"type": "Polygon", "coordinates": [[[77.02968537220558, 28.38789879717762], [77.01342581974896, 28.388186802892676], [77.01448563774812, 28.38528792720533], [77.01790646906244, 28.381168952618086], [77.02958404134323, 28.38196959384558], [77.02968537220558, 28.38789879717762]]]}}, {"type": "Feature", "properties": {"OBJECTID_12": 72, "OBJECTID": 220, "OBJECTID_1": 0, "Id": 0, "Area": 0, "Name": "69", "Density": "250/100", "Shape_Leng": 0, "Shape_Le_1": 0, "Sector_Nam": " ", "SHAPE_Le_2": 6428.44457352, "S": "S", "Shape_Length": 7317.170467590514, "Shape_Area": 3110514.627226169}, "geometry": {"type": "Polygon", "coordinates": [[[77.0507031057878, 28.38856409449055], [77.05024471885449, 28.389284441823722], [77.04987797445325, 28.389867735251304], [77.04945509343155, 28.390480523983996], [77.04894281207278, 28.391126647422084], [77.04827889689074, 28.391981808691735], [77.04755417923863, 28.39290472979221], [77.0471301744245, 28.393460227577776], [77.04688667798193, 28.393855437448178], [77.04673467764596, 28.39423494763432], [77.04656442893331, 28.39478901759584], [77.04612765726237, 28.39650741743955], [77.04575097839239, 28.397981386706856], [77.04536408747424, 28.39948654859886], [77.04517294664302, 28.40022086593135], [77.04443940124665, 28.40017362143662], [77.04342436695934, 28.400394778560404], [77.04211200558437, 28.400775574684527], [77.04172689692373, 28.400933552126265], [77.04079117040129, 28.401243032256364], [77.04038118739045, 28.40125245925233], [77.03937264612605, 28.401179229725074], [77.0371920055368, 28.40095163099147], [77.0340113828311, 28.40069178464089], [77.0317939463495, 28.400515981555728], [77.03083488788417, 28.40048850558065], [77.02990198476668, 28.400567217185632], [77.02968537220558, 28.38789879717762], [77.03205579537337, 28.387856646946485], [77.03678334933763, 28.3877287396421], [77.03880674881955, 28.38850067156733], [77.0428173780168, 28.38815408172737], [77.0507031057878, 28.38856409449055]]]}}, {"type": "Feature", "properties": {"OBJECTID_12": 73, "OBJECTID": 221, "OBJECTID_1": 0, "Id": 0, "Area": 0, "Name": "70", "Density": "250/100", "Shape_Leng": 0, "Shape_Le_1": 0, "Sector_Nam": " ", "SHAPE_Le_2": 5759.96332697, "S": "S", "Shape_Length": 6558.538928695174, "Shape_Area": 2736287.577959974}, "geometry": {"type": "Polygon", "coordinates": [[[77.01342581974896, 28.388186802892676], [77.02968537220558, 28.38789879717762], [77.02990198476668, 28.400567217185632], [77.02877262997801, 28.400662495999907], [77.02660868188335, 28.400814093570457], [77.02420501745682, 28.40078418782029], [77.02228700562907, 28.400735089776237], [77.02029155363395, 28.40072541461261], [77.01756457296024, 28.4007324189128], [77.01632546560342, 28.400760883359958], [77.01373942969946, 28.392693324605567], [77.01342581974896, 28.388186802892676]]]}}, {"type": "Feature", "properties": {"OBJECTID_12": 74, "OBJECTID": 222, "OBJECTID_1": 0, "Id": 0, "Area": 0, "Name": "68", "Density": "250/100", "Shape_Leng": 0, "Shape_Le_1": 0, "Sector_Nam": " ", "SHAPE_Le_2": 8326.03309243, "S": "S", "Shape_Length": 9476.327181456614, "Shape_Area": 5941641.962957801}, "geometry": {"type": "Polygon", "coordinates": [[[77.0567575127492, 28.37334824224468], [77.05540474066117, 28.377426773051745], [77.05503981534835, 28.37852097543255], [77.05466345807524, 28.379722788936242], [77.05423034164922, 28.381061543486172], [77.05391748269027, 28.382057071378473], [77.05355047418429, 28.38318472716911], [77.05336560179714, 28.383817813654886], [77.0531221781181, 28.384494756612153], [77.0528582530876, 28.38508844529718], [77.05261352235982, 28.385557694930707], [77.05217622966602, 28.38626143390149], [77.05159681900273, 28.387155922484734], [77.05093653301438, 28.38819726474896], [77.0507031057878, 28.38856409449055], [77.0428173780168, 28.38815408172737], [77.03880674881955, 28.38850067156733], [77.03678334933763, 28.3877287396421], [77.03205579537337, 28.387856646946485], [77.02968537220558, 28.38789879717762], [77.02958404134323, 28.38196959384558], [77.02965794663996, 28.37297616612864], [77.04499514399717, 28.36930619029874], [77.0567575127492, 28.37334824224468]]]}}, {"type": "Feature", "properties": {"OBJECTID_12": 75, "OBJECTID": 223, "OBJECTID_1": 0, "Id": 0, "Area": 0, "Name": "35", "Density": "320/330/340", "Shape_Leng": 0, "Shape_Le_1": 0, "Sector_Nam": " ", "SHAPE_Le_2": 8275.36953107, "S": "S", "Shape_Length": 9432.165023361129, "Shape_Area": 4158135.5054298327}, "geometry": {"type": "Polygon", "coordinates": [[[76.99443226718297, 28.413541353936548], [76.99434775817261, 28.413385508027915], [76.9939568715481, 28.41266464265709], [76.99299487469348, 28.41090001338162], [76.99255784340943, 28.410095786217376], [76.99215305805083, 28.409350884766752], [76.99141764865024, 28.408003132999493], [76.9905589688331, 28.406416037008416], [76.99027226073038, 28.405887066364166], [76.9912103623984, 28.4054441653684], [76.99383704078078, 28.404254934547], [76.996114535029, 28.403455168048154], [76.99849627427443, 28.4027445596066], [77.0008506175986, 28.402158466299326], [77.00199104232652, 28.401922051967965], [77.00373176624302, 28.401588456437544], [77.00399942018026, 28.40155654066222], [77.0053078119, 28.40140051829238], [77.00571555091925, 28.401339284769428], [77.00572238709856, 28.40155453041846], [77.00568767889095, 28.40372530595989], [77.00573580523398, 28.405419742274407], [77.00572823063948, 28.407454028666095], [77.00621459919559, 28.407470737885756], [77.00621090711974, 28.409567041752116], [77.00591296199117, 28.40959053232643], [77.00596470135827, 28.4106164071637], [77.00611327012984, 28.413054269922025], [77.00622261216792, 28.415129805620214], [77.00622619015769, 28.4155344393991], [77.00666679224497, 28.41591472443544], [77.00729246794204, 28.41644269295674], [77.00754719781729, 28.416847203207638], [77.00762611032341, 28.417522901778483], [77.0076314121802, 28.4183405510526], [77.0080199622867, 28.418358694892632], [77.00825052119258, 28.418591061390305], [77.00840340457246, 28.418821588905267], [77.00860033504566, 28.419239483926667], [77.00879550571923, 28.41993062778151], [77.00976831649322, 28.42124850318053], [77.01063723979958, 28.42235541830249], [77.01118014113311, 28.423073202950178], [77.0117314435112, 28.423786462212096], [77.01116360853862, 28.424244289790895], [77.0095238660398, 28.42555697563049], [77.00874592949533, 28.426265615583436], [77.0074799571216, 28.427303765816408], [77.00654610987476, 28.42805289383667], [77.00534534710584, 28.42897068809874], [77.00475330612963, 28.42947278438768], [77.00406872700107, 28.4286534515182], [77.0021763881258, 28.426408381387], [77.00034217653766, 28.424234053489663], [77.00012322296695, 28.423936441901194], [76.99994530893, 28.423666878534586], [76.99978899488401, 28.42339699689065], [76.99965747523824, 28.423153014083837], [76.99941688933716, 28.422710081006567], [76.99911209904607, 28.42215587502662], [76.99879061895537, 28.421575652474935], [76.99814411851338, 28.420369891645333], [76.99779165193523, 28.41972088112051], [76.99724059928882, 28.41870710421188], [76.99689084382621, 28.418058052682127], [76.99605736714264, 28.416527929817168], [76.99550373902632, 28.41551895766503], [76.99475964830681, 28.414145091906637], [76.99443226718297, 28.413541353936548]]]}}, {"type": "Feature", "properties": {"OBJECTID_12": 76, "OBJECTID": 224, "OBJECTID_1": 0, "Id": 0, "Area": 0, "Name": "34", "Density": "320/330/340", "Shape_Leng": 0, "Shape_Le_1": 0, "Sector_Nam": " ", "SHAPE_Le_2": 4051.86917893, "S": "S", "Shape_Length": 4615.801490550503, "Shape_Area": 1293754.0895774392}, "geometry": {"type": "Polygon", "coordinates": [[[77.01708832392585, 28.42751234800895], [77.01793537954322, 28.42851607093811], [77.0185356589689, 28.42922736122507], [77.01918014718466, 28.42999554570029], [77.0186793750413, 28.430322436499313], [77.01709228010635, 28.43137260105852], [77.01552117338683, 28.432412959694087], [77.01427286997642, 28.43324319799814], [77.01294727911224, 28.434129481290405], [77.01179487894329, 28.434891428352042], [77.01010515687703, 28.435886676398834], [77.01010163278615, 28.435882416284713], [77.00847872651238, 28.433919769083488], [77.00658327227976, 28.43166287586824], [77.00475330612963, 28.42947278438768], [77.00534534710584, 28.42897068809874], [77.00654610987476, 28.42805289383667], [77.0074799571216, 28.427303765816408], [77.00874592949533, 28.426265615583436], [77.0095238660398, 28.42555697563049], [77.01116360853862, 28.424244289790895], [77.0117314435112, 28.423786462212096], [77.01230081819615, 28.423327386779558], [77.01562440777927, 28.426853750364334], [77.01584137786985, 28.42707973792921], [77.01644620546578, 28.42675144750103], [77.01708832392585, 28.42751234800895]]]}}, {"type": "Feature", "properties": {"OBJECTID_12": 77, "OBJECTID": 225, "OBJECTID_1": 0, "Id": 0, "Area": 0, "Name": "72 A", "Density": " ", "Shape_Leng": 0, "Shape_Le_1": 0, "Sector_Nam": " ", "SHAPE_Le_2": 4432.13836768, "S": "S", "Shape_Length": 5049.194347538694, "Shape_Area": 1416152.6986145966}, "geometry": {"type": "Polygon", "coordinates": [[[77.02154544097215, 28.416547533242444], [77.02159285584948, 28.416690901548915], [77.0274790811217, 28.4263716098198], [77.02705588209639, 28.426272863886492], [77.02643406646011, 28.42623914880552], [77.02552746062425, 28.426283682224764], [77.02475521760203, 28.426292785459765], [77.02450502691393, 28.426344258262525], [77.0232050874427, 28.4270082168592], [77.0221899300862, 28.427593919066553], [77.02192405571158, 28.427815131905998], [77.02175992093274, 28.427989471642213], [77.02130819410898, 28.42852143338339], [77.02109037331381, 28.428713281241503], [77.0199892561678, 28.42946737143177], [77.01918014718466, 28.42999554570029], [77.0185356589689, 28.42922736122507], [77.01793537954322, 28.42851607093811], [77.01708832392585, 28.42751234800895], [77.01644620546578, 28.42675144750103], [77.01584137786985, 28.42707973792921], [77.01562440777927, 28.426853750364334], [77.01230081819615, 28.423327386779558], [77.01496813276866, 28.421116497141533], [77.01707071245468, 28.419485721092748], [77.02035206954139, 28.417359919476173], [77.02154544097215, 28.416547533242444]]]}}, {"type": "Feature", "properties": {"OBJECTID_12": 78, "OBJECTID": 226, "OBJECTID_1": 0, "Id": 0, "Area": 0, "Name": "72", "Density": " ", "Shape_Leng": 0, "Shape_Le_1": 0, "Sector_Nam": " ", "SHAPE_Le_2": 7401.75234088, "S": "S", "Shape_Length": 8434.922768826189, "Shape_Area": 2572943.0175133627}, "geometry": {"type": "Polygon", "coordinates": [[[77.04034684749212, 28.40124996540504], [77.04012566070959, 28.402614901840053], [77.03915586378336, 28.40273256781466], [77.03782631943362, 28.40369219371426], [77.03756321097175, 28.40416599218138], [77.03753374982368, 28.40533535380002], [77.03689750185403, 28.405952254366998], [77.03687502780225, 28.408164373218252], [77.03504311051135, 28.409291929049918], [77.03439474426852, 28.409954840205142], [77.03332280080964, 28.41264485915864], [77.03381605315573, 28.41584629611052], [77.03201756666812, 28.421221162150218], [77.03121212460795, 28.42203538570446], [77.02619139646757, 28.424254018897763], [77.02159285584948, 28.416690901548915], [77.02154544097215, 28.416547533242444], [77.02243157689762, 28.415944283808457], [77.02450421663355, 28.414170591469983], [77.02635854329753, 28.412280744627946], [77.0297615807827, 28.410893046099172], [77.02990198476668, 28.400567217185632], [77.03083488788417, 28.40048850558065], [77.0317939463495, 28.400515981555728], [77.0340113828311, 28.40069178464089], [77.0371920055368, 28.40095163099147], [77.03937264612605, 28.401179229725074], [77.04034684749212, 28.40124996540504]]]}}, {"type": "Feature", "properties": {"OBJECTID_12": 79, "OBJECTID": 227, "OBJECTID_1": 0, "Id": 0, "Area": 0, "Name": "48", "Density": "250/100", "Shape_Leng": 0, "Shape_Le_1": 0, "Sector_Nam": " ", "SHAPE_Le_2": 8202.11841148, "S": "S", "Shape_Length": 9350.68737315779, "Shape_Area": 2887790.7791409795}, "geometry": {"type": "Polygon", "coordinates": [[[77.04034684749212, 28.40124996540504], [77.04038118739045, 28.40125245925233], [77.04079117040129, 28.401243032256364], [77.04172689692373, 28.400933552126265], [77.04211200558437, 28.400775574684527], [77.04342436695934, 28.400394778560404], [77.04443940124665, 28.40017362143662], [77.04517294664302, 28.40022086593135], [77.04488853283756, 28.40131349606768], [77.04486621149938, 28.401399249245134], [77.04425596167236, 28.40364788626578], [77.0438187579118, 28.405347184104322], [77.04341969392324, 28.40678328568535], [77.04319895180677, 28.407521948028425], [77.04224627497324, 28.410785625210373], [77.04160019494282, 28.413001364518827], [77.04091066699536, 28.415346676111763], [77.04037681978157, 28.417145607416515], [77.04025877037343, 28.41754339621955], [77.0396499991734, 28.419596216743763], [77.03888713007116, 28.42220524281468], [77.03825108512076, 28.424387392499003], [77.03755368972804, 28.42675190570231], [77.03715544140977, 28.428097254274515], [77.03700939959907, 28.42865095120619], [77.03486739285525, 28.42815701716294], [77.03125908044618, 28.42730605839077], [77.03006372373865, 28.42700641644859], [77.02823867406808, 28.426548905757524], [77.0274790811217, 28.4263716098198], [77.02619139646757, 28.424254018897763], [77.03121212460795, 28.42203538570446], [77.03201756666812, 28.421221162150218], [77.03381605315573, 28.41584629611052], [77.03332280080964, 28.41264485915864], [77.03439474426852, 28.409954840205142], [77.03504311051135, 28.409291929049918], [77.03687502780225, 28.408164373218252], [77.03689750185403, 28.405952254366998], [77.03753374982368, 28.40533535380002], [77.03756321097175, 28.40416599218138], [77.03782631943362, 28.40369219371426], [77.03915586378336, 28.40273256781466], [77.04012566070959, 28.402614901840053], [77.04034684749212, 28.40124996540504]]]}}, {"type": "Feature", "properties": {"OBJECTID_12": 80, "OBJECTID": 228, "OBJECTID_1": 0, "Id": 0, "Area": 0, "Name": "71", "Density": "250/100", "Shape_Leng": 0, "Shape_Le_1": 0, "Sector_Nam": " ", "SHAPE_Le_2": 5336.16474268, "S": "S", "Shape_Length": 6080.649698402284, "Shape_Area": 2049865.7913739667}, "geometry": {"type": "Polygon", "coordinates": [[[77.02990198476668, 28.400567217185632], [77.0297615807827, 28.410893046099172], [77.02635854329753, 28.412280744627946], [77.02450421663355, 28.414170591469983], [77.02243157689762, 28.415944283808457], [77.02154544097215, 28.416547533242444], [77.01632546560342, 28.400760883359958], [77.01756457296024, 28.4007324189128], [77.02029155363395, 28.40072541461261], [77.02228700562907, 28.400735089776237], [77.02420501745682, 28.40078418782029], [77.02660868188335, 28.400814093570457], [77.02877262997801, 28.400662495999907], [77.02990198476668, 28.400567217185632]]]}}, {"type": "Feature", "properties": {"OBJECTID_12": 81, "OBJECTID": 229, "OBJECTID_1": 0, "Id": 0, "Area": 0, "Name": "73", "Density": "250/100", "Shape_Leng": 0, "Shape_Le_1": 0, "Sector_Nam": " ", "SHAPE_Le_2": 5192.05931841, "S": "S", "Shape_Length": 5921.21900623117, "Shape_Area": 1586449.861113344}, "geometry": {"type": "Polygon", "coordinates": [[[77.01055627464302, 28.400823588561412], [77.01156398047422, 28.400825965469785], [77.01387163655644, 28.400806192403504], [77.01463891908165, 28.40079960928252], [77.01632546560342, 28.400760883359958], [77.02154544097215, 28.416547533242444], [77.02035206954139, 28.417359919476173], [77.01707071245468, 28.419485721092748], [77.01663043196427, 28.419827212152352], [77.0137430517067, 28.414207882417372], [77.01055627464302, 28.400823588561412]]]}}, {"type": "Feature", "properties": {"OBJECTID_12": 82, "OBJECTID": 230, "OBJECTID_1": 0, "Id": 0, "Area": 0, "Name": "74", "Density": "320/330/340", "Shape_Leng": 0, "Shape_Le_1": 0, "Sector_Nam": " ", "SHAPE_Le_2": 6084.50214522, "S": "S", "Shape_Length": 6939.688460461205, "Shape_Area": 2003541.1712308407}, "geometry": {"type": "Polygon", "coordinates": [[[77.01663043196427, 28.419827212152352], [77.01496813276866, 28.421116497141533], [77.01230081819615, 28.423327386779558], [77.0117314435112, 28.423786462212096], [77.01118014113311, 28.423073202950178], [77.01063723979958, 28.42235541830249], [77.00976831649322, 28.42124850318053], [77.00879550571923, 28.41993062778151], [77.00860033504566, 28.419239483926667], [77.00840340457246, 28.418821588905267], [77.00825052119258, 28.418591061390305], [77.0080199622867, 28.418358694892632], [77.0076314121802, 28.4183405510526], [77.00762611032341, 28.417522901778483], [77.00754719781729, 28.416847203207638], [77.00729246794204, 28.41644269295674], [77.00666679224497, 28.41591472443544], [77.00622619015769, 28.4155344393991], [77.00622261216792, 28.415129805620214], [77.00611327012984, 28.413054269922025], [77.00596470135827, 28.4106164071637], [77.00591296199117, 28.40959053232643], [77.00621090711974, 28.409567041752116], [77.00621459919559, 28.407470737885756], [77.00572823063948, 28.407454028666095], [77.00573580523398, 28.405419742274407], [77.00568767889095, 28.40372530595989], [77.00572238709856, 28.40155453041846], [77.00571555091925, 28.401339284769428], [77.00682370097564, 28.40117285839903], [77.00800539969761, 28.40097876153148], [77.00936408359854, 28.400863219234736], [77.01044878043948, 28.40082333411844], [77.01055627464302, 28.400823588561412], [77.0137430517067, 28.414207882417372], [77.01663043196427, 28.419827212152352]]]}}, {"type": "Feature", "properties": {"OBJECTID_12": 83, "OBJECTID": 231, "OBJECTID_1": 0, "Id": 0, "Area": 0, "Name": "33", "Density": " ", "Shape_Leng": 0, "Shape_Le_1": 0, "Sector_Nam": " ", "SHAPE_Le_2": 7954.44837244, "S": "S", "Shape_Length": 9060.258764987177, "Shape_Area": 5463759.078670727}, "geometry": {"type": "Polygon", "coordinates": [[[77.03049411198116, 28.44630335013842], [77.0300195347115, 28.44643866979761], [77.02812346333626, 28.446979291916332], [77.02645788349325, 28.44746251385521], [77.02495066495673, 28.44789322079843], [77.0243138196074, 28.448069825105662], [77.02374938745314, 28.44821908558466], [77.02318940016288, 28.448318140401184], [77.02266292721927, 28.4483331331651], [77.02216273448931, 28.44830953192201], [77.02139268874627, 28.448158627118904], [77.02075590268575, 28.447912624902497], [77.02019616422886, 28.447598625827], [77.01977644797195, 28.447261057515824], [77.01929158499229, 28.446764491674507], [77.01881877650541, 28.446191345309007], [77.01785733660628, 28.44506438153791], [77.01583665273145, 28.442635205346086], [77.01407906564039, 28.44054351443165], [77.0123278979104, 28.438501839839727], [77.01014828319718, 28.435938829407995], [77.01010515687703, 28.435886676398834], [77.01179487894329, 28.434891428352042], [77.01294727911224, 28.434129481290405], [77.01427286997642, 28.43324319799814], [77.01552117338683, 28.432412959694087], [77.01709228010635, 28.43137260105852], [77.0186793750413, 28.430322436499313], [77.01918014718466, 28.42999554570029], [77.0199892561678, 28.42946737143177], [77.02109037331381, 28.428713281241503], [77.02130819410898, 28.42852143338339], [77.02175992093274, 28.427989471642213], [77.02192405571158, 28.427815131905998], [77.0221899300862, 28.427593919066553], [77.0232050874427, 28.4270082168592], [77.02450502691393, 28.426344258262525], [77.02475521760203, 28.426292785459765], [77.02552746062425, 28.426283682224764], [77.02643406646011, 28.42623914880552], [77.02705588209639, 28.426272863886492], [77.0274790811217, 28.4263716098198], [77.02823867406808, 28.426548905757524], [77.03006372373865, 28.42700641644859], [77.03125908044618, 28.42730605839077], [77.03486739285525, 28.42815701716294], [77.03700939959907, 28.42865095120619], [77.0366210713765, 28.429950787909007], [77.0362105799192, 28.431363164894034], [77.03602461697731, 28.432230221266813], [77.03587191685372, 28.433283003758948], [77.03577350282109, 28.433926711942167], [77.03563747453087, 28.43443967173743], [77.0351141358093, 28.436025635175973], [77.03487209284083, 28.436926954317425], [77.03454841636922, 28.43850276719932], [77.03444764785223, 28.439135553932235], [77.0344230322168, 28.43929012730589], [77.0342504281215, 28.440856517064887], [77.03403689139192, 28.442683754740788], [77.03384670187661, 28.444319644785278], [77.03363934375957, 28.445598892414722], [77.03310851847841, 28.445629956082147], [77.03220440097584, 28.445812977041236], [77.03146303933819, 28.446031762470763], [77.0306327858099, 28.446263807559568], [77.03049411198116, 28.44630335013842]]]}}, {"type": "Feature", "properties": {"OBJECTID_12": 84, "OBJECTID": 232, "OBJECTID_1": 0, "Id": 0, "Area": 0, "Name": "10 A", "Density": "375/100", "Shape_Leng": 0, "Shape_Le_1": 0, "Sector_Nam": " ", "SHAPE_Le_2": 7046.17765343, "S": "S", "Shape_Length": 8025.007575153073, "Shape_Area": 2802144.7265692744}, "geometry": {"type": "Polygon", "coordinates": [[[77.02374899578768, 28.457141605236963], [77.02353316476088, 28.457340796635414], [77.02292716216853, 28.457154037088504], [77.02226512805863, 28.457003920468164], [77.02158573310756, 28.456935232812803], [77.02079084265874, 28.456901683878957], [77.01943102957553, 28.456918407406587], [77.01892181326849, 28.456924666388502], [77.01657438068382, 28.45693561822387], [77.01584030617971, 28.456944143864007], [77.01565995770834, 28.456694642043946], [77.01513251727914, 28.456091255795116], [77.01477788486287, 28.455482921242126], [77.01430711195843, 28.45473305470288], [77.01411394183302, 28.454518652471837], [77.01392914759926, 28.45431845034523], [77.01368237230588, 28.454126328260955], [77.01350740025147, 28.4540167058519], [77.01267626547589, 28.45363745652153], [77.012022807582, 28.453367785587073], [77.01156880622393, 28.45321692512325], [77.0110776316811, 28.45310003793089], [77.01009218340768, 28.452988067153527], [77.00972925235482, 28.452938517065178], [77.0094472065084, 28.452880609215377], [77.00910109730755, 28.45277207623945], [77.008336651662, 28.45248387652514], [77.00718967013081, 28.451988924313753], [77.00634399612234, 28.451610230849177], [77.00590848658439, 28.45143634863826], [77.00530117155341, 28.451228325412377], [77.00498135514262, 28.451138304125255], [77.00435638641964, 28.451002353883784], [77.00361803503651, 28.450904743006426], [77.00335793593081, 28.450864261469896], [77.00311440265729, 28.450785336092988], [77.00288118294155, 28.45070320160497], [77.00200116544144, 28.45033568194502], [77.00076914040234, 28.44982053241665], [76.99943590128183, 28.44925490761797], [76.99785175012606, 28.448584465028045], [76.99721966405112, 28.448324375407154], [76.99789409042035, 28.447103638901623], [76.99909765233969, 28.444884662506436], [76.99954574817308, 28.444006631862656], [76.99957522369417, 28.443975650655222], [77.00035893820257, 28.44315188195728], [77.00166329379174, 28.441700184396453], [77.00219258744532, 28.441119390472306], [77.0030240483094, 28.440519822191696], [77.0038528456686, 28.43992267630771], [77.00510828709224, 28.439032734491626], [77.0061243948663, 28.438429137667036], [77.0099332408912, 28.442679235818673], [77.01414782269227, 28.446822743300032], [77.01782276584088, 28.450527171159102], [77.02078791954081, 28.4537148759887], [77.02265654109591, 28.455830120798392], [77.02374899578768, 28.457141605236963]]]}}, {"type": "Feature", "properties": {"OBJECTID_12": 85, "OBJECTID": 233, "OBJECTID_1": 0, "Id": 0, "Area": 0, "Name": "11", "Density": " ", "Shape_Leng": 0, "Shape_Le_1": 0, "Sector_Nam": " ", "SHAPE_Le_2": 8171.16194666, "S": "S", "Shape_Length": 9310.863295157504, "Shape_Area": 2404873.8569016643}, "geometry": {"type": "Polygon", "coordinates": [[[77.0061243948663, 28.438429137667036], [77.00630763501461, 28.438320286532747], [77.00720381230832, 28.437717352336215], [77.00876041303266, 28.436758474768258], [77.00946264854814, 28.4363279017994], [77.01010163278615, 28.435882416284713], [77.01010515687703, 28.435886676398834], [77.01014828319718, 28.435938829407995], [77.0123278979104, 28.438501839839727], [77.01407906564039, 28.44054351443165], [77.01583665273145, 28.442635205346086], [77.01785733660628, 28.44506438153791], [77.01881877650541, 28.446191345309007], [77.01929158499229, 28.446764491674507], [77.01977644797195, 28.447261057515824], [77.02019616422886, 28.447598625827], [77.02075590268575, 28.447912624902497], [77.02139268874627, 28.448158627118904], [77.02216273448931, 28.44830953192201], [77.02266292721927, 28.4483331331651], [77.02318940016288, 28.448318140401184], [77.02374938745314, 28.44821908558466], [77.0243138196074, 28.448069825105662], [77.02495066495673, 28.44789322079843], [77.02645788349325, 28.44746251385521], [77.02812346333626, 28.446979291916332], [77.0306327858099, 28.446263807559568], [77.03146303933819, 28.446031762470763], [77.03220440097584, 28.445812977041236], [77.03310851847841, 28.445629956082147], [77.03363934375957, 28.445598892414722], [77.0335489921066, 28.446167952900094], [77.03309078753131, 28.44706772440539], [77.03243326026922, 28.44842171064253], [77.03149614854462, 28.45041255411121], [77.03111142705788, 28.451201396515593], [77.03005949986017, 28.45340643303203], [77.02906828080935, 28.45553893296709], [77.02852263961421, 28.456673970377054], [77.02782713787012, 28.457601140498106], [77.02763378897995, 28.457859206023258], [77.02743968280996, 28.45776966582376], [77.02725068625736, 28.457634007637104], [77.02714014945994, 28.45750434365012], [77.02706664930339, 28.457333539404058], [77.02704423633705, 28.457150036087466], [77.02709689917229, 28.4569367634002], [77.02710565145809, 28.45682919653724], [77.0271153622463, 28.45677175125899], [77.02685138421525, 28.45667063593112], [77.02647351956907, 28.456547341915513], [77.02631417460736, 28.456549715993255], [77.0261934607961, 28.456594489383352], [77.02580591680275, 28.456671887730472], [77.02528648934592, 28.45677512361108], [77.02470265268319, 28.456900803277563], [77.02380661642493, 28.457088427286426], [77.02374899578768, 28.457141605236963], [77.02265654109591, 28.455830120798392], [77.02078791954081, 28.4537148759887], [77.01782276584088, 28.450527171159102], [77.01414782269227, 28.446822743300032], [77.0099332408912, 28.442679235818673], [77.0061243948663, 28.438429137667036]]]}}, {"type": "Feature", "properties": {"OBJECTID_12": 86, "OBJECTID": 234, "OBJECTID_1": 0, "Id": 0, "Area": 0, "Name": "47", "Density": "250/100", "Shape_Leng": 0, "Shape_Le_1": 0, "Sector_Nam": " ", "SHAPE_Le_2": 6120.87330212, "S": "S", "Shape_Length": 6970.967367565034, "Shape_Area": 2885418.4643168766}, "geometry": {"type": "Polygon", "coordinates": [[[77.05510421467278, 28.430266720300505], [77.05470772525581, 28.430568926746876], [77.05369618092341, 28.431333865775677], [77.05261817832793, 28.43215471200016], [77.05149210867826, 28.433004925567207], [77.05060288254816, 28.43367249906001], [77.04986287377331, 28.434235157992237], [77.04924318894088, 28.434639303237883], [77.04780375098747, 28.433158265299166], [77.04571150731712, 28.4309622088877], [77.04540056895627, 28.43066367140896], [77.04511128628192, 28.43050805767666], [77.04331540221372, 28.4300957369788], [77.04190320477299, 28.42977456967206], [77.04033146024959, 28.42941709855091], [77.03700939959907, 28.42865095120619], [77.03715544140977, 28.428097254274515], [77.03755368972804, 28.42675190570231], [77.03825108512076, 28.424387392499003], [77.03888713007116, 28.42220524281468], [77.0396499991734, 28.419596216743763], [77.04025877037343, 28.41754339621955], [77.04037681978157, 28.417145607416515], [77.04122614274672, 28.41745672303639], [77.04242250466906, 28.417880464420247], [77.04436653709732, 28.4185651425777], [77.04589980587878, 28.41909361695303], [77.04721691125678, 28.4194749123305], [77.04821539318665, 28.419717739863188], [77.04924147495531, 28.419991182963027], [77.04978726077923, 28.42014531421906], [77.05076301982398, 28.42046963933679], [77.05155478323731, 28.420775243304135], [77.05188944520651, 28.420997612008183], [77.0519131544418, 28.42101336550676], [77.05258648935796, 28.42161918371463], [77.05353493063495, 28.422485860109454], [77.05374696717797, 28.422697534502166], [77.0548040839431, 28.424016182072062], [77.05596190903805, 28.425373887240127], [77.05713487793209, 28.42653557760434], [77.0571572010669, 28.426557845438964], [77.05779030313641, 28.42718938825534], [77.05838571189662, 28.427781521595538], [77.05744128339404, 28.428491105702374], [77.05662164076584, 28.42912185173903], [77.05571115510625, 28.429804103845974], [77.05510421467278, 28.430266720300505]]]}}, {"type": "Feature", "properties": {"OBJECTID_12": 87, "OBJECTID": 235, "OBJECTID_1": 0, "Id": 0, "Area": 0, "Name": "46", "Density": "250/100", "Shape_Leng": 0, "Shape_Le_1": 0, "Sector_Nam": " ", "SHAPE_Le_2": 5034.65838617, "S": "S", "Shape_Length": 5735.550922546085, "Shape_Area": 2042676.247272642}, "geometry": {"type": "Polygon", "coordinates": [[[77.06421354218382, 28.439321782097657], [77.06342160719227, 28.43989423660538], [77.06253008945993, 28.4405386620806], [77.06085133402662, 28.44186049967837], [77.0591447928033, 28.443144538445022], [77.0581995306641, 28.443860467275663], [77.05797541447544, 28.443624901965006], [77.05609055227832, 28.44169865595814], [77.05342763675573, 28.438957461523252], [77.04994207553696, 28.43535836564615], [77.04924318894088, 28.434639303237883], [77.04986287377331, 28.434235157992237], [77.05060288254816, 28.43367249906001], [77.05149210867826, 28.433004925567207], [77.05261817832793, 28.43215471200016], [77.05369618092341, 28.431333865775677], [77.05470772525581, 28.430568926746876], [77.05510421467278, 28.430266720300505], [77.05571115510625, 28.429804103845974], [77.05662164076584, 28.42912185173903], [77.05744128339404, 28.428491105702374], [77.05838571189662, 28.427781521595538], [77.05928009615305, 28.42867096555043], [77.06027830230013, 28.429730221786922], [77.06132824511937, 28.430810173377083], [77.06263803641434, 28.432196549161535], [77.06440130355294, 28.43398428891191], [77.06587917772238, 28.435537590562998], [77.06727646762097, 28.436972724212872], [77.0655460572622, 28.43825584755007], [77.064562737996, 28.43904244960045], [77.06421354218382, 28.439321782097657]]]}}, {"type": "Feature", "properties": {"OBJECTID_12": 88, "OBJECTID": 236, "OBJECTID_1": 0, "Id": 0, "Area": 0, "Name": "51", "Density": "250/100", "Shape_Leng": 0, "Shape_Le_1": 0, "Sector_Nam": " ", "SHAPE_Le_2": 5084.63112896, "S": "S", "Shape_Length": 5792.256298805204, "Shape_Area": 2012819.3246031925}, "geometry": {"type": "Polygon", "coordinates": [[[77.07274248974936, 28.43262279654076], [77.07230985751528, 28.432976333123815], [77.07030332120786, 28.434513368821452], [77.06896280124198, 28.43557946983343], [77.0680399619506, 28.43631928918463], [77.06727646762097, 28.436972724212872], [77.06587917772238, 28.435537590562998], [77.06440130355294, 28.43398428891191], [77.06263803641434, 28.432196549161535], [77.06132824511937, 28.430810173377083], [77.06027830230013, 28.429730221786922], [77.05928009615305, 28.42867096555043], [77.05838571189662, 28.427781521595538], [77.05779030313641, 28.42718938825534], [77.0571572010669, 28.426557845438964], [77.05792399850183, 28.425936684303615], [77.0590735474181, 28.425050253399224], [77.06017265772779, 28.42420994046684], [77.0619207981353, 28.422858418165617], [77.06335773967054, 28.42175511404299], [77.0647252899433, 28.42069582382151], [77.06482904356197, 28.420614951381125], [77.06573979152965, 28.421496987292237], [77.06778960507421, 28.423445076356185], [77.07003257347282, 28.425600291140107], [77.07192595080052, 28.427412218274682], [77.07397319965492, 28.429355468854794], [77.07528028702089, 28.430596123167618], [77.07367633340299, 28.431859669526617], [77.07274248974936, 28.43262279654076]]]}}, {"type": "Feature", "properties": {"OBJECTID_12": 89, "OBJECTID": 237, "OBJECTID_1": 0, "Id": 0, "Area": 0, "Name": "49", "Density": "250/100", "Shape_Leng": 0, "Shape_Le_1": 0, "Sector_Nam": " ", "SHAPE_Le_2": 6258.53855352, "S": "S", "Shape_Length": 7130.554721443045, "Shape_Area": 3103773.990104719}, "geometry": {"type": "Polygon", "coordinates": [[[77.05582486565157, 28.412935153717164], [77.05562089777642, 28.413355917126704], [77.05537799871348, 28.413856984496576], [77.05458343614973, 28.41550201979996], [77.05383966433213, 28.41698154766113], [77.05336323293976, 28.418041616915847], [77.05290758856303, 28.4189199222667], [77.0523850592235, 28.4199711330054], [77.05188944520651, 28.420997612008183], [77.05155478323731, 28.420775243304135], [77.05076301982398, 28.42046963933679], [77.04978726077923, 28.42014531421906], [77.04924147495531, 28.419991182963027], [77.04821539318665, 28.419717739863188], [77.04721691125678, 28.4194749123305], [77.04589980587878, 28.41909361695303], [77.04436653709732, 28.4185651425777], [77.04242250466906, 28.417880464420247], [77.04122614274672, 28.41745672303639], [77.04037681978157, 28.417145607416515], [77.04091066699536, 28.415346676111763], [77.04160019494282, 28.413001364518827], [77.04224627497324, 28.410785625210373], [77.04319895180677, 28.407521948028425], [77.04341969392324, 28.40678328568535], [77.0438187579118, 28.405347184104322], [77.04425596167236, 28.40364788626578], [77.04486621149938, 28.401399249245134], [77.04488853283756, 28.40131349606768], [77.04608329845365, 28.40168176439185], [77.04851289993736, 28.402441704020088], [77.04980283127804, 28.402922711359988], [77.05166081139029, 28.403778101420947], [77.05407604701601, 28.404684747450972], [77.05622749415518, 28.405492670980223], [77.05892171866036, 28.406510073973372], [77.05868577615098, 28.407005060342275], [77.0579981113094, 28.408447947284603], [77.05710231040975, 28.410299849611253], [77.05626873401322, 28.4120194951712], [77.05582486565157, 28.412935153717164]]]}}, {"type": "Feature", "properties": {"OBJECTID_12": 90, "OBJECTID": 238, "OBJECTID_1": 0, "Id": 0, "Area": 0, "Name": "50", "Density": "250/100", "Shape_Leng": 0, "Shape_Le_1": 0, "Sector_Nam": " ", "SHAPE_Le_2": 6533.75654415, "S": "S", "Shape_Length": 7441.815168776683, "Shape_Area": 3116836.646179243}, "geometry": {"type": "Polygon", "coordinates": [[[77.06944289237086, 28.416610039480865], [77.0689427661162, 28.417221196916568], [77.06838203232597, 28.41778727344329], [77.06741148261152, 28.418566009277097], [77.06659290269033, 28.41924454503967], [77.06569364417516, 28.41994101381888], [77.06482904356197, 28.420614951381125], [77.0647252899433, 28.42069582382151], [77.06335773967054, 28.42175511404299], [77.0619207981353, 28.422858418165617], [77.06017265772779, 28.42420994046684], [77.0590735474181, 28.425050253399224], [77.05792399850183, 28.425936684303615], [77.0571572010669, 28.426557845438964], [77.05713487793209, 28.42653557760434], [77.05596190903805, 28.425373887240127], [77.0548040839431, 28.424016182072062], [77.05374696717797, 28.422697534502166], [77.05353493063495, 28.422485860109454], [77.05258648935796, 28.42161918371463], [77.0519131544418, 28.42101336550676], [77.05188944520651, 28.420997612008183], [77.0523850592235, 28.4199711330054], [77.05290758856303, 28.4189199222667], [77.05336323293976, 28.418041616915847], [77.05383966433213, 28.41698154766113], [77.05458343614973, 28.41550201979996], [77.05537799871348, 28.413856984496576], [77.05562089777642, 28.413355917126704], [77.05582486565157, 28.412935153717164], [77.05626873401322, 28.4120194951712], [77.05710231040975, 28.410299849611253], [77.0579981113094, 28.408447947284603], [77.05868577615098, 28.407005060342275], [77.05892171866036, 28.406510073973372], [77.06287814351336, 28.408003977661384], [77.06617760973785, 28.409243184977317], [77.06970846401323, 28.41057429046153], [77.07193078912663, 28.411404752191046], [77.07420709131048, 28.412231967165972], [77.07431236667526, 28.412269630937857], [77.0744986179764, 28.412336264074167], [77.0739873166796, 28.412790281494384], [77.07188439383715, 28.414523376674996], [77.07124112643189, 28.414945004454022], [77.07081027555697, 28.415354445039775], [77.06953161717482, 28.416430347969914], [77.06949670145637, 28.416544283650236], [77.06944289237086, 28.416610039480865]]]}}, {"type": "Feature", "properties": {"OBJECTID_12": 91, "OBJECTID": 239, "OBJECTID_1": 0, "Id": 0, "Area": 0, "Name": "57", "Density": "250/100", "Shape_Leng": 0, "Shape_Le_1": 0, "Sector_Nam": " ", "SHAPE_Le_2": 7530.01233207, "S": "S", "Shape_Length": 8572.669439334444, "Shape_Area": 4709212.608884572}, "geometry": {"type": "Polygon", "coordinates": [[[77.08678604572378, 28.42967626298264], [77.08606332233164, 28.429619866270254], [77.08559538451023, 28.42958406433552], [77.08511697323095, 28.42956513322819], [77.08481960212583, 28.429550590463602], [77.08444775439544, 28.42959448497492], [77.08380377013455, 28.42967119683856], [77.08254223633666, 28.42979555705852], [77.08130001991061, 28.429941096454744], [77.08037583673958, 28.43005311374921], [77.07945672635495, 28.430148336019062], [77.07836518524987, 28.43026528491422], [77.07725730289141, 28.4303753119182], [77.07582637018713, 28.43050458337031], [77.07541003339229, 28.43055271411561], [77.07528028702089, 28.430596123167618], [77.07397319965492, 28.429355468854794], [77.07192595080052, 28.427412218274682], [77.07003257347282, 28.425600291140107], [77.06778960507421, 28.423445076356185], [77.06573979152965, 28.421496987292237], [77.06482904356197, 28.420614951381125], [77.06569364417516, 28.41994101381888], [77.06659290269033, 28.41924454503967], [77.06741148261152, 28.418566009277097], [77.06838203232597, 28.41778727344329], [77.0689427661162, 28.417221196916568], [77.06944289237086, 28.416610039480865], [77.06949670145637, 28.416544283650236], [77.06953161717482, 28.416430347969914], [77.07081027555697, 28.415354445039775], [77.07124112643189, 28.414945004454022], [77.07188439383715, 28.414523376674996], [77.0739873166796, 28.412790281494384], [77.0744986179764, 28.412336264074167], [77.07764434382821, 28.413461624049113], [77.0796892112488, 28.41418722694127], [77.08031654972748, 28.4143686383439], [77.0808183549334, 28.41448273031071], [77.08378877186257, 28.4153087171513], [77.0861025508618, 28.415972805004664], [77.08708306199439, 28.416260981716174], [77.08860115104416, 28.41669608998611], [77.08994023011233, 28.417090954042738], [77.0910232533919, 28.417372754199373], [77.09110163679034, 28.41737632532551], [77.09112328349373, 28.418615081675416], [77.09113895819715, 28.420648952670533], [77.09117451890599, 28.42273265301827], [77.09120316887535, 28.424959149634095], [77.09123411853182, 28.42667047698631], [77.09127488048614, 28.428606074348032], [77.09131092718357, 28.429973833153596], [77.09100064279619, 28.429909370918434], [77.09030348725368, 28.429891432082552], [77.08979002281367, 28.4298754437015], [77.08935211118067, 28.429855905152376], [77.08826242779158, 28.42979145864498], [77.08680302298436, 28.429677587779693], [77.08678604572378, 28.42967626298264]]]}}, {"type": "Feature", "properties": {"OBJECTID_12": 92, "OBJECTID": 240, "OBJECTID_1": 0, "Id": 0, "Area": 0, "Name": "66", "Density": "250/100", "Shape_Leng": 0, "Shape_Le_1": 0, "Sector_Nam": " ", "SHAPE_Le_2": 6208.11488468, "S": "S", "Shape_Length": 7068.991765747993, "Shape_Area": 3227843.7561928905}, "geometry": {"type": "Polygon", "coordinates": [[[77.0478522582162, 28.392525131076], [77.04847232932418, 28.39173265790091], [77.04894281207278, 28.391126647422084], [77.04945509343155, 28.390480523983996], [77.04987797445325, 28.389867735251304], [77.05024471885449, 28.389284441823722], [77.0507031057878, 28.38856409449055], [77.05595916558318, 28.390392139054285], [77.05722871864162, 28.39070483159855], [77.05795085812885, 28.39091118381641], [77.05869729165461, 28.39111716578718], [77.0595235701378, 28.391403110438542], [77.06022257980308, 28.391669487386963], [77.06192911833145, 28.39237900999425], [77.06364079791825, 28.393074106519034], [77.0650618446628, 28.39367808835883], [77.06600460499392, 28.39401354848432], [77.06556075549688, 28.394793825419633], [77.0649309071253, 28.395868194712232], [77.06414799481247, 28.39726480303727], [77.06328621401099, 28.398772427921692], [77.06253915435943, 28.400070599001165], [77.06173161113986, 28.401453244584854], [77.06084614445922, 28.40313550028856], [77.06029178511425, 28.404208707219894], [77.05979137858525, 28.405140234184593], [77.05912290984296, 28.406317825573087], [77.05892171866036, 28.406510073973372], [77.05622749415518, 28.405492670980223], [77.05407604701601, 28.404684747450972], [77.05166081139029, 28.403778101420947], [77.04980283127804, 28.402922711359988], [77.04851289993736, 28.402441704020088], [77.04608329845365, 28.40168176439185], [77.04488853283756, 28.40131349606768], [77.04517294664302, 28.40022086593135], [77.04536408747424, 28.39948654859886], [77.04575097839239, 28.397981386706856], [77.04612765726237, 28.39650741743955], [77.04656442893331, 28.39478901759584], [77.04673467764596, 28.39423494763432], [77.04688667798193, 28.393855437448178], [77.0471301744245, 28.393460227577776], [77.04755417923863, 28.39290472979221], [77.0478522582162, 28.392525131076]]]}}, {"type": "Feature", "properties": {"OBJECTID_12": 93, "OBJECTID": 241, "OBJECTID_1": 0, "Id": 0, "Area": 0, "Name": "65", "Density": "250/100", "Shape_Leng": 0, "Shape_Le_1": 0, "Sector_Nam": " ", "SHAPE_Le_2": 6254.6703412, "S": "S", "Shape_Length": 7122.590590894932, "Shape_Area": 3147108.0119991913}, "geometry": {"type": "Polygon", "coordinates": [[[77.07798842553149, 28.404733542611407], [77.07741828727856, 28.40599026092951], [77.0765211290245, 28.407892434827826], [77.07625616913484, 28.408428882024943], [77.07567552867789, 28.409462954662303], [77.07520131522591, 28.410416219148175], [77.0748514816099, 28.411170620602444], [77.07431236667526, 28.412269630937857], [77.07420709131048, 28.412231967165972], [77.07193078912663, 28.411404752191046], [77.06970846401323, 28.41057429046153], [77.06617760973785, 28.409243184977317], [77.06287814351336, 28.408003977661384], [77.05892171866036, 28.406510073973372], [77.05912290984296, 28.406317825573087], [77.05979137858525, 28.405140234184593], [77.06029178511425, 28.404208707219894], [77.06084614445922, 28.40313550028856], [77.06173161113986, 28.401453244584854], [77.06253915435943, 28.400070599001165], [77.06328621401099, 28.398772427921692], [77.06414799481247, 28.39726480303727], [77.0649309071253, 28.395868194712232], [77.06556075549688, 28.394793825419633], [77.06600460499392, 28.39401354848432], [77.06722613771052, 28.394491609333553], [77.06886514628575, 28.39519490257317], [77.06956508480904, 28.39550657893135], [77.0715891661123, 28.39629471002853], [77.07356994861883, 28.397076306438027], [77.0754330194838, 28.397912192929727], [77.07667581083162, 28.3985068266385], [77.07697463091928, 28.398600156271453], [77.0774006874855, 28.398710643683128], [77.07789436473473, 28.398827259852432], [77.07864512005534, 28.39897337599535], [77.07991962193266, 28.39925473758547], [77.08021862527669, 28.39932619284807], [77.0788729328114, 28.402840473348565], [77.0785868661058, 28.40344179352849], [77.07798842553149, 28.404733542611407]]]}}, {"type": "Feature", "properties": {"OBJECTID_12": 94, "OBJECTID": 242, "OBJECTID_1": 0, "Id": 0, "Area": 0, "Name": "62", "Density": "250/100", "Shape_Leng": 0, "Shape_Le_1": 0, "Sector_Nam": " ", "SHAPE_Le_2": 6221.36074476, "S": "S", "Shape_Length": 7086.302026378252, "Shape_Area": 3057689.370701029}, "geometry": {"type": "Polygon", "coordinates": [[[77.09187301024336, 28.405834655180808], [77.09185058290396, 28.405991247835694], [77.09183367571202, 28.406745347360378], [77.09181776834495, 28.40772206170926], [77.09181289767949, 28.408435986953645], [77.09183162216326, 28.408839179814418], [77.09185457411876, 28.409182619699106], [77.09188846036794, 28.40980761327322], [77.09187535574455, 28.410239944691916], [77.09183635718311, 28.410866057949367], [77.091732642192, 28.41135946664296], [77.0914611515502, 28.412246997437407], [77.09116213922306, 28.41338324438589], [77.09112643119049, 28.41362731449366], [77.0910078418949, 28.41460083029573], [77.09094106562827, 28.415325255263063], [77.09089530185443, 28.415882235425386], [77.09101857766085, 28.41665865217045], [77.09110163679034, 28.41737632532551], [77.0910232533919, 28.417372754199373], [77.08994023011233, 28.417090954042738], [77.08860115104416, 28.41669608998611], [77.08708306199439, 28.416260981716174], [77.0861025508618, 28.415972805004664], [77.08378877186257, 28.4153087171513], [77.0808183549334, 28.41448273031071], [77.08031654972748, 28.4143686383439], [77.0796892112488, 28.41418722694127], [77.07764434382821, 28.413461624049113], [77.0744986179764, 28.412336264074167], [77.07431236667526, 28.412269630937857], [77.0748514816099, 28.411170620602444], [77.07520131522591, 28.410416219148175], [77.07567552867789, 28.409462954662303], [77.07625616913484, 28.408428882024943], [77.0765211290245, 28.407892434827826], [77.07741828727856, 28.40599026092951], [77.07798842553149, 28.404733542611407], [77.0785868661058, 28.40344179352849], [77.0788729328114, 28.402840473348565], [77.08021862527669, 28.39932619284807], [77.0812624029581, 28.39957562922739], [77.08233400865042, 28.399836193448703], [77.08326185964277, 28.400063135550287], [77.08451734957544, 28.40033758158423], [77.08524410909817, 28.400498352238884], [77.08656192414524, 28.40078376111449], [77.087556943968, 28.40099293208779], [77.08897227024087, 28.401293534236448], [77.08998997072796, 28.40155725104314], [77.09167535033812, 28.401996927731293], [77.09240196523209, 28.402209755657804], [77.09227710210257, 28.40289472634277], [77.09211861054034, 28.404172661221782], [77.09193368515258, 28.405411012571598], [77.09187301024336, 28.405834655180808]]]}}, {"type": "Feature", "properties": {"OBJECTID_12": 95, "OBJECTID": 243, "OBJECTID_1": 0, "Id": 0, "Area": 0, "Name": "61", "Density": "250/100", "Shape_Leng": 0, "Shape_Le_1": 0, "Sector_Nam": " ", "SHAPE_Le_2": 5364.77688801, "S": "S", "Shape_Length": 6113.994334401778, "Shape_Area": 2121642.344367299}, "geometry": {"type": "Polygon", "coordinates": [[[77.10187132852589, 28.409895859540352], [77.10176583127722, 28.41077120312504], [77.10175898341981, 28.410828020741228], [77.10162604174093, 28.41189010001219], [77.10152763848808, 28.412786911690706], [77.10145871794285, 28.413399162568396], [77.10141305747527, 28.41395853026475], [77.10134232772305, 28.4151628953285], [77.1012580064606, 28.41636269583644], [77.10120529960793, 28.417795977633958], [77.10117296025768, 28.418335165179723], [77.10021146196809, 28.418073598040397], [77.0989920645469, 28.417724740247355], [77.09767766938612, 28.417351073036624], [77.09742556798139, 28.417302433802448], [77.09540562431836, 28.41730250648913], [77.09261400177513, 28.41733590206661], [77.09110163679034, 28.41737632532551], [77.09101857766085, 28.41665865217045], [77.09089530185443, 28.415882235425386], [77.09094106562827, 28.415325255263063], [77.0910078418949, 28.41460083029573], [77.09112643119049, 28.41362731449366], [77.09116213922306, 28.41338324438589], [77.0914611515502, 28.412246997437407], [77.091732642192, 28.41135946664296], [77.09183635718311, 28.410866057949367], [77.09187535574455, 28.410239944691916], [77.09188846036794, 28.40980761327322], [77.09185457411876, 28.409182619699106], [77.09183162216326, 28.408839179814418], [77.09181289767949, 28.408435986953645], [77.09181776834495, 28.40772206170926], [77.09183367571202, 28.406745347360378], [77.09185058290396, 28.405991247835694], [77.09187301024336, 28.405834655180808], [77.09193368515258, 28.405411012571598], [77.09211861054034, 28.404172661221782], [77.09227710210257, 28.40289472634277], [77.09240196523209, 28.402209755657804], [77.09251178966547, 28.402241922515238], [77.09263694115423, 28.40229013564442], [77.09330506763837, 28.402351489516064], [77.09474805124218, 28.402546558164428], [77.0958706444117, 28.402651043189987], [77.09667411377151, 28.40272939760692], [77.0978539583707, 28.402861634382244], [77.09875758629144, 28.402952757948757], [77.09954230601463, 28.403038545357617], [77.10088169589986, 28.40318262098507], [77.10183680177795, 28.40328247968574], [77.10249418800453, 28.403346341794137], [77.10245908274156, 28.404029693180995], [77.10236271237618, 28.40557586144649], [77.10215103246433, 28.407572650082926], [77.10201491164761, 28.408703744124875], [77.10195155077572, 28.409230231539098], [77.10187132852589, 28.409895859540352]]]}}, {"type": "Feature", "properties": {"OBJECTID_12": 96, "OBJECTID": 244, "OBJECTID_1": 0, "Id": 0, "Area": 0, "Name": "58", "Density": "250/100", "Shape_Leng": 0, "Shape_Le_1": 0, "Sector_Nam": " ", "SHAPE_Le_2": 6243.25323374, "S": "S", "Shape_Length": 7112.883784279848, "Shape_Area": 2525183.581049646}, "geometry": {"type": "Polygon", "coordinates": [[[77.11734022159867, 28.41903433246441], [77.1172565498182, 28.41950137526918], [77.11724429679771, 28.420225654523893], [77.11702798786715, 28.42102642178973], [77.11655752308488, 28.4218120419018], [77.11592247526445, 28.422877160865028], [77.1156253493994, 28.423688732209555], [77.11579368829373, 28.42482014551507], [77.11602816834585, 28.42797127573318], [77.11532784983517, 28.42740119228246], [77.11457584316138, 28.426796922386952], [77.1140673562864, 28.426351210308272], [77.11335761265174, 28.42569852656435], [77.112353452471, 28.424771079152883], [77.11097754337449, 28.423345641158903], [77.11013015358382, 28.42242290623006], [77.10996608617864, 28.422184319496218], [77.10986586653229, 28.42203307642519], [77.10973774970478, 28.421836904427664], [77.10962502461135, 28.421735991925903], [77.10944495012612, 28.42164328626699], [77.10915394897467, 28.421540360556058], [77.10856181277705, 28.421368089589766], [77.10810869176794, 28.421124427605278], [77.107526227731, 28.42075862071851], [77.10645698281124, 28.420085201554794], [77.10597024684421, 28.419779977981932], [77.10566220555015, 28.419634336128606], [77.10517947517096, 28.419490651044576], [77.10499122691499, 28.419434619442097], [77.10357349854704, 28.41902679687401], [77.10218803407088, 28.418611298064107], [77.10117296025768, 28.418335165179723], [77.10120529960793, 28.417795977633958], [77.1012580064606, 28.41636269583644], [77.10134232772305, 28.4151628953285], [77.10141305747527, 28.41395853026475], [77.10145871794285, 28.413399162568396], [77.10152763848808, 28.412786911690706], [77.10162604174093, 28.41189010001219], [77.10175898341981, 28.410828020741228], [77.10176583127722, 28.41077120312504], [77.10187132852589, 28.409895859540352], [77.10195155077572, 28.409230231539098], [77.10201491164761, 28.408703744124875], [77.10302875926045, 28.408954466890897], [77.10358534822394, 28.409108214403034], [77.10479613439482, 28.409435680910697], [77.10578510136922, 28.409742693126244], [77.10708739083323, 28.41019048283128], [77.10888383006032, 28.41077385240213], [77.11007366751873, 28.411132630910817], [77.11082922972443, 28.411378762089278], [77.11262684125298, 28.41188327738558], [77.11488722439168, 28.412573961213695], [77.11655851841823, 28.413106646719186], [77.11778387705964, 28.41348390332467], [77.11829243849479, 28.41366459852142], [77.11807827563948, 28.414860553250037], [77.11785808059705, 28.41614364364084], [77.11755960725904, 28.41780973352465], [77.11734022159867, 28.41903433246441]]]}}, {"type": "Feature", "properties": {"OBJECTID_12": 97, "OBJECTID": 245, "OBJECTID_1": 0, "Id": 0, "Area": 0, "Name": "29", "Density": " ", "Shape_Leng": 0, "Shape_Le_1": 0, "Sector_Nam": " ", "SHAPE_Le_2": 5999.41610626, "S": "S", "Shape_Length": 6839.972452898394, "Shape_Area": 2511163.9569020523}, "geometry": {"type": "Polygon", "coordinates": [[[77.07290065612143, 28.46939987669], [77.07279665905934, 28.470119738013437], [77.07271310316149, 28.47069809601013], [77.07207141050289, 28.4750578188504], [77.07178114327505, 28.476936392910133], [77.07159607325852, 28.478113840709113], [77.0700199530414, 28.4777940573581], [77.06849515447473, 28.477505080187523], [77.06787606342871, 28.47699044683469], [77.06511042555336, 28.474831251548153], [77.06221837585298, 28.472556927922223], [77.05947630348247, 28.47034711378317], [77.05767582273491, 28.468898920722747], [77.05747865690311, 28.46872319775698], [77.05768022447982, 28.46852187590397], [77.05777780218091, 28.468398638356064], [77.05794519065769, 28.46825285732278], [77.05815909569654, 28.468137408994036], [77.05852863924821, 28.467967079164183], [77.0588637180357, 28.467830694910976], [77.05909382778397, 28.467714998946086], [77.05924620990389, 28.46763151775361], [77.05984257177664, 28.467176028302738], [77.06134116109654, 28.46601688408593], [77.06329265762649, 28.464530932029344], [77.06508138751182, 28.46315247381235], [77.06670769121396, 28.46189822374647], [77.06838187152752, 28.460607414730532], [77.06913118235717, 28.460031409465405], [77.06968248383693, 28.459607610215098], [77.07009601070153, 28.45928971602808], [77.07104626477877, 28.45856139836975], [77.07139428918781, 28.45826005297238], [77.07153137749006, 28.458060792226885], [77.07185988779621, 28.458109505919523], [77.07231522674572, 28.45825476785217], [77.07378823474129, 28.45880828877693], [77.07412466549329, 28.458916562042596], [77.07408025458227, 28.460740658789305], [77.07393504371323, 28.46215863535831], [77.07362630263155, 28.4643335413203], [77.07330516479892, 28.46656593332712], [77.07309931854655, 28.468015736171235], [77.07302490121006, 28.46853985714872], [77.07290065612143, 28.46939987669]]]}}, {"type": "Feature", "properties": {"OBJECTID_12": 98, "OBJECTID": 246, "OBJECTID_1": 0, "Id": 0, "Area": 0, "Name": "41", "Density": "250/100", "Shape_Leng": 0, "Shape_Le_1": 0, "Sector_Nam": " ", "SHAPE_Le_2": 4299.83752253, "S": "S", "Shape_Length": 4900.016327672632, "Shape_Area": 1490750.0049687887}, "geometry": {"type": "Polygon", "coordinates": [[[77.05655160002145, 28.45528968767127], [77.05758624453142, 28.454596692072048], [77.0586433720763, 28.453804767924396], [77.05994043783694, 28.45284924123253], [77.06129778773969, 28.451799677662606], [77.0631327619975, 28.450446811207957], [77.06393625381516, 28.44985878624332], [77.06400837056619, 28.449933830301852], [77.06607595278705, 28.452072647696905], [77.06643562565041, 28.45245679709433], [77.06813672487975, 28.45427360727889], [77.07153137749006, 28.458060792226885], [77.07139428918781, 28.45826005297238], [77.07104626477877, 28.45856139836975], [77.07009601070153, 28.45928971602808], [77.06968248383693, 28.459607610215098], [77.06913118235717, 28.460031409465405], [77.06838187152752, 28.460607414730532], [77.06670769121396, 28.46189822374647], [77.06508138751182, 28.46315247381235], [77.06410178008436, 28.463907401202103], [77.05655160002145, 28.45528968767127]]]}}, {"type": "Feature", "properties": {"OBJECTID_12": 99, "OBJECTID": 247, "OBJECTID_1": 0, "Id": 0, "Area": 0, "Name": "30", "Density": "250/100", "Shape_Leng": 0, "Shape_Le_1": 0, "Sector_Nam": " ", "SHAPE_Le_2": 4187.23690945, "S": "S", "Shape_Length": 4771.692041360679, "Shape_Area": 1359088.2062917307}, "geometry": {"type": "Polygon", "coordinates": [[[77.06410178008436, 28.463907401202103], [77.06329265762649, 28.464530932029344], [77.06134116109654, 28.46601688408593], [77.05984257177664, 28.467176028302738], [77.05924620990389, 28.46763151775361], [77.05909382778397, 28.467714998946086], [77.0588637180357, 28.467830694910976], [77.05852863924821, 28.467967079164183], [77.05815909569654, 28.468137408994036], [77.05794519065769, 28.46825285732278], [77.05777780218091, 28.468398638356064], [77.05768022447982, 28.46852187590397], [77.05747865690311, 28.46872319775698], [77.0572359366049, 28.468506870209396], [77.05700731267018, 28.46828113224924], [77.0566118230781, 28.467809621887568], [77.0561245885461, 28.46706493794769], [77.05582377869005, 28.466599154624916], [77.05558456541475, 28.46624465169254], [77.05524133082278, 28.46582009554261], [77.05448822461106, 28.46501734870394], [77.05388979751152, 28.4643889339525], [77.05327521780484, 28.46376314841008], [77.05258880790971, 28.46305488126065], [77.05152697498936, 28.461932079882637], [77.05073006692442, 28.46109654565462], [77.04946761415, 28.45979530444645], [77.04943429833105, 28.459760553622402], [77.05008957441504, 28.459278833935425], [77.05116822828907, 28.458477090170348], [77.05216708751139, 28.457741003466648], [77.0526804899676, 28.457327384696487], [77.05314310347433, 28.457081653380428], [77.05334586670867, 28.45694966914187], [77.05360054448161, 28.456847936378185], [77.05379668084412, 28.45679245054904], [77.05411649725492, 28.456706446863926], [77.05441750024875, 28.456625501644194], [77.05477708687386, 28.456500695147184], [77.055055744275, 28.456381885309572], [77.05532295085118, 28.45622982551869], [77.05588754021063, 28.45579276158948], [77.05602439674753, 28.45568681578318], [77.05655160002145, 28.45528968767127], [77.06410178008436, 28.463907401202103]]]}}, {"type": "Feature", "properties": {"OBJECTID_12": 100, "OBJECTID": 248, "OBJECTID_1": 0, "Id": 0, "Area": 0, "Name": "31", "Density": "250/100", "Shape_Leng": 0, "Shape_Le_1": 0, "Sector_Nam": " ", "SHAPE_Le_2": 4158.06452868, "S": "S", "Shape_Length": 4738.058004927269, "Shape_Area": 1362998.5882718447}, "geometry": {"type": "Polygon", "coordinates": [[[77.05379668084412, 28.45679245054904], [77.05360054448161, 28.456847936378185], [77.05334586670867, 28.45694966914187], [77.05314310347433, 28.457081653380428], [77.0526804899676, 28.457327384696487], [77.05216708751139, 28.457741003466648], [77.05116822828907, 28.458477090170348], [77.05008957441504, 28.459278833935425], [77.04943429833105, 28.459760553622402], [77.04838685013335, 28.4586679857425], [77.04764259412381, 28.457898488380668], [77.04719880211896, 28.457439610713507], [77.046393400483, 28.456580301786307], [77.04545630941962, 28.455615531243353], [77.04437027588554, 28.454490643183604], [77.04313219530307, 28.453184194826854], [77.04202350625752, 28.452002326662356], [77.04190747177059, 28.451881647017498], [77.04239023179417, 28.4513796404896], [77.04344400772472, 28.45040881902626], [77.04403749229361, 28.449821705314122], [77.04523030856552, 28.448667003979402], [77.04576701511684, 28.448155929017382], [77.04662849947432, 28.447302576713266], [77.0476756943471, 28.446377444943913], [77.04875354153401, 28.44722070964868], [77.05008916747822, 28.44826301579233], [77.05093958189644, 28.449217125893828], [77.05236362092924, 28.450778544407054], [77.0536024713679, 28.452120707814363], [77.05391067525706, 28.452446768873116], [77.05445463480596, 28.453022241276013], [77.05546695797774, 28.454102797023285], [77.05655160002145, 28.45528968767127], [77.05602439674753, 28.45568681578318], [77.05588754021063, 28.45579276158948], [77.05532295085118, 28.45622982551869], [77.055055744275, 28.456381885309572], [77.05477708687386, 28.456500695147184], [77.05441750024875, 28.456625501644194], [77.05379668084412, 28.45679245054904]]]}}, {"type": "Feature", "properties": {"OBJECTID_12": 101, "OBJECTID": 249, "OBJECTID_1": 0, "Id": 0, "Area": 0, "Name": "40", "Density": "250/100", "Shape_Leng": 0, "Shape_Le_1": 0, "Sector_Nam": " ", "SHAPE_Le_2": 4491.78573257, "S": "S", "Shape_Length": 5117.204095669488, "Shape_Area": 1506780.6199634327}, "geometry": {"type": "Polygon", "coordinates": [[[77.0600847845267, 28.44584197516279], [77.06092885773734, 28.446723916140243], [77.06218847093713, 28.448039998259585], [77.06393625381516, 28.44985878624332], [77.0631327619975, 28.450446811207957], [77.06178756001238, 28.451438590141358], [77.06112863766661, 28.451930474131352], [77.05994043783694, 28.45284924123253], [77.0586433720763, 28.453804767924396], [77.05758624453142, 28.454596692072048], [77.05655160002145, 28.45528968767127], [77.05546695797774, 28.454102797023285], [77.05445463480596, 28.453022241276013], [77.05391067525706, 28.452446768873116], [77.0536024713679, 28.452120707814363], [77.05236362092924, 28.450778544407054], [77.05093958189644, 28.449217125893828], [77.05008916747822, 28.44826301579233], [77.04875354153401, 28.44722070964868], [77.0476756943471, 28.446377444943913], [77.04852131176169, 28.4452919059893], [77.05099381588508, 28.444414258653836], [77.05151099935037, 28.44344382821725], [77.05327010100098, 28.444120163459626], [77.05646172178066, 28.442077982859757], [77.05797541447544, 28.443624901965006], [77.0581995306641, 28.443860467275663], [77.0600847845267, 28.44584197516279]]]}}, {"type": "Feature", "properties": {"OBJECTID_12": 102, "OBJECTID": 250, "OBJECTID_1": 0, "Id": 0, "Area": 0, "Name": "39", "Density": "250/100", "Shape_Leng": 0, "Shape_Le_1": 0, "Sector_Nam": " ", "SHAPE_Le_2": 4287.32624687, "S": "S", "Shape_Length": 4884.163297669383, "Shape_Area": 1277130.7632218397}, "geometry": {"type": "Polygon", "coordinates": [[[77.0476756943471, 28.446377444943913], [77.04662849947432, 28.447302576713266], [77.04640292262499, 28.447091097658852], [77.04624541022646, 28.44690724245859], [77.04620823524505, 28.446800365991255], [77.04620635147789, 28.446702506380767], [77.04640696863706, 28.44617901721949], [77.04647913389708, 28.44599887039899], [77.04648964867748, 28.445843526447128], [77.04561110441443, 28.444883959524958], [77.04448925504997, 28.443716631039756], [77.04356878012442, 28.44276591678386], [77.04276370817016, 28.4419161236745], [77.04214658353628, 28.441287930217666], [77.04143420154966, 28.440524125563563], [77.04300500643527, 28.439335452250592], [77.04458666746106, 28.438151373958057], [77.04618934457295, 28.43693831345592], [77.04801851212075, 28.435566638107623], [77.04924318894088, 28.434639303237883], [77.04994207553696, 28.43535836564615], [77.05342763675573, 28.438957461523252], [77.05609055227832, 28.44169865595814], [77.05646172178066, 28.442077982859757], [77.05327010100098, 28.444120163459626], [77.05151099935037, 28.44344382821725], [77.05099381588508, 28.444414258653836], [77.04852131176169, 28.4452919059893], [77.0476756943471, 28.446377444943913]]]}}, {"type": "Feature", "properties": {"OBJECTID_12": 103, "OBJECTID": 251, "OBJECTID_1": 0, "Id": 0, "Area": 0, "Name": "32", "Density": " ", "Shape_Leng": 0, "Shape_Le_1": 0, "Sector_Nam": " ", "SHAPE_Le_2": 3351.25504607, "S": "S", "Shape_Length": 3819.514631584954, "Shape_Area": 924643.5680277838}, "geometry": {"type": "Polygon", "coordinates": [[[77.04403749229361, 28.449821705314122], [77.04344400772472, 28.45040881902626], [77.04239023179417, 28.4513796404896], [77.04190747177059, 28.451881647017498], [77.04120207598194, 28.451147999166526], [77.03996160228759, 28.449853490435352], [77.03862691508282, 28.44843384495974], [77.03786101506485, 28.447655061926735], [77.03705091344331, 28.44682441146813], [77.03641227595502, 28.446342149448107], [77.03588029813533, 28.446054191282954], [77.036244317048, 28.44538930009593], [77.03677260638514, 28.44435668025141], [77.0370421036653, 28.44390140883032], [77.03743732825436, 28.443523041059265], [77.0382094149697, 28.442936090540055], [77.03923491552838, 28.442182988907312], [77.04026534334639, 28.441405930786587], [77.04143420154966, 28.440524125563563], [77.04214658353628, 28.441287930217666], [77.04276370817016, 28.4419161236745], [77.04356878012442, 28.44276591678386], [77.04448925504997, 28.443716631039756], [77.04561110441443, 28.444883959524958], [77.04648964867748, 28.445843526447128], [77.04647913389708, 28.44599887039899], [77.04640696863706, 28.44617901721949], [77.04620635147789, 28.446702506380767], [77.04620823524505, 28.446800365991255], [77.04624541022646, 28.44690724245859], [77.04640292262499, 28.447091097658852], [77.04662849947432, 28.447302576713266], [77.04576701511684, 28.448155929017382], [77.04523030856552, 28.448667003979402], [77.04403749229361, 28.449821705314122]]]}}, {"type": "Feature", "properties": {"OBJECTID_12": 104, "OBJECTID": 252, "OBJECTID_1": 0, "Id": 0, "Area": 0, "Name": "38", "Density": "250/100", "Shape_Leng": 0, "Shape_Le_1": 0, "Sector_Nam": " ", "SHAPE_Le_2": 5412.56170091, "S": "S", "Shape_Length": 6168.60970267496, "Shape_Area": 1957205.618037819}, "geometry": {"type": "Polygon", "coordinates": [[[77.04448000330086, 28.438231227435832], [77.04300500643527, 28.439335452250592], [77.04143420154966, 28.440524125563563], [77.04026534334639, 28.441405930786587], [77.03923491552838, 28.442182988907312], [77.0382094149697, 28.442936090540055], [77.03743732825436, 28.443523041059265], [77.0370421036653, 28.44390140883032], [77.03677260638514, 28.44435668025141], [77.036244317048, 28.44538930009593], [77.03588029813533, 28.446054191282954], [77.0357899357026, 28.446005278520705], [77.03492025421815, 28.44572940430465], [77.03431851143688, 28.445621416891917], [77.03382084746441, 28.445588271147003], [77.03363934375957, 28.445598892414722], [77.03384670187661, 28.444319644785278], [77.03403689139192, 28.442683754740788], [77.0342504281215, 28.440856517064887], [77.0344230322168, 28.43929012730589], [77.03444764785223, 28.439135553932235], [77.03454841636922, 28.43850276719932], [77.03487209284083, 28.436926954317425], [77.0351141358093, 28.436025635175973], [77.03563747453087, 28.43443967173743], [77.03577350282109, 28.433926711942167], [77.03587191685372, 28.433283003758948], [77.03602461697731, 28.432230221266813], [77.0362105799192, 28.431363164894034], [77.0366210713765, 28.429950787909007], [77.03700939959907, 28.42865095120619], [77.04033146024959, 28.42941709855091], [77.04190320477299, 28.42977456967206], [77.04331540221372, 28.4300957369788], [77.04511128628192, 28.43050805767666], [77.04540056895627, 28.43066367140896], [77.04571150731712, 28.4309622088877], [77.04780375098747, 28.433158265299166], [77.04924318894088, 28.434639303237883], [77.04801851212075, 28.435566638107623], [77.04618934457295, 28.43693831345592], [77.04458666746106, 28.438151373958057], [77.04448000330086, 28.438231227435832]]]}}, {"type": "Feature", "properties": {"OBJECTID_12": 105, "OBJECTID": 253, "OBJECTID_1": 0, "Id": 0, "Area": 0, "Name": "52", "Density": "250/100", "Shape_Leng": 0, "Shape_Le_1": 0, "Sector_Nam": " ", "SHAPE_Le_2": 6706.55866087, "S": "S", "Shape_Length": 7637.697517292314, "Shape_Area": 3809372.39221155}, "geometry": {"type": "Polygon", "coordinates": [[[77.08295338446243, 28.444311374045455], [77.08249302303214, 28.44474816316605], [77.08190137372138, 28.44532256928603], [77.08133087254906, 28.445873728306086], [77.08060162289638, 28.446484612505216], [77.07949486972025, 28.44733714522792], [77.07833676794415, 28.446710448354683], [77.07733982303175, 28.44614791106104], [77.07684699109721, 28.4459477278396], [77.07645827210746, 28.445960824488665], [77.07594833445326, 28.446049125923032], [77.07490912290842, 28.44498107439465], [77.0736934786485, 28.44372948073407], [77.07212002642774, 28.44213475602762], [77.07110845334924, 28.441094900567276], [77.06986249813501, 28.439807919012953], [77.06831146157556, 28.438248615866076], [77.06788853114652, 28.437751288887746], [77.06727646762097, 28.436972724212872], [77.0680399619506, 28.43631928918463], [77.06896280124198, 28.43557946983343], [77.07030332120786, 28.434513368821452], [77.07230985751528, 28.432976333123815], [77.07274248974936, 28.43262279654076], [77.07367633340299, 28.431859669526617], [77.07528028702089, 28.430596123167618], [77.07541003339229, 28.43055271411561], [77.07582637018713, 28.43050458337031], [77.07725730289141, 28.4303753119182], [77.07836518524987, 28.43026528491422], [77.07945672635495, 28.430148336019062], [77.08037583673958, 28.43005311374921], [77.08130001991061, 28.429941096454744], [77.08254223633666, 28.42979555705852], [77.08380377013455, 28.42967119683856], [77.08444775439544, 28.42959448497492], [77.08481960212583, 28.429550590463602], [77.08511697323095, 28.42956513322819], [77.08559538451023, 28.42958406433552], [77.08606332233164, 28.429619866270254], [77.08678604572378, 28.42967626298264], [77.08680302298436, 28.429677587779693], [77.08826242779158, 28.42979145864498], [77.08935211118067, 28.429855905152376], [77.08979002281367, 28.4298754437015], [77.09030348725368, 28.429891432082552], [77.09100064279619, 28.429909370918434], [77.09131092718357, 28.429973833153596], [77.09132809039538, 28.430625040933105], [77.09130944496333, 28.431050293749966], [77.09111550588003, 28.432175375820243], [77.09075440828863, 28.434277105713473], [77.0904098756311, 28.43639768030458], [77.09009967299042, 28.437517385396973], [77.08983239454899, 28.43807299203663], [77.08962555475989, 28.43840563690296], [77.08928060258908, 28.438857387643075], [77.08856422669274, 28.43963762410821], [77.0882064349016, 28.440013647916164], [77.08761896006199, 28.44046768486899], [77.08689923614456, 28.44100969533782], [77.0858640634252, 28.441774275317545], [77.08499668611945, 28.442391119182663], [77.08460303448051, 28.44270274669172], [77.08409833220779, 28.443191789833996], [77.08346386829231, 28.443785956022527], [77.08318739200067, 28.44407052233005], [77.08295338446243, 28.444311374045455]]]}}, {"type": "Feature", "properties": {"OBJECTID_12": 106, "OBJECTID": 254, "OBJECTID_1": 0, "Id": 0, "Area": 0, "Name": "45", "Density": "250/100", "Shape_Leng": 0, "Shape_Le_1": 0, "Sector_Nam": " ", "SHAPE_Le_2": 4926.27819309, "S": "S", "Shape_Length": 5612.260375209495, "Shape_Area": 1964896.4627211452}, "geometry": {"type": "Polygon", "coordinates": [[[77.07179597985026, 28.449213203575898], [77.07161390302028, 28.449288139885304], [77.07142334609398, 28.4493520935082], [77.06991694771935, 28.4499135522277], [77.06971799334178, 28.450002203415078], [77.06930187304091, 28.450273543148636], [77.06873516545403, 28.45071906994469], [77.06725209542898, 28.451827913550794], [77.06643562565041, 28.45245679709433], [77.06607595278705, 28.452072647696905], [77.06400837056619, 28.449933830301852], [77.06393625381516, 28.44985878624332], [77.06218847093713, 28.448039998259585], [77.06092885773734, 28.446723916140243], [77.0600847845267, 28.44584197516279], [77.0581995306641, 28.443860467275663], [77.0591447928033, 28.443144538445022], [77.06085133402662, 28.44186049967837], [77.06253008945993, 28.4405386620806], [77.06342160719227, 28.43989423660538], [77.06421354218382, 28.439321782097657], [77.064562737996, 28.43904244960045], [77.0655460572622, 28.43825584755007], [77.06727646762097, 28.436972724212872], [77.06788853114652, 28.437751288887746], [77.06831146157556, 28.438248615866076], [77.06986249813501, 28.439807919012953], [77.07110845334924, 28.441094900567276], [77.07212002642774, 28.44213475602762], [77.0736934786485, 28.44372948073407], [77.07490912290842, 28.44498107439465], [77.07594833445326, 28.446049125923032], [77.07549183937198, 28.446602819747483], [77.07520955906529, 28.446948533527873], [77.07474844484679, 28.447404410283653], [77.07441680660685, 28.447712674866413], [77.0742038924098, 28.447875881344302], [77.0735799962753, 28.44829603590409], [77.07287242746196, 28.448719852064094], [77.0723186879545, 28.44899807140122], [77.07179597985026, 28.449213203575898]]]}}, {"type": "Feature", "properties": {"OBJECTID_12": 107, "OBJECTID": 255, "OBJECTID_1": 0, "Id": 0, "Area": 0, "Name": "44", "Density": " ", "Shape_Leng": 0, "Shape_Le_1": 0, "Sector_Nam": " ", "SHAPE_Le_2": 4085.11310355, "S": "S", "Shape_Length": 4655.32114010916, "Shape_Area": 1003788.5679314935}, "geometry": {"type": "Polygon", "coordinates": [[[77.07729864515743, 28.45009479024063], [77.07643336092632, 28.451294569126624], [77.07613400634102, 28.45170911741767], [77.07553383561151, 28.45254022629783], [77.07529269365327, 28.45288597358493], [77.07497674538806, 28.45333897434325], [77.07435599605199, 28.454198378328616], [77.07432037695268, 28.45431113209207], [77.07427085372936, 28.455371918899665], [77.07422184793568, 28.456735904018522], [77.0741537529422, 28.4582291043724], [77.07412466549329, 28.458916562042596], [77.07378823474129, 28.45880828877693], [77.07231522674572, 28.45825476785217], [77.07185988779621, 28.458109505919523], [77.07153137749006, 28.458060792226885], [77.06813672487975, 28.45427360727889], [77.06643562565041, 28.45245679709433], [77.06725209542898, 28.451827913550794], [77.06873516545403, 28.45071906994469], [77.06930187304091, 28.450273543148636], [77.06971799334178, 28.450002203415078], [77.06991694771935, 28.4499135522277], [77.07142334609398, 28.4493520935082], [77.07161390302028, 28.449288139885304], [77.07179597985026, 28.449213203575898], [77.0723186879545, 28.44899807140122], [77.07287242746196, 28.448719852064094], [77.0735799962753, 28.44829603590409], [77.0742038924098, 28.447875881344302], [77.07441680660685, 28.447712674866413], [77.07474844484679, 28.447404410283653], [77.07520955906529, 28.446948533527873], [77.07549183937198, 28.446602819747483], [77.07594833445326, 28.446049125923032], [77.07645827210746, 28.445960824488665], [77.07684699109721, 28.4459477278396], [77.07733982303175, 28.44614791106104], [77.07833676794415, 28.446710448354683], [77.07949486972025, 28.44733714522792], [77.07868422371966, 28.448151720737116], [77.0779635287234, 28.449146364601887], [77.07729864515743, 28.45009479024063]]]}}, {"type": "Feature", "properties": {"OBJECTID_12": 108, "OBJECTID": 256, "OBJECTID_1": 0, "Id": 0, "Area": 0, "Name": "28", "Density": "250/100", "Shape_Leng": 0, "Shape_Le_1": 0, "Sector_Nam": " ", "SHAPE_Le_2": 6714.26154117, "S": "S", "Shape_Length": 7646.429873294127, "Shape_Area": 3593858.5746390186}, "geometry": {"type": "Polygon", "coordinates": [[[77.08805279603855, 28.480666373333555], [77.08802162629485, 28.480668193360263], [77.0877423185134, 28.480684498587102], [77.08758195665878, 28.48069386007599], [77.08670761651129, 28.48061417606027], [77.08322286377629, 28.480111353745098], [77.08036865470889, 28.4796560918134], [77.07777234567135, 28.479261287580208], [77.07516594226497, 28.478763926898775], [77.07295319678578, 28.47836078492694], [77.07159607325852, 28.478113840709113], [77.07178114327505, 28.476936392910133], [77.07207141050289, 28.4750578188504], [77.07271310316149, 28.47069809601013], [77.07279665905934, 28.470119738013437], [77.07290065612143, 28.46939987669], [77.07302490121006, 28.46853985714872], [77.07309931854655, 28.468015736171235], [77.07425135220288, 28.46801195669569], [77.07641566501353, 28.46802189499456], [77.0783839483612, 28.46801156579715], [77.07909916273591, 28.46801056130633], [77.08228136557815, 28.46800604504603], [77.0836882818233, 28.467994195685794], [77.08676350878993, 28.468025818983758], [77.08957878487293, 28.468027942470712], [77.08985329295577, 28.4680288750992], [77.09250498402889, 28.468037850759725], [77.09430122652492, 28.468068464816202], [77.09441847104256, 28.468070461951317], [77.09435066800152, 28.468481907305417], [77.09413757683635, 28.469595347694266], [77.09406161529593, 28.469990443910216], [77.09402339737048, 28.470929295707524], [77.09399904134817, 28.472283404327], [77.09399762470498, 28.472362154140633], [77.09394623837578, 28.474003114091598], [77.0939206085424, 28.47544313312787], [77.09389433371867, 28.477124291671124], [77.09386844517047, 28.477945239648815], [77.09384405501221, 28.478718678078256], [77.09367666204385, 28.479143116858978], [77.09368481335673, 28.479145378304374], [77.09274972284152, 28.479821097436524], [77.09220544618728, 28.480173267333793], [77.09206094408898, 28.48024472639236], [77.09160706220686, 28.480540077617654], [77.09144466926138, 28.48064574978385], [77.09112508192095, 28.48093931618717], [77.09043508325628, 28.480817132236123], [77.08927759952108, 28.480629608787773], [77.0884699224525, 28.48064202129453], [77.08805279603855, 28.480666373333555]]]}}, {"type": "Feature", "properties": {"OBJECTID_12": 109, "OBJECTID": 257, "OBJECTID_1": 0, "Id": 0, "Area": 0, "Name": "25", "Density": "250/100", "Shape_Leng": 0, "Shape_Le_1": 0, "Sector_Nam": " ", "SHAPE_Le_2": 7128.58410139, "S": "S", "Shape_Length": 8120.037180630712, "Shape_Area": 2885761.8170597614}, "geometry": {"type": "Polygon", "coordinates": [[[77.09358113519653, 28.48734473790177], [77.09343750266746, 28.48759763109362], [77.09309121380352, 28.487851257957242], [77.0927038368968, 28.488076867245557], [77.09242720878989, 28.488172485721098], [77.09213758924734, 28.488148294900814], [77.09191431028856, 28.488199480992968], [77.09062324437568, 28.488916479236092], [77.09036754970985, 28.489242715729127], [77.08997575488856, 28.48972467619342], [77.08978984674387, 28.48988988083578], [77.08921111161365, 28.490097640047125], [77.0888874315488, 28.490299579243274], [77.08876880093071, 28.49045061730656], [77.08870728340173, 28.490585855964888], [77.0887420230504, 28.490806160127075], [77.08864568143112, 28.49123141090085], [77.08846089348559, 28.49196838617762], [77.08838343086035, 28.49215161901032], [77.08822586276622, 28.492263862513262], [77.08799200165339, 28.492327141938194], [77.08784757321695, 28.4924033716859], [77.08779321346417, 28.492662050130185], [77.08767800812224, 28.492850039336076], [77.08747623483131, 28.493170668444797], [77.08718993456375, 28.493590479493164], [77.0870691372092, 28.493769005660575], [77.08700916029092, 28.49387974818203], [77.0869541869888, 28.494107399652638], [77.086863246041, 28.494292627780066], [77.08665124992216, 28.494505978221152], [77.08646077204762, 28.494714222570927], [77.08586106125553, 28.49515497978621], [77.0845456698631, 28.493817981582467], [77.08307817662505, 28.492300587480223], [77.08183134735005, 28.49100899012789], [77.0808575699888, 28.489997304296512], [77.07877717330042, 28.48781120824336], [77.07674111296288, 28.485676922209386], [77.07493112893792, 28.483768347335666], [77.07283463174471, 28.4815752331175], [77.07060064200732, 28.479255254170468], [77.06849515447473, 28.477505080187523], [77.0700199530414, 28.4777940573581], [77.07159607325852, 28.478113840709113], [77.07295319678578, 28.47836078492694], [77.07516594226497, 28.478763926898775], [77.07777234567135, 28.479261287580208], [77.08036865470889, 28.4796560918134], [77.08322286377629, 28.480111353745098], [77.08670761651129, 28.48061417606027], [77.08758195665878, 28.48069386007599], [77.0877423185134, 28.480684498587102], [77.08802162629485, 28.480668193360263], [77.08805279603855, 28.480666373333555], [77.0884699224525, 28.48064202129453], [77.08927759952108, 28.480629608787773], [77.09043508325628, 28.480817132236123], [77.09112508192095, 28.48093931618717], [77.09201049380434, 28.481096097740245], [77.09479658182711, 28.481789975251672], [77.09479276937702, 28.482287441699896], [77.0949315986143, 28.483406629995027], [77.09493882825569, 28.48347366680567], [77.09504571968968, 28.48446489183028], [77.09507525719454, 28.484906498776805], [77.09511077298762, 28.485437483321828], [77.09507319196769, 28.485860637329395], [77.09491970132666, 28.48616143264413], [77.09467588508382, 28.486403934158993], [77.09424736803207, 28.48673522840367], [77.09374553138511, 28.487048551413327], [77.09366082833864, 28.48713819155027], [77.09358113519653, 28.48734473790177]]]}}, {"type": "Feature", "properties": {"OBJECTID_12": 110, "OBJECTID": 258, "OBJECTID_1": 0, "Id": 0, "Area": 0, "Name": "52 A", "Density": "250/100", "Shape_Leng": 0, "Shape_Le_1": 0, "Sector_Nam": " ", "SHAPE_Le_2": 5885.28035804, "S": "S", "Shape_Length": 6709.095050683794, "Shape_Area": 1405371.5440025155}, "geometry": {"type": "Polygon", "coordinates": [[[77.08789534113217, 28.449879997116632], [77.087431971244, 28.44988257512006], [77.08702704035834, 28.449895951671287], [77.08679223870938, 28.449906715465502], [77.0866701073566, 28.449877552594298], [77.08639553010347, 28.44978865487538], [77.08563320987192, 28.44948520168472], [77.08474582977976, 28.449140687267903], [77.083444754838, 28.448637770470647], [77.08218024761652, 28.448208291604665], [77.08123413207781, 28.44789807676131], [77.08024728243255, 28.44757654092568], [77.07949486972025, 28.44733714522792], [77.08060162289638, 28.446484612505216], [77.08133087254906, 28.445873728306086], [77.08190137372138, 28.44532256928603], [77.08249302303214, 28.44474816316605], [77.08295338446243, 28.444311374045455], [77.08318739200067, 28.44407052233005], [77.08346386829231, 28.443785956022527], [77.08409833220779, 28.443191789833996], [77.08460303448051, 28.44270274669172], [77.08499668611945, 28.442391119182663], [77.0858640634252, 28.441774275317545], [77.08689923614456, 28.44100969533782], [77.08761896006199, 28.44046768486899], [77.0882064349016, 28.440013647916164], [77.08856422669274, 28.43963762410821], [77.08928060258908, 28.438857387643075], [77.0895071603987, 28.438560686871334], [77.08962555475989, 28.43840563690296], [77.08983239454899, 28.43807299203663], [77.09009967299042, 28.437517385396973], [77.0904098756311, 28.43639768030458], [77.09075440828863, 28.434277105713473], [77.09111550588003, 28.432175375820243], [77.09130944496333, 28.431050293749966], [77.09132809039538, 28.430625040933105], [77.09131092718357, 28.429973833153596], [77.0918661372331, 28.43016382983348], [77.0929738578948, 28.430540726262368], [77.09424836156876, 28.430910749390307], [77.09541352769622, 28.43126133484078], [77.09445848829353, 28.434142505937565], [77.09413763612515, 28.435843486748997], [77.09390954489137, 28.436549861823597], [77.09362143631512, 28.438158659363086], [77.09332549981951, 28.439370306156164], [77.09320596639455, 28.439884013666397], [77.09209500730626, 28.44140614958688], [77.09097387300076, 28.44285203449219], [77.09010540334364, 28.444400985672182], [77.08929769932558, 28.44596428012073], [77.08825897017606, 28.448088824777745], [77.08796016535972, 28.44882874541587], [77.08789534113217, 28.449879997116632]]]}}, {"type": "Feature", "properties": {"OBJECTID_12": 111, "OBJECTID": 259, "OBJECTID_1": 0, "Id": 0, "Area": 0, "Name": "53", "Density": "250/100", "Shape_Leng": 0, "Shape_Le_1": 0, "Sector_Nam": " ", "SHAPE_Le_2": 6422.81527624, "S": "S", "Shape_Length": 7321.019790256452, "Shape_Area": 2744643.4519061716}, "geometry": {"type": "Polygon", "coordinates": [[[77.09541352769622, 28.43126133484078], [77.09580787373292, 28.431379985676216], [77.09614180896507, 28.43146795327567], [77.0963961741243, 28.43149268397903], [77.09664746255365, 28.431498361470226], [77.09714729236426, 28.431507371830598], [77.09946645047539, 28.431464448192113], [77.09988310257891, 28.43146074245685], [77.10238822003869, 28.431438436945353], [77.1034148398982, 28.431421630391874], [77.10499096191197, 28.431395812676598], [77.10498830828861, 28.431398241036728], [77.10532429078128, 28.431690767177297], [77.10502150642824, 28.432767410958732], [77.10459378618212, 28.434229140970928], [77.10449026432877, 28.434582920229555], [77.10366480331253, 28.437335067334843], [77.10350970558545, 28.437852161632716], [77.10277058704105, 28.439811736622342], [77.10199789935278, 28.441850612632436], [77.10126389401897, 28.443798165119862], [77.10072334627147, 28.445694978229266], [77.10016458697824, 28.447627880948858], [77.1000754067284, 28.447879988535448], [77.09956082208927, 28.449334670570895], [77.09948635085388, 28.449548121298385], [77.09887399447754, 28.449439106263267], [77.09857457431522, 28.449460438065124], [77.09834924540093, 28.449540312229352], [77.09798438656345, 28.449667700212412], [77.09766794602147, 28.449784790236237], [77.09740504417209, 28.449877179004933], [77.09710992334676, 28.44997961510497], [77.09684129024588, 28.45005538019087], [77.09634330287993, 28.45014422871625], [77.09589648355255, 28.450225124400028], [77.09543853230217, 28.450289479477888], [77.09521998207502, 28.4503023962987], [77.09487394294274, 28.450288626465337], [77.09445196203298, 28.45025931363239], [77.0940488376593, 28.45022732090866], [77.09329664503426, 28.450164888232777], [77.09246343964192, 28.450103697129418], [77.09189730068864, 28.4500240698172], [77.09064296239617, 28.449976507128774], [77.08936431928535, 28.449929305370866], [77.08816394458866, 28.449878502759198], [77.08789534113217, 28.449879997116632], [77.08796016535972, 28.44882874541587], [77.08825897017606, 28.448088824777745], [77.08929769932558, 28.44596428012073], [77.09010540334364, 28.444400985672182], [77.09097387300076, 28.44285203449219], [77.09209500730626, 28.44140614958688], [77.09320596639455, 28.439884013666397], [77.09332549981951, 28.439370306156164], [77.09362143631512, 28.438158659363086], [77.09390954489137, 28.436549861823597], [77.09413763612515, 28.435843486748997], [77.09445848829353, 28.434142505937565], [77.09541352769622, 28.43126133484078]]]}}, {"type": "Feature", "properties": {"OBJECTID_12": 112, "OBJECTID": 260, "OBJECTID_1": 0, "Id": 0, "Area": 0, "Name": "43", "Density": "250/100", "Shape_Leng": 0, "Shape_Le_1": 0, "Sector_Nam": " ", "SHAPE_Le_2": 7158.8520685, "S": "S", "Shape_Length": 8152.362364995268, "Shape_Area": 3780385.5864617927}, "geometry": {"type": "Polygon", "coordinates": [[[77.09866899713307, 28.451912542978445], [77.0980416236201, 28.453793972934967], [77.09774114883564, 28.45472015895796], [77.09743144116675, 28.455999828094487], [77.09711681971318, 28.45707366479893], [77.09688476331576, 28.45786568450551], [77.09629441746047, 28.459846809913618], [77.09574202003607, 28.461698426517337], [77.0953287779374, 28.463072797098267], [77.09507221999056, 28.46319332497567], [77.09314035344617, 28.462901181318376], [77.09077830886508, 28.462508930862853], [77.09042986763772, 28.462451063793463], [77.08972787646401, 28.462348909866794], [77.08946532944918, 28.4623107032051], [77.08852553535512, 28.462092516122375], [77.08630136420385, 28.46157627085616], [77.0827404855367, 28.460768918351278], [77.08055854508524, 28.46026514154228], [77.07868358232253, 28.459847361162648], [77.0766348979603, 28.45938684451931], [77.0748298474829, 28.45897844698448], [77.07412466549329, 28.458916562042596], [77.0741537529422, 28.4582291043724], [77.07422184793568, 28.456735904018522], [77.07427085372936, 28.455371918899665], [77.07432037695268, 28.45431113209207], [77.07435599605199, 28.454198378328616], [77.07497674538806, 28.45333897434325], [77.07529269365327, 28.45288597358493], [77.07553383561151, 28.45254022629783], [77.07613400634102, 28.45170911741767], [77.07643336092632, 28.451294569126624], [77.07729864515743, 28.45009479024063], [77.0779635287234, 28.449146364601887], [77.07868422371966, 28.448151720737116], [77.07949486972025, 28.44733714522792], [77.08024728243255, 28.44757654092568], [77.08123413207781, 28.44789807676131], [77.08218024761652, 28.448208291604665], [77.083444754838, 28.448637770470647], [77.08474582977976, 28.449140687267903], [77.08563320987192, 28.44948520168472], [77.08639553010347, 28.44978865487538], [77.0866701073566, 28.449877552594298], [77.08679223870938, 28.449906715465502], [77.08702704035834, 28.449895951671287], [77.087431971244, 28.44988257512006], [77.08789534113217, 28.449879997116632], [77.08816394458866, 28.449878502759198], [77.08936431928535, 28.449929305370866], [77.09064296239617, 28.449976507128774], [77.09189730068864, 28.4500240698172], [77.09246343964192, 28.450103697129418], [77.09329664503426, 28.450164888232777], [77.0940488376593, 28.45022732090866], [77.09445196203298, 28.45025931363239], [77.09487394294274, 28.450288626465337], [77.09521998207502, 28.4503023962987], [77.09543853230217, 28.450289479477888], [77.09589648355255, 28.450225124400028], [77.09634330287993, 28.45014422871625], [77.09684129024588, 28.45005538019087], [77.09710992334676, 28.44997961510497], [77.09740504417209, 28.449877179004933], [77.09766794602147, 28.449784790236237], [77.09798438656345, 28.449667700212412], [77.09834924540093, 28.449540312229352], [77.09857457431522, 28.449460438065124], [77.09887399447754, 28.449439106263267], [77.09948635085388, 28.449548121298385], [77.09926938166163, 28.450169997625927], [77.09866899713307, 28.451912542978445]]]}}, {"type": "Feature", "properties": {"OBJECTID_12": 113, "OBJECTID": 261, "OBJECTID_1": 0, "Id": 0, "Area": 0, "Name": "27", "Density": "250/100", "Shape_Leng": 0, "Shape_Le_1": 0, "Sector_Nam": " ", "SHAPE_Le_2": 5766.41471516, "S": "S", "Shape_Length": 6563.350389213369, "Shape_Area": 2069289.2368185536}, "geometry": {"type": "Polygon", "coordinates": [[[77.0748298474829, 28.45897844698448], [77.0766348979603, 28.45938684451931], [77.07868358232253, 28.459847361162648], [77.08055854508524, 28.46026514154228], [77.0827404855367, 28.460768918351278], [77.08630136420385, 28.46157627085616], [77.08852553535512, 28.462092516122375], [77.08946532944918, 28.4623107032051], [77.08972787646401, 28.462348909866794], [77.09042986763772, 28.462451063793463], [77.09077830886508, 28.462508930862853], [77.09158549814848, 28.46264298042253], [77.09314035344617, 28.462901181318376], [77.09393782924639, 28.46302178125706], [77.09457713238633, 28.463118458541548], [77.09507221999056, 28.46319332497567], [77.0951319902963, 28.463202362645838], [77.0952666720119, 28.463376759361058], [77.09522733927717, 28.463602860016113], [77.09521628999919, 28.463666376158415], [77.09508029404833, 28.464448136168176], [77.09503919342913, 28.464684402162433], [77.09472641082701, 28.466478605361182], [77.09441847104256, 28.468070461951317], [77.09430122652492, 28.468068464816202], [77.09250498402889, 28.468037850759725], [77.08985329295577, 28.4680288750992], [77.08957878487293, 28.468027942470712], [77.0877052198888, 28.468026536025842], [77.08676350878993, 28.468025818983758], [77.0836882818233, 28.467994195685794], [77.08228136557815, 28.46800604504603], [77.0783839483612, 28.46801156579715], [77.07641566501353, 28.46802189499456], [77.07425135220288, 28.46801195669569], [77.07309931854655, 28.468015736171235], [77.07330516479892, 28.46656593332712], [77.07362630263155, 28.4643335413203], [77.07393504371323, 28.46215863535831], [77.07408025458227, 28.460740658789305], [77.07412466549329, 28.458916562042596], [77.0748298474829, 28.45897844698448]]]}}, {"type": "Feature", "properties": {"OBJECTID_12": 114, "OBJECTID": 262, "OBJECTID_1": 0, "Id": 0, "Area": 0, "Name": "7", "Density": " ", "Shape_Leng": 0, "Shape_Le_1": 0, "Sector_Nam": " ", "SHAPE_Le_2": 6519.29579698, "S": "S", "Shape_Length": 7427.887987921031, "Shape_Area": 3085073.406603201}, "geometry": {"type": "Polygon", "coordinates": [[[77.01083129476557, 28.456947907939828], [77.01152817542365, 28.456950659521816], [77.01434339491274, 28.456961516581305], [77.01584030617971, 28.456944143864007], [77.01657438068382, 28.45693561822387], [77.01892181326849, 28.456924666388502], [77.01943102957553, 28.456918407406587], [77.02079084265874, 28.456901683878957], [77.02158573310756, 28.456935232812803], [77.02226512805863, 28.457003920468164], [77.02292716216853, 28.457154037088504], [77.02353316476088, 28.457340796635414], [77.02374899578768, 28.457141605236963], [77.02380661642493, 28.457088427286426], [77.02470265268319, 28.456900803277563], [77.02528648934592, 28.45677512361108], [77.02580591680275, 28.456671887730472], [77.0261934607961, 28.456594489383352], [77.02631417460736, 28.456549715993255], [77.02647351956907, 28.456547341915513], [77.02685138421525, 28.45667063593112], [77.0271153622463, 28.45677175125899], [77.02710565145809, 28.45682919653724], [77.02709689917229, 28.4569367634002], [77.02704423633705, 28.457150036087466], [77.02706664930339, 28.457333539404058], [77.02714014945994, 28.45750434365012], [77.02725068625736, 28.457634007637104], [77.02743968280996, 28.45776966582376], [77.02763378897995, 28.457859206023258], [77.02674174124154, 28.4590498161304], [77.0264985951419, 28.459332777639972], [77.02594220919765, 28.45990690393726], [77.02493445575574, 28.460896011655425], [77.02412354744706, 28.46172460722488], [77.02337837335932, 28.46245910882955], [77.02316680304193, 28.46269861954797], [77.02285884439284, 28.463125786451506], [77.02265948307847, 28.463439127374418], [77.02236885921944, 28.463925725182747], [77.02211000967034, 28.464378422764078], [77.02187138389318, 28.464900059168222], [77.0215079237326, 28.465676624806644], [77.02076321676883, 28.46728970559634], [77.02042350716603, 28.468037265596593], [77.01998753050414, 28.468979641748284], [77.0192688827684, 28.470544577754346], [77.01857615412358, 28.472054368113024], [77.01844386911317, 28.47234267713757], [77.01793472197642, 28.473417446991782], [77.01788706455397, 28.473522129742058], [77.00685956711169, 28.46952534629288], [77.00546402353804, 28.468908663095785], [77.00837959382753, 28.46235221886203], [77.01083129476557, 28.456947907939828]]]}}, {"type": "Feature", "properties": {"OBJECTID_12": 115, "OBJECTID": 263, "OBJECTID_1": 0, "Id": 0, "Area": 0, "Name": "3 A", "Density": " ", "Shape_Leng": 0, "Shape_Le_1": 0, "Sector_Nam": " ", "SHAPE_Le_2": 4491.88456979, "S": "S", "Shape_Length": 5119.787665112543, "Shape_Area": 1035192.6409862153}, "geometry": {"type": "Polygon", "coordinates": [[[77.01195500633764, 28.48651556555086], [77.01113062060475, 28.48835897963413], [77.01113066641884, 28.48836136720887], [77.01088939689984, 28.489154403799464], [77.01084862057245, 28.489106681866165], [77.00729272935179, 28.484901854539295], [77.00592693348875, 28.483154310265526], [77.0043881274919, 28.481343406094545], [77.00243827577722, 28.479054351141503], [76.99963237810583, 28.47572639818274], [76.9993741870218, 28.475421762349743], [77.00055313869562, 28.475755350985853], [77.0145449813541, 28.48075240252602], [77.01434230166305, 28.481168022035845], [77.01384039674416, 28.482306464435833], [77.01353919701926, 28.482989645422656], [77.01312378728579, 28.483906320956727], [77.01195500633764, 28.48651556555086]]]}}, {"type": "Feature", "properties": {"OBJECTID_12": 116, "OBJECTID": 264, "OBJECTID_1": 0, "Id": 0, "Area": 0, "Name": "1", "Density": "250/100", "Shape_Leng": 0, "Shape_Le_1": 0, "Sector_Nam": " ", "SHAPE_Le_2": 4674.9536841, "S": "S", "Shape_Length": 5331.569760128793, "Shape_Area": 1685868.5117914479}, "geometry": {"type": "Polygon", "coordinates": [[[77.04479943433442, 28.522762569294173], [77.04468648196722, 28.522819396183664], [77.04456489768846, 28.52290280453368], [77.04450783759992, 28.522944196127778], [77.04427501134629, 28.523113086007747], [77.04401051139403, 28.523371322932825], [77.04389312314598, 28.52348226958689], [77.04350823547092, 28.523846030333864], [77.04366535530568, 28.524108744595956], [77.04357533243612, 28.524200969692217], [77.04355816203775, 28.524218559444943], [77.04334348265118, 28.52443848793375], [77.04330973653923, 28.52446911483784], [77.04331391999347, 28.524501310015424], [77.04349788418389, 28.524860976466126], [77.04316498201433, 28.525016098448912], [77.04277817284284, 28.52521006078799], [77.04267223092816, 28.525263183912536], [77.04216067630645, 28.525435833290462], [77.04206475959029, 28.52546820417871], [77.0418817539023, 28.5255314707915], [77.04172866480822, 28.52558439643824], [77.04167237727083, 28.525397774161206], [77.04168127418541, 28.52539299674153], [77.04145114647088, 28.52512362900382], [77.03940709022899, 28.522730952131308], [77.03667096560399, 28.51947759499349], [77.03498136930187, 28.51747166290582], [77.03340347042047, 28.515632150728102], [77.03959790856501, 28.51109383315414], [77.04183602336613, 28.510126112522908], [77.0426312964973, 28.51120886351268], [77.04485331887841, 28.513742433682122], [77.04510552448771, 28.51420562442571], [77.04553945478737, 28.515345072890767], [77.04567459913534, 28.515702122349587], [77.0459575531785, 28.51644968057612], [77.04604867738259, 28.516690427274035], [77.04618929875886, 28.51669046674057], [77.04624586746895, 28.516676417455912], [77.0462777917975, 28.516757099585643], [77.04629571767902, 28.516802402350237], [77.04638049887888, 28.51701665920451], [77.04643003647521, 28.517141852787102], [77.0464358593549, 28.517156566622642], [77.04651083095189, 28.517346035586026], [77.04672696021936, 28.517770056987466], [77.04678763333196, 28.517889092182873], [77.04706183958086, 28.518401543372597], [77.04707814759651, 28.518432021270915], [77.04713650036075, 28.518543720605027], [77.04730856097531, 28.518873081166205], [77.04736181130872, 28.518975013076368], [77.04759406982714, 28.519518483564], [77.04761370160934, 28.519561249094263], [77.04784346730281, 28.520061794178837], [77.0478543144599, 28.520083897865604], [77.04793488974762, 28.520248096762252], [77.04806753049088, 28.520518394125514], [77.0481100028375, 28.520604943344594], [77.04813640791699, 28.52066687895867], [77.04823047230698, 28.520887525225405], [77.04824321580762, 28.520917415956447], [77.04799938070018, 28.521053093090583], [77.04740375005608, 28.521384516922865], [77.04737133794231, 28.521400636689513], [77.04687941959442, 28.521645291712037], [77.04672437307131, 28.521739452729147], [77.0460656977623, 28.522128097889407], [77.0460457857057, 28.52213984882696], [77.045462114333, 28.522419128952553], [77.04536599280098, 28.522471439728992], [77.04519880285186, 28.522561642528284], [77.04480084109618, 28.522761862095283], [77.04479943433442, 28.522762569294173]]]}}, {"type": "Feature", "properties": {"OBJECTID_12": 117, "OBJECTID": 265, "OBJECTID_1": 0, "Id": 0, "Area": 0, "Name": "23 A", "Density": "375", "Shape_Leng": 0, "Shape_Le_1": 0, "Sector_Nam": " ", "SHAPE_Le_2": 4423.99750188, "S": "S", "Shape_Length": 5039.61281416721, "Shape_Area": 553441.546789784}, "geometry": {"type": "Polygon", "coordinates": [[[77.04717268809364, 28.50368111858485], [77.04892088150179, 28.507675564859337], [77.04550777210565, 28.508858411838787], [77.04257805065544, 28.50987658239716], [77.04183602336613, 28.510126112522908], [77.041280577958, 28.509619060758634], [77.04036145320032, 28.50854418262282], [77.03849017442857, 28.50636052398065], [77.03704096549984, 28.50464287901129], [77.03790512773519, 28.50388785597284], [77.04126351805242, 28.503803057402838], [77.04155281330314, 28.504004988533342], [77.04717268809364, 28.50368111858485]], [[77.04588967737394, 28.505880996664228], [77.04568039596387, 28.50579246972688], [77.04569514809748, 28.50571651962914], [77.04487403043564, 28.50523925737668], [77.0432989325013, 28.505186557553888], [77.04248662192245, 28.505221692877136], [77.04205081055058, 28.505495640320763], [77.0423229264198, 28.507050089489102], [77.0424196929422, 28.507583427931614], [77.04244802311133, 28.508155994189742], [77.04388010925246, 28.507966376887403], [77.0449440244676, 28.50752253137608], [77.0460226226461, 28.507391691641192], [77.04658523211866, 28.507413776669782], [77.0468084176527, 28.50732637591368], [77.04675563713816, 28.505936710898606], [77.046273801481, 28.50606620807373], [77.04588967737394, 28.505880996664228]]]}}, {"type": "Feature", "properties": {"OBJECTID_12": 118, "OBJECTID": 266, "OBJECTID_1": 0, "Id": 0, "Area": 0, "Name": "9 B", "Density": " ", "Shape_Leng": 0, "Shape_Le_1": 0, "Sector_Nam": " ", "SHAPE_Le_2": 3652.68524872, "S": "S", "Shape_Length": 4161.98146240751, "Shape_Area": 1038120.9197104556}, "geometry": {"type": "Polygon", "coordinates": [[[76.99018394555816, 28.45741646720217], [76.99104929087473, 28.459787495344504], [76.99092309734023, 28.46112635539182], [76.98988458468467, 28.463376278416305], [76.98830359919195, 28.46738418361413], [76.9865105412236, 28.46638968843436], [76.9835128164081, 28.464723024147695], [76.97945683845866, 28.462473568886], [76.97988786091179, 28.46222582780586], [76.98062808618062, 28.46189750587307], [76.98071976374693, 28.46184801761165], [76.98080728211347, 28.461792961656645], [76.98089021008896, 28.461732611249737], [76.98096813714321, 28.461667264114393], [76.9810406814923, 28.46159724245609], [76.98110748201347, 28.461522892962453], [76.98116820992328, 28.461444581275472], [76.98122256698115, 28.461362695150417], [76.98127028189579, 28.461277638138434], [76.98131112200352, 28.46118983037618], [76.98134488428516, 28.461099704637405], [76.98137140255234, 28.46100770712291], [76.98139054565105, 28.46091429114262], [76.98140221835985, 28.460819916325978], [76.98140636498321, 28.460725051780983], [76.98140296396154, 28.46063016424815], [76.98139203146452, 28.460535721259337], [76.98137362228941, 28.4604421895583], [76.98113273365607, 28.459404734916617], [76.9810523308449, 28.459004800533723], [76.98109072214518, 28.458600749175734], [76.98121028790953, 28.458348316494266], [76.98135748585199, 28.458128905779457], [76.98148255649237, 28.458026807697973], [76.98184599958493, 28.457813796614005], [76.98228490475466, 28.457735774394212], [76.98301063301146, 28.457682219231913], [76.9847218176265, 28.45759518245933], [76.98573276547758, 28.457566272066472], [76.98796198875404, 28.457502495582343], [76.99018394555816, 28.45741646720217]]]}}, {"type": "Feature", "properties": {"OBJECTID_12": 119, "OBJECTID": 267, "OBJECTID_1": 0, "Id": 0, "Area": 0, "Name": "9 A", "Density": "375/100", "Shape_Leng": 0, "Shape_Le_1": 0, "Sector_Nam": " ", "SHAPE_Le_2": 4691.61039794, "S": "S", "Shape_Length": 5344.405907375496, "Shape_Area": 1388554.6156005624}, "geometry": {"type": "Polygon", "coordinates": [[[77.00546402353804, 28.468908663095785], [77.00216320265407, 28.47633046906678], [77.00055313869562, 28.475755350985853], [76.9993741870218, 28.475421762349743], [76.99763941085078, 28.47337486885962], [76.99645741298983, 28.472246223869927], [76.99513162180133, 28.471228548680536], [76.99255526344794, 28.469742139246524], [76.98830359919195, 28.46738418361413], [76.9898266756882, 28.463523086505067], [77.0033783465524, 28.468316079273993], [77.00531198457452, 28.4688414764766], [77.00546402353804, 28.468908663095785]]]}}, {"type": "Feature", "properties": {"OBJECTID_12": 120, "OBJECTID": 268, "OBJECTID_1": 0, "Id": 0, "Area": 0, "Name": "9A", "Density": "375/100", "Shape_Leng": 0, "Shape_Le_1": 0, "Sector_Nam": " ", "SHAPE_Le_2": 5805.38894453, "S": "S", "Shape_Length": 6610.416818003262, "Shape_Area": 2383939.9774083756}, "geometry": {"type": "Polygon", "coordinates": [[[77.01083129476557, 28.456947907939828], [77.00837959382753, 28.46235221886203], [77.00546402353804, 28.468908663095785], [77.00531198457452, 28.4688414764766], [77.0033783465524, 28.468316079273993], [76.9898266756882, 28.463523086505067], [76.98988458468467, 28.463376278416305], [76.99092309734023, 28.46112635539182], [76.99104929087473, 28.459787495344504], [76.99018394555816, 28.45741646720217], [76.99022391250347, 28.457414919246702], [76.9903403584188, 28.457410409641547], [76.99316449278878, 28.457318912002112], [76.99616209992499, 28.457258236812823], [76.99897523532266, 28.45715723014943], [77.00158483583314, 28.457082547406536], [77.00359778431503, 28.457028243205556], [77.00558533652556, 28.456981125942658], [77.00846979186858, 28.4569385593526], [77.01083129476557, 28.456947907939828]]]}}, {"type": "Feature", "properties": {"OBJECTID_12": 121, "OBJECTID": 269, "OBJECTID_1": 0, "Id": 0, "Area": 0, "Name": "4", "Density": "375/100", "Shape_Leng": 0, "Shape_Le_1": 0, "Sector_Nam": " ", "SHAPE_Le_2": 4378.0267225, "S": "S", "Shape_Length": 4987.555203358805, "Shape_Area": 1486649.3929470254}, "geometry": {"type": "Polygon", "coordinates": [[[77.00546402353804, 28.468908663095785], [77.00685956711169, 28.46952534629288], [77.01788706455397, 28.473522129742058], [77.01760532682972, 28.47414097333663], [77.01744746678318, 28.47464946608372], [77.01710955201432, 28.475351628990868], [77.01654514860613, 28.476506003292087], [77.01597267203853, 28.477662879923518], [77.01548553991444, 28.478761190097792], [77.01492750286667, 28.479967986903745], [77.0145449813541, 28.48075240252602], [77.00216320265407, 28.47633046906678], [77.00546402353804, 28.468908663095785]]]}}, {"type": "Feature", "properties": {"OBJECTID_12": 122, "OBJECTID": 270, "OBJECTID_1": 0, "Id": 0, "Area": 0, "Name": " ", "Density": " ", "Shape_Leng": 0, "Shape_Le_1": 0, "Sector_Nam": " ", "SHAPE_Le_2": 53.70478489, "S": "S", "Shape_Length": 61.21351033940563, "Shape_Area": 18.510612934448275}, "geometry": {"type": "Polygon", "coordinates": [[[77.02878678293531, 28.502013622587388], [77.0288628001713, 28.502065270093446], [77.02898351128759, 28.502181820492734], [77.02878678293531, 28.502013622587388]]]}}, {"type": "Feature", "properties": {"OBJECTID_12": 123, "OBJECTID": 271, "OBJECTID_1": 0, "Id": 0, "Area": 0, "Name": "3", "Density": "250/100", "Shape_Leng": 0, "Shape_Le_1": 0, "Sector_Nam": " ", "SHAPE_Le_2": 6725.35663368, "S": "S", "Shape_Length": 7672.184854822245, "Shape_Area": 1890638.5969007541}, "geometry": {"type": "Polygon", "coordinates": [[[77.02898351128759, 28.502181820492734], [77.02443142255281, 28.50505547572851], [77.02424009577034, 28.50483145788633], [77.02336431562345, 28.50380738030167], [77.02205980372743, 28.502239602640046], [77.02164506593378, 28.501750132522066], [77.01992329646973, 28.499727275220987], [77.01739769742149, 28.496702125446962], [77.01587650020083, 28.494985651180862], [77.0150646064403, 28.494072300893148], [77.01294464525185, 28.49155960535046], [77.01088939689984, 28.489154403799464], [77.01113066641884, 28.48836136720887], [77.01113062060475, 28.48835897963413], [77.01195500633764, 28.48651556555086], [77.01268848256375, 28.484866882208316], [77.01312378728579, 28.483906320956727], [77.01353919701926, 28.482989645422656], [77.01384039674416, 28.482306464435833], [77.01434230166305, 28.481168022035845], [77.0145449813541, 28.48075240252602], [77.01592116084349, 28.481260426009847], [77.01598643512699, 28.48132821824566], [77.01711749222314, 28.482967787420034], [77.0181449807535, 28.484524843942026], [77.01824069714534, 28.48464719099199], [77.01831450003414, 28.48471418595746], [77.01887425466072, 28.48501863470595], [77.0194286544299, 28.48532554759734], [77.01969761092428, 28.485527113772633], [77.01973703438883, 28.486462425280543], [77.01977718728543, 28.48743592609244], [77.01974234253385, 28.489012189327042], [77.01966702059391, 28.489314131542137], [77.01959476550233, 28.491196548830782], [77.01987196493779, 28.49326477119365], [77.02011090961683, 28.493891518056685], [77.02028101549733, 28.49430918670012], [77.0205651400453, 28.494753810180427], [77.02223922693406, 28.496944495379722], [77.02279828267136, 28.497633320321487], [77.0231895897074, 28.49802859269714], [77.02395162876631, 28.498590240396684], [77.02495335271604, 28.499248586163898], [77.02837867201352, 28.50173634097377], [77.02878678293531, 28.502013622587388], [77.02898351128759, 28.502181820492734]]]}}, {"type": "Feature", "properties": {"OBJECTID_12": 124, "OBJECTID": 272, "OBJECTID_1": 0, "Id": 0, "Area": 0, "Name": "2", "Density": "250/100", "Shape_Leng": 0, "Shape_Le_1": 0, "Sector_Nam": " ", "SHAPE_Le_2": 4422.66855997, "S": "S", "Shape_Length": 5042.269793622685, "Shape_Area": 1547897.589415537}, "geometry": {"type": "Polygon", "coordinates": [[[77.02898351128759, 28.502181820492734], [77.02938487765822, 28.502569348835618], [77.02959783677105, 28.50273806609238], [77.02984659195133, 28.502856589332232], [77.03048610889029, 28.503057130505596], [77.03099315127432, 28.503227180330818], [77.031401680811, 28.503333761315794], [77.0319176308894, 28.503404355271783], [77.03265208088928, 28.503481228297385], [77.03338400482659, 28.503539034205346], [77.03429588646812, 28.503510103230607], [77.03597086987553, 28.503586241221715], [77.03615093897085, 28.50361792254198], [77.03627956424481, 28.503729256271967], [77.03655192804908, 28.504063239389758], [77.03849017442857, 28.50636052398065], [77.04036145320032, 28.50854418262282], [77.041280577958, 28.509619060758634], [77.04183602336613, 28.510126112522908], [77.03959790856501, 28.51109383315414], [77.03340347042047, 28.515632150728102], [77.03190239276722, 28.513882115742994], [77.0295723497698, 28.511112145000407], [77.02767095677483, 28.50887148095504], [77.02686581205703, 28.507916512357166], [77.02898351128759, 28.502181820492734]]]}}, {"type": "Feature", "properties": {"OBJECTID_12": 125, "OBJECTID": 273, "OBJECTID_1": 0, "Id": 0, "Area": 0, "Name": "23", "Density": "375/100", "Shape_Leng": 0, "Shape_Le_1": 0, "Sector_Nam": " ", "SHAPE_Le_2": 6359.00744605, "S": "S", "Shape_Length": 7242.808066489038, "Shape_Area": 2220125.473301159}, "geometry": {"type": "Polygon", "coordinates": [[[77.04624586746895, 28.516676417455912], [77.04618929875886, 28.51669046674057], [77.04604867738259, 28.516690427274035], [77.04567459913534, 28.515702122349587], [77.04553945478737, 28.515345072890767], [77.04510552448771, 28.51420562442571], [77.04485331887841, 28.513742433682122], [77.0426312964973, 28.51120886351268], [77.04183602336613, 28.510126112522908], [77.04257805065544, 28.50987658239716], [77.04550777210565, 28.508858411838787], [77.04913769169221, 28.507600423671455], [77.05077830286193, 28.507014134585738], [77.05159897046784, 28.506516610993547], [77.05430818875341, 28.50484073750268], [77.05697967061056, 28.503230322264976], [77.0573348474059, 28.502990733729803], [77.06241326535383, 28.509244288733928], [77.06752510871517, 28.511916919795233], [77.06750260412069, 28.512693869043737], [77.06748399372296, 28.512646239059077], [77.06743090508628, 28.51241768745435], [77.06740727041115, 28.512315942599695], [77.06738484666505, 28.5122090983589], [77.06736253880159, 28.512156911157653], [77.06694741113911, 28.512229593390504], [77.06672444479405, 28.51226863055763], [77.06656957793399, 28.512296554271526], [77.06646838990375, 28.51231479960251], [77.06612698248507, 28.512376358034494], [77.06612327423957, 28.512376371453634], [77.0660414835313, 28.51237665009852], [77.06564882183575, 28.512447448762885], [77.06535866869393, 28.512499764486204], [77.06481868059686, 28.512585166241422], [77.06467570563456, 28.512607777475495], [77.06433126460519, 28.51269602952165], [77.06399215507702, 28.51265539800522], [77.06375938182396, 28.512620276998334], [77.06357189174607, 28.512591988685482], [77.06330714026552, 28.5125520415049], [77.06283480878407, 28.51248077324067], [77.06262212725068, 28.51244868095648], [77.06207376685515, 28.51232975644583], [77.0619366776546, 28.512300025099847], [77.0617117961013, 28.51227934142422], [77.06166074664033, 28.51227464550382], [77.06165548520772, 28.512274162413654], [77.06135369708633, 28.512246403670716], [77.06130340400684, 28.512241777212875], [77.06125181286177, 28.512211755356354], [77.06103187114421, 28.5121823026225], [77.06097821926386, 28.51221283125873], [77.06070520597767, 28.51227399427937], [77.06064445650826, 28.51228763683925], [77.06056869978374, 28.512304649976446], [77.06054111791126, 28.5123349401898], [77.06051524912601, 28.51236334618657], [77.06047043846469, 28.51233517857727], [77.06041903057594, 28.51230286206978], [77.06021494771642, 28.512174570804916], [77.05988441889582, 28.51227676336475], [77.05970045201047, 28.512337774790662], [77.0592023227107, 28.512475333750764], [77.05912120394224, 28.5125007496091], [77.05892876594376, 28.51256104337646], [77.05882814834374, 28.512592568076215], [77.058414427443, 28.51271705254027], [77.05793138714506, 28.512844959516954], [77.05788239931769, 28.51285793262688], [77.0578794744031, 28.512859441091233], [77.05783820400231, 28.512880746667623], [77.05776153638605, 28.512887820108567], [77.05729959212425, 28.513064861999947], [77.05715645726184, 28.51311637148384], [77.0564755118186, 28.513435653944498], [77.05595539176066, 28.513708657304118], [77.05579492749807, 28.513792881946543], [77.05569685033367, 28.513831472551512], [77.05554944577872, 28.513889472493766], [77.05531157009486, 28.513983069736593], [77.05511387156207, 28.51410145641479], [77.05494370998602, 28.514085757834266], [77.05443178256347, 28.51430306077582], [77.05383692087726, 28.51453151041596], [77.0530682765061, 28.514776973088935], [77.05270669023118, 28.514892443041482], [77.05238633572951, 28.51499474347585], [77.05211700463765, 28.515080748636002], [77.05192341589729, 28.51514256830428], [77.05178889677677, 28.515164009975535], [77.05170400957569, 28.515172705359717], [77.05121287186377, 28.51527623215734], [77.05102158820041, 28.5153410401525], [77.05067291430942, 28.515482884463562], [77.05034020797258, 28.515618229964545], [77.05030995361211, 28.51563025394919], [77.04965875947278, 28.515889068051198], [77.04957910405989, 28.515932890395078], [77.04897651776058, 28.51607702140164], [77.04864327243456, 28.516173421995397], [77.04862280881241, 28.51617934120956], [77.04859484066435, 28.51618779023791], [77.04832294218741, 28.51626993616504], [77.04829440271082, 28.516278558050047], [77.0477460234507, 28.516422626226937], [77.04761196875918, 28.516446877659], [77.04714887285715, 28.516514929086306], [77.04692888352892, 28.51654725535379], [77.04675570181685, 28.516579964436787], [77.0463942763404, 28.516648227318655], [77.04631435682282, 28.51667473065759], [77.04624586746895, 28.516676417455912]]]}}, {"type": "Feature", "properties": {"OBJECTID_12": 126, "OBJECTID": 274, "OBJECTID_1": 0, "Id": 0, "Area": 0, "Name": " ", "Density": " ", "Shape_Leng": 0, "Shape_Le_1": 0, "Sector_Nam": " ", "SHAPE_Le_2": 22426.8976455, "S": "S", "Shape_Length": 25595.63543400774, "Shape_Area": 11594984.261641668}, "geometry": {"type": "Polygon", "coordinates": [[[77.1235584219791, 28.44831987015333], [77.12335420527062, 28.44946144036275], [77.12334944509793, 28.4499091742041], [77.12334437859974, 28.4503856842436], [77.12333946661177, 28.450847691789793], [77.12333880185845, 28.450910199885417], [77.12333046459429, 28.45169435338922], [77.12332647607444, 28.45178597436871], [77.12328572400158, 28.452722103502474], [77.12324497103039, 28.453658233035956], [77.1232042180592, 28.454594362968738], [77.12319052593764, 28.454908888596666], [77.12309078958491, 28.455221656796837], [77.12299643773399, 28.455517536839164], [77.12270413941528, 28.45643415536789], [77.12243643607071, 28.457273635832603], [77.12241183660497, 28.457350773846947], [77.1222261458526, 28.45793306527785], [77.1218463525235, 28.458242765763327], [77.12184250503914, 28.45824590350769], [77.12137358985075, 28.458628274829113], [77.12122702611889, 28.45874778740063], [77.12079066946959, 28.45910360278946], [77.12007621147637, 28.45968618230315], [77.11989361721679, 28.459835070994007], [77.11974858151922, 28.459962052486162], [77.11955548505563, 28.460131113449144], [77.11897887983093, 28.4606349382819], [77.11891446254023, 28.46072428651472], [77.11883775539812, 28.4608306813773], [77.11838318360985, 28.461461177725514], [77.11819642655722, 28.461720215475015], [77.11790467800745, 28.462124869324867], [77.1177172553032, 28.46208613345755], [77.11771540657034, 28.462085752013934], [77.11726777965752, 28.46199323649918], [77.11692247624548, 28.46247632901125], [77.11646756309739, 28.463112763004318], [77.11482822214553, 28.46531446802874], [77.11472386935054, 28.46545461535382], [77.1143793250149, 28.465917338068508], [77.11391635218207, 28.466668974753514], [77.11376469949411, 28.466914040962855], [77.11332578354462, 28.46762330806462], [77.11318860002093, 28.46784498918614], [77.11280581170871, 28.468463546999313], [77.1124498443959, 28.469340355847006], [77.11287720621422, 28.469931356934065], [77.11337914257417, 28.470625475199412], [77.11354842020799, 28.470933337249882], [77.11360243051615, 28.471082438310525], [77.11418492779077, 28.471171780079466], [77.11411484931713, 28.47399631915959], [77.11432398160683, 28.47528538850911], [77.11486163857575, 28.478474019055817], [77.11499696707835, 28.47971395024979], [77.11514684739028, 28.48108715082505], [77.11538471948086, 28.48160591747271], [77.11631839514952, 28.482935018173254], [77.11691023759805, 28.483777493786476], [77.11738576887853, 28.484485092213742], [77.1174900569948, 28.48464027278228], [77.11865280216259, 28.48731457473786], [77.11867628412412, 28.487368579925338], [77.11902440644953, 28.488180193242616], [77.11903050690866, 28.48821389647009], [77.11909299731306, 28.488559162270434], [77.11950031053087, 28.49080950533858], [77.11975686398611, 28.49221373949734], [77.12060619323948, 28.494179675885853], [77.12108705691949, 28.495939914960147], [77.12062433202172, 28.495970850933833], [77.11920205189024, 28.4960659309362], [77.11884945775134, 28.496123604325614], [77.11855161323405, 28.49617232178332], [77.11791810243108, 28.49630611862145], [77.1169123162996, 28.496518532615603], [77.11611323520998, 28.496750046842642], [77.11567203843796, 28.496877869756492], [77.11541791582387, 28.496951493309872], [77.11483046613711, 28.4971833042196], [77.11454052050608, 28.49729771658619], [77.11372383243688, 28.497642961359812], [77.11347376481801, 28.497757309280896], [77.11328280544649, 28.497844629542957], [77.11313185254613, 28.497913655335545], [77.11306313591845, 28.497945077833794], [77.1125568490176, 28.49816621373616], [77.11248830756142, 28.498196151169296], [77.11245712883454, 28.49820976949727], [77.11210457062825, 28.498363757532935], [77.11177081236423, 28.498510786201457], [77.11153159100407, 28.498616168805324], [77.1112387501029, 28.49874516970803], [77.11083354612938, 28.498948841809668], [77.11077694238502, 28.498962470303518], [77.11076901205767, 28.49896660866643], [77.11069552088429, 28.499004962330265], [77.1104312365277, 28.499144951269283], [77.11011575089486, 28.499302951555382], [77.11005965739356, 28.499335519935627], [77.10984595267907, 28.49942834931663], [77.1097789877662, 28.499459817941958], [77.10894271822045, 28.499846378935008], [77.10797712810471, 28.50019789231469], [77.1071704778105, 28.500486655013184], [77.10683392219264, 28.50060713388203], [77.10616952012369, 28.500925682913728], [77.10612901688417, 28.50095290149556], [77.10520069876785, 28.50142395679083], [77.10465457697403, 28.501692816667063], [77.10425795819968, 28.501938597361818], [77.10393957190679, 28.50214009392203], [77.10373053304187, 28.5022535220115], [77.10430896274488, 28.50079052855398], [77.1047713480795, 28.49962104111237], [77.1079141220673, 28.49167219055431], [77.10962488896574, 28.485295110667188], [77.10820772024823, 28.47108806313747], [77.10564428685518, 28.464442991927672], [77.10966503467577, 28.449244377548315], [77.11420992431188, 28.441438547034334], [77.11602025778144, 28.437399522676802], [77.11571305281892, 28.432820436037805], [77.11602816834585, 28.42797127573318], [77.11579368829373, 28.42482014551507], [77.1156253493994, 28.423688732209555], [77.11592247526445, 28.422877160865028], [77.11655752308488, 28.4218120419018], [77.11702798786715, 28.42102642178973], [77.11724429679771, 28.420225654523893], [77.1172565498182, 28.41950137526918], [77.11734022159867, 28.41903433246441], [77.11755960725904, 28.41780973352465], [77.11785808059705, 28.41614364364084], [77.11807827563948, 28.414860553250037], [77.11829243849479, 28.41366459852142], [77.11778387705964, 28.41348390332467], [77.11898066658006, 28.41335587209089], [77.12511209150067, 28.42403876644564], [77.12450625419834, 28.426156798547325], [77.12608412792689, 28.431594578586857], [77.12738216117309, 28.439644481281867], [77.1276429843209, 28.44126182422885], [77.12701918520443, 28.441556841274938], [77.1269699718999, 28.44161411867309], [77.12659055226999, 28.442055711971893], [77.12639694556334, 28.442262285631582], [77.12595962502178, 28.442496429024953], [77.12562526758146, 28.442371691158918], [77.12498909507028, 28.442245956309026], [77.12493737187285, 28.442266067607537], [77.12422542377251, 28.442542889239373], [77.12393466247123, 28.442635348315033], [77.12387749727984, 28.444314388983347], [77.12386836949823, 28.44441547821361], [77.12379801793674, 28.445247514846546], [77.12375002544267, 28.445815128619536], [77.12370713358284, 28.44632240225836], [77.12361766587212, 28.447112108465355], [77.12360974003636, 28.44718206705154], [77.1235584219791, 28.44831987015333]]]}}, {"type": "Feature", "properties": {"OBJECTID_12": 127, "OBJECTID": 275, "OBJECTID_1": 0, "Id": 0, "Area": 0, "Name": "26", "Density": "250/100", "Shape_Leng": 0, "Shape_Le_1": 0, "Sector_Nam": " ", "SHAPE_Le_2": 5373.7364571, "S": "S", "Shape_Length": 6121.89743613246, "Shape_Area": 1761087.186466967}, "geometry": {"type": "Polygon", "coordinates": [[[77.10737964513449, 28.46894158594501], [77.10820772024823, 28.47108806313747], [77.109310725653, 28.482146090473382], [77.09996076193521, 28.482144396016743], [77.09479658182711, 28.481789975251672], [77.09201049380434, 28.481096097740245], [77.09112508192095, 28.48093931618717], [77.09144466926138, 28.48064574978385], [77.09160706220686, 28.480540077617654], [77.09206094408898, 28.48024472639236], [77.09220544618728, 28.480173267333793], [77.09274972284152, 28.479821097436524], [77.09368481335673, 28.479145378304374], [77.09367666204385, 28.479143116858978], [77.09384405501221, 28.478718678078256], [77.09688572541141, 28.477493404820155], [77.10296686803233, 28.472395414678445], [77.10737964513449, 28.46894158594501]]]}}, {"type": "Feature", "properties": {"OBJECTID_12": 128, "OBJECTID": 276, "OBJECTID_1": 0, "Id": 0, "Area": 0, "Name": "26 A", "Density": " ", "Shape_Leng": 0, "Shape_Le_1": 0, "Sector_Nam": " ", "SHAPE_Le_2": 5055.47264162, "S": "S", "Shape_Length": 5763.106102175463, "Shape_Area": 1850530.8250012547}, "geometry": {"type": "Polygon", "coordinates": [[[77.10568343363862, 28.46429503291264], [77.10564428685518, 28.464442991927672], [77.10737964513449, 28.46894158594501], [77.10296686803233, 28.472395414678445], [77.09688572541141, 28.477493404820155], [77.09384405501221, 28.478718678078256], [77.09386844517047, 28.477945239648815], [77.09389433371867, 28.477124291671124], [77.0939206085424, 28.47544313312787], [77.09394623837578, 28.474003114091598], [77.09399762470498, 28.472362154140633], [77.09399904134817, 28.472283404327], [77.09402339737048, 28.470929295707524], [77.09406161529593, 28.469990443910216], [77.09413757683635, 28.469595347694266], [77.09435066800152, 28.468481907305417], [77.09441847104256, 28.468070461951317], [77.09472641082701, 28.466478605361182], [77.09503919342913, 28.464684402162433], [77.09508029404833, 28.464448136168176], [77.09521628999919, 28.463666376158415], [77.09522733927717, 28.463602860016113], [77.0952666720119, 28.463376759361058], [77.0951319902963, 28.463202362645838], [77.09507221999056, 28.46319332497567], [77.10568343363862, 28.46429503291264]]]}}, {"type": "Feature", "properties": {"OBJECTID_12": 129, "OBJECTID": 277, "OBJECTID_1": 0, "Id": 0, "Area": 0, "Name": "42", "Density": "825/100", "Shape_Leng": 0, "Shape_Le_1": 0, "Sector_Nam": " ", "SHAPE_Le_2": 8068.68148857, "S": "S", "Shape_Length": 9200.849865610307, "Shape_Area": 3852299.7578054075}, "geometry": {"type": "Polygon", "coordinates": [[[77.09507221999056, 28.46319332497567], [77.0953287779374, 28.463072797098267], [77.09574202003607, 28.461698426517337], [77.09629441746047, 28.459846809913618], [77.09688476331576, 28.45786568450551], [77.09711681971318, 28.45707366479893], [77.09743144116675, 28.455999828094487], [77.09774114883564, 28.45472015895796], [77.0980416236201, 28.453793972934967], [77.09866899713307, 28.451912542978445], [77.09926938166163, 28.450169997625927], [77.09948635085388, 28.449548121298385], [77.09956082208927, 28.449334670570895], [77.1000754067284, 28.447879988535448], [77.10016458697824, 28.447627880948858], [77.10072334627147, 28.445694978229266], [77.10126389401897, 28.443798165119862], [77.10199789935278, 28.441850612632436], [77.10277058704105, 28.439811736622342], [77.10350970558545, 28.437852161632716], [77.10366480331253, 28.437335067334843], [77.11496043349408, 28.43976412510664], [77.11420992431188, 28.441438547034334], [77.10966503467577, 28.449244377548315], [77.10568343363862, 28.46429503291264], [77.09507221999056, 28.46319332497567]]]}}, {"type": "Feature", "properties": {"OBJECTID_12": 130, "OBJECTID": 278, "OBJECTID_1": 0, "Id": 0, "Area": 0, "Name": "54", "Density": "250/100", "Shape_Leng": 0, "Shape_Le_1": 0, "Sector_Nam": " ", "SHAPE_Le_2": 3856.0965145, "S": "S", "Shape_Length": 4390.8102244918555, "Shape_Area": 1168242.508899421}, "geometry": {"type": "Polygon", "coordinates": [[[77.10366480331253, 28.437335067334843], [77.10449026432877, 28.434582920229555], [77.10459378618212, 28.434229140970928], [77.10502150642824, 28.432767410958732], [77.10532429078128, 28.431690767177297], [77.10498830828861, 28.431398241036728], [77.10499096191197, 28.431395812676598], [77.11581443758018, 28.43126028655255], [77.11571305281892, 28.432820436037805], [77.11602025778144, 28.437399522676802], [77.11496043349408, 28.43976412510664], [77.10366480331253, 28.437335067334843]]]}}, {"type": "Feature", "properties": {"OBJECTID_12": 131, "OBJECTID": 279, "OBJECTID_1": 0, "Id": 0, "Area": 0, "Name": "55", "Density": "250/100", "Shape_Leng": 0, "Shape_Le_1": 0, "Sector_Nam": " ", "SHAPE_Le_2": 4196.12206006, "S": "S", "Shape_Length": 4780.9264534857975, "Shape_Area": 1214487.2459936922}, "geometry": {"type": "Polygon", "coordinates": [[[77.10499096191197, 28.431395812676598], [77.10532524209718, 28.43087392329934], [77.10517712607648, 28.419489951844692], [77.10517947517096, 28.419490651044576], [77.10566220555015, 28.419634336128606], [77.10597024684421, 28.419779977981932], [77.10645698281124, 28.420085201554794], [77.107526227731, 28.42075862071851], [77.10810869176794, 28.421124427605278], [77.10856181277705, 28.421368089589766], [77.10915394897467, 28.421540360556058], [77.10944495012612, 28.42164328626699], [77.10962502461135, 28.421735991925903], [77.10973774970478, 28.421836904427664], [77.10986586653229, 28.42203307642519], [77.10996608617864, 28.422184319496218], [77.11013015358382, 28.42242290623006], [77.11097754337449, 28.423345641158903], [77.112353452471, 28.424771079152883], [77.11335761265174, 28.42569852656435], [77.1140673562864, 28.426351210308272], [77.11457584316138, 28.426796922386952], [77.11532784983517, 28.42740119228246], [77.11602816834585, 28.42797127573318], [77.11581443758018, 28.43126028655255], [77.10499096191197, 28.431395812676598]]]}}, {"type": "Feature", "properties": {"OBJECTID_12": 132, "OBJECTID": 280, "OBJECTID_1": 0, "Id": 0, "Area": 0, "Name": "56", "Density": "250/100", "Shape_Leng": 0, "Shape_Le_1": 0, "Sector_Nam": " ", "SHAPE_Le_2": 5511.0394549, "S": "S", "Shape_Length": 6277.790145181682, "Shape_Area": 2630773.319741418}, "geometry": {"type": "Polygon", "coordinates": [[[77.10499096191197, 28.431395812676598], [77.1034148398982, 28.431421630391874], [77.10238822003869, 28.431438436945353], [77.09988310257891, 28.43146074245685], [77.09946645047539, 28.431464448192113], [77.09714729236426, 28.431507371830598], [77.09664746255365, 28.431498361470226], [77.0963961741243, 28.43149268397903], [77.09614180896507, 28.43146795327567], [77.09580787373292, 28.431379985676216], [77.09541352769622, 28.43126133484078], [77.09424836156876, 28.430910749390307], [77.0929738578948, 28.430540726262368], [77.0918661372331, 28.43016382983348], [77.09131092718357, 28.429973833153596], [77.09127488048614, 28.428606074348032], [77.09123411853182, 28.42667047698631], [77.09120316887535, 28.424959149634095], [77.09117451890599, 28.42273265301827], [77.09113895819715, 28.420648952670533], [77.09112328349373, 28.418615081675416], [77.09110163679034, 28.41737632532551], [77.09261400177513, 28.41733590206661], [77.09540562431836, 28.41730250648913], [77.09742556798139, 28.417302433802448], [77.09767766938612, 28.417351073036624], [77.0989920645469, 28.417724740247355], [77.10021146196809, 28.418073598040397], [77.10117296025768, 28.418335165179723], [77.10218803407088, 28.418611298064107], [77.10357349854704, 28.41902679687401], [77.10499122691499, 28.419434619442097], [77.10517712607648, 28.419489951844692], [77.10532524209718, 28.43087392329934], [77.10499096191197, 28.431395812676598]]]}}, {"type": "Feature", "properties": {"OBJECTID_12": 133, "OBJECTID": 281, "OBJECTID_1": 0, "Id": 0, "Area": 0, "Name": "24", "Density": " ", "Shape_Leng": 0, "Shape_Le_1": 0, "Sector_Nam": " ", "SHAPE_Le_2": 7560.23415657, "S": "S", "Shape_Length": 8622.392060327125, "Shape_Area": 3756413.863545166}, "geometry": {"type": "Polygon", "coordinates": [[[77.09688109010455, 28.505619612147836], [77.09716631778369, 28.505270741636163], [77.09755991911699, 28.504789307656008], [77.09776463259381, 28.50339181202769], [77.09798508635106, 28.501886861376402], [77.09661573315951, 28.49824091480407], [77.0926632123847, 28.492526176996527], [77.09100445165302, 28.488704776320027], [77.09191431028856, 28.488199480992968], [77.09213758924734, 28.488148294900814], [77.09242720878989, 28.488172485721098], [77.0927038368968, 28.488076867245557], [77.09309121380352, 28.487851257957242], [77.09343750266746, 28.48759763109362], [77.09358113519653, 28.48734473790177], [77.09366082833864, 28.48713819155027], [77.09374553138511, 28.487048551413327], [77.09424736803207, 28.48673522840367], [77.09467588508382, 28.486403934158993], [77.09491970132666, 28.48616143264413], [77.09507319196769, 28.485860637329395], [77.09511077298762, 28.485437483321828], [77.09507525719454, 28.484906498776805], [77.09504571968968, 28.48446489183028], [77.09493882825569, 28.48347366680567], [77.0949315986143, 28.483406629995027], [77.09479276937702, 28.482287441699896], [77.09479658182711, 28.481789975251672], [77.09996076193521, 28.482144396016743], [77.109310725653, 28.482146090473382], [77.10962488896574, 28.485295110667188], [77.1079141220673, 28.49167219055431], [77.10430896274488, 28.50079052855398], [77.10373053304187, 28.5022535220115], [77.103619356644, 28.50231384768732], [77.10330438215254, 28.50252303026922], [77.10312648248862, 28.502664662881227], [77.1025518553542, 28.502943456187495], [77.10200263976253, 28.50319460052079], [77.10179386051072, 28.50329006951936], [77.10078916673066, 28.50361482088021], [77.10042316882941, 28.503742935461176], [77.10018620763047, 28.503825881296173], [77.09867111446219, 28.5045186534218], [77.0975579634846, 28.505027622724082], [77.09688109010455, 28.505619612147836]]]}}, {"type": "Feature", "properties": {"OBJECTID_12": 134, "OBJECTID": 282, "OBJECTID_1": 0, "Id": 0, "Area": 0, "Name": "25 A", "Density": " ", "Shape_Leng": 0, "Shape_Le_1": 0, "Sector_Nam": " ", "SHAPE_Le_2": 4771.09935407, "S": "S", "Shape_Length": 5444.444861907383, "Shape_Area": 1374838.0462144953}, "geometry": {"type": "Polygon", "coordinates": [[[77.09595686291605, 28.506600520090828], [77.09580991919681, 28.506788654189798], [77.09579553716911, 28.50680706624827], [77.08586106125553, 28.49515497978621], [77.08646077204762, 28.494714222570927], [77.08665124992216, 28.494505978221152], [77.086863246041, 28.494292627780066], [77.0869541869888, 28.494107399652638], [77.08700916029092, 28.49387974818203], [77.0870691372092, 28.493769005660575], [77.08718993456375, 28.493590479493164], [77.08747623483131, 28.493170668444797], [77.08767800812224, 28.492850039336076], [77.08779321346417, 28.492662050130185], [77.08784757321695, 28.4924033716859], [77.08799200165339, 28.492327141938194], [77.08822586276622, 28.492263862513262], [77.08838343086035, 28.49215161901032], [77.08846089348559, 28.49196838617762], [77.08864568143112, 28.49123141090085], [77.0887420230504, 28.490806160127075], [77.08870728340173, 28.490585855964888], [77.08876880093071, 28.49045061730656], [77.0888874315488, 28.490299579243274], [77.08921111161365, 28.490097640047125], [77.08978984674387, 28.48988988083578], [77.08997575488856, 28.48972467619342], [77.09036754970985, 28.489242715729127], [77.09062324437568, 28.488916479236092], [77.09100445165302, 28.488704776320027], [77.0926632123847, 28.492526176996527], [77.09661573315951, 28.49824091480407], [77.09798508635106, 28.501886861376402], [77.09763211491973, 28.504296463532178], [77.09755991911699, 28.504789307656008], [77.09716631778369, 28.505270741636163], [77.09688109010455, 28.505619612147836], [77.09638223766096, 28.50605589996452], [77.096294176712, 28.506168645742235], [77.09595686291605, 28.506600520090828]]]}}, {"type": "Feature", "properties": {"OBJECTID_12": 135, "OBJECTID": 283, "OBJECTID_1": 0, "Id": 0, "Area": 0, "Name": "107", "Density": " ", "Shape_Leng": 0, "Shape_Le_1": 0, "Sector_Nam": " ", "SHAPE_Le_2": 7964.58209796, "S": "S", "Shape_Length": 9078.452046965587, "Shape_Area": 4759464.102613966}, "geometry": {"type": "Polygon", "coordinates": [[[76.97169672391051, 28.516809307401026], [76.97112315229654, 28.51713241086229], [76.97088977627394, 28.517066820955495], [76.97048424711026, 28.516712972902933], [76.97040435274552, 28.51664325927386], [76.96978871302682, 28.51610606890864], [76.96917118864263, 28.515567223721803], [76.9690952091359, 28.51550092559393], [76.96871344130983, 28.51516779407801], [76.96855506383366, 28.515031309767263], [76.96840372555604, 28.514900891383583], [76.96793488492779, 28.51449685574812], [76.96771423174458, 28.51430670124788], [76.96731630232823, 28.513963770911538], [76.96711282493321, 28.513788414216204], [76.96702674656605, 28.513705952193888], [76.96674021453313, 28.513431456947554], [76.96650173068981, 28.513202990716128], [76.966341593414, 28.51304957925636], [76.96618569528803, 28.512900228032613], [76.9660477508913, 28.512768075948692], [76.96588129845907, 28.512608611829553], [76.96582499834524, 28.51255467560227], [76.96582676712806, 28.512553864139278], [76.96581667365751, 28.51254541245168], [76.96562856104713, 28.51263547060643], [76.96562733394845, 28.51263605867987], [76.96552233436648, 28.51268632592064], [76.96531161385533, 28.512792666856257], [76.9650712660078, 28.51291395813025], [76.96496575348779, 28.512967205064413], [76.96489694343535, 28.512995906110632], [76.96464308762089, 28.512699612425937], [76.96427058681527, 28.512468749686324], [76.96392899703862, 28.512254618573348], [76.96378144785486, 28.5121621241166], [76.96357620976191, 28.51201296897747], [76.96294330711838, 28.511564273247973], [76.96288148236557, 28.511524058871572], [76.96218752123217, 28.5110772563443], [76.96170182910753, 28.51076454302185], [76.96149325736654, 28.510600211741625], [76.96143670841938, 28.51055430796588], [76.96090031987167, 28.51011888970412], [76.96037272583058, 28.509688696145606], [76.9600950880173, 28.50949151930161], [76.9596687394986, 28.509151421415208], [76.95940865566429, 28.50897778310982], [76.95930746224417, 28.508901311940942], [76.95893040698006, 28.508614676786742], [76.95871426962776, 28.508447854784233], [76.95847780160393, 28.508285012636772], [76.9581939654152, 28.508078028890903], [76.95802028603649, 28.507935582574653], [76.9576621277327, 28.50768874700595], [76.95745598413794, 28.507541518777924], [76.9573267417214, 28.507444008293273], [76.95686672165091, 28.507109630914726], [76.95671989471269, 28.5070051069799], [76.95663305098088, 28.50693043185161], [76.95604118427786, 28.506492433061123], [76.95600886738552, 28.506468517206127], [76.95593961087036, 28.5064239252053], [76.9558683017048, 28.50637070417612], [76.95628603627823, 28.506209552103293], [76.95736464972805, 28.505366227702073], [76.97318939243438, 28.492991047797823], [76.97442089106072, 28.494944039399122], [76.9770660325171, 28.4991385795274], [76.98369030105036, 28.50692503786084], [76.98494563377785, 28.507830851846958], [76.97832049118381, 28.511856256236342], [76.97746646104657, 28.51244169589463], [76.97677987418334, 28.51301991915548], [76.97613916158674, 28.513449446331403], [76.97503224491723, 28.51410062522999], [76.97407168626539, 28.514773544177384], [76.9734475206363, 28.515221918410727], [76.9728235283821, 28.51567983698595], [76.972179421052, 28.51621922071219], [76.97200061858122, 28.516437803500594], [76.97169672391051, 28.516809307401026]]]}}, {"type": "Feature", "properties": {"OBJECTID_12": 136, "OBJECTID": 284, "OBJECTID_1": 0, "Id": 0, "Area": 0, "Name": "108", "Density": "250/100", "Shape_Leng": 0, "Shape_Le_1": 0, "Sector_Nam": " ", "SHAPE_Le_2": 6386.83574895, "S": "S", "Shape_Length": 7277.526495574042, "Shape_Area": 1759210.9286239739}, "geometry": {"type": "Polygon", "coordinates": [[[76.9955147406936, 28.51715956843112], [76.99540087384145, 28.516938775441492], [76.99514258214612, 28.517047328520253], [76.99489026334912, 28.517178988227606], [76.99467461018874, 28.517393528473654], [76.99452933194605, 28.517538056092253], [76.9937793743294, 28.51657398999201], [76.99358246631407, 28.516340541986683], [76.99304308457984, 28.51570105911218], [76.99299530678314, 28.515706975984806], [76.99290776146711, 28.515742622451587], [76.99289818632451, 28.515729593653624], [76.99258227578855, 28.51529974266249], [76.99243364772815, 28.515020453151763], [76.99241664800971, 28.514988508458124], [76.99235841202648, 28.51494071137965], [76.9923366898646, 28.514892132829505], [76.99165303420412, 28.514340219317734], [76.99160116008973, 28.514251373478793], [76.99145457569664, 28.514037181258388], [76.99124066975949, 28.51372461405894], [76.99120616367277, 28.5136870700962], [76.99112330037602, 28.513596907066056], [76.99106905111604, 28.513537878435308], [76.9909220427181, 28.51356502745753], [76.99091372791183, 28.513505368115236], [76.99062167303656, 28.5135534500115], [76.99032705077619, 28.513700723524227], [76.98965845537144, 28.513935109596183], [76.98938737525972, 28.514018151611523], [76.98907854524485, 28.514183517138733], [76.98899210306, 28.514229803747618], [76.98884896460433, 28.5143547141056], [76.98832847174556, 28.51460013930148], [76.98798944306576, 28.514765739140724], [76.98772637502806, 28.514894235640334], [76.98766101360799, 28.514926161418334], [76.98699144353117, 28.51523776995424], [76.9869289333638, 28.51526113365058], [76.98631768550851, 28.515489581215345], [76.9862347476516, 28.51552626652534], [76.98610511895946, 28.515583604859412], [76.98564488688659, 28.5157871742035], [76.98551099748506, 28.515864917525843], [76.98542407739647, 28.5159120329887], [76.98517004371563, 28.516049734103095], [76.9843412643227, 28.516498974332304], [76.98430120574922, 28.51652068883635], [76.9836255576712, 28.51685063192639], [76.98346151721549, 28.51693212377351], [76.98337405634109, 28.51697337089659], [76.98335602984832, 28.516991925624225], [76.98295700269068, 28.51740261360038], [76.98286463252326, 28.517485131142106], [76.98279177915374, 28.51755021325362], [76.98228934872037, 28.518040455421595], [76.98221418937548, 28.518110479118757], [76.98162779431085, 28.518672663989374], [76.98147730943279, 28.518815462835644], [76.98121824518631, 28.51906129677483], [76.98052099532066, 28.51960025513237], [76.98049023880195, 28.519625055191987], [76.9804396034643, 28.519665883717977], [76.98026648283772, 28.519805471109116], [76.98009679557214, 28.51994757698955], [76.98001213384818, 28.520026418325095], [76.97958689295224, 28.52037459911803], [76.97949015517592, 28.520450627062708], [76.97939151656446, 28.52052814909973], [76.97917011867786, 28.52069308293211], [76.97890249977495, 28.520852227789256], [76.9789033504795, 28.520883346678858], [76.97888888760343, 28.52089199107634], [76.97879617517789, 28.520947404551936], [76.97872974745759, 28.520987108605805], [76.97866677914942, 28.521024743896], [76.9784546527749, 28.52115152709884], [76.97825293338288, 28.520956394656743], [76.97820544664035, 28.520910457502364], [76.9780317609734, 28.520714821040755], [76.97775637074498, 28.520404624965167], [76.97748834760016, 28.520139420689905], [76.9774169324334, 28.520068756635467], [76.97723037570509, 28.51986456411195], [76.9772216135378, 28.519854974041376], [76.97703733853031, 28.519653277684327], [76.97681734021891, 28.519412480131216], [76.97677379258889, 28.519364816083385], [76.9767202979137, 28.51930626268874], [76.97661025069814, 28.51917115871478], [76.97627385138718, 28.51875815862077], [76.97615147030277, 28.51858086581295], [76.97606130010948, 28.51856141549127], [76.97536186104948, 28.51832645797443], [76.97523042764195, 28.518290457187994], [76.97499060261393, 28.518224766179472], [76.97466378922536, 28.51813524716673], [76.97428455285174, 28.518031367981877], [76.97396614050773, 28.517939379810173], [76.97326893286288, 28.517737955262287], [76.97314254080074, 28.51770144042605], [76.97295039655134, 28.517645928157847], [76.9725722875634, 28.51753966946963], [76.97216333312359, 28.517424740735027], [76.97187618394805, 28.517344040961614], [76.97143712067484, 28.51722064807166], [76.97128977900195, 28.517179239233382], [76.97118059147412, 28.517148553380167], [76.97112315229654, 28.51713241086229], [76.97169672391051, 28.516809307401026], [76.97200061858122, 28.51643780428993], [76.972179421052, 28.51621922071219], [76.9728235283821, 28.51567983698595], [76.9732234008544, 28.515386390096502], [76.9734475206363, 28.515221918410727], [76.97407168626539, 28.514773544177384], [76.97503224491723, 28.51410062522999], [76.97613916158674, 28.513449446331403], [76.97677987418334, 28.51301991915548], [76.97746646104657, 28.51244169589463], [76.97832049118381, 28.511856256236342], [76.98494563377785, 28.507830851846958], [76.9852148525803, 28.50802510945562], [76.99284414637195, 28.513529564963473], [76.99525310546878, 28.515769953243147], [76.99610180500314, 28.51655922871534], [76.99618691857965, 28.516638382001826], [76.9955147406936, 28.51715956843112]]]}}, {"type": "Feature", "properties": {"OBJECTID_12": 137, "OBJECTID": 285, "OBJECTID_1": 0, "Id": 0, "Area": 0, "Name": "115", "Density": " ", "Shape_Leng": 0, "Shape_Le_1": 0, "Sector_Nam": " ", "SHAPE_Le_2": 3999.19461473, "S": "S", "Shape_Length": 4561.438516472635, "Shape_Area": 1002751.3232555242}, "geometry": {"type": "Polygon", "coordinates": [[[77.00651490779168, 28.541327539258962], [77.00626984917878, 28.540974728304683], [77.00604071949253, 28.540741205706404], [77.00590564251821, 28.54054660354034], [77.0057510765938, 28.540323922955505], [77.00556675577222, 28.54028662678998], [77.00542680274252, 28.540209671692747], [77.00511638181126, 28.540034252119085], [77.00491439831458, 28.53996989334042], [77.00491024270808, 28.539855298410597], [77.00490375148182, 28.539676235494333], [77.00487900020083, 28.539538879327733], [77.00486584257683, 28.539465862378982], [77.00485129346252, 28.53923490120979], [77.00481659154309, 28.539019096195197], [77.00474813363024, 28.53859335465634], [77.00474070725777, 28.53856780935173], [77.0043944507332, 28.538056275357224], [77.00423954704223, 28.53777554749745], [77.00398023755568, 28.537519943035587], [77.00387988046708, 28.53740751172585], [77.0035934795882, 28.537086652483094], [77.00353995437032, 28.536983760295094], [77.00324611633921, 28.53644489949897], [77.00317428255751, 28.536278767868755], [77.00301259119625, 28.535904818232847], [77.00297603066252, 28.535784522530072], [77.00284330008769, 28.535462574787935], [77.00281205129221, 28.53538677943312], [77.0025798035536, 28.534823437561176], [77.00253912244764, 28.534668225049348], [77.00252190443861, 28.53460253635467], [77.00225961883352, 28.53428404958131], [77.00212286650121, 28.534171981796327], [77.00205611538739, 28.534137138652174], [77.00143127781847, 28.53381097785297], [77.00132217922383, 28.53375402903849], [77.00131802361733, 28.533751725357266], [77.00127544347285, 28.53372812426266], [77.00095588757347, 28.533551000266442], [77.00066143239975, 28.53346314449458], [77.00053529006922, 28.533422924264787], [77.00047465738083, 28.53340359190544], [77.00047982628698, 28.5332940723183], [77.00048322641032, 28.533222049387703], [77.00045451355889, 28.53290892032481], [77.00045183747767, 28.53287975196318], [77.0004333016401, 28.532677607000675], [77.00041818389218, 28.532491020169903], [77.0003891683085, 28.53213290530614], [77.0003691736069, 28.531958988368704], [77.00035277935298, 28.53181639358121], [77.00090929734958, 28.531553806652457], [77.0011705579769, 28.531404880195797], [77.00123978664429, 28.531366584088232], [77.00186679094968, 28.531019751288238], [77.00288617398125, 28.530443978634146], [77.00290072219728, 28.530435761991754], [77.00318998870193, 28.530136639784498], [77.00332524084776, 28.53000192062837], [77.00420224360172, 28.52937942760749], [77.00425104637618, 28.529348026311887], [77.00425150721193, 28.529347349937353], [77.00432598922707, 28.529302360365058], [77.00457665871723, 28.529627588038576], [77.00539076502831, 28.530683837856213], [77.00633211590274, 28.531472471323802], [77.00768282815382, 28.53260405100131], [77.00815982099327, 28.533003660818665], [77.00995085146404, 28.535750461214505], [77.01293774169889, 28.538594105942334], [77.01241910206454, 28.539300850596156], [77.01252793296122, 28.54016466939654], [77.01250092331556, 28.540152316765546], [77.01249137063083, 28.54014794800745], [77.0123624641842, 28.540088990273407], [77.01219431932594, 28.540014896508936], [77.01199554281483, 28.54003521962327], [77.0119259476348, 28.54003896811014], [77.01182331062203, 28.540048290399074], [77.01148108124487, 28.54007426464498], [77.01134394892516, 28.540090188999454], [77.0113096377729, 28.54009229130765], [77.01115534763129, 28.540110019666816], [77.010624163024, 28.540194492317635], [77.01002934625355, 28.540274591412942], [77.00993597805785, 28.540131252657833], [77.00963696213745, 28.539774538472006], [77.00948502648019, 28.539860669409485], [77.00931476698776, 28.539968982654806], [77.00924647705988, 28.540000256098903], [77.00913245479916, 28.54006369391523], [77.00902882424967, 28.5401213511368], [77.00898116053901, 28.54014786988121], [77.00891826679103, 28.540205480496613], [77.00889389190411, 28.540227801711374], [77.00872999068726, 28.540377891535655], [77.00869779596579, 28.540407374271656], [77.00868924310595, 28.540414499528058], [77.00850414703832, 28.540568696618102], [77.0084068514082, 28.54061734461837], [77.0083574216097, 28.540637366160954], [77.00788355311077, 28.540829303991718], [77.00767936065682, 28.540954172572864], [77.00760023255502, 28.541002560765424], [77.00752722826851, 28.54104720443071], [77.00743928050724, 28.541093207777763], [77.00720150902794, 28.541217582040524], [77.00657526559563, 28.541451947178246], [77.00652627686992, 28.54135097214169], [77.00651490779168, 28.541327539258962]]]}}, {"type": "Feature", "properties": {"OBJECTID_12": 138, "OBJECTID": 286, "OBJECTID_1": 0, "Id": 0, "Area": 0, "Name": "114", "Density": " ", "Shape_Leng": 0, "Shape_Le_1": 0, "Sector_Nam": " ", "SHAPE_Le_2": 4365.8671138, "S": "S", "Shape_Length": 4979.872277279572, "Shape_Area": 1035310.8807276037}, "geometry": {"type": "Polygon", "coordinates": [[[77.01247598518498, 28.539752348161294], [77.01241910206454, 28.539300850596156], [77.01293774169889, 28.538594105942334], [77.00995085146404, 28.535750461214505], [77.00815982099327, 28.533003660818665], [77.00633211590274, 28.531472471323802], [77.00539076502831, 28.530683837856213], [77.00432598922707, 28.529302360365058], [77.00385759056994, 28.52958528513648], [77.00497057805414, 28.528827949033854], [77.00500364593805, 28.528808212530414], [77.00628411352722, 28.528043977579056], [77.00669794132745, 28.527796988607875], [77.00690282278926, 28.527674706584364], [77.00761855908515, 28.52724547649858], [77.00763899575784, 28.52723321943094], [77.00822645981769, 28.5270013711644], [77.00842597204901, 28.526922631333857], [77.0087837845014, 28.52670185563235], [77.00943053916662, 28.526333707785113], [77.00956888421194, 28.526867920277844], [77.00992899994473, 28.527344558224126], [77.01639629776355, 28.535904493088204], [77.017134752453, 28.536881899463243], [77.01760844667871, 28.537508860664737], [77.01758920027376, 28.537527434663925], [77.0169742810039, 28.53836759771342], [77.0168551518208, 28.538537481692842], [77.01677664175992, 28.538614662134638], [77.01669975675138, 28.538719011896067], [77.01664376565802, 28.538795005301537], [77.01654111696715, 28.53893432271988], [77.01635867542115, 28.539094267866403], [77.01609949439369, 28.53921243931398], [77.01541759673623, 28.539464678639874], [77.01473532268469, 28.539701948620845], [77.01441663455788, 28.539792391571428], [77.01409253947136, 28.54000432577322], [77.01405413469632, 28.54002944064002], [77.01401169918063, 28.540060242151533], [77.01390007182847, 28.540154369355758], [77.01386213956727, 28.540186356140083], [77.01376597401779, 28.540267444840016], [77.01371513835588, 28.5403106067873], [77.01363040925827, 28.5403825443791], [77.01342630843244, 28.54054458410208], [77.0133755697886, 28.540552340670192], [77.01332538360862, 28.54052938820307], [77.01284034186419, 28.54030755276483], [77.01274807320642, 28.540265352794297], [77.01259775182173, 28.54019660172613], [77.01252793296122, 28.54016466939654], [77.01247598518498, 28.539752348161294]]]}}, {"type": "Feature", "properties": {"OBJECTID_12": 139, "OBJECTID": 287, "OBJECTID_1": 0, "Id": 0, "Area": 0, "Name": "112", "Density": "250/100", "Shape_Leng": 0, "Shape_Le_1": 0, "Sector_Nam": " ", "SHAPE_Le_2": 6678.14230584, "S": "S", "Shape_Length": 7621.952201505603, "Shape_Area": 2240123.747087517}, "geometry": {"type": "Polygon", "coordinates": [[[77.00956888421194, 28.526867920277844], [77.00943053916662, 28.526333707785113], [77.00985211044461, 28.526093740795144], [77.01035419412828, 28.525688851446464], [77.0105116526279, 28.52556187401645], [77.01088988019345, 28.525399804939443], [77.01103233233626, 28.525359714228987], [77.01103350194275, 28.525358786053324], [77.01107620695306, 28.525324921052203], [77.01147825514497, 28.525234212329966], [77.01151326877981, 28.525224358343632], [77.01191697077017, 28.525080317189218], [77.01225922440186, 28.525003959512272], [77.01236854577866, 28.524987013933163], [77.0124330169683, 28.524977021012567], [77.01311255924307, 28.524783590212316], [77.01351553808964, 28.524556690812386], [77.0136646054262, 28.524472754958932], [77.01431863105533, 28.524270222124425], [77.01560190498142, 28.52325615429907], [77.0158524720636, 28.52299021053506], [77.01600597528106, 28.522724173753844], [77.01678384804514, 28.521294573583912], [77.01690543142556, 28.521088381777176], [77.01705503056479, 28.520834676939828], [77.01701679107977, 28.520797886921237], [77.01641206948501, 28.520216095243715], [77.01419741508583, 28.518093863945847], [77.01377019969291, 28.517690991375886], [77.01910389997995, 28.512796409207795], [77.02090222656747, 28.514967235670593], [77.02354615080661, 28.51815859601338], [77.02120738965937, 28.526961558880135], [77.01761196897297, 28.537513521526662], [77.01107345271839, 28.52885932365024], [77.00956888421194, 28.526867920277844]]]}}, {"type": "Feature", "properties": {"OBJECTID_12": 140, "OBJECTID": 288, "OBJECTID_1": 0, "Id": 0, "Area": 0, "Name": "113", "Density": "250/100", "Shape_Leng": 0, "Shape_Le_1": 0, "Sector_Nam": " ", "SHAPE_Le_2": 5665.91870011, "S": "S", "Shape_Length": 6464.677125601609, "Shape_Area": 1677615.842037288}, "geometry": {"type": "Polygon", "coordinates": [[[77.02336051934304, 28.53344120855692], [77.02326304494821, 28.533480132117226], [77.02320603696197, 28.53353653889669], [77.02315131249314, 28.533586579142], [77.02247264697412, 28.534280805187386], [77.02220018525351, 28.53451036218698], [77.02198106998603, 28.534675143135473], [77.02172947612945, 28.534864347011837], [77.02163280123521, 28.534937047526313], [77.02155551467973, 28.535025475812358], [77.02152298039509, 28.535062698867055], [77.020881428772, 28.535534746922266], [77.02084506137604, 28.535561505156085], [77.02080944856492, 28.535582515723434], [77.02076003673271, 28.53561647370965], [77.02029907073623, 28.53587932751942], [77.02024418277408, 28.535910625063842], [77.02015649732087, 28.535948034053664], [77.02009004085446, 28.535976387126542], [77.01962819989892, 28.536202224954742], [77.01958741458837, 28.53622216762881], [77.01948543154911, 28.53627648081556], [77.01945140606108, 28.536292079811414], [77.01937519748397, 28.536353788393694], [77.01921359236098, 28.536431344507445], [77.01919944928514, 28.536437623240378], [77.01913396928747, 28.53646668802349], [77.01880608510707, 28.536686209780804], [77.0187524916172, 28.53673221029704], [77.01845727287554, 28.536959620915727], [77.0184078358905, 28.536997702701854], [77.01839422192235, 28.53700744273497], [77.01838968632848, 28.53701096720304], [77.01832923599807, 28.537054248071954], [77.01824634395524, 28.537097836702163], [77.01804575823711, 28.53720331490967], [77.017966911308, 28.537244776648834], [77.01788471186623, 28.537288001390216], [77.01773377154231, 28.5373879117781], [77.01761605990075, 28.537501512664804], [77.02120738965937, 28.526961558880135], [77.02354615080661, 28.51815859601338], [77.02376304903197, 28.518420393053553], [77.02748467672761, 28.522912139388517], [77.0328292924437, 28.529542664156168], [77.03336248568395, 28.53020408335089], [77.03345209892174, 28.530344170575734], [77.03341795305947, 28.53036139783711], [77.03340258378329, 28.53036915120871], [77.03316441704527, 28.530489314189612], [77.03309168404998, 28.530530576528527], [77.03248545687879, 28.53087449317821], [77.0320559328156, 28.531093823755395], [77.0319966880243, 28.531124077002218], [77.03196025235638, 28.53114268132802], [77.0318051833754, 28.53118389605789], [77.03112281140746, 28.531372063643037], [77.03044043764292, 28.531560226946066], [77.02990016837319, 28.531705938700238], [77.02985488699467, 28.53172728545368], [77.02979026578636, 28.531713486776386], [77.02963713177652, 28.53173352895211], [77.02932727858051, 28.53177408208707], [77.02899732288508, 28.53181726487643], [77.02877618640821, 28.531830312995222], [77.02871054830703, 28.531847134356354], [77.02831691912596, 28.53194801116792], [77.02812213742288, 28.531989751989467], [77.02778584680806, 28.532061816012334], [77.02763645967129, 28.532093828140653], [77.0269556363989, 28.53222464906429], [77.02685281792645, 28.532248957630845], [77.02677405094738, 28.532267579910002], [77.0262749281109, 28.532385582230315], [77.02579785262644, 28.532504790333764], [77.02559451267366, 28.532591676964433], [77.02508229868857, 28.53278091851771], [77.02491441613839, 28.532842943261347], [77.02423414443157, 28.533093618632233], [77.02419306896523, 28.53310875404558], [77.02373302643687, 28.533292459182018], [77.02336051934304, 28.53344120855692]]]}}, {"type": "Feature", "properties": {"OBJECTID_12": 141, "OBJECTID": 289, "OBJECTID_1": 0, "Id": 0, "Area": 0, "Name": "109", "Density": "250/100", "Shape_Leng": 0, "Shape_Le_1": 0, "Sector_Nam": " ", "SHAPE_Le_2": 6923.37141229, "S": "S", "Shape_Length": 7892.578550002482, "Shape_Area": 2924511.29493248}, "geometry": {"type": "Polygon", "coordinates": [[[77.00760275322772, 28.515278874869463], [77.00737781597887, 28.51533541215781], [77.00673449826793, 28.515513828915335], [77.00668640426426, 28.51552716716071], [77.00641020195879, 28.51560676009388], [77.00627924016679, 28.515646863984948], [77.0059962421062, 28.515733526131164], [77.00530657581815, 28.51602933374469], [77.00499667590978, 28.516168958312583], [77.00464776666017, 28.516326157978337], [77.00461835491944, 28.516339408505107], [77.00393174470001, 28.51664875301263], [77.0037684732022, 28.51672585318543], [77.00367105540118, 28.516771856098607], [77.00340292895014, 28.516898469184326], [77.003246622989, 28.516972278466906], [77.00303659058737, 28.51704864511814], [77.00258573153617, 28.517212573266573], [77.00256253703552, 28.517204199306285], [77.00245522788495, 28.517213091064477], [77.002387786865, 28.51723656640746], [77.00222632008258, 28.51729277112959], [77.0018828258775, 28.51736625809159], [77.00179217508554, 28.51739132625777], [77.00141779051278, 28.517494854823987], [77.00124696598003, 28.517542091903724], [77.00120333211176, 28.51750770896332], [77.00115748569293, 28.51748926246384], [77.00099627133709, 28.51753801110079], [77.0005249962744, 28.517680514698355], [77.0003982781238, 28.51771167951547], [77.00030530159358, 28.51769740067405], [77.00000694593489, 28.517755123016716], [76.99984818128485, 28.517808518266975], [76.99975461096822, 28.517854257863885], [76.99964517281043, 28.517907753307686], [76.99917199152272, 28.5181582542383], [76.99899903169454, 28.518252948002072], [76.99894177577328, 28.518283024969694], [76.99871747363333, 28.518400848773524], [76.99849742501628, 28.518516438680642], [76.99789073341613, 28.518835125435853], [76.99782451769822, 28.518869907336107], [76.99766455289894, 28.51894562142987], [76.99765674833576, 28.518949316204242], [76.99715326597519, 28.519187618223636], [76.99676507878809, 28.519417075491425], [76.99664990937879, 28.519485151838403], [76.99650999407834, 28.51928621341426], [76.9962825819709, 28.518962864761672], [76.99625078430479, 28.518879495128424], [76.9960814087546, 28.51843540112587], [76.99593604696858, 28.518019540022344], [76.99589680047212, 28.517907258403543], [76.99581293106228, 28.51774616894782], [76.9956592796228, 28.517441242350685], [76.99562834254273, 28.51737984552933], [76.99553760641085, 28.51720390488767], [76.9955147406936, 28.51715956843112], [76.99618691947799, 28.516638379633864], [76.99610180769805, 28.516559225557966], [76.99585015634933, 28.51632519341385], [76.99502796969227, 28.51556057828196], [77.00831804036594, 28.50160921628601], [77.01482411935392, 28.507629650338114], [77.01910389997995, 28.512796409207795], [77.01542713504794, 28.516170538558924], [77.01394243188571, 28.51753294916841], [77.01356035414084, 28.517889701538692], [77.01346518302637, 28.51781001955662], [77.013463791536, 28.5178088553073], [77.01305898282122, 28.517462321254694], [77.01265447953361, 28.517111665777506], [77.01224564546803, 28.516759299446747], [77.01212665013391, 28.516595121954545], [77.01170273604966, 28.516055614646802], [77.01157992557053, 28.51591826400508], [77.01147947326051, 28.51580591936995], [77.0114627223754, 28.51578744178864], [77.01119125778476, 28.515487993854737], [77.01064908857816, 28.514947258979973], [77.01020388801494, 28.514503623603634], [77.00958369563435, 28.514668921275288], [77.00941349543075, 28.51472654423955], [77.00876424524567, 28.514995938540594], [77.00866414956683, 28.515027782196153], [77.0085797833886, 28.51505462141276], [77.00829374453077, 28.51512128528638], [77.00807023111167, 28.515173377089177], [77.00795988116386, 28.515198279225615], [77.00760275322772, 28.515278874869463]]]}}, {"type": "Feature", "properties": {"OBJECTID_12": 142, "OBJECTID": 290, "OBJECTID_1": 0, "Id": 0, "Area": 0, "Name": "106", "Density": "250/100", "Shape_Leng": 0, "Shape_Le_1": 0, "Sector_Nam": " ", "SHAPE_Le_2": 7069.01679933, "S": "S", "Shape_Length": 8059.550721604318, "Shape_Area": 3534744.6051697084}, "geometry": {"type": "Polygon", "coordinates": [[[77.00831804036594, 28.50160921628601], [76.99502796969227, 28.51556057828196], [76.99284414637195, 28.513529564963473], [76.9852148525803, 28.50802510945562], [76.98494563377785, 28.507830851846958], [76.98600710377883, 28.507235759066756], [76.98625256483696, 28.50694948882747], [76.9863301577179, 28.506474671418587], [76.98631621676303, 28.506192193800878], [76.98640574735583, 28.505892923082573], [76.98655780967555, 28.505699698045927], [76.9873787216232, 28.50519872876968], [76.98830644505479, 28.504398231120966], [76.98844006226676, 28.504144153785436], [76.98837657922395, 28.503526239939053], [76.98913149554097, 28.50273590541052], [76.9906388155871, 28.501483783223033], [76.99186770281095, 28.500144046844817], [76.9948756989634, 28.500054076707947], [76.9948915668046, 28.4976220861265], [76.99480253387848, 28.496911915208916], [76.99462182158938, 28.496212640696843], [76.99503746757978, 28.495896162469883], [76.99793206220738, 28.49375262666213], [76.99833751142101, 28.493469713129794], [76.99923721280558, 28.493038764817157], [77.00109164277583, 28.49492101226404], [77.00831804036594, 28.50160921628601]]]}}, {"type": "Feature", "properties": {"OBJECTID_12": 143, "OBJECTID": 291, "OBJECTID_1": 0, "Id": 0, "Area": 0, "Name": "103", "Density": "250/100", "Shape_Leng": 0, "Shape_Le_1": 0, "Sector_Nam": " ", "SHAPE_Le_2": 8554.37834128, "S": "S", "Shape_Length": 9752.877477534981, "Shape_Area": 5627842.973664629}, "geometry": {"type": "Polygon", "coordinates": [[[76.99923721280558, 28.493038764817157], [76.99833751142101, 28.493469713129794], [76.99793206220738, 28.49375262666213], [76.99503746757978, 28.495896162469883], [76.99462182158938, 28.496212640696843], [76.99480253387848, 28.496911915208916], [76.9948915668046, 28.4976220861265], [76.9948756989634, 28.500054076707947], [76.99186770281095, 28.500144046844817], [76.9906388155871, 28.501483783223033], [76.98913149554097, 28.50273590541052], [76.98837657922395, 28.503526239939053], [76.98844006226676, 28.504144153785436], [76.98830644505479, 28.504398231120966], [76.9873787216232, 28.50519872876968], [76.98655780967555, 28.505699698045927], [76.98640574735583, 28.505892923082573], [76.98631621676303, 28.506192193800878], [76.9863301577179, 28.506474671418587], [76.98625256483696, 28.50694948882747], [76.98600710377883, 28.507235759066756], [76.98494563377785, 28.507830851846958], [76.98369030105036, 28.50692503786084], [76.9770660325171, 28.4991385795274], [76.97442089106072, 28.494944039399122], [76.97137250665308, 28.490109550090118], [76.98601686756766, 28.480190629915466], [76.98971609846663, 28.483373308968574], [76.99923721280558, 28.493038764817157]]]}}, {"type": "Feature", "properties": {"OBJECTID_12": 144, "OBJECTID": 292, "OBJECTID_1": 0, "Id": 0, "Area": 0, "Name": "102 A", "Density": "250/100", "Shape_Leng": 0, "Shape_Le_1": 0, "Sector_Nam": " ", "SHAPE_Le_2": 4635.60090322, "S": "S", "Shape_Length": 5282.717694439754, "Shape_Area": 1330413.2143013556}, "geometry": {"type": "Polygon", "coordinates": [[[76.98601686756766, 28.480190629915466], [76.97137250665308, 28.490109550090118], [76.97028713787232, 28.488388111358212], [76.96949032413046, 28.486738496367856], [76.96908712699327, 28.485903748908434], [76.9808966546028, 28.47578489205978], [76.98601686756766, 28.480190629915466]]]}}, {"type": "Feature", "properties": {"OBJECTID_12": 145, "OBJECTID": 293, "OBJECTID_1": 0, "Id": 0, "Area": 0, "Name": "102", "Density": "250/100", "Shape_Leng": 0, "Shape_Le_1": 0, "Sector_Nam": " ", "SHAPE_Le_2": 5606.5442042, "S": "S", "Shape_Length": 6391.610464322808, "Shape_Area": 2420746.609830629}, "geometry": {"type": "Polygon", "coordinates": [[[76.9808966546028, 28.47578489205978], [76.96908712699327, 28.485903748908434], [76.96649894501412, 28.48054500867195], [76.96287373798953, 28.473301079620857], [76.9626694539074, 28.473018212366675], [76.96254943988374, 28.47261152816328], [76.96423827082126, 28.47178030624388], [76.96423926166301, 28.471779098055084], [76.96557784126787, 28.471109147352113], [76.96664860523879, 28.47056840461849], [76.96769560607547, 28.470058518977044], [76.96770966920126, 28.47005166930348], [76.96849839002068, 28.469601541961246], [76.96947624214008, 28.468969606408006], [76.97199017386941, 28.467396192561843], [76.97217326489735, 28.467282730970776], [76.97627044138237, 28.471803719834167], [76.9808966546028, 28.47578489205978]]]}}, {"type": "Feature", "properties": {"OBJECTID_12": 146, "OBJECTID": 294, "OBJECTID_1": 0, "Id": 0, "Area": 0, "Name": "100", "Density": " ", "Shape_Leng": 0, "Shape_Le_1": 0, "Sector_Nam": " ", "SHAPE_Le_2": 4934.37320069, "S": "S", "Shape_Length": 5621.611619323187, "Shape_Area": 1114878.1221613751}, "geometry": {"type": "Polygon", "coordinates": [[[76.96156921980526, 28.452566880789803], [76.96303881060949, 28.45339391386143], [76.96347609432013, 28.453639994153495], [76.96400645786723, 28.453938454157406], [76.96728195434501, 28.455741712222718], [76.97093364819578, 28.45775190783119], [76.97192971904741, 28.458304678741534], [76.97541157561395, 28.460236830511747], [76.97889694998311, 28.462163035777067], [76.97945683845866, 28.462473568886], [76.97932317453427, 28.46255039510913], [76.97850787705715, 28.46301887583546], [76.97734439437251, 28.46379934153639], [76.97645255863652, 28.46440272879983], [76.97536623853988, 28.465150657487833], [76.9743244461352, 28.465847650114615], [76.97307635382892, 28.46669370038492], [76.97263123860563, 28.466998918914584], [76.97217326489735, 28.467282730970776], [76.96991499639282, 28.46479063983321], [76.96958988621004, 28.464259594140675], [76.96870144969907, 28.462808361680484], [76.96527908046899, 28.45721757921977], [76.96140312310587, 28.452474404332783], [76.96156921980526, 28.452566880789803]]]}}, {"type": "Feature", "properties": {"OBJECTID_12": 147, "OBJECTID": 295, "OBJECTID_1": 0, "Id": 0, "Area": 0, "Name": "2", "Density": " ", "Shape_Leng": 0, "Shape_Le_1": 0, "Sector_Nam": " ", "SHAPE_Le_2": 1613.07683442, "S": "S", "Shape_Length": 1840.2134191239847, "Shape_Area": 141019.9875365645}, "geometry": {"type": "Polygon", "coordinates": [[[77.02898351128759, 28.502181820492734], [77.02686581205703, 28.507916512357166], [77.02616095885081, 28.507080480675995], [77.02443142255281, 28.50505547572851], [77.02898351128759, 28.502181820492734]]]}}, {"type": "Feature", "properties": {"OBJECTID_12": 148, "OBJECTID": 296, "OBJECTID_1": 0, "Id": 0, "Area": 0, "Name": "111", "Density": "250/100", "Shape_Leng": 0, "Shape_Le_1": 0, "Sector_Nam": " ", "SHAPE_Le_2": 4620.68634163, "S": "S", "Shape_Length": 5268.653764232253, "Shape_Area": 1660667.4376489732}, "geometry": {"type": "Polygon", "coordinates": [[[77.03324368258933, 28.53005671529448], [77.02961909719888, 28.525560236294584], [77.0285886487196, 28.524281818914982], [77.02748467672761, 28.522912139388517], [77.0258476857685, 28.520936466458604], [77.03340347042047, 28.515632150728102], [77.03498136930187, 28.51747166290582], [77.03667096560399, 28.51947759499349], [77.03940709022899, 28.522730952131308], [77.04168127418541, 28.52539299674153], [77.04167237727083, 28.525397774161206], [77.04172866480822, 28.52558439643824], [77.04158668428093, 28.525633480715438], [77.04154216287716, 28.525650670072856], [77.0413091848082, 28.52573054265557], [77.04113446248545, 28.525789140627293], [77.04074617468704, 28.52591160163269], [77.0406273949486, 28.525949062316855], [77.04051696864397, 28.525979654843827], [77.04054172172162, 28.526026963891134], [77.04059627551052, 28.526131231406357], [77.040707886693, 28.526324468733407], [77.04076811064797, 28.5264287375329], [77.04030241591984, 28.526652898133527], [77.03996206491995, 28.52681672295289], [77.03995689960703, 28.526819209103376], [77.03939573821874, 28.5271066479583], [77.03927734565418, 28.52716729090497], [77.03916883725272, 28.5272357434557], [77.03859828397809, 28.52754416256404], [77.03854138378968, 28.527577730883966], [77.03797652852892, 28.52791095262685], [77.03791962654387, 28.527944520830008], [77.03765640309764, 28.528076087215663], [77.03752121113895, 28.52814365995814], [77.0372399126909, 28.528284258194148], [77.03681962780038, 28.52850377963353], [77.03656045665439, 28.52863914709258], [77.03652433988839, 28.528660215076155], [77.03611163408391, 28.52890096072642], [77.03596665408189, 28.528981123653566], [77.03594889888032, 28.528990453234723], [77.03570212897682, 28.52912012414626], [77.03520211860484, 28.52938286077942], [77.03513138975094, 28.529455659783526], [77.03501765495113, 28.52952985962742], [77.03452389685354, 28.52980987389076], [77.03417770680429, 28.529975112839793], [77.03384389643797, 28.530134441780955], [77.03358928514038, 28.53027495449242], [77.03345209892174, 28.530344170575734], [77.03336248388733, 28.530204085718555], [77.03324368258933, 28.53005671529448]]]}}, {"type": "Feature", "properties": {"OBJECTID_12": 149, "OBJECTID": 297, "OBJECTID_1": 0, "Id": 0, "Area": 0, "Name": "110 A", "Density": "250/100", "Shape_Leng": 0, "Shape_Le_1": 0, "Sector_Nam": " ", "SHAPE_Le_2": 3575.38051312, "S": "S", "Shape_Length": 4079.6679389853525, "Shape_Area": 886137.1094968215}, "geometry": {"type": "Polygon", "coordinates": [[[77.03340347042047, 28.515632150728102], [77.0258476857685, 28.520936466458604], [77.02376304903197, 28.518420393053553], [77.02354615080661, 28.51815859601338], [77.02686581205703, 28.507916512357166], [77.02767095677483, 28.50887148095504], [77.0295723497698, 28.511112145000407], [77.03190239276722, 28.513882115742994], [77.03340347042047, 28.515632150728102]]]}}, {"type": "Feature", "properties": {"OBJECTID_12": 150, "OBJECTID": 298, "OBJECTID_1": 0, "Id": 0, "Area": 0, "Name": "110.", "Density": "250/100", "Shape_Leng": 0, "Shape_Le_1": 0, "Sector_Nam": " ", "SHAPE_Le_2": 6292.89504128, "S": "S", "Shape_Length": 7178.948781961109, "Shape_Area": 2522916.3045088924}, "geometry": {"type": "Polygon", "coordinates": [[[77.02686581205703, 28.507916512357166], [77.02354615080661, 28.51815859601338], [77.02090222656747, 28.514967235670593], [77.01910389997995, 28.512796409207795], [77.01482411935392, 28.507629650338114], [77.00831804036594, 28.50160921628601], [77.01640938442063, 28.495586952108887], [77.01739769742149, 28.496702125446962], [77.01992329646973, 28.499727275220987], [77.02164506593378, 28.501750132522066], [77.02205980372743, 28.502239602640046], [77.02336431562345, 28.50380738030167], [77.02424009577034, 28.50483145788633], [77.02443142255281, 28.50505547572851], [77.02616095885081, 28.507080480675995], [77.02686581205703, 28.507916512357166]]]}}, {"type": "Feature", "properties": {"OBJECTID_12": 151, "OBJECTID": 299, "OBJECTID_1": 0, "Id": 0, "Area": 0, "Name": "105", "Density": "250/100", "Shape_Leng": 0, "Shape_Le_1": 0, "Sector_Nam": " ", "SHAPE_Le_2": 4451.52562756, "S": "S", "Shape_Length": 5071.794069350344, "Shape_Area": 1560922.8869440102}, "geometry": {"type": "Polygon", "coordinates": [[[77.01640938442063, 28.495586952108887], [77.00831804036594, 28.50160921628601], [77.00109164277583, 28.49492101226404], [76.99923721280558, 28.493038764817157], [77.01088939689984, 28.489154403799464], [77.01294464525185, 28.49155960535046], [77.0150646064403, 28.494072300893148], [77.01587650020083, 28.494985651180862], [77.01640938442063, 28.495586952108887]]]}}, {"type": "Feature", "properties": {"OBJECTID_12": 152, "OBJECTID": 300, "OBJECTID_1": 0, "Id": 0, "Area": 0, "Name": "104", "Density": "250/100", "Shape_Leng": 0, "Shape_Le_1": 0, "Sector_Nam": " ", "SHAPE_Le_2": 8338.78549891, "S": "S", "Shape_Length": 9503.202215493917, "Shape_Area": 4824372.763820473}, "geometry": {"type": "Polygon", "coordinates": [[[77.01088939689984, 28.489154403799464], [76.99923721280558, 28.493038764817157], [76.98971609846663, 28.483373308968574], [76.98601686756766, 28.480190629915466], [76.9808966546028, 28.47578489205978], [76.98830359919195, 28.46738418361413], [76.99255526344794, 28.469742139246524], [76.99513162180133, 28.471228548680536], [76.99645741298983, 28.472246223869927], [76.99763941085078, 28.47337486885962], [76.9993741870218, 28.475421762349743], [76.99963237810583, 28.47572639818274], [77.00243827577722, 28.479054351141503], [77.0043881274919, 28.481343406094545], [77.00592693348875, 28.483154310265526], [77.00729272935179, 28.484901854539295], [77.01084862057245, 28.489106681866165], [77.01088939689984, 28.489154403799464]]]}}, {"type": "Feature", "properties": {"OBJECTID_12": 153, "OBJECTID": 301, "OBJECTID_1": 0, "Id": 0, "Area": 0, "Name": "101", "Density": " ", "Shape_Leng": 0, "Shape_Le_1": 0, "Sector_Nam": " ", "SHAPE_Le_2": 4368.76291198, "S": "S", "Shape_Length": 4977.717665075503, "Shape_Area": 1548237.3485208326}, "geometry": {"type": "Polygon", "coordinates": [[[76.98830359919195, 28.46738418361413], [76.9808966546028, 28.47578489205978], [76.97627044138237, 28.471803719834167], [76.97217326489735, 28.467282730970776], [76.97263123860563, 28.466998918914584], [76.97307635382892, 28.46669370038492], [76.9743244461352, 28.465847650114615], [76.97536623853988, 28.465150657487833], [76.97645255863652, 28.46440272879983], [76.97734439437251, 28.46379934153639], [76.97850787705715, 28.46301887583546], [76.97932317453427, 28.46255039510913], [76.97945683845866, 28.462473568886], [76.9835128164081, 28.464723024147695], [76.9865105412236, 28.46638968843436], [76.98830359919195, 28.46738418361413]]]}}, {"type": "Feature", "properties": {"OBJECTID_12": 154, "OBJECTID": 302, "OBJECTID_1": 0, "Id": 0, "Area": 0, "Name": "99 A", "Density": "250/100", "Shape_Leng": 0, "Shape_Le_1": 0, "Sector_Nam": " ", "SHAPE_Le_2": 5771.65504158, "S": "S", "Shape_Length": 6581.075039352163, "Shape_Area": 2517905.6797183035}, "geometry": {"type": "Polygon", "coordinates": [[[76.94707332076281, 28.44450925947388], [76.94755118676471, 28.444754704061303], [76.95039444626711, 28.44636711837051], [76.95327280743923, 28.44794458436318], [76.95513721679397, 28.448980644456405], [76.9563285247945, 28.449642634130182], [76.9584543169475, 28.45083256195328], [76.96102324533516, 28.452262901659235], [76.96034272569335, 28.453432797447924], [76.95975657766542, 28.45444043353048], [76.95828674611269, 28.45696710583015], [76.95723889097819, 28.45876831097633], [76.95665041092377, 28.45977984814184], [76.95395598339933, 28.464167752582874], [76.95374369173473, 28.4646120228214], [76.95381658103688, 28.464696927103375], [76.94696653892329, 28.45947533691988], [76.94526006417527, 28.456932651822193], [76.94707332076281, 28.44450925947388]]]}}, {"type": "Feature", "properties": {"OBJECTID_12": 155, "OBJECTID": 303, "OBJECTID_1": 0, "Id": 0, "Area": 0, "Name": "67 A", "Density": "250/100", "Shape_Leng": 0, "Shape_Le_1": 0, "Sector_Nam": " ", "SHAPE_Le_2": 5192.11611203, "S": "S", "Shape_Length": 5909.333454414958, "Shape_Area": 1417853.9701852484}, "geometry": {"type": "Polygon", "coordinates": [[[77.05498895183867, 28.378683399415326], [77.05503981534835, 28.37852097543255], [77.05540474066117, 28.377426773051745], [77.0567575127492, 28.37334824224468], [77.07300374678344, 28.381219889366445], [77.06952017802801, 28.38758787135774], [77.0653043870946, 28.385831306024922], [77.06619027957665, 28.383067487608795], [77.05498895183867, 28.378683399415326]]]}}, {"type": "Feature", "properties": {"OBJECTID_12": 156, "OBJECTID": 304, "OBJECTID_1": 0, "Id": 0, "Area": 0, "Name": "67", "Density": "250/100", "Shape_Leng": 0, "Shape_Le_1": 0, "Sector_Nam": " ", "SHAPE_Le_2": 5565.91420256, "S": "S", "Shape_Length": 6335.791107376668, "Shape_Area": 2193222.977950595}, "geometry": {"type": "Polygon", "coordinates": [[[77.06952017802801, 28.38758787135774], [77.06600460499392, 28.39401354848432], [77.0650618446628, 28.39367808835883], [77.06364079791825, 28.393074106519034], [77.06192911833145, 28.39237900999425], [77.06022257980308, 28.391669487386963], [77.0595235701378, 28.391403110438542], [77.05869729165461, 28.39111716578718], [77.05795085812885, 28.39091118381641], [77.05722871864162, 28.39070483159855], [77.05595916558318, 28.390392139054285], [77.0507031057878, 28.38856409449055], [77.05093653301438, 28.38819726474896], [77.05159681900273, 28.387155922484734], [77.05217622966602, 28.38626143390149], [77.05261352235982, 28.385557694930707], [77.0528582530876, 28.38508844529718], [77.0531221781181, 28.384494756612153], [77.05336560179714, 28.383817813654886], [77.05355047418429, 28.38318472716911], [77.05391748269027, 28.382057071378473], [77.05423034164922, 28.381061543486172], [77.05466345807524, 28.379722788936242], [77.05498895183867, 28.378683399415326], [77.06619027957665, 28.383067487608795], [77.0653043870946, 28.385831306024922], [77.06952017802801, 28.38758787135774]]]}}, {"type": "Feature", "properties": {"OBJECTID_12": 157, "OBJECTID": 305, "OBJECTID_1": 0, "Id": 0, "Area": 0, "Name": "64", "Density": "250/100", "Shape_Leng": 0, "Shape_Le_1": 0, "Sector_Nam": " ", "SHAPE_Le_2": 5937.85815499, "S": "S", "Shape_Length": 6762.022188167437, "Shape_Area": 2887988.076496021}, "geometry": {"type": "Polygon", "coordinates": [[[77.08565577285691, 28.387347855546686], [77.08021862527669, 28.39932619284807], [77.07991962193266, 28.39925473758547], [77.07864512005534, 28.39897337599535], [77.07789436473473, 28.398827259852432], [77.0774006874855, 28.398710643683128], [77.07697463091928, 28.398600156271453], [77.07667581083162, 28.3985068266385], [77.0754330194838, 28.397912192929727], [77.07356994861883, 28.397076306438027], [77.0715891661123, 28.39629471002853], [77.06956508480904, 28.39550657893135], [77.06886514628575, 28.39519490257317], [77.06722613771052, 28.394491609333553], [77.06600460499392, 28.39401354848432], [77.07300374678344, 28.381219889366445], [77.08565577285691, 28.387347855546686]]]}}, {"type": "Feature", "properties": {"OBJECTID_12": 158, "OBJECTID": 306, "OBJECTID_1": 0, "Id": 0, "Area": 0, "Name": "63", "Density": "250/100", "Shape_Leng": 0, "Shape_Le_1": 0, "Sector_Nam": " ", "SHAPE_Le_2": 3499.83584042, "S": "S", "Shape_Length": 3983.252838211987, "Shape_Area": 853484.7553821831}, "geometry": {"type": "Polygon", "coordinates": [[[77.0929409040969, 28.39816426326458], [77.09240196523209, 28.402209755657804], [77.09167535033812, 28.401996927731293], [77.08998997072796, 28.40155725104314], [77.08897227024087, 28.401293534236448], [77.087556943968, 28.40099293208779], [77.08656192414524, 28.40078376111449], [77.08524410909817, 28.400498352238884], [77.08451734957544, 28.40033758158423], [77.08326185964277, 28.400063135550287], [77.08233400865042, 28.399836193448703], [77.0812624029581, 28.39957562922739], [77.08021862527669, 28.39932619284807], [77.08286752438589, 28.393490857683524], [77.0929409040969, 28.39816426326458]]]}}, {"type": "Feature", "properties": {"OBJECTID_12": 159, "OBJECTID": 307, "OBJECTID_1": 0, "Id": 0, "Area": 0, "Name": "60", "Density": "250/100", "Shape_Leng": 0, "Shape_Le_1": 0, "Sector_Nam": " ", "SHAPE_Le_2": 2815.26337049, "S": "S", "Shape_Length": 3202.8411455722426, "Shape_Area": 536144.5811722586}, "geometry": {"type": "Polygon", "coordinates": [[[77.10284562691, 28.399983373392587], [77.10249418800453, 28.403346341794137], [77.10183680177795, 28.40328247968574], [77.1014424117238, 28.40324124585678], [77.10088169589986, 28.40318262098507], [77.09954230601463, 28.403038545357617], [77.09875758629144, 28.402952757948757], [77.0978539583707, 28.402861634382244], [77.09667411377151, 28.40272939760692], [77.0958706444117, 28.402651043189987], [77.09474805124218, 28.402546558164428], [77.09330506763837, 28.402351489516064], [77.09263694115423, 28.40229013564442], [77.09251178966547, 28.402241922515238], [77.09240196523209, 28.402209755657804], [77.0929409040969, 28.39816426326458], [77.10284562691, 28.399983373392587]]]}}, {"type": "Feature", "properties": {"OBJECTID_12": 160, "OBJECTID": 308, "OBJECTID_1": 0, "Id": 0, "Area": 0, "Name": "63 A", "Density": "250/100", "Shape_Leng": 0, "Shape_Le_1": 0, "Sector_Nam": " ", "SHAPE_Le_2": 5265.85674118, "S": "S", "Shape_Length": 5991.547268546956, "Shape_Area": 1724007.924028236}, "geometry": {"type": "Polygon", "coordinates": [[[77.09385577443341, 28.39131846502882], [77.10327460300086, 28.39587825121143], [77.10284562691, 28.399983373392587], [77.0929409040969, 28.39816426326458], [77.08286752438589, 28.393490857683524], [77.08565577285691, 28.387347855546686], [77.09385577443341, 28.39131846502882]]]}}, {"type": "Feature", "properties": {"OBJECTID_12": 161, "OBJECTID": 309, "OBJECTID_1": 0, "Id": 0, "Area": 0, "Name": "59", "Density": "250/100", "Shape_Leng": 0, "Shape_Le_1": 0, "Sector_Nam": " ", "SHAPE_Le_2": 5747.02550027, "S": "S", "Shape_Length": 6546.491724458809, "Shape_Area": 2163563.9831341077}, "geometry": {"type": "Polygon", "coordinates": [[[77.10327460300086, 28.39587825121143], [77.11017919081854, 28.39922017707271], [77.11168479957408, 28.400640764795007], [77.11394000841678, 28.404571495940733], [77.11898066658006, 28.41335587209089], [77.11778387705964, 28.41348390332467], [77.11655851841823, 28.413106646719186], [77.11488722439168, 28.412573961213695], [77.11262684125298, 28.41188327738558], [77.11082922972443, 28.411378762089278], [77.11007366751873, 28.411132630910817], [77.10888383006032, 28.41077385240213], [77.10708739083323, 28.41019048283128], [77.10578510136922, 28.409742693126244], [77.10479613439482, 28.409435680910697], [77.10358534822394, 28.409108214403034], [77.10302875926045, 28.408954466890897], [77.10201491164761, 28.408703744124875], [77.10215103246433, 28.407572650082926], [77.10236271237618, 28.40557586144649], [77.10245908274156, 28.404029693180995], [77.10249418800453, 28.403346341794137], [77.10327460300086, 28.39587825121143]]]}}, {"type": "Feature", "properties": {"OBJECTID_12": 162, "OBJECTID": 310, "OBJECTID_1": 0, "Id": 0, "Area": 0, "Name": "12", "Density": " ", "Shape_Leng": 0, "Shape_Le_1": 0, "Sector_Nam": " ", "SHAPE_Le_2": 5120.21913393, "S": "S", "Shape_Length": 5836.762600673105, "Shape_Area": 1315980.9095690823}, "geometry": {"type": "Polygon", "coordinates": [[[77.03236487961149, 28.46176424984706], [77.03160117417774, 28.462482014316226], [77.02919388145577, 28.464993308944038], [77.02744165551032, 28.4669523604671], [77.02663454078711, 28.467697830948257], [77.0256859144572, 28.468277325143937], [77.02293999819564, 28.470274043404928], [77.01946049701178, 28.472801127644505], [77.01807152102117, 28.47375158918556], [77.01788706455397, 28.473522129742058], [77.01793472197642, 28.473417446991782], [77.01844386911317, 28.47234267713757], [77.01857615412358, 28.472054368113024], [77.0192688827684, 28.470544577754346], [77.01998753050414, 28.468979641748284], [77.02042350716603, 28.468037265596593], [77.02076321676883, 28.46728970559634], [77.0215079237326, 28.465676624806644], [77.02187138389318, 28.464900059168222], [77.02211000967034, 28.464378422764078], [77.02236885921944, 28.463925725182747], [77.02265948307847, 28.463439127374418], [77.02285884439284, 28.463125786451506], [77.02316680304193, 28.46269861954797], [77.02337837335932, 28.46245910882955], [77.02412354744706, 28.46172460722488], [77.02493445575574, 28.460896011655425], [77.02594220919765, 28.45990690393726], [77.0264985951419, 28.459332777639972], [77.02674174124154, 28.4590498161304], [77.02763378897995, 28.457859206023258], [77.02782713787012, 28.457601140498106], [77.02852263961421, 28.456673970377054], [77.02853472734469, 28.45664882618806], [77.03135560172849, 28.457755767440517], [77.03414935777056, 28.45907201394043], [77.03436172219865, 28.45915765162152], [77.0328774690924, 28.46073840089874], [77.03243852529509, 28.461518508311904], [77.03236487961149, 28.46176424984706]]]}}, {"type": "Feature", "properties": {"OBJECTID_12": 163, "OBJECTID": 311, "OBJECTID_1": 0, "Id": 0, "Area": 0, "Name": "11 A", "Density": "250/100", "Shape_Leng": 0, "Shape_Le_1": 0, "Sector_Nam": " ", "SHAPE_Le_2": 4170.6809223, "S": "S", "Shape_Length": 4753.554974138449, "Shape_Area": 1386643.6686181854}, "geometry": {"type": "Polygon", "coordinates": [[[77.04190747177059, 28.451881647017498], [77.03896547035049, 28.454836115563264], [77.03795049175872, 28.45577767352944], [77.03756076485922, 28.456078606628225], [77.03698279060205, 28.456537066881182], [77.03625671469725, 28.45721834609099], [77.03590641665222, 28.457716368143963], [77.03546415896984, 28.458321770078367], [77.0350713912731, 28.458803235874385], [77.0348485300309, 28.459015715034806], [77.03464258855708, 28.459096150608218], [77.03436172219865, 28.45915765162152], [77.03414935777056, 28.45907201394043], [77.03135560172849, 28.457755767440517], [77.02853472734469, 28.45664882618806], [77.02906828080935, 28.45553893296709], [77.03005949986017, 28.45340643303203], [77.03111142705788, 28.451201396515593], [77.03149614854462, 28.45041255411121], [77.03243326026922, 28.44842171064253], [77.03309078753131, 28.44706772440539], [77.0335489921066, 28.446167952900094], [77.03363934375957, 28.445598892414722], [77.03382084746441, 28.445588271147003], [77.03431851143688, 28.445621416891917], [77.03492025421815, 28.44572940430465], [77.0357899357026, 28.446005278520705], [77.03588029813533, 28.446054191282954], [77.03641227595502, 28.446342149448107], [77.03705091344331, 28.44682441146813], [77.03786101506485, 28.447655061926735], [77.03862691508282, 28.44843384495974], [77.03996160228759, 28.449853490435352], [77.04120207598194, 28.451147999166526], [77.04190747177059, 28.451881647017498]]]}}, {"type": "Feature", "properties": {"OBJECTID_12": 164, "OBJECTID": 312, "OBJECTID_1": 0, "Id": 0, "Area": 0, "Name": "15", "Density": "250/100", "Shape_Leng": 0, "Shape_Le_1": 0, "Sector_Nam": " ", "SHAPE_Le_2": 5494.50189498, "S": "S", "Shape_Length": 6259.8703388552385, "Shape_Area": 2351945.728714425}, "geometry": {"type": "Polygon", "coordinates": [[[77.05177431442475, 28.462193623894684], [77.04875188863387, 28.463570173211462], [77.04859226609273, 28.463698636481155], [77.0485551477052, 28.465807814755323], [77.04773944418956, 28.46654780328194], [77.04693942166551, 28.46709273542298], [77.04564079553123, 28.46767381311993], [77.04401002450714, 28.46832362477845], [77.0436859815229, 28.46810966154423], [77.0409527342018, 28.46658643959058], [77.03905919607564, 28.465566264938623], [77.03744080563283, 28.464690920501983], [77.03656624899133, 28.464394604149867], [77.03598636222091, 28.464248578306925], [77.03527694287811, 28.464110219684933], [77.03429780167632, 28.463769613105136], [77.03297203923393, 28.463273742365125], [77.0322926299098, 28.462647584572533], [77.03220997053062, 28.462281146517757], [77.03243852529509, 28.461518508311904], [77.0328774690924, 28.46073840089874], [77.03436172219865, 28.45915765162152], [77.03464258855708, 28.459096150608218], [77.0348485300309, 28.459015715034806], [77.0350713912731, 28.458803235874385], [77.03546415896984, 28.458321770078367], [77.03590641665222, 28.457716368143963], [77.03625671469725, 28.45721834609099], [77.03698279060205, 28.456537066881182], [77.03756076485922, 28.456078606628225], [77.03795049175872, 28.45577767352944], [77.03896547035049, 28.454836115563264], [77.04190747177059, 28.451881647017498], [77.04202350625752, 28.452002326662356], [77.04313219530307, 28.453184194826854], [77.04437027588554, 28.454490643183604], [77.04545630941962, 28.455615531243353], [77.046393400483, 28.456580301786307], [77.04719880211896, 28.457439610713507], [77.04764259412381, 28.457898488380668], [77.04838685013335, 28.4586679857425], [77.04943429833105, 28.459760553622402], [77.04946761415, 28.45979530444645], [77.05073006692442, 28.46109654565462], [77.05152697498936, 28.461932079882637], [77.05177431442475, 28.462193623894684]]]}}, {"type": "Feature", "properties": {"OBJECTID_12": 165, "OBJECTID": 313, "OBJECTID_1": 0, "Id": 0, "Area": 0, "Name": "16", "Density": " ", "Shape_Leng": 0, "Shape_Le_1": 0, "Sector_Nam": " ", "SHAPE_Le_2": 3868.10016298, "S": "S", "Shape_Length": 4406.933106206845, "Shape_Area": 1102536.6443414714}, "geometry": {"type": "Polygon", "coordinates": [[[77.05177431442475, 28.462193623894684], [77.05258880790971, 28.46305488126065], [77.05327521780484, 28.46376314841008], [77.05388979751152, 28.4643889339525], [77.05448822461106, 28.46501734870394], [77.05524133082278, 28.46582009554261], [77.05558456541475, 28.46624465169254], [77.05582377869005, 28.466599154624916], [77.0561245885461, 28.46706493794769], [77.0566118230781, 28.467809621887568], [77.05700731267018, 28.46828113224924], [77.0572359366049, 28.468506870209396], [77.05747865690311, 28.46872319775698], [77.05750516259387, 28.46874681971283], [77.05721110627216, 28.46912263576765], [77.05712357712581, 28.469513595023695], [77.056853912759, 28.47121373210151], [77.05650494332225, 28.47194480141206], [77.05622068043373, 28.472445693978695], [77.05546001040733, 28.473430202266076], [77.05443549170728, 28.473058758856954], [77.05158754838898, 28.471990158159638], [77.04916401322836, 28.47106980910017], [77.04688147763473, 28.47006134365782], [77.0454593097927, 28.46928055463249], [77.04401002450714, 28.46832362477845], [77.04564079553123, 28.46767381311993], [77.04693942166551, 28.46709273542298], [77.04773944418956, 28.46654780328194], [77.0485551477052, 28.465807814755323], [77.04859226609273, 28.463698636481155], [77.04875188863387, 28.463570173211462], [77.05177431442475, 28.462193623894684]]]}}, {"type": "Feature", "properties": {"OBJECTID_12": 166, "OBJECTID": 314, "OBJECTID_1": 0, "Id": 0, "Area": 0, "Name": "14", "Density": " ", "Shape_Leng": 0, "Shape_Le_1": 0, "Sector_Nam": " ", "SHAPE_Le_2": 6153.85322282, "S": "S", "Shape_Length": 7011.502246737895, "Shape_Area": 1693080.0923732566}, "geometry": {"type": "Polygon", "coordinates": [[[77.03297203923393, 28.463273742365125], [77.03429780167632, 28.463769613105136], [77.03527694287811, 28.464110219684933], [77.03598636222091, 28.464248578306925], [77.03656624899133, 28.464394604149867], [77.03744080563283, 28.464690920501983], [77.03905919607564, 28.465566264938623], [77.0409527342018, 28.46658643959058], [77.0436859815229, 28.46810966154423], [77.0454593097927, 28.46928055463249], [77.04688147763473, 28.47006134365782], [77.04916401322836, 28.47106980910017], [77.05158754838898, 28.471990158159638], [77.05443549170728, 28.473058758856954], [77.05546001040733, 28.473430202266076], [77.0551157310747, 28.473875783073314], [77.05237018402069, 28.477210056855427], [77.05029933372883, 28.479670796663367], [77.04996315720004, 28.480172460359416], [77.04974740702166, 28.480641748093063], [77.04943745950253, 28.481466438249676], [77.04925509970322, 28.481506093204754], [77.04896810503793, 28.481302164782672], [77.0446682255057, 28.476353216778723], [77.04057057381193, 28.47178307639168], [77.03764177852479, 28.46840812728436], [77.03492375225785, 28.465306901776817], [77.03297203923393, 28.463273742365125]]]}}, {"type": "Feature", "properties": {"OBJECTID_12": 167, "OBJECTID": 315, "OBJECTID_1": 0, "Id": 0, "Area": 0, "Name": "13", "Density": " ", "Shape_Leng": 0, "Shape_Le_1": 0, "Sector_Nam": " ", "SHAPE_Le_2": 5729.41955642, "S": "S", "Shape_Length": 6532.306143471285, "Shape_Area": 1509040.7966989465}, "geometry": {"type": "Polygon", "coordinates": [[[77.03297203923393, 28.463273742365125], [77.03492375225785, 28.465306901776817], [77.03764177852479, 28.46840812728436], [77.04057057381193, 28.47178307639168], [77.0446682255057, 28.476353216778723], [77.04896810503793, 28.481302164782672], [77.04925509970322, 28.481506093204754], [77.04810203657757, 28.481756828214742], [77.04718814091316, 28.48167127675402], [77.04567255816303, 28.48132355884847], [77.04397113194692, 28.480978618390267], [77.04227769714358, 28.480599157080878], [77.04192950025796, 28.480478328480974], [77.04094424961391, 28.48005382952893], [77.03938759768565, 28.479366679135442], [77.03914416502344, 28.47929775255064], [77.03713437861128, 28.478877130590163], [77.03543777455161, 28.478554927010627], [77.03508418328278, 28.478521240440635], [77.03347861898554, 28.464673553003692], [77.03297203923393, 28.463273742365125]]]}}, {"type": "Feature", "properties": {"OBJECTID_12": 168, "OBJECTID": 316, "OBJECTID_1": 0, "Id": 0, "Area": 0, "Name": "12 A", "Density": " ", "Shape_Leng": 0, "Shape_Le_1": 0, "Sector_Nam": " ", "SHAPE_Le_2": 3272.5402753, "S": "S", "Shape_Length": 3733.311993159489, "Shape_Area": 743767.885993699}, "geometry": {"type": "Polygon", "coordinates": [[[77.03418767720561, 28.47078961681264], [77.03174080111899, 28.47251892078706], [77.02951565619392, 28.474051016573206], [77.02924091814235, 28.473467562347388], [77.02868458340207, 28.47218089034288], [77.02798933318624, 28.47007117041927], [77.02750417735581, 28.46945383891917], [77.0264294518145, 28.467823116993817], [77.02663454078711, 28.467697830948257], [77.02744165551032, 28.4669523604671], [77.02919388145577, 28.464993308944038], [77.03160117417774, 28.462482014316226], [77.03236487961149, 28.46176424984706], [77.03220997053062, 28.462281146517757], [77.0322926299098, 28.462647584572533], [77.03297203923393, 28.463273742365125], [77.03347861898554, 28.464673553003692], [77.03418767720561, 28.47078961681264]]]}}, {"type": "Feature", "properties": {"OBJECTID_12": 169, "OBJECTID": 317, "OBJECTID_1": 0, "Id": 0, "Area": 0, "Name": "12 A", "Density": " ", "Shape_Leng": 0, "Shape_Le_1": 0, "Sector_Nam": " ", "SHAPE_Le_2": 2319.11847502, "S": "S", "Shape_Length": 2645.2402420720678, "Shape_Area": 363459.4436576971}, "geometry": {"type": "Polygon", "coordinates": [[[77.03418767720561, 28.47078961681264], [77.03508418328278, 28.478521240440635], [77.03502197584764, 28.478515312797086], [77.0341710377116, 28.478554789617586], [77.0335143728322, 28.47857989464104], [77.03259632695116, 28.478727323561582], [77.03226981809148, 28.478820961467687], [77.03136966305766, 28.476948242057084], [77.0311992553432, 28.47651531066687], [77.0307974505947, 28.475850907182256], [77.03021116961611, 28.475034548116785], [77.02953832068852, 28.47409914882077], [77.02951565619392, 28.474051016573206], [77.03174080111899, 28.47251892078706], [77.03418767720561, 28.47078961681264]]]}}, {"type": "Feature", "properties": {"OBJECTID_12": 170, "OBJECTID": 318, "OBJECTID_1": 0, "Id": 0, "Area": 0, "Name": "6", "Density": " ", "Shape_Leng": 0, "Shape_Le_1": 0, "Sector_Nam": " ", "SHAPE_Le_2": 4333.11059754, "S": "S", "Shape_Length": 4939.256093951371, "Shape_Area": 1460640.2240342684}, "geometry": {"type": "Polygon", "coordinates": [[[77.03226981809148, 28.478820961467687], [77.03202016369761, 28.478892557254557], [77.03075391104953, 28.479369877052477], [77.02991562478594, 28.479619236111077], [77.02957600142143, 28.47971980755107], [77.02927967146371, 28.479823551531204], [77.02881807754486, 28.47987628138925], [77.02796821828547, 28.47997300168281], [77.02759027638422, 28.48010469975545], [77.02717336017601, 28.48023315792417], [77.02584832716562, 28.48057761047554], [77.0252383647995, 28.48078533826578], [77.02466926859228, 28.481095594767467], [77.02436112848352, 28.481260624198185], [77.02365351744938, 28.481571747855526], [77.01985298443414, 28.47596761128727], [77.01807152102117, 28.47375158918556], [77.01946049701178, 28.472801127644505], [77.02293999819564, 28.470274043404928], [77.0256859144572, 28.468277325143937], [77.0264294518145, 28.467823116993817], [77.02750417735581, 28.46945383891917], [77.02798933318624, 28.47007117041927], [77.02868458340207, 28.47218089034288], [77.02924091814235, 28.473467562347388], [77.02953832068852, 28.47409914882077], [77.03021116961611, 28.475034548116785], [77.0307974505947, 28.475850907182256], [77.0311992553432, 28.47651531066687], [77.03136966305766, 28.476948242057084], [77.03226981809148, 28.478820961467687]]]}}, {"type": "Feature", "properties": {"OBJECTID_12": 171, "OBJECTID": 319, "OBJECTID_1": 0, "Id": 0, "Area": 0, "Name": "5", "Density": "375/100", "Shape_Leng": 0, "Shape_Le_1": 0, "Sector_Nam": " ", "SHAPE_Le_2": 3276.47079779, "S": "S", "Shape_Length": 3737.6090879674916, "Shape_Area": 740165.378564578}, "geometry": {"type": "Polygon", "coordinates": [[[77.02365351744938, 28.481571747855526], [77.02297626228533, 28.48186951941232], [77.022723577874, 28.481995519021496], [77.0221581791325, 28.482500530572494], [77.0211705102237, 28.483535157578093], [77.02090344108971, 28.483814168014316], [77.02014225722696, 28.48493710004903], [77.01969761092428, 28.485527113772633], [77.0194286544299, 28.48532554759734], [77.01887425466072, 28.48501863470595], [77.01831450003414, 28.48471418595746], [77.01824069714534, 28.48464719099199], [77.0181449807535, 28.484524843942026], [77.01711749222314, 28.482967787420034], [77.01598643512699, 28.48132821824566], [77.01592116084349, 28.481260426009847], [77.0145449813541, 28.48075240252602], [77.01492750286667, 28.479967986903745], [77.01548553991444, 28.478761190097792], [77.01597267203853, 28.477662879923518], [77.01654514860613, 28.476506003292087], [77.01710955201432, 28.475351628990868], [77.01744746678318, 28.47464946608372], [77.01760532682972, 28.47414097333663], [77.01788706455397, 28.473522129742058], [77.01985298443414, 28.47596761128727], [77.02365351744938, 28.481571747855526]]]}}, {"type": "Feature", "properties": {"OBJECTID_12": 172, "OBJECTID": 320, "OBJECTID_1": 0, "Id": 0, "Area": 0, "Name": "17", "Density": "375/100", "Shape_Leng": 0, "Shape_Le_1": 0, "Sector_Nam": " ", "SHAPE_Le_2": 6252.52015739, "S": "S", "Shape_Length": 7127.0528242905775, "Shape_Area": 2970471.4781573475}, "geometry": {"type": "Polygon", "coordinates": [[[77.07061213235812, 28.47926718675591], [77.05591357877744, 28.48918212598272], [77.0544965888247, 28.48753253445221], [77.05124763217367, 28.483857160413407], [77.04991348395811, 28.48227290934432], [77.04943745950253, 28.481466438249676], [77.04974740702166, 28.480641748093063], [77.04996315720004, 28.480172460359416], [77.05029933372883, 28.479670796663367], [77.05237018402069, 28.477210056855427], [77.0551157310747, 28.473875783073314], [77.05622068043373, 28.472445693978695], [77.05650494332225, 28.47194480141206], [77.056853912759, 28.47121373210151], [77.05712357712581, 28.469513595023695], [77.05721110627216, 28.46912263576765], [77.05750516259387, 28.46874681971283], [77.05767582273491, 28.468898920722747], [77.05947630348247, 28.47034711378317], [77.06221837585298, 28.472556927922223], [77.06511042555336, 28.474831251548153], [77.06787606342871, 28.47699044683469], [77.06849515447473, 28.477505080187523], [77.07060064200732, 28.479255254170468], [77.07061213235812, 28.47926718675591]]]}}, {"type": "Feature", "properties": {"OBJECTID_12": 173, "OBJECTID": 321, "OBJECTID_1": 0, "Id": 0, "Area": 0, "Name": "18", "Density": "220/230/240", "Shape_Leng": 0, "Shape_Le_1": 0, "Sector_Nam": " ", "SHAPE_Le_2": 8276.93542035, "S": "S", "Shape_Length": 9432.63075371725, "Shape_Area": 5459910.264664844}, "geometry": {"type": "Polygon", "coordinates": [[[77.08620536933425, 28.49555887475901], [77.07942892349692, 28.50088536895859], [77.07923394506281, 28.500865433810223], [77.07623280575093, 28.500636295382684], [77.07448383530006, 28.500754689145374], [77.07222529191105, 28.501350682923906], [77.06871913232283, 28.503858637742685], [77.06770616775395, 28.50271025273737], [77.06569948502116, 28.50047938574624], [77.06508767841376, 28.499705601469454], [77.06150882266118, 28.495614373387063], [77.05984075268817, 28.493717289355107], [77.0583574410163, 28.492146852716896], [77.05796907596279, 28.491685747352214], [77.0563478180976, 28.489687632938466], [77.05591357877744, 28.48918212598272], [77.07061213235812, 28.47926718675591], [77.07283463174471, 28.4815752331175], [77.07493112893792, 28.483768347335666], [77.07674111296288, 28.485676922209386], [77.07877717330042, 28.48781120824336], [77.0808575699888, 28.489997304296512], [77.08183134735005, 28.49100899012789], [77.08307817662505, 28.492300587480223], [77.0845456698631, 28.493817981582467], [77.08586106125553, 28.49515497978621], [77.08620536933425, 28.49555887475901]]]}}, {"type": "Feature", "properties": {"OBJECTID_12": 174, "OBJECTID": 322, "OBJECTID_1": 0, "Id": 0, "Area": 0, "Name": "19", "Density": "320/330/340", "Shape_Leng": 0, "Shape_Le_1": 0, "Sector_Nam": " ", "SHAPE_Le_2": 5921.40407876, "S": "S", "Shape_Length": 6747.43279704063, "Shape_Area": 2347925.124708542}, "geometry": {"type": "Polygon", "coordinates": [[[77.09108663312846, 28.5012844540156], [77.0796831808583, 28.50961377031451], [77.07743307624308, 28.51130985795482], [77.07722668112002, 28.511370312645017], [77.0766944652468, 28.511355531695102], [77.07594467741174, 28.51149304931032], [77.0746484219315, 28.511827799583525], [77.07451635880494, 28.511522097290516], [77.07408740696856, 28.510596590876002], [77.0734373806391, 28.50964389868773], [77.07184658554348, 28.507464082711703], [77.06948828514045, 28.504730593021833], [77.06871913232283, 28.503858637742685], [77.07222529191105, 28.501350682923906], [77.07448383530006, 28.500754689145374], [77.07623280575093, 28.500636295382684], [77.07923394506281, 28.500865433810223], [77.07942892349692, 28.50088536895859], [77.08620536933425, 28.49555887475901], [77.09108663312846, 28.5012844540156]]]}}, {"type": "Feature", "properties": {"OBJECTID_12": 175, "OBJECTID": 323, "OBJECTID_1": 0, "Id": 0, "Area": 0, "Name": "20", "Density": "320/330", "Shape_Leng": 0, "Shape_Le_1": 0, "Sector_Nam": " ", "SHAPE_Le_2": 6239.82666224, "S": "S", "Shape_Length": 7109.640426031297, "Shape_Area": 2786889.79662132}, "geometry": {"type": "Polygon", "coordinates": [[[77.08633268216958, 28.51611357547775], [77.08599546000183, 28.516201054990084], [77.085755940401, 28.516285118196674], [77.08575590446837, 28.516285129247347], [77.0857158809292, 28.51629917700544], [77.085639974186, 28.516325817775968], [77.08555637876229, 28.51635373646904], [77.0855464335138, 28.516357057980002], [77.08494656910976, 28.516560754491977], [77.08462504769652, 28.51670178415277], [77.08453740176921, 28.516736011857947], [77.0842522324806, 28.516825972504094], [77.08355874296272, 28.51706343395274], [77.08312547472138, 28.51719826041656], [77.0828667976488, 28.517250401710225], [77.08254910126205, 28.517359695644274], [77.08230679868048, 28.517450367728813], [77.08217291466885, 28.517500467706245], [77.08203142462172, 28.51755076578008], [77.08170368327345, 28.51769727517178], [77.08167892390757, 28.517707100656693], [77.08147791418466, 28.517786872699162], [77.08103934678148, 28.517973205349694], [77.08078281758075, 28.51807630237613], [77.08058114490115, 28.51815837263609], [77.08040408606034, 28.518104129833997], [77.08039357307658, 28.517933979278475], [77.08034490504943, 28.51785801819015], [77.07988782157162, 28.517254129695655], [77.07963894511879, 28.51692531660741], [77.07853068726455, 28.515987307178495], [77.07721885409894, 28.514811748434358], [77.07522934086617, 28.512817612969602], [77.07486063184938, 28.512319018746066], [77.0746484219315, 28.511827799583525], [77.07594467741174, 28.51149304931032], [77.0766944652468, 28.511355531695102], [77.07722668112002, 28.511370312645017], [77.07743307624308, 28.51130985795482], [77.0796831808583, 28.50961377031451], [77.09108663312846, 28.5012844540156], [77.09527525631275, 28.506196917621338], [77.09579553716911, 28.50680706624827], [77.0957620632467, 28.50684992455688], [77.09571594733328, 28.506911205940018], [77.09587477127212, 28.50723579458977], [77.09588425927818, 28.507248499203964], [77.0959573875322, 28.507361628144835], [77.096244620251, 28.5078059740211], [77.09644252539633, 28.508118056705317], [77.09656197168468, 28.50836203998459], [77.09685001827717, 28.508765567862017], [77.09694821761245, 28.50892035987751], [77.09734286458477, 28.50947895309975], [77.09750706943218, 28.509719284707252], [77.09751735514217, 28.50971926813023], [77.09773751515031, 28.51003754336393], [77.09806223187103, 28.51059384621717], [77.09811280881817, 28.51066745625334], [77.09816205446202, 28.510741109653754], [77.09836657749602, 28.51110862992814], [77.0983897324708, 28.511150237703536], [77.09864890990498, 28.511491503726134], [77.09835384477519, 28.51167118760633], [77.09825548913305, 28.511731082428167], [77.09812949861781, 28.51180824934558], [77.09776373697349, 28.512032268948875], [77.09738110586642, 28.512266618471223], [77.09697542219251, 28.512517017555005], [77.09673102204476, 28.512664343034075], [77.09663014213666, 28.51272970281785], [77.09603532356961, 28.51297614612003], [77.09534014252404, 28.513270865842312], [77.09496413918714, 28.513430268969262], [77.09464469378054, 28.513574181587806], [77.09423658465538, 28.513742713902122], [77.09416108664566, 28.513814689361894], [77.09395016940346, 28.513847170380586], [77.09337873038999, 28.51395384325161], [77.0932600440763, 28.513975997947796], [77.0925699133593, 28.514104974544715], [77.0921501126607, 28.51422001503807], [77.09187816028489, 28.514286946238904], [77.09174696672751, 28.51435755812433], [77.09143784386187, 28.514431399969823], [77.09118570921946, 28.514491628696394], [77.09049279282675, 28.514711449600828], [77.090342639427, 28.51476583386207], [77.08980149519817, 28.514878253014174], [77.08911042574168, 28.515037511630005], [77.08877313440364, 28.515096068184366], [77.08852241281122, 28.515192552555657], [77.08851174082562, 28.51519532077505], [77.08841865919251, 28.515219466717692], [77.08784916233668, 28.515451633739218], [77.08772387789726, 28.515499844989037], [77.08757335528993, 28.51558637070049], [77.08737463177944, 28.51570060366452], [77.08702631182463, 28.515871075926142], [77.08692709020656, 28.515936878907883], [77.08691713866985, 28.515943480121198], [77.08668683578381, 28.516010505737793], [77.08633268216958, 28.51611357547775]]]}}, {"type": "Feature", "properties": {"OBJECTID_12": 176, "OBJECTID": 324, "OBJECTID_1": 0, "Id": 0, "Area": 0, "Name": " ", "Density": " ", "Shape_Leng": 0, "Shape_Le_1": 0, "Sector_Nam": " ", "SHAPE_Le_2": 12414.6504475, "S": "S", "Shape_Length": 14139.218851519172, "Shape_Area": 11770452.01083494}, "geometry": {"type": "Polygon", "coordinates": [[[77.03790512773519, 28.50388785597284], [77.03704096549984, 28.50464287901129], [77.03655192804908, 28.504063239389758], [77.03632274087063, 28.503782200755506], [77.03627956424481, 28.503729256271967], [77.03615093897085, 28.50361792254198], [77.03597086987553, 28.503586241221715], [77.03429588646812, 28.503510103230607], [77.03338400482659, 28.503539034205346], [77.03265208088928, 28.503481228297385], [77.0319176308894, 28.503404355271783], [77.031401680811, 28.503333761315794], [77.03099315127432, 28.503227180330818], [77.03048610889029, 28.503057130505596], [77.02984659195133, 28.502856589332232], [77.02959783677105, 28.50273806609238], [77.02938487765822, 28.502569348835618], [77.02898351128759, 28.502181820492734], [77.02878678293531, 28.502013622587388], [77.02837867201352, 28.50173634097377], [77.02495335271604, 28.499248586163898], [77.02395162876631, 28.498590240396684], [77.0231895897074, 28.49802859269714], [77.02279828267136, 28.497633320321487], [77.02223922693406, 28.496944495379722], [77.0205651400453, 28.494753810180427], [77.02028101549733, 28.49430918670012], [77.02011090961683, 28.493891518056685], [77.01987196493779, 28.49326477119365], [77.01959476550233, 28.491196548830782], [77.01966702059391, 28.489314131542137], [77.01974234253385, 28.489012189327042], [77.01977718728543, 28.48743592609244], [77.01973703438883, 28.486462425280543], [77.01969761092428, 28.485527113772633], [77.02014225722696, 28.48493710004903], [77.02090344108971, 28.483814168014316], [77.0211705102237, 28.483535157578093], [77.0221581791325, 28.482500530572494], [77.022723577874, 28.481995519021496], [77.02297626228533, 28.48186951941232], [77.02436112848352, 28.481260624198185], [77.02466926859228, 28.481095594767467], [77.0252383647995, 28.48078533826578], [77.02584832716562, 28.48057761047554], [77.02717336017601, 28.48023315792417], [77.02759027638422, 28.48010469975545], [77.02796821828547, 28.47997300168281], [77.02881807754486, 28.47987628138925], [77.02927967146371, 28.479823551531204], [77.02957600142143, 28.47971980755107], [77.02991562478594, 28.479619236111077], [77.03075391104953, 28.479369877052477], [77.03202016369761, 28.478892557254557], [77.03259632695116, 28.478727323561582], [77.0335143728322, 28.47857989464104], [77.0341710377116, 28.478554789617586], [77.03502197584764, 28.478515312797086], [77.03543777455161, 28.478554927010627], [77.03713437861128, 28.478877130590163], [77.03914416502344, 28.47929775255064], [77.03938759768565, 28.479366679135442], [77.04094424961391, 28.48005382952893], [77.04192950025796, 28.480478328480974], [77.04227769714358, 28.480599157080878], [77.04397113194692, 28.480978618390267], [77.04567255816303, 28.48132355884847], [77.04718814091316, 28.48167127675402], [77.04810203657757, 28.481756828214742], [77.04943745950253, 28.481466438249676], [77.04991348395811, 28.48227290934432], [77.05124763217367, 28.483857160413407], [77.0544965888247, 28.48753253445221], [77.0563478180976, 28.489687632938466], [77.05796907596279, 28.491685747352214], [77.0583574410163, 28.492146852716896], [77.05984075268817, 28.493717289355107], [77.06150882266118, 28.495614373387063], [77.06508767841376, 28.499705601469454], [77.06569948502116, 28.50047938574624], [77.06770616775395, 28.50271025273737], [77.06772311806506, 28.50272946994129], [77.0582485948483, 28.502594894969256], [77.0573348474059, 28.502990733729803], [77.04704042733775, 28.503378902486812], [77.04717268809364, 28.50368111858485], [77.04155281330314, 28.504004988533342], [77.04126351805242, 28.503803057402838], [77.03790512773519, 28.50388785597284]]]}}, {"type": "Feature", "properties": {"OBJECTID_12": 177, "OBJECTID": 325, "OBJECTID_1": 0, "Id": 0, "Area": 0, "Name": "21", "Density": " ", "Shape_Leng": 0, "Shape_Le_1": 0, "Sector_Nam": " ", "SHAPE_Le_2": 4266.33770184, "S": "S", "Shape_Length": 4864.789843447657, "Shape_Area": 1124010.6090385923}, "geometry": {"type": "Polygon", "coordinates": [[[77.071506811262, 28.51790781487474], [77.07150396629748, 28.51789983405148], [77.07136467802111, 28.517509027923417], [77.07122348801127, 28.517352801680072], [77.07119935027957, 28.517306534596347], [77.07097823446398, 28.517036931500886], [77.07077771701785, 28.516792441805755], [77.07073515663629, 28.516745689827843], [77.07061789055912, 28.516614687881134], [77.0705952368443, 28.516589381941813], [77.07058370696761, 28.5165738439658], [77.07053665231471, 28.516541978675804], [77.07031462291245, 28.51623151142299], [77.07028246771685, 28.516189402846692], [77.07016618978648, 28.516037133162506], [77.0701472955211, 28.516017855236036], [77.06982581093881, 28.51566973030803], [77.06951378741306, 28.515309408924075], [77.06937112506448, 28.515109070223], [77.06921407978987, 28.514922003158524], [77.0689082348767, 28.514548138779737], [77.06887459746088, 28.51450410668358], [77.0688380656732, 28.514456284915838], [77.06874457800158, 28.514333905326588], [77.06855234392069, 28.514127152100233], [77.06842972118945, 28.51398669127527], [77.06828166355928, 28.51379926464368], [77.06805330103427, 28.513522636017264], [77.06797350728083, 28.513425976460198], [77.0678908505966, 28.51332471092749], [77.06774246508134, 28.513164910594725], [77.06770890222569, 28.51312876596195], [77.06763410490187, 28.513048214457754], [77.06759323514969, 28.512932225456478], [77.06758631632539, 28.512912587804426], [77.06757025354979, 28.512867002357208], [77.06750260412069, 28.512693869043737], [77.06751133754189, 28.51239232525259], [77.06752510871517, 28.511916919795233], [77.06656045913552, 28.511412596806753], [77.06885420660223, 28.508927664085352], [77.0697018497178, 28.50804381179553], [77.07139245931958, 28.506937723566796], [77.07184658554348, 28.507464082711703], [77.0734373806391, 28.50964389868773], [77.07408740696856, 28.510596590876002], [77.07451635880494, 28.511522097290516], [77.07486063184938, 28.512319018746066], [77.07522934086617, 28.512817612969602], [77.07721885409894, 28.514811748434358], [77.07853068726455, 28.515987307178495], [77.07963894511879, 28.51692531660741], [77.07980645846136, 28.517146635316706], [77.08034490504943, 28.51785801819015], [77.08039357307658, 28.517933979278475], [77.08040408606034, 28.518104129833997], [77.08038614850074, 28.51809863538173], [77.08023547138318, 28.51805247439417], [77.08011067383065, 28.51807420278602], [77.08009658375545, 28.51807665599128], [77.07963893703395, 28.518175158291772], [77.07943099052038, 28.5182197358528], [77.07940617815392, 28.518212987179375], [77.07936286049262, 28.518217288176057], [77.07907067536162, 28.518246296416926], [77.07871785754222, 28.518281323200032], [77.07841505432454, 28.518331268865694], [77.07805979129093, 28.518389864635594], [77.0780281391519, 28.518395085179588], [77.07740609085194, 28.518482754603095], [77.0773393514162, 28.518478558596346], [77.07718464086302, 28.518488632643123], [77.07694001074654, 28.51851533837378], [77.07674340995504, 28.518536799881456], [77.07665102541459, 28.518546884973116], [77.07661005684777, 28.518548128145873], [77.07637256564283, 28.51855533144379], [77.07596223498398, 28.51863035037654], [77.07531506170383, 28.51869084665066], [77.07529514335904, 28.518655746597254], [77.07507616733045, 28.518686742212754], [77.07505467603559, 28.518698085458006], [77.07487030670497, 28.518795399260142], [77.07481836252201, 28.51882281766362], [77.07473694461456, 28.518865790276184], [77.07458046078699, 28.51893355598966], [77.0744238871279, 28.519004197125525], [77.07438208402617, 28.51902268914013], [77.07438119738897, 28.519023082217743], [77.07423257292186, 28.51908885481734], [77.07419484547655, 28.51913619379355], [77.07419244607644, 28.519139208174643], [77.07414469612749, 28.51916854609409], [77.07413731017922, 28.51917111845986], [77.0740684471262, 28.51919511036577], [77.07388421793276, 28.519259294764957], [77.07375224014615, 28.519330769194138], [77.07332593654326, 28.519561638223323], [77.07327583660154, 28.51959530064489], [77.07326479989996, 28.519602716195177], [77.07318540679516, 28.519668465543354], [77.0724852005739, 28.52012276005703], [77.07232450813923, 28.520251261079185], [77.0723019065267, 28.520269336123004], [77.07227905787747, 28.5202302364053], [77.07221098085026, 28.520113738309036], [77.07212518635073, 28.519947712750117], [77.07214893601022, 28.519936182573808], [77.07223146154045, 28.51989612135787], [77.07214420727857, 28.519396836014355], [77.07200101222901, 28.519008446784632], [77.07184296443455, 28.518691934326686], [77.07179039143088, 28.518604452934202], [77.07178035185926, 28.518573603318018], [77.07175570747775, 28.51846169405731], [77.07172713027192, 28.518398101160514], [77.071506811262, 28.51790781487474]]]}}, {"type": "Feature", "properties": {"OBJECTID_12": 178, "OBJECTID": 326, "OBJECTID_1": 0, "Id": 0, "Area": 0, "Name": "M3", "Density": "320/330/340", "Shape_Leng": 0, "Shape_Le_1": 0, "Sector_Nam": " ", "SHAPE_Le_2": 7975.88797313, "S": "S", "Shape_Length": 9062.95982681827, "Shape_Area": 1964244.7983725914}, "geometry": {"type": "Polygon", "coordinates": [[[76.93978960616599, 28.360057509763912], [76.9403918025965, 28.361537511986203], [76.93960373485221, 28.361791780179807], [76.93398785217487, 28.361682481926017], [76.93402682288851, 28.364783897794837], [76.92373221058088, 28.36486846873743], [76.91962320687685, 28.364926404169385], [76.90944898229203, 28.365069323764267], [76.90487237404157, 28.36514864581512], [76.90482350658844, 28.360606031151747], [76.91462365202771, 28.360536461215414], [76.93304124705432, 28.360448422074676], [76.93309943363023, 28.360084681597034], [76.93978960616599, 28.360057509763912]]]}}, {"type": "Feature", "properties": {"OBJECTID_12": 179, "OBJECTID": 327, "OBJECTID_1": 0, "Id": 0, "Area": 0, "Name": "91", "Density": " ", "Shape_Leng": 0, "Shape_Le_1": 0, "Sector_Nam": " ", "SHAPE_Le_2": 5804.96961203, "S": "S", "Shape_Length": 6606.699030914612, "Shape_Area": 2506047.7157908464}, "geometry": {"type": "Polygon", "coordinates": [[[76.92049757397382, 28.393151062157383], [76.92305490421285, 28.394768668107876], [76.92481442717333, 28.39588157255853], [76.93136936373297, 28.400027176644414], [76.9290667660641, 28.40527908556117], [76.9277333688401, 28.40829200775618], [76.92753881800408, 28.408285210972426], [76.91940397752333, 28.405219851021208], [76.9106989898065, 28.40195665505983], [76.90853482072627, 28.401132240099894], [76.91397194764528, 28.397464976392552], [76.91618739885013, 28.396039464048794], [76.91830389343988, 28.394519806774472], [76.91833579531058, 28.394492139586482], [76.92049757397382, 28.393151062157383]]]}}, {"type": "Feature", "properties": {"OBJECTID_12": 180, "OBJECTID": 328, "OBJECTID_1": 0, "Id": 0, "Area": 0, "Name": "87", "Density": " ", "Shape_Leng": 0, "Shape_Le_1": 0, "Sector_Nam": " ", "SHAPE_Le_2": 5059.06622813, "S": "S", "Shape_Length": 5763.342906163958, "Shape_Area": 2005684.2878275001}, "geometry": {"type": "Polygon", "coordinates": [[[76.92876235126882, 28.383034009309853], [76.93088489601203, 28.38492885017472], [76.9368778806659, 28.389209613979205], [76.93512366405378, 28.392365737600556], [76.93136936373297, 28.400027176644414], [76.92481442717333, 28.39588157255853], [76.92305490421285, 28.394768668107876], [76.92049757397382, 28.393151062157383], [76.92876235126882, 28.383034009309853]]]}}, {"type": "Feature", "properties": {"OBJECTID_12": 181, "OBJECTID": 329, "OBJECTID_1": 0, "Id": 0, "Area": 0, "Name": "M12", "Density": "320/330/340", "Shape_Leng": 0, "Shape_Le_1": 0, "Sector_Nam": " ", "SHAPE_Le_2": 3887.74403429, "S": "S", "Shape_Length": 4422.562098615501, "Shape_Area": 796327.6106436478}, "geometry": {"type": "Polygon", "coordinates": [[[76.89656637575312, 28.401351706583338], [76.88950704055135, 28.4091079007199], [76.88741945734067, 28.40808711558653], [76.8868210571906, 28.407783109020116], [76.88601263002874, 28.407330155799002], [76.88466190609952, 28.406446336245843], [76.88306280787575, 28.40525936705696], [76.88232113182775, 28.40473097299005], [76.88204616829906, 28.404574324740953], [76.88117066573159, 28.40417384173671], [76.87985883795587, 28.40365330765328], [76.89656637575312, 28.401351706583338]]]}}, {"type": "Feature", "properties": {"OBJECTID_12": 182, "OBJECTID": 330, "OBJECTID_1": 0, "Id": 0, "Area": 0, "Name": "96", "Density": " ", "Shape_Leng": 0, "Shape_Le_1": 0, "Sector_Nam": " ", "SHAPE_Le_2": 6099.87173752, "S": "S", "Shape_Length": 6954.481042384414, "Shape_Area": 2413901.4545585816}, "geometry": {"type": "Polygon", "coordinates": [[[76.8793876572163, 28.392011827562467], [76.87948756604558, 28.39448065972833], [76.87961717407644, 28.39768307469987], [76.87979754410742, 28.40213916601279], [76.87985883795587, 28.40365330765328], [76.87872019099387, 28.40303009281146], [76.87701524967008, 28.401959620632205], [76.87639379605484, 28.401569421551045], [76.87454389628859, 28.40048321599432], [76.87250602494741, 28.39902423307075], [76.87130439440594, 28.39794625682252], [76.86993610032809, 28.396970838408034], [76.86786089230877, 28.395592518561834], [76.86705552211383, 28.39511934714032], [76.86641639414539, 28.394771318575348], [76.86661508441823, 28.389675138965778], [76.86734951645181, 28.38692316143353], [76.86820952757222, 28.3840414043192], [76.8695395911482, 28.380818887376925], [76.8793876572163, 28.392011827562467]]]}}, {"type": "Feature", "properties": {"OBJECTID_12": 183, "OBJECTID": 331, "OBJECTID_1": 0, "Id": 0, "Area": 0, "Name": "H6", "Density": " ", "Shape_Leng": 0, "Shape_Le_1": 0, "Sector_Nam": " ", "SHAPE_Le_2": 6996.40199717, "S": "S", "Shape_Length": 7964.507345092835, "Shape_Area": 2797632.4449372925}, "geometry": {"type": "Polygon", "coordinates": [[[76.88704842528058, 28.426362914234215], [76.88317542966293, 28.428071688545835], [76.87680912134668, 28.43096747246269], [76.87024500041159, 28.433693777955085], [76.8618396313847, 28.437419135665653], [76.86088785825635, 28.437638174642856], [76.86200919917438, 28.4328367502261], [76.86261434746889, 28.43024542412684], [76.86455283010532, 28.421943830603112], [76.86476950734512, 28.42101583676752], [76.88704842528058, 28.426362914234215]]]}}, {"type": "Feature", "properties": {"OBJECTID_12": 184, "OBJECTID": 332, "OBJECTID_1": 0, "Id": 0, "Area": 0, "Name": "H5", "Density": " ", "Shape_Leng": 0, "Shape_Le_1": 0, "Sector_Nam": " ", "SHAPE_Le_2": 6206.25613698, "S": "S", "Shape_Length": 7068.916688335549, "Shape_Area": 2868306.2961894167}, "geometry": {"type": "Polygon", "coordinates": [[[76.88445773520513, 28.414974130338265], [76.87685479978056, 28.42391690857598], [76.86476950734512, 28.42101583676752], [76.86612212671957, 28.415222432442643], [76.86615300181587, 28.409429614281756], [76.8662163851457, 28.40590195767802], [76.88445773520513, 28.414974130338265]]]}}, {"type": "Feature", "properties": {"OBJECTID_12": 185, "OBJECTID": 333, "OBJECTID_1": 0, "Id": 0, "Area": 0, "Name": "H7", "Density": " ", "Shape_Leng": 0, "Shape_Le_1": 0, "Sector_Nam": " ", "SHAPE_Le_2": 5792.67116621, "S": "S", "Shape_Length": 6590.5173364899, "Shape_Area": 1971428.273003452}, "geometry": {"type": "Polygon", "coordinates": [[[76.88445773520513, 28.414974130338265], [76.90184745632409, 28.42361893347418], [76.90081217580692, 28.424732173970384], [76.90033933587904, 28.42487248252166], [76.89951814725026, 28.4248648446447], [76.8967045303556, 28.424598468205843], [76.89255164754321, 28.424350662100814], [76.89149454425285, 28.424441760069485], [76.89108649621313, 28.424581135994], [76.88704842528058, 28.426362914234215], [76.87685479978056, 28.42391690857598], [76.88445773520513, 28.414974130338265]]]}}, {"type": "Feature", "properties": {"OBJECTID_12": 186, "OBJECTID": 334, "OBJECTID_1": 0, "Id": 0, "Area": 0, "Name": "97", "Density": "400", "Shape_Leng": 0, "Shape_Le_1": 0, "Sector_Nam": " ", "SHAPE_Le_2": 6728.50404751, "S": "S", "Shape_Length": 7661.055553101385, "Shape_Area": 2701636.8584241243}, "geometry": {"type": "Polygon", "coordinates": [[[76.88950704055135, 28.4091079007199], [76.88269363712492, 28.41409695054094], [76.8662163851457, 28.40590195767802], [76.86641639414539, 28.394771318575348], [76.86705552211383, 28.39511934714032], [76.86786089230877, 28.395592518561834], [76.86993610032809, 28.396970838408034], [76.87130439440594, 28.39794625682252], [76.87250602494741, 28.39902423307075], [76.87454389628859, 28.40048321599432], [76.87639379605484, 28.401569421551045], [76.87701524967008, 28.401959620632205], [76.87872019099387, 28.40303009281146], [76.87985883795587, 28.40365330765328], [76.88117066573159, 28.40417384173671], [76.88204616829906, 28.404574324740953], [76.88232113182775, 28.40473097299005], [76.88306280787575, 28.40525936705696], [76.88466190609952, 28.406446336245843], [76.88601263002874, 28.407330155799002], [76.8868210571906, 28.407783109020116], [76.88741945734067, 28.40808711558653], [76.88950704055135, 28.4091079007199]]]}}, {"type": "Feature", "properties": {"OBJECTID_12": 187, "OBJECTID": 335, "OBJECTID_1": 0, "Id": 0, "Area": 0, "Name": "98", "Density": "400", "Shape_Leng": 0, "Shape_Le_1": 0, "Sector_Nam": " ", "SHAPE_Le_2": 5588.65296787, "S": "S", "Shape_Length": 6360.577356850465, "Shape_Area": 1965661.6177379182}, "geometry": {"type": "Polygon", "coordinates": [[[76.88950704055135, 28.4091079007199], [76.88988092296587, 28.409290715406456], [76.89328943388605, 28.411082780728446], [76.89590067472024, 28.41268243666204], [76.89662751958294, 28.413137417314957], [76.8977588542585, 28.41384557784534], [76.90048386223184, 28.415638384627496], [76.90278423297711, 28.417239373341395], [76.90398553473521, 28.41808784531661], [76.90466621787039, 28.418456519092633], [76.9057295545705, 28.41909946181182], [76.90519398438802, 28.41965610768016], [76.90351218636086, 28.42165943705972], [76.90184745632409, 28.42361893347418], [76.88269363712492, 28.41409695054094], [76.88950704055135, 28.4091079007199]]]}}, {"type": "Feature", "properties": {"OBJECTID_12": 188, "OBJECTID": 336, "OBJECTID_1": 0, "Id": 0, "Area": 0, "Name": " ", "Density": " ", "Shape_Leng": 0, "Shape_Le_1": 0, "Sector_Nam": " ", "SHAPE_Le_2": 2497.21470688, "S": "S", "Shape_Length": 2843.553294931316, "Shape_Area": 339489.57799858926}, "geometry": {"type": "Polygon", "coordinates": [[[77.04704042733775, 28.503378902486812], [77.0573348474059, 28.502990733729803], [77.05697967061056, 28.503230322264976], [77.05430818875341, 28.50484073750268], [77.05159897046784, 28.506516610993547], [77.05077830286193, 28.507014134585738], [77.04913769169221, 28.507600423671455], [77.04892088150179, 28.507675564859337], [77.04704042733775, 28.503378902486812]]]}}, {"type": "Feature", "properties": {"OBJECTID_12": 189, "OBJECTID": 337, "OBJECTID_1": 0, "Id": 0, "Area": 0, "Name": "22", "Density": "375/100", "Shape_Leng": 0, "Shape_Le_1": 0, "Sector_Nam": " ", "SHAPE_Le_2": 3630.81170414, "S": "S", "Shape_Length": 4136.638413681931, "Shape_Area": 1009929.6453687053}, "geometry": {"type": "Polygon", "coordinates": [[[77.06772311806506, 28.50272946994129], [77.06948828514045, 28.504730593021833], [77.07139245931958, 28.506937723566796], [77.0697018497178, 28.50804381179553], [77.06885420660223, 28.508927664085352], [77.06656045913552, 28.511412596806753], [77.06241326535383, 28.509244288733928], [77.06216744496959, 28.508941609413622], [77.06152226954266, 28.508147190080095], [77.0573348474059, 28.502990733729803], [77.0582485948483, 28.502594894969256], [77.06772311806506, 28.50272946994129]]]}}, {"type": "Feature", "properties": {"OBJECTID_12": 190, "OBJECTID": 338, "OBJECTID_1": 0, "Id": 0, "Area": 0, "Name": " ", "Density": " ", "Shape_Leng": 0, "Shape_Le_1": 0, "Sector_Nam": " ", "SHAPE_Le_2": 0, "S": "S", "Shape_Length": 0, "Shape_Area": 0}, "geometry": {"type": "Polygon", "coordinates": []}}, {"type": "Feature", "properties": {"OBJECTID_12": 191, "OBJECTID": 339, "OBJECTID_1": 0, "Id": 0, "Area": 0, "Name": " ", "Density": " ", "Shape_Leng": 0, "Shape_Le_1": 0, "Sector_Nam": " ", "SHAPE_Le_2": 0, "S": "S", "Shape_Length": 0, "Shape_Area": 0}, "geometry": {"type": "Polygon", "coordinates": []}}, {"type": "Feature", "properties": {"OBJECTID_12": 192, "OBJECTID": 340, "OBJECTID_1": 0, "Id": 0, "Area": 0, "Name": " ", "Density": " ", "Shape_Leng": 0, "Shape_Le_1": 0, "Sector_Nam": " ", "SHAPE_Le_2": 0, "S": "S", "Shape_Length": 0, "Shape_Area": 0}, "geometry": {"type": "Polygon", "coordinates": []}}, {"type": "Feature", "properties": {"OBJECTID_12": 193, "OBJECTID": 341, "OBJECTID_1": 0, "Id": 0, "Area": 0, "Name": " ", "Density": " ", "Shape_Leng": 0, "Shape_Le_1": 0, "Sector_Nam": " ", "SHAPE_Le_2": 6654.81458058, "S": "S", "Shape_Length": 7582.121712546308, "Shape_Area": 1388082.275307258}, "geometry": {"type": "Polygon", "coordinates": [[[76.95840573246367, 28.35581095442192], [76.95834695659292, 28.36121747516125], [76.96455338455156, 28.361128161522675], [76.9595039992553, 28.361200846395842], [76.95967044989091, 28.36415733211103], [76.95844568952751, 28.36566478588292], [76.95796348286613, 28.368804217507797], [76.95824652943574, 28.373632607383175], [76.95787555037624, 28.377374891569744], [76.95770059359317, 28.377283647218068], [76.95558830311894, 28.37618704433692], [76.95335373396821, 28.375044407428977], [76.95232539473325, 28.37450830659382], [76.9548995818586, 28.372477324904615], [76.95234889106784, 28.368808365706766], [76.95228772837339, 28.36855454748357], [76.9518581117837, 28.36677162476835], [76.95236365577783, 28.366076758966727], [76.95234302776394, 28.364950114899607], [76.95270297461346, 28.362132003445073], [76.95275852912559, 28.361697048234852], [76.95425417197136, 28.359650941694643], [76.9571646838475, 28.357049694321883], [76.95840573246367, 28.35581095442192]]]}}]}