{"type": "FeatureCollection", "features": [{"type": "Feature", "properties": {"objectid_1": 46, "OBJECTID": 1, "rd_name": "HUDA", "maintain": "HUDA-VI", "st_length_": 3447.64778809, "join_count": 8, "target_fid": 0, "type": "HUDA", "lengthdoc": 2910, "road_id": 30, "remarks": "Road is in good condition and Motorable", "start_pt": "Subhash Chowk", "end_pt": "Hero Honda Chowk", "width": 60, "asset_id": 28, "ward": "24", "sector": "37", "zone": "1", "Shape.STLength()": 3447.6477880866437, "_source_layer": "road_network", "_asset_class": "road", "_owning_agency": "see `maintain` / `owner`"}, "geometry": {"type": "LineString", "coordinates": [[77.03700939959907, 28.42865095120619], [77.03486739285525, 28.42815701716294], [77.03125908044618, 28.42730605839077], [77.02823867406808, 28.426548905757524], [77.0274790811217, 28.4263716098198], [77.02705588209639, 28.426272863886492], [77.02643406646011, 28.42623914880552], [77.02552746062425, 28.426283682224764], [77.02475521760203, 28.426292785459765], [77.02450502691393, 28.426344258262525], [77.0232050874427, 28.4270082168592], [77.0221899300862, 28.427593919066553], [77.02192405571158, 28.427815131905998], [77.02175992093274, 28.427989471642213], [77.02130819410898, 28.42852143338339], [77.02109037331381, 28.428713281241503], [77.0199892561678, 28.42946737143177], [77.0186793750413, 28.430322436499313], [77.01709228010635, 28.43137260105852], [77.01552117338683, 28.432412959694087], [77.01427286997642, 28.43324319799814], [77.01294727911224, 28.434129481290405], [77.01179487894329, 28.434891428352042], [77.01010515687703, 28.435886676398834], [77.01010163278615, 28.435882416284713]]}}, {"type": "Feature", "properties": {"objectid_1": 50, "OBJECTID": 2, "rd_name": "Dividing Road 9A/10", "maintain": "MCG", "st_length_": 4324.80304989, "join_count": 8, "target_fid": 1, "type": "MCG", "lengthdoc": 2500, "road_id": 901, "remarks": " ", "start_pt": "Gurudwara Chowk", "end_pt": "Sec 9B", "width": 30, "asset_id": 159, "ward": "13", "sector": "10", "zone": "1", "Shape.STLength()": 4324.803049888337, "_source_layer": "road_network", "_asset_class": "road", "_owning_agency": "see `maintain` / `owner`"}, "geometry": {"type": "LineString", "coordinates": [[77.02772401666537, 28.457889880681478], [77.02763378897995, 28.457859206023258], [77.02743968280996, 28.45776966582376], [77.02725068625736, 28.457634007637104], [77.02714014945994, 28.45750434365012], [77.02706664930339, 28.457333539404058], [77.02704423633705, 28.457150036087466], [77.02709689917229, 28.4569367634002], [77.02710565145809, 28.45682919653724], [77.0271153622463, 28.45677175125899], [77.02685138421525, 28.45667063593112], [77.02647351956907, 28.456547341915513], [77.02631417460736, 28.456549715993255], [77.0261934607961, 28.456594489383352], [77.02580591680275, 28.456671887730472], [77.02528648934592, 28.45677512361108], [77.02470265268319, 28.456900803277563], [77.02380661642493, 28.457088427286426], [77.02353316476088, 28.457340796635414], [77.02292716216853, 28.457154037088504], [77.02226512805863, 28.457003920468164], [77.02158573310756, 28.456935232812803], [77.02079084265874, 28.456901683878957], [77.01892181326849, 28.456924666388502], [77.01657438068382, 28.45693561822387], [77.01434339491274, 28.456961516581305], [77.01152817542365, 28.456950659521816], [77.00846979186858, 28.4569385593526], [77.00558533652556, 28.456981125942658], [77.00292279110887, 28.45704423774995], [76.99897523532266, 28.45715723014943], [76.99616209992499, 28.457258236812823], [76.99316449278878, 28.457318912002112], [76.9903403584188, 28.457410409641547], [76.99018394555816, 28.45741646720217]]}}, {"type": "Feature", "properties": {"objectid_1": 46, "OBJECTID": 3, "rd_name": "Dividing Road 10A/37/37A", "maintain": "HUDA-IV", "st_length_": 2180.69356087, "join_count": 7, "target_fid": 2, "type": "MCG", "lengthdoc": 1980, "road_id": 25, "remarks": "Road is in good condition and Motorable", "start_pt": "Hero Honda Chowk", "end_pt": "Basai Chowk", "width": 30, "asset_id": 24, "ward": "24", "sector": "37", "zone": "1", "Shape.STLength()": 2180.6935608669914, "_source_layer": "road_network", "_asset_class": "road", "_owning_agency": "see `maintain` / `owner`"}, "geometry": {"type": "LineString", "coordinates": [[77.01010163278615, 28.435882416284713], [77.00946264854814, 28.4363279017994], [77.00876041303266, 28.436758474768258], [77.00720381230832, 28.437717352336215], [77.00630763501461, 28.438320286532747], [77.00510828709224, 28.439032734491626], [77.0038528456686, 28.43992267630771], [77.0030240483094, 28.440519822191696], [77.00219258744532, 28.441119390472306], [77.00166329379174, 28.441700184396453], [77.00035893820257, 28.44315188195728], [76.99954574817308, 28.444006631862656], [76.99909765233969, 28.444884662506436], [76.99789409042035, 28.447103638901623], [76.99720637617142, 28.448348425276578]]}}, {"type": "Feature", "properties": {"objectid_1": 88, "OBJECTID": 4, "rd_name": "Dividing Road 32/38, 39/38", "maintain": "HUDA-VI", "st_length_": 2096.55750789, "join_count": 6, "target_fid": 3, "type": "HUDA", "lengthdoc": 1800, "road_id": 31, "remarks": "Road is in good condition and Motorable", "start_pt": "NH 8", "end_pt": "Bakhtawar Chowk", "width": 30, "asset_id": 29, "ward": "29", "sector": "47", "zone": "4", "Shape.STLength()": 2096.5575078868196, "_source_layer": "road_network", "_asset_class": "road", "_owning_agency": "see `maintain` / `owner`"}, "geometry": {"type": "LineString", "coordinates": [[77.03588029813533, 28.446054191282954], [77.036244317048, 28.44538930009593], [77.03677260638514, 28.44435668025141], [77.0370421036653, 28.44390140883032], [77.03743732825436, 28.443523041059265], [77.0382094149697, 28.442936090540055], [77.03923491552838, 28.442182988907312], [77.04026534334639, 28.441405930786587], [77.04143420154966, 28.440524125563563], [77.04300500643527, 28.439335452250592], [77.04458666746106, 28.438151373958057], [77.04618934457295, 28.43693831345592], [77.04801851212075, 28.435566638107623], [77.04924318894088, 28.434639303237883]]}}, {"type": "Feature", "properties": {"objectid_1": 49, "OBJECTID": 5, "rd_name": "Southern Peripheral Road from Rambir Dhani to NH 8", "maintain": "HUDA-I", "st_length_": 3478.89439457, "join_count": 8, "target_fid": 4, "type": "HUDA", "lengthdoc": 3690, "road_id": 16, "remarks": "Road is in good condition and Motorable", "start_pt": "Rambir Ki Dhani", "end_pt": "NH 8", "width": 90, "asset_id": 15, "ward": "25", "sector": "36 A", "zone": "4", "Shape.STLength()": 3478.8943945736683, "_source_layer": "road_network", "_asset_class": "road", "_owning_agency": "see `maintain` / `owner`"}, "geometry": {"type": "LineString", "coordinates": [[76.99027226073038, 28.405887066364166], [76.9912103623984, 28.4054441653684], [76.99383704078078, 28.404254934547], [76.996114535029, 28.403455168048154], [76.99849627427443, 28.4027445596066], [77.0008506175986, 28.402158466299326], [77.00199104232652, 28.401922051967965], [77.00373176624302, 28.401588456437544], [77.0053078119, 28.40140051829238], [77.00682370097564, 28.40117285839903], [77.00800539969761, 28.40097876153148], [77.00936408359854, 28.400863219234736], [77.01044878043948, 28.40082333411844], [77.01156398047422, 28.400825965469785], [77.01463891908165, 28.40079960928252], [77.01756457296024, 28.4007324189128], [77.02029155363395, 28.40072541461261], [77.02053175595441, 28.400726580942393]]}}, {"type": "Feature", "properties": {"objectid_1": 89, "OBJECTID": 6, "rd_name": "M/R 44/52, 45/52, 46/51", "maintain": "HUDA-V", "st_length_": 2773.42079064, "join_count": 7, "target_fid": 5, "type": "HUDA", "lengthdoc": 3000, "road_id": 41, "remarks": "Road is in good condition and Motorable", "start_pt": "Ardee City Chowk", "end_pt": "T Point Sec 47", "width": 30, "asset_id": 38, "ward": "32", "sector": "46", "zone": "4", "Shape.STLength()": 2773.4207906364104, "_source_layer": "road_network", "_asset_class": "road", "_owning_agency": "see `maintain` / `owner`"}, "geometry": {"type": "LineString", "coordinates": [[77.06245465612886, 28.432002448323498], [77.06263803641434, 28.432196549161535], [77.06440130355294, 28.43398428891191], [77.06587917772238, 28.435537590562998], [77.06727646762097, 28.436972724212872], [77.06788853114652, 28.437751288887746], [77.06831146157556, 28.438248615866076], [77.06986249813501, 28.439807919012953], [77.07110845334924, 28.441094900567276], [77.07212002642774, 28.44213475602762], [77.0736934786485, 28.44372948073407], [77.07490912290842, 28.44498107439465], [77.07594833445326, 28.446049125923032], [77.07645827210746, 28.445960824488665], [77.07684699109721, 28.4459477278396], [77.07733982303175, 28.44614791106104], [77.07833676794415, 28.446710448354683], [77.07949486972025, 28.44733714522792]]}}, {"type": "Feature", "properties": {"objectid_1": 99, "OBJECTID": 7, "rd_name": "Between sec 27/28", "maintain": "HUDA-I", "st_length_": 2385.75774313, "join_count": 4, "target_fid": 6, "type": "HUDA", "lengthdoc": 2100, "road_id": 5, "remarks": "Road is in good condition and Motorable", "start_pt": "Sec 29", "end_pt": "Sec26-A", "width": 30, "asset_id": 4, "ward": "34", "sector": "29", "zone": "3", "Shape.STLength()": 2385.757743132332, "_source_layer": "road_network", "_asset_class": "road", "_owning_agency": "see `maintain` / `owner`"}, "geometry": {"type": "LineString", "coordinates": [[77.07309931854655, 28.468015736171235], [77.07425135220288, 28.46801195669569], [77.07641566501353, 28.46802189499456], [77.07879568039189, 28.46800940203547], [77.08091942887758, 28.468017501927005], [77.0836882818233, 28.467994195685794], [77.08676350878993, 28.468025818983758], [77.08957878487293, 28.468027942470712], [77.09250498402889, 28.468037850759725], [77.09441847104256, 28.468070461951317], [77.09440246306417, 28.468167601325682]]}}, {"type": "Feature", "properties": {"objectid_1": 98, "OBJECTID": 8, "rd_name": "HUDA", "maintain": "HUDA-I", "st_length_": 10765.4593535, "join_count": 14, "target_fid": 7, "type": "HUDA", "lengthdoc": 9800, "road_id": 2, "remarks": "Road is in good condition and Motorable", "start_pt": "NH-8", "end_pt": "Sec-55/56", "width": 60, "asset_id": 1, "ward": "30", "sector": "58", "zone": "3", "Shape.STLength()": 10765.459353527143, "_source_layer": "road_network", "_asset_class": "road", "_owning_agency": "see `maintain` / `owner`"}, "geometry": {"type": "MultiLineString", "coordinates": [[[77.10517947517096, 28.419490651044576], [77.10519073016317, 28.420128467949933], [77.10521040416619, 28.42153197900997], [77.10519169136052, 28.422496795759752], [77.10525663506398, 28.424140738541485], [77.105264265354, 28.425890614961656], [77.105294658055, 28.42810807716626], [77.10532321909113, 28.430096372120467], [77.10533203066578, 28.43108702261326], [77.10533193544434, 28.431082249615493], [77.10531460424758, 28.431725209659444], [77.10502150642824, 28.432767410958732], [77.10449026432877, 28.434582920229555], [77.10350970558545, 28.437852161632716], [77.10277058704105, 28.439811736622342], [77.10199789935278, 28.441850612632436], [77.10126389401897, 28.443798165119862], [77.10072334627147, 28.445694978229266], [77.10016458697824, 28.447627880948858], [77.09956082208927, 28.449334670570895], [77.09926938166163, 28.450169997625927], [77.09866899713307, 28.451912542978445], [77.0980416236201, 28.453793972934967], [77.09774114883564, 28.45472015895796], [77.09743144116675, 28.455999828094487], [77.09688476331576, 28.45786568450551], [77.09629441746047, 28.459846809913618], [77.09574202003607, 28.461698426517337], [77.09535690508724, 28.46297925026825], [77.09530367092351, 28.46323368570102], [77.0952505562357, 28.463469396862347], [77.09503919342913, 28.464684402162433], [77.09472641082701, 28.466478605361182], [77.09441847104256, 28.468070461951317]], [[77.09440246306417, 28.468167601325682], [77.09435066800152, 28.468481907305417], [77.09413757683635, 28.469595347694266], [77.09406161529593, 28.469990443910216], [77.09402339737048, 28.470929295707524], [77.09399762470498, 28.472362154140633], [77.09394623837578, 28.474003114091598], [77.0939206085424, 28.47544313312787], [77.09389433371867, 28.477124291671124], [77.09384405501221, 28.478718678078256]], [[77.09384379719572, 28.478717058579928], [77.09386587868373, 28.47887848240727]], [[77.09404670775379, 28.479215408074168], [77.0942320957739, 28.479846654602984], [77.09436863790046, 28.480302938248027], [77.09444687397517, 28.480433518623617], [77.0945134373411, 28.480520350239885], [77.09472570564948, 28.48119892996489], [77.09478728156895, 28.481471103167703], [77.09479658182711, 28.481789975251672], [77.09479276937702, 28.482287441699896], [77.0949315986143, 28.483406629995027], [77.09504571968968, 28.48446489183028], [77.09511077298762, 28.485437483321828], [77.09507319196769, 28.485860637329395], [77.09491970132666, 28.48616143264413], [77.09467588508382, 28.486403934158993], [77.09424736803207, 28.48673522840367], [77.09374553138511, 28.487048551413327], [77.09366082833864, 28.48713819155027], [77.09358113519653, 28.48734473790177], [77.09343750266746, 28.48759763109362], [77.09309121380352, 28.487851257957242], [77.0927038368968, 28.488076867245557], [77.09242720878989, 28.488172485721098], [77.09213758924734, 28.488148294900814], [77.09191431028856, 28.488199480992968], [77.09062324437568, 28.488916479236092], [77.09043269553422, 28.48909877623866], [77.09031386728677, 28.489267762944266], [77.09007354279545, 28.489489052826237], [77.0899545690209, 28.489593748859438], [77.0897273302883, 28.489780536336127], [77.08984595282159, 28.489992154194415], [77.08993446831812, 28.490153507098302], [77.0904275338146, 28.491052303301263], [77.09109823127712, 28.492312098570913], [77.09202084598965, 28.494012073930552], [77.09270178244974, 28.495320771205456], [77.09274822894321, 28.49547266894284], [77.09275264056956, 28.49548937847011], [77.09275507859724, 28.49558052015113], [77.09274811755209, 28.49572008415168], [77.0927414816971, 28.49575163993679], [77.09271518800873, 28.495811128526682], [77.09265752065906, 28.49590132175777], [77.09258348420832, 28.495975369945793], [77.09251809044888, 28.496026250659675], [77.09244283408596, 28.496087415169537], [77.09141195351704, 28.49670969418682], [77.08958366901312, 28.497735770124432], [77.08938445322583, 28.49804919943041], [77.08913101512799, 28.498353912088465], [77.08898200079203, 28.498455743039703]], [[77.09404633674959, 28.47921579419357], [77.0940135958524, 28.479067697154033], [77.09386587868373, 28.478873533114097]]]}}, {"type": "Feature", "properties": {"objectid_1": 107, "OBJECTID": 9, "rd_name": "Between Sec 43/53", "maintain": "HUDA-I", "st_length_": 2309.61996335, "join_count": 6, "target_fid": 8, "type": "HUDA", "lengthdoc": 2000, "road_id": 9, "remarks": "Road is in good condition and Motorable and repaired with patch work", "start_pt": "Sec 44/52", "end_pt": "Sec 42", "width": 30, "asset_id": 8, "ward": "32", "sector": "52", "zone": "4", "Shape.STLength()": 2309.619963349254, "_source_layer": "road_network", "_asset_class": "road", "_owning_agency": "see `maintain` / `owner`"}, "geometry": {"type": "LineString", "coordinates": [[77.07949486972025, 28.44733714522792], [77.08024728243255, 28.44757654092568], [77.08123413207781, 28.44789807676131], [77.08218024761652, 28.448208291604665], [77.083444754838, 28.448637770470647], [77.08474582977976, 28.449140687267903], [77.08563320987192, 28.44948520168472], [77.08639553010347, 28.44978865487538], [77.0866701073566, 28.449877552594298], [77.08679223870938, 28.449906715465502], [77.08702704035834, 28.449895951671287], [77.087431971244, 28.44988257512006], [77.08816394458866, 28.449878502759198], [77.08936431928535, 28.449929305370866], [77.09064296239617, 28.449976507128774], [77.09189730068864, 28.4500240698172], [77.09246343964192, 28.450103697129418], [77.09329664503426, 28.450164888232777], [77.0940488376593, 28.45022732090866], [77.09445196203298, 28.45025931363239], [77.09487394294274, 28.450288626465337], [77.09521998207502, 28.4503023962987], [77.09543853230217, 28.450289479477888], [77.09589648355255, 28.450225124400028], [77.09634330287993, 28.45014422871625], [77.09684129024588, 28.45005538019087], [77.09710992334676, 28.44997961510497], [77.09740504417209, 28.449877179004933], [77.09766794602147, 28.449784790236237], [77.09798438656345, 28.449667700212412], [77.09834924540093, 28.449540312229352], [77.09857457431522, 28.449460438065124], [77.09887399447754, 28.449439106263267], [77.09948635085388, 28.449548121298385]]}}, {"type": "Feature", "properties": {"objectid_1": 88, "OBJECTID": 10, "rd_name": "Dividing Road 49/50", "maintain": "HUDA-VI", "st_length_": 1993.86869257, "join_count": 5, "target_fid": 9, "type": "HUDA", "lengthdoc": 1300, "road_id": 35, "remarks": "Road is in good condition and Motorable", "start_pt": "SPR", "end_pt": "Mayfield Garden", "width": 30, "asset_id": 32, "ward": "29", "sector": "47", "zone": "4", "Shape.STLength()": 1993.8686925701904, "_source_layer": "road_network", "_asset_class": "road", "_owning_agency": "see `maintain` / `owner`"}, "geometry": {"type": "LineString", "coordinates": [[77.05188944520651, 28.420997612008183], [77.0523850592235, 28.4199711330054], [77.05290758856303, 28.4189199222667], [77.05336323293976, 28.418041616915847], [77.05383966433213, 28.41698154766113], [77.05458343614973, 28.41550201979996], [77.05537799871348, 28.413856984496576], [77.05626873401322, 28.4120194951712], [77.05710231040975, 28.410299849611253], [77.0579981113094, 28.408447947284603], [77.05868577615098, 28.407005060342275], [77.05892171866036, 28.406510073973372]]}}, {"type": "Feature", "properties": {"objectid_1": 88, "OBJECTID": 11, "rd_name": "Dividing Road 50/51, 50/57", "maintain": "HUDA-VI", "st_length_": 2645.68719411, "join_count": 5, "target_fid": 10, "type": "HUDA", "lengthdoc": 1470, "road_id": 36, "remarks": "Road is in good condition and Motorable", "start_pt": "Mayfield Garden", "end_pt": "Village Tigra", "width": 30, "asset_id": 33, "ward": "29", "sector": "47", "zone": "4", "Shape.STLength()": 2645.6871941136865, "_source_layer": "road_network", "_asset_class": "road", "_owning_agency": "see `maintain` / `owner`"}, "geometry": {"type": "LineString", "coordinates": [[77.0571572010669, 28.426557845438964], [77.05792399850183, 28.425936684303615], [77.0590735474181, 28.425050253399224], [77.06017265772779, 28.42420994046684], [77.0619207981353, 28.422858418165617], [77.06335773967054, 28.42175511404299], [77.0647252899433, 28.42069582382151], [77.06569364417516, 28.41994101381888], [77.06659290269033, 28.41924454503967], [77.06741148261152, 28.418566009277097], [77.06838203232597, 28.41778727344329], [77.0689427661162, 28.417221196916568], [77.06949670145637, 28.416544283650236], [77.06953161717482, 28.416430347969914], [77.07081027555697, 28.415354445039775], [77.07124112643189, 28.414945004454022], [77.07188439383715, 28.414523376674996], [77.0739873166796, 28.412790281494384], [77.0744986179764, 28.412336264074167]]}}, {"type": "Feature", "properties": {"objectid_1": 88, "OBJECTID": 12, "rd_name": "Dividing Road 46/47", "maintain": "HUDA-VI", "st_length_": 1337.90978921, "join_count": 5, "target_fid": 11, "type": "HUDA", "lengthdoc": 1200, "road_id": 32, "remarks": "Road is in good condition and Motorable", "start_pt": "Bakhtawar chowk", "end_pt": "Mayfield Garden", "width": 30, "asset_id": 30, "ward": "29", "sector": "47", "zone": "4", "Shape.STLength()": 1337.9097892110221, "_source_layer": "road_network", "_asset_class": "road", "_owning_agency": "see `maintain` / `owner`"}, "geometry": {"type": "LineString", "coordinates": [[77.04924318894088, 28.434639303237883], [77.04986287377331, 28.434235157992237], [77.05060288254816, 28.43367249906001], [77.05149210867826, 28.433004925567207], [77.05261817832793, 28.43215471200016], [77.05369618092341, 28.431333865775677], [77.05470772525581, 28.430568926746876], [77.05571115510625, 28.429804103845974], [77.05662164076584, 28.42912185173903], [77.05744128339404, 28.428491105702374], [77.05838571189662, 28.427781521595538]]}}, {"type": "Feature", "properties": {"objectid_1": 89, "OBJECTID": 13, "rd_name": "M/R 45/46", "maintain": "HUDA-V", "st_length_": 1334.86440329, "join_count": 5, "target_fid": 12, "type": "HUDA", "lengthdoc": 1110, "road_id": 40, "remarks": "Road is in good condition and Motorable", "start_pt": "Cyber Park", "end_pt": "Ambedkar Chowk", "width": 30, "asset_id": 37, "ward": "32", "sector": "46", "zone": "4", "Shape.STLength()": 1334.8644032915097, "_source_layer": "road_network", "_asset_class": "road", "_owning_agency": "see `maintain` / `owner`"}, "geometry": {"type": "LineString", "coordinates": [[77.0581995306641, 28.443860467275663], [77.0591447928033, 28.443144538445022], [77.06085133402662, 28.44186049967837], [77.06253008945993, 28.4405386620806], [77.06421354218382, 28.439321782097657], [77.0655460572622, 28.43825584755007], [77.06727646762097, 28.436972724212872]]}}, {"type": "Feature", "properties": {"objectid_1": 90, "OBJECTID": 14, "rd_name": "M/R 51/57", "maintain": "HUDA-V", "st_length_": 1717.50679797, "join_count": 4, "target_fid": 13, "type": "HUDA", "lengthdoc": 1550, "road_id": 45, "remarks": "Road is in good condition and Motorable", "start_pt": "Y point sec51/52/57", "end_pt": "T point Sec 50", "width": 30, "asset_id": 42, "ward": "29", "sector": "51", "zone": "4", "Shape.STLength()": 1717.5067979743071, "_source_layer": "road_network", "_asset_class": "road", "_owning_agency": "see `maintain` / `owner`"}, "geometry": {"type": "LineString", "coordinates": [[77.07528028702089, 28.430596123167618], [77.07397319965492, 28.429355468854794], [77.07192595080052, 28.427412218274682], [77.07003257347282, 28.425600291140107], [77.06778960507421, 28.423445076356185], [77.06573979152965, 28.421496987292237], [77.06482904356197, 28.420614951381125]]}}, {"type": "Feature", "properties": {"objectid_1": 90, "OBJECTID": 15, "rd_name": "M/R 52/57", "maintain": "HUDA-V", "st_length_": 1795.87991041, "join_count": 5, "target_fid": 14, "type": "HUDA", "lengthdoc": 1650, "road_id": 44, "remarks": "Road is in good condition and Motorable", "start_pt": "Y point Sec 51/52/57", "end_pt": "Botanical gaerden Chowk Sec 52, 52A, 56 & 57", "width": 30, "asset_id": 41, "ward": "29", "sector": "51", "zone": "4", "Shape.STLength()": 1795.879910411829, "_source_layer": "road_network", "_asset_class": "road", "_owning_agency": "see `maintain` / `owner`"}, "geometry": {"type": "LineString", "coordinates": [[77.07528028702089, 28.430596123167618], [77.07541003339229, 28.43055271411561], [77.07582637018713, 28.43050458337031], [77.07725730289141, 28.4303753119182], [77.07836518524987, 28.43026528491422], [77.07945672635495, 28.430148336019062], [77.08037583673958, 28.43005311374921], [77.08130001991061, 28.429941096454744], [77.08254223633666, 28.42979555705852], [77.08380377013455, 28.42967119683856], [77.08444775439544, 28.42959448497492], [77.08481960212583, 28.429550590463602], [77.08511697323095, 28.42956513322819], [77.08559538451023, 28.42958406433552], [77.08606332233164, 28.429619866270254], [77.08826242779158, 28.42979145864498], [77.08935211118067, 28.429855905152376], [77.08979002281367, 28.4298754437015], [77.09030348725368, 28.429891432082552], [77.09100064279619, 28.429909370918434], [77.09131092718357, 28.429973833153596]]}}, {"type": "Feature", "properties": {"objectid_1": 93, "OBJECTID": 16, "rd_name": "Between sec 53/56", "maintain": "HUDA-I", "st_length_": 1632.00826172, "join_count": 7, "target_fid": 15, "type": "HUDA", "lengthdoc": 1320, "road_id": 11, "remarks": "Road is in good condition and Motorable", "start_pt": "Sec 52/57", "end_pt": "Sec 54/55", "width": 30, "asset_id": 10, "ward": "29", "sector": "57", "zone": "4", "Shape.STLength()": 1632.0082617240944, "_source_layer": "road_network", "_asset_class": "road", "_owning_agency": "see `maintain` / `owner`"}, "geometry": {"type": "LineString", "coordinates": [[77.09131092718357, 28.429973833153596], [77.0918661372331, 28.43016382983348], [77.0929738578948, 28.430540726262368], [77.09424836156876, 28.430910749390307], [77.09580787373292, 28.431379985676216], [77.09614180896507, 28.43146795327567], [77.0963961741243, 28.43149268397903], [77.09664746255365, 28.431498361470226], [77.09714729236426, 28.431507371830598], [77.09946645047539, 28.431464448192113], [77.10238822003869, 28.431438436945353], [77.10474811315467, 28.43139978937302], [77.10499096191197, 28.431395812676598], [77.10567699361633, 28.431397135872192]]}}, {"type": "Feature", "properties": {"objectid_1": 132, "OBJECTID": 17, "rd_name": "Between Sec 54/55", "maintain": "HUDA-I", "st_length_": 884.69359312, "join_count": 2, "target_fid": 16, "type": "HUDA", "lengthdoc": 750, "road_id": 12, "remarks": "Road is in good condition and Motorable", "start_pt": "Sec 53/56", "end_pt": "Outer Sec 54/55", "width": 30, "asset_id": 11, "ward": "32", "sector": "54", "zone": "3", "Shape.STLength()": 884.693593115917, "_source_layer": "road_network", "_asset_class": "road", "_owning_agency": "see `maintain` / `owner`"}, "geometry": {"type": "LineString", "coordinates": [[77.10567699361633, 28.431397135872192], [77.10732142442261, 28.43137884180307], [77.10911705247099, 28.43135818493713], [77.1109339454388, 28.43132046159814], [77.11362321124359, 28.43128349187555]]}}, {"type": "Feature", "properties": {"objectid_1": 102, "OBJECTID": 18, "rd_name": "32/39", "maintain": "HUDA-III", "st_length_": 1083.8992225, "join_count": 4, "target_fid": 17, "type": "HUDA", "lengthdoc": 860, "road_id": 56, "remarks": "Road is in good condition and Motorable", "start_pt": " Sec 38", "end_pt": " Sec 31", "width": 30, "asset_id": 53, "ward": "28", "sector": "31", "zone": "4", "Shape.STLength()": 1083.8992224952367, "_source_layer": "road_network", "_asset_class": "road", "_owning_agency": "see `maintain` / `owner`"}, "geometry": {"type": "LineString", "coordinates": [[77.04143420154966, 28.440524125563563], [77.04214658353628, 28.441287930217666], [77.04276370817016, 28.4419161236745], [77.04356878012442, 28.44276591678386], [77.04448925504997, 28.443716631039756], [77.04561110441443, 28.444883959524958], [77.04648964867748, 28.445843526447128], [77.04647913389708, 28.44599887039899], [77.04640696863706, 28.44617901721949], [77.04620635147789, 28.446702506380767], [77.04620823524505, 28.446800365991255], [77.04624541022646, 28.44690724245859], [77.04640292262499, 28.447091097658852], [77.04662849947432, 28.447302576713266]]}}, {"type": "Feature", "properties": {"objectid_1": 19, "OBJECTID": 19, "rd_name": "81/86, 87/Open", "maintain": "HUDA-III", "st_length_": 859.34321707, "join_count": 4, "target_fid": 98, "type": "HUDA", "lengthdoc": 2285, "road_id": 88, "remarks": "Road is in good condition and Motorable", "start_pt": "81/86", "end_pt": "87/Open", "width": 60, "asset_id": 84, "ward": " ", "sector": "81", "zone": " ", "Shape.STLength()": 859.3432170695013, "_source_layer": "road_network", "_asset_class": "road", "_owning_agency": "see `maintain` / `owner`"}, "geometry": {"type": "LineString", "coordinates": [[76.93088489601203, 28.38492885017472], [76.9368778806659, 28.389209613979205]]}}, {"type": "Feature", "properties": {"objectid_1": 100, "OBJECTID": 20, "rd_name": "31/40", "maintain": "HUDA-III", "st_length_": 1499.65448769, "join_count": 4, "target_fid": 18, "type": "HUDA", "lengthdoc": 1075, "road_id": 57, "remarks": "Road is in good condition and Motorable", "start_pt": " CR Model School Chowk", "end_pt": "Sec 41", "width": 30, "asset_id": 54, "ward": "32", "sector": "41", "zone": "4", "Shape.STLength()": 1499.6544876854462, "_source_layer": "road_network", "_asset_class": "road", "_owning_agency": "see `maintain` / `owner`"}, "geometry": {"type": "LineString", "coordinates": [[77.04770198623885, 28.446398016732495], [77.04875354153401, 28.44722070964868], [77.05008916747822, 28.44826301579233], [77.05093958189644, 28.449217125893828], [77.05236362092924, 28.450778544407054], [77.0536024713679, 28.452120707814363], [77.05445463480596, 28.453022241276013], [77.05546695797774, 28.454102797023285], [77.05585576410408, 28.454528260325755], [77.05655160002145, 28.45528968767127]]}}, {"type": "Feature", "properties": {"objectid_1": 101, "OBJECTID": 21, "rd_name": "30 Part", "maintain": "HUDA-III", "st_length_": 786.13988648, "join_count": 2, "target_fid": 19, "type": "HUDA", "lengthdoc": 575, "road_id": 55, "remarks": "Road is in good condition and Motorable", "start_pt": "Sec 31", "end_pt": "South City", "width": 30, "asset_id": 52, "ward": "32", "sector": "30", "zone": "4", "Shape.STLength()": 786.1398864806858, "_source_layer": "road_network", "_asset_class": "road", "_owning_agency": "see `maintain` / `owner`"}, "geometry": {"type": "LineString", "coordinates": [[77.05588754021063, 28.45579276158948], [77.05707748995846, 28.456952267507134], [77.05795313176483, 28.457946533213562], [77.05843663020356, 28.458500271358215], [77.05940880946193, 28.459447403971932], [77.06047223868852, 28.4605104310954]]}}, {"type": "Feature", "properties": {"objectid_1": 89, "OBJECTID": 22, "rd_name": "39/40 Part", "maintain": "HUDA-III", "st_length_": 662.23394253, "join_count": 3, "target_fid": 20, "type": "HUDA", "lengthdoc": 660, "road_id": 58, "remarks": "Road is in good condition and Motorable", "start_pt": " Sec 45/46", "end_pt": "Jharsa", "width": 30, "asset_id": 55, "ward": "32", "sector": "46", "zone": "4", "Shape.STLength()": 662.2339425320049, "_source_layer": "road_network", "_asset_class": "road", "_owning_agency": "see `maintain` / `owner`"}, "geometry": {"type": "LineString", "coordinates": [[77.0581995306641, 28.443860467275663], [77.057595953523, 28.444363376775428], [77.0570051046112, 28.444818770217246], [77.05677483496284, 28.44506338709729], [77.05647576334685, 28.445521528614712], [77.0562845425656, 28.44583001589706], [77.05610790503465, 28.446031244323766], [77.05590227886948, 28.446153725990857], [77.05570200935837, 28.446273739214792], [77.05542529321657, 28.446351931813222], [77.05496554803055, 28.446463926994337], [77.05450822380425, 28.44656155855769], [77.05387303764326, 28.44668097418969], [77.05357695562056, 28.44673558147958]]}}, {"type": "Feature", "properties": {"objectid_1": 46, "OBJECTID": 23, "rd_name": "Captain Chandan Lal marg", "maintain": "MCG", "st_length_": 5203.88362479, "join_count": 10, "target_fid": 21, "type": "HUDA", "lengthdoc": 4500, "road_id": 903, "remarks": "Road is Motorable and work in progress by PWD B&R on deposite work", "start_pt": "NH-8", "end_pt": "CD Chowk", "width": 7, "asset_id": 160, "ward": "24", "sector": "37", "zone": "1", "Shape.STLength()": 5203.883624785289, "_source_layer": "road_network", "_asset_class": "road", "_owning_agency": "see `maintain` / `owner`"}, "geometry": {"type": "LineString", "coordinates": [[77.00475330612963, 28.42947278438768], [77.00534534710584, 28.42897068809874], [77.00654610987476, 28.42805289383667], [77.0074799571216, 28.427303765816408], [77.00874592949533, 28.426265615583436], [77.0095238660398, 28.42555697563049], [77.01116360853862, 28.424244289790895], [77.01230081819615, 28.423327386779558], [77.01280567228413, 28.42290892248048], [77.01663043196427, 28.419827212152352], [77.0180188851354, 28.418874624921045], [77.01951128416468, 28.4179228413096], [77.02092753839722, 28.41700912759878], [77.02318897885301, 28.415356830313094], [77.0242625913817, 28.414382202686838], [77.02631083107786, 28.41234919105896], [77.02939461270094, 28.41107760702845], [77.02950882720111, 28.41097862164697], [77.02960781256229, 28.41086440738718], [77.02972964118278, 28.410757808195715], [77.02979817006255, 28.41064359369782], [77.02982637985744, 28.409649171825127], [77.02984756213183, 28.40958444674324], [77.02990466983107, 28.409544853307764], [77.03003868050513, 28.40955703554021], [77.03025492565529, 28.40959967571302], [77.03099884120333, 28.409703230121295], [77.03440622922942, 28.410354250489405], [77.04194779714368, 28.411809257981854]]}}, {"type": "Feature", "properties": {"objectid_1": 111, "OBJECTID": 24, "rd_name": "Dividing Road 25/25A", "maintain": "DLF", "st_length_": 850.37989106, "join_count": 3, "target_fid": 22, "type": "HUDA (Coloniser)", "lengthdoc": 1000, "road_id": 904, "remarks": "Road land under HUDA,Maintained by DLF.(Temporary Road).", "start_pt": "National Highway", "end_pt": "25/25A", "width": 10, "asset_id": 161, "ward": "34", "sector": "25", "zone": "3", "Shape.STLength()": 850.3798910576414, "_source_layer": "road_network", "_asset_class": "road", "_owning_agency": "see `maintain` / `owner`"}, "geometry": {"type": "LineString", "coordinates": [[77.0897273302883, 28.489780536336127], [77.08921111161365, 28.490097640047125], [77.0888874315488, 28.490299579243274], [77.08876880093071, 28.49045061730656], [77.08870728340173, 28.490585855964888], [77.0887420230504, 28.490806160127075], [77.08864568143112, 28.49123141090085], [77.08846089348559, 28.49196838617762], [77.08838343086035, 28.49215161901032], [77.08822586276622, 28.492263862513262], [77.08799200165339, 28.492327141938194], [77.08784757321695, 28.4924033716859], [77.08779321346417, 28.492662050130185], [77.08767800812224, 28.492850039336076], [77.08747623483131, 28.493170668444797], [77.08718993456375, 28.493590479493164], [77.0870691372092, 28.493769005660575], [77.08700916029092, 28.49387974818203], [77.0869541869888, 28.494107399652638], [77.086863246041, 28.494292627780066], [77.08665124992216, 28.494505978221152], [77.08646077204762, 28.494714222570927], [77.08586106125553, 28.49515497978621]]}}, {"type": "Feature", "properties": {"objectid_1": 113, "OBJECTID": 25, "rd_name": "Between Sec 42/54", "maintain": "HUDA-I", "st_length_": 2563.6636815, "join_count": 4, "target_fid": 23, "type": "HUDA", "lengthdoc": 2200, "road_id": 10, "remarks": "Road is in good condition and Motorable and repaired with patch work", "start_pt": "Sec 43/53", "end_pt": "Fbd Road", "width": 30, "asset_id": 9, "ward": "32", "sector": "53", "zone": "3", "Shape.STLength()": 2563.6636814971553, "_source_layer": "road_network", "_asset_class": "road", "_owning_agency": "see `maintain` / `owner`"}, "geometry": {"type": "LineString", "coordinates": [[77.09948635085388, 28.449548121298385], [77.10045910233906, 28.44970294246947], [77.1018059491395, 28.44992088105301], [77.10202548931011, 28.44995807489299], [77.10245566644853, 28.449992012256374], [77.10318298741831, 28.4500261296897], [77.10457300904791, 28.45010490240667], [77.10642253691168, 28.450198030963698], [77.1081775018204, 28.45029021322665], [77.10890766775469, 28.450331418463694], [77.10929416431242, 28.450342137193495], [77.10977219380773, 28.450337109950613], [77.1101552794623, 28.45031206851164], [77.11081608377857, 28.45026122975187], [77.11157903193252, 28.4501849269411], [77.11223343844733, 28.450084043841745], [77.11291953572871, 28.449946853793012], [77.11368110317208, 28.44980132612021], [77.1147869912706, 28.449583591856676], [77.11593044332103, 28.449353328807685], [77.11661349980518, 28.449233476255515], [77.11700926787498, 28.44918434380996], [77.11751689865551, 28.449174054632913], [77.11809497711724, 28.44917460435792], [77.11875236783541, 28.44922405116207], [77.11916961103039, 28.449286786109965], [77.11958035940584, 28.449294711303327], [77.12031704800741, 28.449256967505455], [77.1213429662827, 28.449229035016995], [77.12232085523301, 28.44919719441964]]}}, {"type": "Feature", "properties": {"objectid_1": 49, "OBJECTID": 26, "rd_name": "Hassanpur- DarbariPur Road", "maintain": "PWD B&R", "st_length_": 2259.5454379, "join_count": 6, "target_fid": 24, "type": "MCG", "lengthdoc": 5250, "road_id": 126, "remarks": "Under Transfer to MCG", "start_pt": "NH-8", "end_pt": "Darbaripur Road", "width": 13.30000019, "asset_id": 122, "ward": "25", "sector": "36 A", "zone": "4", "Shape.STLength()": 2259.545437896856, "_source_layer": "road_network", "_asset_class": "road", "_owning_agency": "see `maintain` / `owner`"}, "geometry": {"type": "LineString", "coordinates": [[76.98764541885463, 28.401488900363756], [76.98796180549772, 28.40104191938519], [76.98831952632196, 28.400648959927555], [76.98894940254131, 28.399908218055145], [76.98948849771295, 28.39939609451698], [76.99041536684672, 28.39859752565503], [76.99089098526379, 28.398156995652872], [76.99135878384631, 28.39776050902499], [76.99189553800834, 28.39735537194002], [76.99236307877436, 28.39694551645611], [76.99302912026876, 28.39640860098747], [76.99379039845459, 28.39576714762577], [76.99436364218347, 28.3952354054027], [76.99588652015204, 28.39387877977844], [76.99688536050968, 28.39300701240374], [76.99806180318895, 28.391960730043547], [76.99888632816065, 28.39115358132982], [77.00008010113837, 28.390025852235553], [77.00066894860373, 28.389465683282033], [77.00096020038517, 28.389160575376263], [77.00110465936432, 28.38894596207175], [77.00123076306726, 28.388760269627056], [77.0015644701273, 28.38855958827387]]}}, {"type": "Feature", "properties": {"objectid_1": 72, "OBJECTID": 27, "rd_name": "Dividing Road 35/74", "maintain": "HUDA", "st_length_": 1621.44492718, "join_count": 3, "target_fid": 25, "type": "HUDA", "lengthdoc": 2500, "road_id": 905, "remarks": " ", "start_pt": "Sec 35/74", "end_pt": "SPR", "width": 75, "asset_id": 162, "ward": "26", "sector": "75", "zone": "4", "Shape.STLength()": 1621.4449271821643, "_source_layer": "road_network", "_asset_class": "road", "_owning_agency": "see `maintain` / `owner`"}, "geometry": {"type": "LineString", "coordinates": [[77.00613644666417, 28.413494203873327], [77.00611327012984, 28.413054269922025], [77.00596470135827, 28.4106164071637], [77.00591296199117, 28.40959053232643], [77.00621090711974, 28.409567041752116], [77.00621459919559, 28.407470737885756], [77.00572823063948, 28.407454028666095], [77.00573580523398, 28.405419742274407], [77.00568767889095, 28.40372530595989], [77.00572238709856, 28.40155453041846], [77.00571555091925, 28.401339284769428]]}}, {"type": "Feature", "properties": {"objectid_1": 128, "OBJECTID": 28, "rd_name": "Outer Road of Sec 24/25A", "maintain": "HUDA", "st_length_": 3728.4352678, "join_count": 3, "target_fid": 26, "type": "HUDA", "lengthdoc": 4500, "road_id": 906, "remarks": " ", "start_pt": "Shankar Chowk,NH 8", "end_pt": "Bio-Diversity Park", "width": 150, "asset_id": 163, "ward": "34", "sector": " ", "zone": "3", "Shape.STLength()": 3728.4352678041205, "_source_layer": "road_network", "_asset_class": "road", "_owning_agency": "see `maintain` / `owner`"}, "geometry": {"type": "LineString", "coordinates": [[77.09233375794919, 28.50221865410884], [77.09310100184686, 28.501753148189504], [77.09402483826818, 28.50118264158289], [77.09418986956564, 28.50109923736985], [77.0944605337574, 28.500944572821844], [77.0946657619689, 28.500840470660386], [77.09485314514727, 28.500733396119454], [77.09499591259875, 28.500653088563546], [77.09515561598826, 28.500554027546833], [77.09625775811203, 28.49984467292059], [77.09714028011514, 28.499236584785184], [77.09857248303726, 28.498409909768597], [77.10050401630664, 28.497279459973853], [77.10201356776795, 28.49640380598002], [77.10364836504114, 28.49544024937343], [77.10375443990654, 28.49533833498464], [77.10377333866346, 28.49508554007475], [77.103797002983, 28.494623120406086], [77.1037461816941, 28.493910291588342], [77.10381756631816, 28.49381868108041], [77.10423873065933, 28.493668775245315], [77.10494542990345, 28.493447485440505], [77.10556171012098, 28.49324523172701], [77.10626603062623, 28.493007285592682], [77.10727968150799, 28.49270747377348], [77.10788882371229, 28.492526634912753], [77.10793675512089, 28.492412298693974], [77.1078791281954, 28.49224955417343], [77.10725945054949, 28.49073970274542], [77.10725096955488, 28.490483978733984], [77.10729842036484, 28.490171860476103], [77.10767318402664, 28.48915464066027], [77.10791410499931, 28.488399161783242], [77.10803902651936, 28.488119574462832], [77.10816846926022, 28.487771221677967], [77.10829981553117, 28.487436193749502], [77.10829701727907, 28.487251013597092], [77.1082803041232, 28.487219425267874], [77.10800904614507, 28.487055242863917], [77.10750697863106, 28.4868125367715], [77.10700253417485, 28.48655555496047], [77.10660040513457, 28.4863604398491], [77.10608644033293, 28.48609631932608], [77.10587317130135, 28.485981406080903], [77.10575569591671, 28.485915480194382], [77.10579376831505, 28.48585331731283], [77.10587109978628, 28.48569270318336], [77.10612391714827, 28.48534768145947], [77.10651355421625, 28.484767687940547], [77.10679671038035, 28.48434414424188], [77.10699658553106, 28.48400507071367], [77.10738205711104, 28.483412584999297], [77.10797927597656, 28.482694072858163]]}}, {"type": "Feature", "properties": {"objectid_1": 111, "OBJECTID": 29, "rd_name": "Inner Road of Sec-24", "maintain": "HUDA", "st_length_": 719.12333082, "join_count": 3, "target_fid": 27, "type": "HUDA", "lengthdoc": 760, "road_id": 907, "remarks": " ", "start_pt": "Sec 25", "end_pt": "Sec 26", "width": 60, "asset_id": 164, "ward": "34", "sector": "25", "zone": "3", "Shape.STLength()": 719.1233308193397, "_source_layer": "road_network", "_asset_class": "road", "_owning_agency": "see `maintain` / `owner`"}, "geometry": {"type": "LineString", "coordinates": [[77.10041229202794, 28.481931791233723], [77.09995646439491, 28.482175812154775], [77.09924780143356, 28.482549647530615], [77.09843438502863, 28.483092218399957], [77.09800579790823, 28.48341875003119], [77.09740179855899, 28.483893620638664], [77.0969343961335, 28.484170611978588], [77.09602489862071, 28.484638253062897], [77.09568639994694, 28.484875053447553], [77.09555307558573, 28.48496544393952], [77.09537147216791, 28.484937207430217], [77.09507525719454, 28.484906498776805]]}}, {"type": "Feature", "properties": {"objectid_1": 111, "OBJECTID": 30, "rd_name": "Service Road", "maintain": "HUDA", "st_length_": 287.82025911, "join_count": 2, "target_fid": 28, "type": "HUDA", "lengthdoc": 500, "road_id": 908, "remarks": " ", "start_pt": "Sec 25", "end_pt": "Sec 24", "width": 10, "asset_id": 165, "ward": "34", "sector": "25", "zone": "3", "Shape.STLength()": 287.82025911412467, "_source_layer": "road_network", "_asset_class": "road", "_owning_agency": "see `maintain` / `owner`"}, "geometry": {"type": "LineString", "coordinates": [[77.09749244575765, 28.4838223535474], [77.09674406648098, 28.48370083696605], [77.09592008139673, 28.483572687792353], [77.09525670071224, 28.483504130316927], [77.09493882825569, 28.48347366680567]]}}, {"type": "Feature", "properties": {"objectid_1": 1, "OBJECTID": 31, "rd_name": "Sec 79 to District Boundary Mewat", "maintain": "PWD B&R", "st_length_": 4768.93297808, "join_count": 2, "target_fid": 29, "type": "PWD B&R", "lengthdoc": 7000, "road_id": 909, "remarks": " ", "start_pt": "Sec 79/79B", "end_pt": "District Boundary Mewat", "width": 20.12000084, "asset_id": 166, "ward": " ", "sector": " ", "zone": " ", "Shape.STLength()": 4768.932978079826, "_source_layer": "road_network", "_asset_class": "road", "_owning_agency": "see `maintain` / `owner`"}, "geometry": {"type": "LineString", "coordinates": [[76.97033079689342, 28.355284793046255], [76.97056631449968, 28.355039741154588], [76.97066049836565, 28.354878413027613], [76.97071389961602, 28.354700960026413], [76.97069082189638, 28.354474474225142], [76.9702088856279, 28.35322318907549], [76.96953842801561, 28.351554412790723], [76.96907258865872, 28.35015008501138], [76.96847393787866, 28.348714246545782], [76.96826065896559, 28.348125206949298], [76.96831350236216, 28.347771082898902], [76.96846993947734, 28.34732712248547], [76.96873173370396, 28.346888803501013], [76.96972077883176, 28.34622748562955], [76.96989567812264, 28.346053053298306], [76.97044196700311, 28.34538380120865], [76.97152841376223, 28.34415282110838], [76.97199727864499, 28.3435300464473], [76.9720046304573, 28.34334370921623], [76.97196660207638, 28.343184291653976], [76.97121477506563, 28.34134479088244], [76.96965588363733, 28.337592555553186], [76.96805552777215, 28.33344853617922], [76.96683892860307, 28.330686940234223], [76.9640024936019, 28.326114995507936], [76.96439141650919, 28.322613968471973], [76.96552615400307, 28.3209358631836]]}}, {"type": "Feature", "properties": {"objectid_1": 14, "OBJECTID": 32, "rd_name": "Pataudi Road (New Colony Mor to MCG Limit)", "maintain": "MCG", "st_length_": 9053.64496337, "join_count": 12, "target_fid": 30, "type": "MCG", "lengthdoc": 9020, "road_id": 127, "remarks": "Road is in Good condition & Motorable and work is in progress by PWD BR", "start_pt": "New Colony Mor", "end_pt": "MCG Limits", "width": 30, "asset_id": 123, "ward": "24", "sector": "88", "zone": "1", "Shape.STLength()": 9053.644963365177, "_source_layer": "road_network", "_asset_class": "road", "_owning_agency": "see `maintain` / `owner`"}, "geometry": {"type": "LineString", "coordinates": [[77.01584030617971, 28.456944143864007], [77.01565995770834, 28.456694642043946], [77.01513251727914, 28.456091255795116], [77.01477788486287, 28.455482921242126], [77.01430711195843, 28.45473305470288], [77.01411394183302, 28.454518652471837], [77.01392914759926, 28.45431845034523], [77.01368237230588, 28.454126328260955], [77.01350740025147, 28.4540167058519], [77.01267626547589, 28.45363745652153], [77.012022807582, 28.453367785587073], [77.01156880622393, 28.45321692512325], [77.0110776316811, 28.45310003793089], [77.01009218340768, 28.452988067153527], [77.00972925235482, 28.452938517065178], [77.0094472065084, 28.452880609215377], [77.00910109730755, 28.45277207623945], [77.008336651662, 28.45248387652514], [77.00718967013081, 28.451988924313753], [77.00634399612234, 28.451610230849177], [77.00590848658439, 28.45143634863826], [77.00530117155341, 28.451228325412377], [77.00498135514262, 28.451138304125255], [77.00435638641964, 28.451002353883784], [77.00361803503651, 28.450904743006426], [77.00335793593081, 28.450864261469896], [77.00311440265729, 28.450785336092988], [77.00288118294155, 28.45070320160497], [77.00200116544144, 28.45033568194502], [77.00076914040234, 28.44982053241665], [76.99943590128183, 28.44925490761797], [76.99785175012606, 28.448584465028045], [76.9967366551942, 28.448125625130647], [76.99592978750766, 28.44778449472036], [76.9946788637116, 28.44727262169525], [76.99314143393376, 28.446601436713177], [76.99175997504545, 28.446036936042088], [76.99103994659914, 28.44566929195442], [76.98990331994823, 28.445038424975852], [76.9893010390761, 28.44472634938407], [76.98803874620178, 28.444134547827016], [76.98603442963143, 28.443209764329186], [76.98483247928972, 28.442723058533673], [76.98455823980315, 28.442618188092375], [76.98428075919506, 28.442513363360383], [76.9836746461099, 28.4423417047287], [76.98329038905219, 28.442247030554665], [76.98287372796551, 28.442152827068675], [76.98188108508502, 28.441938086535135], [76.98167214054317, 28.4418580447021], [76.9812988195757, 28.441654333607655], [76.98096693429905, 28.44141277204775], [76.98027443831789, 28.44043154773735], [76.97992484904361, 28.43993525236631], [76.97976939917694, 28.43976847669343], [76.97967376992166, 28.439681051550643], [76.9794904893492, 28.439586306273515], [76.97822267992075, 28.43904033106066], [76.9780401476449, 28.438985684251946], [76.97759747134762, 28.43888611278225], [76.97602540343074, 28.438536496541403], [76.97550448117727, 28.438412267450826], [76.97530245545975, 28.43835503492409], [76.97288590649711, 28.437037790387915], [76.9694253867152, 28.435176927805745], [76.96700589846493, 28.433868210700744], [76.96505395906556, 28.432776173164495], [76.96479490470054, 28.4326137396678], [76.96242720881799, 28.430768421774587], [76.96155697127637, 28.430153518266966], [76.96122819417057, 28.42990040071087], [76.96038269174035, 28.42957163951298], [76.95942794518841, 28.42911838291709], [76.9590547625615, 28.428917470704107], [76.95834093159232, 28.428346134685217], [76.95794632953579, 28.428019747327443], [76.95794599266753, 28.428019468459997], [76.95794512399668, 28.428019262271913], [76.95780123814266, 28.427961385019366], [76.95754539705143, 28.427902020177285], [76.95732680280685, 28.427882243475757], [76.95690317438682, 28.427874965263157], [76.95595316285474, 28.428029965882732], [76.9551433792368, 28.428173394479455], [76.95419605636236, 28.4283574726251], [76.95375349325279, 28.428378152196487], [76.95350229016339, 28.4283769838012], [76.95319660155704, 28.428350332693476], [76.95109518698594, 28.428048603387484], [76.94751521462746, 28.42753402551079], [76.94600111409756, 28.42729782661083], [76.94474572297958, 28.427047779275174]]}}, {"type": "Feature", "properties": {"objectid_1": 38, "OBJECTID": 33, "rd_name": "Gurgaon-Pataudi Road", "maintain": "PWD B&R", "st_length_": 5940.60470794, "join_count": 10, "target_fid": 31, "type": " ", "lengthdoc": 4800, "road_id": 910, "remarks": "Road is in Good Condition and Motorable", "start_pt": "Wazirpur", "end_pt": "Jhund Sarai", "width": 24.38999939, "asset_id": 167, "ward": " ", "sector": "M10", "zone": " ", "Shape.STLength()": 5940.604707939012, "_source_layer": "road_network", "_asset_class": "road", "_owning_agency": "see `maintain` / `owner`"}, "geometry": {"type": "LineString", "coordinates": [[76.90583384987332, 28.4191323835772], [76.9057295545705, 28.41909946181182], [76.90466621787039, 28.418456519092633], [76.90398553473521, 28.41808784531661], [76.90278423297711, 28.417239373341395], [76.90048386223184, 28.415638384627496], [76.8977588542585, 28.41384557784534], [76.89590067472024, 28.41268243666204], [76.89328943388605, 28.411082780728446], [76.88988092296587, 28.409290715406456], [76.88741945734067, 28.40808711558653], [76.8868210571906, 28.407783109020116], [76.88601263002874, 28.407330155799002], [76.88466190609952, 28.406446336245843], [76.88306280787575, 28.40525936705696], [76.88232113182775, 28.40473097299005], [76.88204616829906, 28.404574324740953], [76.88117066573159, 28.40417384173671], [76.87985883795587, 28.40365330765328], [76.87872019099387, 28.40303009281146], [76.87639379605484, 28.401569421551045], [76.87454389628859, 28.40048321599432], [76.87250602494741, 28.39902423307075], [76.87130439440594, 28.39794625682252], [76.86993610032809, 28.396970838408034], [76.86786089230877, 28.395592518561834], [76.86705552211383, 28.39511934714032], [76.86500767587977, 28.394004200659307], [76.86210017785143, 28.392456675788896]]}}, {"type": "Feature", "properties": {"objectid_1": 127, "OBJECTID": 34, "rd_name": "Master Road between Sec 22/23", "maintain": "HUDA-II", "st_length_": 1496.45783223, "join_count": 4, "target_fid": 32, "type": "HUDA", "lengthdoc": 1300, "road_id": 50, "remarks": "Road is in good condition and Motorable", "start_pt": "T Point of Sec 21/22", "end_pt": "T junction of Tau Devilal Park", "width": 30, "asset_id": 47, "ward": "3", "sector": "23", "zone": "2", "Shape.STLength()": 1496.4578322312989, "_source_layer": "road_network", "_asset_class": "road", "_owning_agency": "see `maintain` / `owner`"}, "geometry": {"type": "LineString", "coordinates": [[77.0573348474059, 28.502990733729803], [77.05866411058297, 28.504656382041393], [77.06101609582953, 28.50752386388085], [77.06247425647005, 28.50912137973382], [77.0627688194416, 28.509369021859005], [77.06436458671232, 28.51025774061248], [77.06645683038269, 28.51142461021976]]}}, {"type": "Feature", "properties": {"objectid_1": 127, "OBJECTID": 35, "rd_name": "Mastere Road between Sec 21/22", "maintain": "HUDA-II", "st_length_": 797.26518419, "join_count": 3, "target_fid": 33, "type": "HUDA", "lengthdoc": 750, "road_id": 49, "remarks": "Road is in good condition and Motorable", "start_pt": "Old NH 8", "end_pt": "T Point of Sec 21/22", "width": 30, "asset_id": 46, "ward": "3", "sector": "23", "zone": "2", "Shape.STLength()": 797.2651841939467, "_source_layer": "road_network", "_asset_class": "road", "_owning_agency": "see `maintain` / `owner`"}, "geometry": {"type": "LineString", "coordinates": [[77.06645683038269, 28.51142461021976], [77.0682923741724, 28.509426369066173], [77.0690416355947, 28.508597497282338], [77.06980281496585, 28.507936516429478], [77.0713765860885, 28.50690280669034]]}}, {"type": "Feature", "properties": {"objectid_1": 118, "OBJECTID": 36, "rd_name": "Mata Road (Atul Kataria Chowk to Ranzengla Chowk via Sector-05 Road)", "maintain": "MCG", "st_length_": 8075.67678938, "join_count": 12, "target_fid": 34, "type": "MCG", "lengthdoc": 7040, "road_id": 96, "remarks": "Motorable.Estimate Framed for Repair.", "start_pt": "Atul Kataria Chowk", "end_pt": "Rezang La Chowk", "width": 30, "asset_id": 92, "ward": "3", "sector": "1", "zone": "2", "Shape.STLength()": 8075.676789379704, "_source_layer": "road_network", "_asset_class": "road", "_owning_agency": "see `maintain` / `owner`"}, "geometry": {"type": "LineString", "coordinates": [[77.04183602336613, 28.510126112522908], [77.041280577958, 28.509619060758634], [77.04036145320032, 28.50854418262282], [77.03849017442857, 28.50636052398065], [77.03655192804908, 28.504063239389758], [77.03627956424481, 28.503729256271967], [77.03615093897085, 28.50361792254198], [77.03597086987553, 28.503586241221715], [77.03429588646812, 28.503510103230607], [77.03338400482659, 28.503539034205346], [77.03265208088928, 28.503481228297385], [77.0319176308894, 28.503404355271783], [77.031401680811, 28.503333761315794], [77.03099315127432, 28.503227180330818], [77.03048610889029, 28.503057130505596], [77.02984659195133, 28.502856589332232], [77.02959783677105, 28.50273806609238], [77.02938487765822, 28.502569348835618], [77.0288628001713, 28.502065270093446], [77.02837867201352, 28.50173634097377], [77.02495335271604, 28.499248586163898], [77.02395162876631, 28.498590240396684], [77.0231895897074, 28.49802859269714], [77.02279828267136, 28.497633320321487], [77.02223922693406, 28.496944495379722], [77.0205651400453, 28.494753810180427], [77.02028101549733, 28.49430918670012], [77.02011090961683, 28.493891518056685], [77.01987196493779, 28.49326477119365], [77.01959476550233, 28.491196548830782], [77.01966702059391, 28.489314131542137], [77.01974234253385, 28.489012189327042], [77.01977718728543, 28.48743592609244], [77.01973703438883, 28.486462425280543], [77.01969761092428, 28.485527113772633], [77.01995590621287, 28.485184251759325], [77.0201160030645, 28.485020478344623], [77.02077151989701, 28.48401702723925], [77.02089993227021, 28.483835578152306], [77.02142308144731, 28.483268170918944], [77.0222307252782, 28.48242912989054], [77.02273911962672, 28.48199563667033], [77.02293810275039, 28.48188762629879], [77.02438070007861, 28.48124540159519], [77.02463546858138, 28.481115547072672], [77.02519134428258, 28.480792117758714], [77.02582734791048, 28.48058973162597], [77.02716952436974, 28.48023738308802], [77.0279299509527, 28.479985381892927], [77.02832026714701, 28.479935628110244], [77.02924334718686, 28.47982444141687], [77.02965381169473, 28.47969798440397], [77.0307089054538, 28.479368987952576], [77.0322997589399, 28.478797046448932], [77.03317198445322, 28.478627384447485], [77.03472654510354, 28.47853154492207], [77.03531233470366, 28.478530414192797], [77.03598918113428, 28.478655887954414], [77.03736276539082, 28.47892944558459], [77.0389622795346, 28.479260719850664], [77.0393424447662, 28.47935815530426], [77.04048918195562, 28.479862371700598], [77.04211957568725, 28.480550311627717], [77.04289052603376, 28.48073449916144], [77.04505594916213, 28.48120808216541], [77.04743255543399, 28.48170232350392], [77.04785084965783, 28.481744368463556], [77.04877868897208, 28.481656374784595], [77.04921266508583, 28.481557461754413]]}}, {"type": "Feature", "properties": {"objectid_1": 139, "OBJECTID": 37, "rd_name": "Dividing Road 106/109", "maintain": "HUDA", "st_length_": 2304.84496675, "join_count": 5, "target_fid": 152, "type": " ", "lengthdoc": 1740, "road_id": 137, "remarks": " ", "start_pt": "NPR", "end_pt": "Sec 106/109", "width": 60, "asset_id": 132, "ward": " ", "sector": "108", "zone": " ", "Shape.STLength()": 2304.844966753612, "_source_layer": "road_network", "_asset_class": "road", "_owning_agency": "see `maintain` / `owner`"}, "geometry": {"type": "LineString", "coordinates": [[77.00831804126429, 28.50160921628601], [76.9950279705906, 28.51556057828196]]}}, {"type": "Feature", "properties": {"objectid_1": 117, "OBJECTID": 38, "rd_name": "Master Road Between Sec 5 & 3", "maintain": "HUDA-II", "st_length_": 864.39287306, "join_count": 5, "target_fid": 35, "type": "HUDA", "lengthdoc": 850, "road_id": 48, "remarks": "Road is in good condition and Motorable", "start_pt": "Mata Road", "end_pt": "New Railway Road", "width": 30, "asset_id": 45, "ward": "15", "sector": "3 A", "zone": "2", "Shape.STLength()": 864.3928730627916, "_source_layer": "road_network", "_asset_class": "road", "_owning_agency": "see `maintain` / `owner`"}, "geometry": {"type": "LineString", "coordinates": [[77.01969761092428, 28.485527113772633], [77.0194286544299, 28.48532554759734], [77.01887425466072, 28.48501863470595], [77.01831450003414, 28.48471418595746], [77.01824069714534, 28.48464719099199], [77.0181449807535, 28.484524843942026], [77.01711749222314, 28.482967787420034], [77.01598643512699, 28.48132821824566], [77.01592116084349, 28.481260426009847], [77.0145449813541, 28.48075240252602]]}}, {"type": "Feature", "properties": {"objectid_1": 14, "OBJECTID": 39, "rd_name": "Garhi and Sadhrana", "maintain": "PWD B&R", "st_length_": 2132.2975792, "join_count": 8, "target_fid": 36, "type": "PWD B&R", "lengthdoc": 2000, "road_id": 911, "remarks": "Road is in Good Condition and Motorable", "start_pt": "Harsaru", "end_pt": "Sec 99A", "width": 7, "asset_id": 168, "ward": "24", "sector": "88", "zone": "1", "Shape.STLength()": 2132.2975792039974, "_source_layer": "road_network", "_asset_class": "road", "_owning_agency": "see `maintain` / `owner`"}, "geometry": {"type": "LineString", "coordinates": [[76.94707332076281, 28.44450925947388], [76.9477953129263, 28.436550896630635], [76.94957154095783, 28.427829610129535]]}}, {"type": "Feature", "properties": {"objectid_1": 99, "OBJECTID": 40, "rd_name": "NH-8 to Mahavir Chowk via Maharana Pratap Chowk", "maintain": "MCG", "st_length_": 5428.23284359, "join_count": 8, "target_fid": 37, "type": "MCG", "lengthdoc": 3860, "road_id": 97, "remarks": "Road under special repair.One side Repaired.", "start_pt": "NH-8 IFFCO Chowk", "end_pt": "Mahavir Chowk", "width": 30, "asset_id": 93, "ward": "34", "sector": "29", "zone": "3", "Shape.STLength()": 5428.232843591822, "_source_layer": "road_network", "_asset_class": "road", "_owning_agency": "see `maintain` / `owner`"}, "geometry": {"type": "LineString", "coordinates": [[77.06849515447473, 28.477505080187523], [77.06676984654682, 28.477122499220286], [77.06556008804861, 28.47688304093697], [77.06419142655984, 28.476669860188043], [77.06334083517349, 28.476558625047808], [77.06286017002117, 28.47643460961229], [77.06247889447188, 28.47628043482221], [77.06209110434013, 28.476069059539295], [77.06148937772853, 28.475693804357345], [77.06118928113482, 28.47554555708619], [77.06097724549012, 28.47547953545579], [77.06076562576536, 28.475434994323702], [77.06042178840386, 28.475399619300518], [77.06007478717589, 28.475340416114086], [77.0597409660298, 28.475264300390105], [77.05933869146241, 28.475141471844314], [77.05875317045853, 28.474904431693364], [77.05766792474694, 28.474395619577177], [77.05678451610665, 28.473984018791707], [77.05481079525657, 28.473218838652244], [77.05246665679401, 28.472299259951203], [77.05018093936764, 28.47146470870272], [77.04945710296286, 28.471198675460645], [77.04813011162513, 28.47061941523714], [77.04732606644525, 28.470256692617756], [77.04635757027955, 28.469772290056216], [77.04557665132836, 28.46934713291576], [77.0445071647618, 28.468668463628383], [77.04313159433015, 28.467808160950817], [77.04218932178424, 28.46728035871351], [77.04061396064351, 28.466425417103764], [77.03936040927526, 28.465725591645384], [77.03820209459846, 28.46506013868912], [77.03756938060113, 28.464752085788447], [77.03670411703125, 28.46443318833444], [77.03602544881726, 28.464264290617727], [77.03546653860705, 28.46414134583003], [77.03509175158902, 28.46403951890326], [77.03475198539238, 28.463932391247624], [77.03448216921028, 28.463809891478952], [77.03407126542628, 28.46365607733459], [77.03365019900146, 28.463535838235448], [77.03324451712423, 28.463372392951154], [77.03293130692397, 28.463240988331627], [77.03260624884346, 28.46291398761532], [77.03228123747537, 28.462589370885606], [77.03219518066777, 28.462468895231716], [77.03223721912813, 28.462124468137954], [77.03236340278116, 28.461659409345753], [77.03268927204034, 28.461040953860294], [77.03275702747065, 28.460911016851227], [77.03275909359581, 28.460736698990956], [77.03265289745787, 28.460552061973164], [77.03250673796789, 28.460396672273003], [77.0320132403817, 28.459878799726543], [77.03117591351885, 28.459463947032038], [77.03011795682899, 28.458954495883837], [77.02911036688045, 28.458394147408946], [77.02886213182471, 28.458268926792865], [77.02851941645896, 28.458147500862516], [77.02813353255226, 28.4580291059247], [77.02772401666537, 28.457889880681478]]}}, {"type": "Feature", "properties": {"objectid_1": 85, "OBJECTID": 41, "rd_name": "Manesar Sec-8 to Pataudi road", "maintain": "MCG", "st_length_": 7878.20820629, "join_count": 13, "target_fid": 38, "type": "MCG", "lengthdoc": 7500, "road_id": 128, "remarks": "Road is in Good Condition and Motorable", "start_pt": "NH-8 Rajiv Chowk", "end_pt": "MCG Limits on NPR", "width": 15, "asset_id": 124, "ward": "29", "sector": "33", "zone": "4", "Shape.STLength()": 7878.208206291656, "_source_layer": "road_network", "_asset_class": "road", "_owning_agency": "see `maintain` / `owner`"}, "geometry": {"type": "MultiLineString", "coordinates": [[[77.03363934375957, 28.445598892414722], [77.0335489921066, 28.446167952900094], [77.03309078753131, 28.44706772440539], [77.03243326026922, 28.44842171064253], [77.03149614854462, 28.45041255411121], [77.03111142705788, 28.451201396515593], [77.03005949986017, 28.45340643303203], [77.02906828080935, 28.45553893296709], [77.02852263961421, 28.456673970377054], [77.02782713787012, 28.457601140498106], [77.02674174124154, 28.4590498161304], [77.0264985951419, 28.459332777639972], [77.02594220919765, 28.45990690393726], [77.02493445575574, 28.460896011655425], [77.02412354744706, 28.46172460722488], [77.02337837335932, 28.46245910882955], [77.02316680304193, 28.46269861954797], [77.02285884439284, 28.463125786451506], [77.02265948307847, 28.463439127374418], [77.02236885921944, 28.463925725182747], [77.02211000967034, 28.464378422764078], [77.02187138389318, 28.464900059168222], [77.0215079237326, 28.465676624806644], [77.02076321676883, 28.46728970559634], [77.02042350716603, 28.468037265596593], [77.01998753050414, 28.468979641748284], [77.0192688827684, 28.470544577754346], [77.01844386911317, 28.47234267713757], [77.01793472197642, 28.473417446991782], [77.01760532682972, 28.47414097333663], [77.01744746678318, 28.47464946608372], [77.01710955201432, 28.475351628990868], [77.01654514860613, 28.476506003292087], [77.01597267203853, 28.477662879923518], [77.01548553991444, 28.478761190097792], [77.01492750286667, 28.479967986903745], [77.01434230166305, 28.481168022035845], [77.01353919701926, 28.482989645422656], [77.01268848256375, 28.484866882208316], [77.01259472629584, 28.485081732135953], [77.01259289732592, 28.485081739242062]], [[77.01259289732592, 28.485081739242062], [77.01113062060475, 28.48835897963413]], [[77.01259289732592, 28.485081739242062], [77.01205233790034, 28.485083781850395], [77.01055640669536, 28.485258755937988], [77.00908425209933, 28.485428681264633], [77.00873036887796, 28.485514682101012], [77.0084253135839, 28.485676439787035], [77.00780735082186, 28.486237675529118], [77.00742291679605, 28.486535647108667], [77.00636428996295, 28.48711791745655], [77.00538939060591, 28.48763802749981], [77.00449907032782, 28.488284644236558], [77.00365521900106, 28.48895196974141], [77.00302313472275, 28.4893800829402], [77.00232648762666, 28.49001069866644], [77.00145766403331, 28.491049870784646], [77.0006439197433, 28.492062051028405], [77.00028873755807, 28.49249127508901], [76.99952779444381, 28.49290219266436], [76.99924576386879, 28.493047444655826]]]}}, {"type": "Feature", "properties": {"objectid_1": 116, "OBJECTID": 42, "rd_name": "Dividing Road 4 & 7", "maintain": "HUDA-IV", "st_length_": 1500.48571323, "join_count": 2, "target_fid": 39, "type": "HUDA", "lengthdoc": 1300, "road_id": 18, "remarks": "Road is in good condition and Motorable", "start_pt": "Sec 4/7/Old Rly Road", "end_pt": "Sec 4/7/9A Chowk", "width": 30, "asset_id": 17, "ward": "21", "sector": "7", "zone": "2", "Shape.STLength()": 1500.4857132332304, "_source_layer": "road_network", "_asset_class": "road", "_owning_agency": "see `maintain` / `owner`"}, "geometry": {"type": "LineString", "coordinates": [[77.00546224846703, 28.46892127598102], [77.0067209130459, 28.46941458612644], [77.00946747519617, 28.470405425064833], [77.01682120987611, 28.47315008020062], [77.01787818291076, 28.473532547631525]]}}, {"type": "Feature", "properties": {"objectid_1": 121, "OBJECTID": 43, "rd_name": "Dividing Road 9/9A", "maintain": "HUDA-IV", "st_length_": 1868.87574818, "join_count": 3, "target_fid": 40, "type": "HUDA", "lengthdoc": 1500, "road_id": 22, "remarks": "Road is in good condition and Motorable", "start_pt": "Madrasi Jhuggi Chowk", "end_pt": "Sec 4/7/9A Chowk", "width": 30, "asset_id": 21, "ward": "15", "sector": "9 A", "zone": "1", "Shape.STLength()": 1868.8757481766288, "_source_layer": "road_network", "_asset_class": "road", "_owning_agency": "see `maintain` / `owner`"}, "geometry": {"type": "LineString", "coordinates": [[76.98981599561779, 28.463572670328908], [77.00129037706614, 28.467564288468406], [77.00546224846703, 28.46892127598102]]}}, {"type": "Feature", "properties": {"objectid_1": 116, "OBJECTID": 44, "rd_name": "Dividing Road 7/7 HBC", "maintain": "HUDA-IV", "st_length_": 899.14106897, "join_count": 3, "target_fid": 41, "type": "HUDA", "lengthdoc": 800, "road_id": 21, "remarks": "Road is in good condition and Motorable", "start_pt": "Sec 4/7/9A Chowk", "end_pt": "Krishna colony", "width": 30, "asset_id": 20, "ward": "21", "sector": "7", "zone": "2", "Shape.STLength()": 899.1410689743975, "_source_layer": "road_network", "_asset_class": "road", "_owning_agency": "see `maintain` / `owner`"}, "geometry": {"type": "LineString", "coordinates": [[77.00546224846703, 28.46892127598102], [77.0076691333373, 28.46401975606548], [77.00769815880244, 28.463884607375554], [77.00784089391459, 28.46356362874177], [77.00808258025188, 28.463020132298013], [77.00814031048361, 28.462907158011664], [77.00817888593853, 28.462803562473436], [77.00824868144285, 28.462646609250886], [77.00832068770109, 28.46248468520114], [77.00836412663497, 28.46238699963371], [77.00839894982695, 28.462309551769106]]}}, {"type": "Feature", "properties": {"objectid_1": 0, "OBJECTID": 45, "rd_name": "Bandwari", "maintain": "PWD B&R", "st_length_": 1889.25074153, "join_count": 0, "target_fid": 42, "type": "PWD B&R", "lengthdoc": 14500, "road_id": 915, "remarks": "Road is in Good Condition and Motorable", "start_pt": "Gurgaon Faridabad", "end_pt": "Bandwari", "width": 30, "asset_id": 169, "ward": " ", "sector": " ", "zone": " ", "Shape.STLength()": 1889.2507415331468, "_source_layer": "road_network", "_asset_class": "road", "_owning_agency": "see `maintain` / `owner`"}, "geometry": {"type": "LineString", "coordinates": [[77.15780775938471, 28.414574666367674], [77.15696974441235, 28.413780409711993], [77.15634520059255, 28.412942777442744], [77.15590297524953, 28.411773985721158], [77.15508087932234, 28.409847237425474], [77.15496878035468, 28.409311846706988], [77.15509755115569, 28.40833694063322], [77.15497314886188, 28.40752719301516], [77.15472429396863, 28.407238674899933], [77.15422696416945, 28.40701377332061], [77.15235601328283, 28.406625567443985], [77.15166805469215, 28.406320109119974], [77.1488442122746, 28.403201388501664]]}}, {"type": "Feature", "properties": {"objectid_1": 15, "OBJECTID": 46, "rd_name": "Gurgaon-Pataudi Road", "maintain": "PWD B&R", "st_length_": 4492.05000973, "join_count": 7, "target_fid": 43, "type": "PWD B&R", "lengthdoc": 4800, "road_id": 916, "remarks": "Road is in Good Condition and Motorable", "start_pt": "Harsaru", "end_pt": "Wazirpur", "width": 24.38999939, "asset_id": 170, "ward": "24", "sector": "89", "zone": "1", "Shape.STLength()": 4492.050009731588, "_source_layer": "road_network", "_asset_class": "road", "_owning_agency": "see `maintain` / `owner`"}, "geometry": {"type": "LineString", "coordinates": [[76.94474572297958, 28.427047779275174], [76.9445806925804, 28.42701490737126], [76.94238468361327, 28.426559201085155], [76.94071817670888, 28.426258265369135], [76.94052842646971, 28.426220382211163], [76.94014792706481, 28.426089715113832], [76.93902551086343, 28.425558955398277], [76.93884325347204, 28.425487536792243], [76.93654557138441, 28.42478487521823], [76.93556566661462, 28.42451469226724], [76.93487715106849, 28.424376451513858], [76.93330254091936, 28.424076503440226], [76.93191418835951, 28.42391953619357], [76.9298134654912, 28.423648500966735], [76.92882991535798, 28.423473823849633], [76.927679372905, 28.423174961878274], [76.92617888454659, 28.422790315080988], [76.92543321369051, 28.42262657060469], [76.92479666837848, 28.42252335748739], [76.92415271645696, 28.42245844671552], [76.92097347805516, 28.42228369416151], [76.92031088519316, 28.422233353875853], [76.91833300783824, 28.42203203436585], [76.91794239160664, 28.421937259856367], [76.91607125297206, 28.42121390797096], [76.91402836184513, 28.4203998282084], [76.91273276842323, 28.419990659158124], [76.91182599011081, 28.419876855174802], [76.90764203726768, 28.41984482482151], [76.90710049239024, 28.419766459363483], [76.90688523898017, 28.4196906836474], [76.90583384987332, 28.4191323835772]]}}, {"type": "Feature", "properties": {"objectid_1": 116, "OBJECTID": 47, "rd_name": "Dividing Road 7/8", "maintain": "HUDA", "st_length_": 1415.73922027, "join_count": 1, "target_fid": 44, "type": "HUDA", "lengthdoc": 1119, "road_id": 917, "remarks": "Under Transfer to MCG", "start_pt": "New Colony Mor", "end_pt": "Dividing Between Manohar Nagar and Shakti Nagar", "width": 30, "asset_id": 171, "ward": "21", "sector": "7", "zone": "2", "Shape.STLength()": 1415.7392202700817, "_source_layer": "road_network", "_asset_class": "road", "_owning_agency": "see `maintain` / `owner`"}, "geometry": {"type": "LineString", "coordinates": [[77.02082002443075, 28.46715025090317], [77.02046796478945, 28.466580786884315], [77.01980541145333, 28.4652279366406], [77.01956428207151, 28.464779095733387], [77.01932904204469, 28.464467867337074], [77.01922368044163, 28.464276331508895], [77.01902942694797, 28.463745356676483], [77.0187994151161, 28.46316363270151], [77.01864909373141, 28.462481717375734], [77.01851459437378, 28.461777012845996], [77.01842437387486, 28.461490622498708], [77.01762218281773, 28.459702544471742], [77.01690784969031, 28.45848185324464], [77.01614892239557, 28.45734003292421], [77.01584087391498, 28.4569443784277]]}}, {"type": "Feature", "properties": {"objectid_1": 116, "OBJECTID": 48, "rd_name": "Dividing Road Sec 8/9A", "maintain": "MCG", "st_length_": 417.41887033, "join_count": 2, "target_fid": 45, "type": "MCG", "lengthdoc": 350, "road_id": 918, "remarks": " ", "start_pt": "Sohna Adda", "end_pt": "9A/11 Junction", "width": 30, "asset_id": 172, "ward": "21", "sector": "7", "zone": "2", "Shape.STLength()": 417.41887032887735, "_source_layer": "road_network", "_asset_class": "road", "_owning_agency": "see `maintain` / `owner`"}, "geometry": {"type": "LineString", "coordinates": [[77.02648874601313, 28.45934469668036], [77.02606700854682, 28.45900211692469], [77.02589293301106, 28.458823750751932], [77.02555887291308, 28.45853346281097], [77.0252210075516, 28.45829431779345], [77.02492904071119, 28.458094054107054], [77.02456664685086, 28.457894818321293], [77.0239144412085, 28.457510481762153], [77.0237333695933, 28.457378725513745], [77.02355520851962, 28.45732931569357]]}}, {"type": "Feature", "properties": {"objectid_1": 87, "OBJECTID": 49, "rd_name": "Dividing Road 11A/12", "maintain": "MCG", "st_length_": 662.79454101, "join_count": 2, "target_fid": 46, "type": "MCG", "lengthdoc": 500, "road_id": 919, "remarks": " ", "start_pt": "Mor Chowk", "end_pt": "Sohna Chowk", "width": 14, "asset_id": 173, "ward": "21", "sector": "11", "zone": "4", "Shape.STLength()": 662.7945410048304, "_source_layer": "road_network", "_asset_class": "road", "_owning_agency": "see `maintain` / `owner`"}, "geometry": {"type": "LineString", "coordinates": [[77.02700227603013, 28.456720791609953], [77.02713371482757, 28.456741993208933], [77.0273483906209, 28.456666213169918], [77.02766597381992, 28.456546878314825], [77.02794143681191, 28.456485471345996], [77.02820561426898, 28.456512092462333], [77.02845360049139, 28.456596253750387], [77.02853707464251, 28.456633538436108], [77.02939889047833, 28.45697943029261], [77.03031291639846, 28.457309587930677], [77.0313544545799, 28.45775243302869], [77.03245395475841, 28.45825956647597]]}}, {"type": "Feature", "properties": {"objectid_1": 86, "OBJECTID": 50, "rd_name": "Sec 11 Road", "maintain": "MCG", "st_length_": 1262.79291181, "join_count": 2, "target_fid": 47, "type": "MCG", "lengthdoc": 1000, "road_id": 920, "remarks": " ", "start_pt": "Rajiv Nagar", "end_pt": "Char marla", "width": 16.5, "asset_id": 174, "ward": "13", "sector": "10 A", "zone": "2", "Shape.STLength()": 1262.7929118064544, "_source_layer": "road_network", "_asset_class": "road", "_owning_agency": "see `maintain` / `owner`"}, "geometry": {"type": "LineString", "coordinates": [[77.02448626110767, 28.448041678256136], [77.0250891186982, 28.449726135848994], [77.02563586212618, 28.450855921737514], [77.02630433536005, 28.452139056742833], [77.02626557844542, 28.452326396972087], [77.02226029871566, 28.45278311854306], [77.02022277771748, 28.453115225888528], [77.02022665035466, 28.453119415805723]]}}, {"type": "Feature", "properties": {"objectid_1": 177, "OBJECTID": 51, "rd_name": "Old Delhi Road to SIrhaul NH8 (Aanath Road)", "maintain": "MCG", "st_length_": 2461.40276278, "join_count": 1, "target_fid": 48, "type": "MCG", "lengthdoc": 2400, "road_id": 98, "remarks": "Motorable.Special repair held up for want of Forest Deptt clearance.", "start_pt": "Old Delhi Road", "end_pt": "Sirhaul", "width": 30, "asset_id": 94, "ward": "5", "sector": "18", "zone": "2", "Shape.STLength()": 2461.4027627776645, "_source_layer": "road_network", "_asset_class": "road", "_owning_agency": "see `maintain` / `owner`"}, "geometry": {"type": "LineString", "coordinates": [[77.05874384864084, 28.492390372375453], [77.06103808658767, 28.490709681876332], [77.06266642946552, 28.49062827241158], [77.06944286811634, 28.490836838641705], [77.0760231209973, 28.491017249318208], [77.07732118658286, 28.49100977570234], [77.07767103008035, 28.490880005823968], [77.07786751229426, 28.4908799821383], [77.07926825980834, 28.49243328233125]]}}, {"type": "Feature", "properties": {"objectid_1": 177, "OBJECTID": 52, "rd_name": "Sector 23 Road", "maintain": "MCG", "st_length_": 2365.26850084, "join_count": 3, "target_fid": 49, "type": "MCG", "lengthdoc": 4010, "road_id": 921, "remarks": "Road is in Good Condition and Motorable.", "start_pt": "Sirhaul Mor", "end_pt": "Sec 23A", "width": 30, "asset_id": 175, "ward": "5", "sector": "18", "zone": "2", "Shape.STLength()": 2365.268500841475, "_source_layer": "road_network", "_asset_class": "road", "_owning_agency": "see `maintain` / `owner`"}, "geometry": {"type": "LineString", "coordinates": [[77.05987872806851, 28.49375976454565], [77.05891420425301, 28.49456527724472], [77.05622982707997, 28.496937414554], [77.05470255006145, 28.498051038894175], [77.05378861487117, 28.49869580212968], [77.05327161556056, 28.49880816025081], [77.0522082590975, 28.498828709201018], [77.05223340204395, 28.5011858641014], [77.05230479205792, 28.50428484007169], [77.05232355157601, 28.504824183392778], [77.05169367176339, 28.504814073306324], [77.04957910765316, 28.504790740451504], [77.04903702558317, 28.50499829113347], [77.04797022947089, 28.505477626687394]]}}, {"type": "Feature", "properties": {"objectid_1": 85, "OBJECTID": 53, "rd_name": "Civil Lines Road (Rajiv Chowk to Bus Stand Civil Lines)", "maintain": "MCG", "st_length_": 1844.21257727, "join_count": 5, "target_fid": 50, "type": "MCG", "lengthdoc": 2080, "road_id": 93, "remarks": "Motorable.Estimate Framed for Repair.", "start_pt": "NH-8, Rajiv Chowk", "end_pt": "Bus Stand Civil Lines", "width": 30, "asset_id": 89, "ward": "29", "sector": "33", "zone": "4", "Shape.STLength()": 1844.212577271124, "_source_layer": "road_network", "_asset_class": "road", "_owning_agency": "see `maintain` / `owner`"}, "geometry": {"type": "LineString", "coordinates": [[77.03363934375957, 28.445598892414722], [77.03338044570143, 28.446676128439], [77.03321030029505, 28.448707649063746], [77.03297512494692, 28.451295347098263], [77.03278259172701, 28.453035829098052], [77.0325662540504, 28.454766770971226], [77.03251356875728, 28.455363242283113], [77.03308692836887, 28.456593607199835], [77.03317617419572, 28.456870479783266], [77.03315518416076, 28.457010318445654], [77.03265025641093, 28.45788590103205], [77.03202228731493, 28.4590812430851], [77.0317229057802, 28.4597153945928]]}}, {"type": "Feature", "properties": {"objectid_1": 123, "OBJECTID": 54, "rd_name": "New Railway Road (Mahavir Chowk to Sector 4&7 chowk)", "maintain": "MCG", "st_length_": 2218.81055112, "join_count": 5, "target_fid": 51, "type": "MCG", "lengthdoc": 1900, "road_id": 95, "remarks": "Road is in good condition and Motorable", "start_pt": "Mahavir Chowk", "end_pt": "Sector 4&7 chowk", "width": 30, "asset_id": 91, "ward": "15", "sector": "4", "zone": "1", "Shape.STLength()": 2218.8105511233643, "_source_layer": "road_network", "_asset_class": "road", "_owning_agency": "see `maintain` / `owner`"}, "geometry": {"type": "LineString", "coordinates": [[77.01762225378462, 28.474053945380877], [77.0196842637558, 28.472619949883136], [77.02498684819804, 28.468808742331646], [77.02648181191746, 28.467760419105744], [77.02683139220858, 28.467519745578613], [77.02770042151612, 28.46669136444081], [77.03072347882265, 28.463445961682062], [77.03171946702929, 28.462390686121605], [77.03219186318945, 28.46248210750499]]}}, {"type": "Feature", "properties": {"objectid_1": 102, "OBJECTID": 55, "rd_name": "Jharsa Road (CR Model School chowk to Mor Chowk via DDR Chowk)", "maintain": "MCG", "st_length_": 2211.63574253, "join_count": 6, "target_fid": 52, "type": "MCG", "lengthdoc": 2200, "road_id": 94, "remarks": "Tender for Special Repair is in progress.", "start_pt": "CR Model School Chowk", "end_pt": "Mor Chowk junction with Civil Lines Road", "width": 13.39999962, "asset_id": 90, "ward": "28", "sector": "31", "zone": "4", "Shape.STLength()": 2211.635742532103, "_source_layer": "road_network", "_asset_class": "road", "_owning_agency": "see `maintain` / `owner`"}, "geometry": {"type": "LineString", "coordinates": [[77.04770198623885, 28.446398016732495], [77.0476756943471, 28.446377444943913], [77.04662849947432, 28.447302576713266], [77.04576701511684, 28.448155929017382], [77.04454677777089, 28.449317880287495], [77.04344400772472, 28.45040881902626], [77.04239023179417, 28.4513796404896], [77.04190747177059, 28.451881647017498], [77.04170516398209, 28.452102901484142], [77.0403931206107, 28.453391205626037], [77.03901922374044, 28.45474120220972], [77.03789400030378, 28.455842338772413], [77.03709115167983, 28.456437731494123], [77.03647418335281, 28.45697984650478], [77.03619989895049, 28.45727923928088], [77.0356622734226, 28.4580631725888], [77.03516085539057, 28.45871271716775], [77.0348280178997, 28.459027983185383], [77.03435845233102, 28.45917954456154]]}}, {"type": "Feature", "properties": {"objectid_1": 45, "OBJECTID": 56, "rd_name": "9A/36A", "maintain": "MCG", "st_length_": 8370.76065233, "join_count": 6, "target_fid": 53, "type": "MCG", "lengthdoc": 7200, "road_id": 922, "remarks": " ", "start_pt": "Sec 9A", "end_pt": "Sec36A", "width": 14, "asset_id": 176, "ward": "24", "sector": "36", "zone": "1", "Shape.STLength()": 8370.760652334933, "_source_layer": "road_network", "_asset_class": "road", "_owning_agency": "see `maintain` / `owner`"}, "geometry": {"type": "LineString", "coordinates": [[77.0237333695933, 28.457378725513745], [77.02361906166834, 28.457020196966354], [77.02146049268563, 28.454454326031232], [77.01881465503489, 28.451591700960886], [77.01289132035825, 28.44548118403326], [77.01070152593627, 28.44336617848479], [77.00848518809424, 28.441048483161097], [77.00662227982431, 28.439043365896552], [77.00608184526455, 28.438266296562425], [77.0057840079338, 28.43786277972764], [77.00540167416908, 28.437460484943415], [77.00481368100155, 28.436960086977816], [77.00429524797973, 28.4364033069771], [77.00286515609857, 28.434377365613365], [77.00261291814994, 28.43407250238999], [77.00219608368843, 28.433577528005852], [77.00154723505027, 28.43266093414351], [77.00057799777447, 28.43157053675789], [76.99955517509369, 28.430403997491414], [76.99735780428054, 28.428223819629345], [76.99558194365999, 28.426520953843088], [76.99539622595816, 28.42515642344571], [76.99509513582775, 28.423870461513697], [76.9945293283528, 28.422111478127302], [76.99304587115383, 28.418947064006026], [76.99197401842483, 28.416832775627142], [76.99119307701572, 28.415723333754517], [76.99077327811378, 28.414816572830148], [76.98971324451895, 28.41225822095523], [76.98955818541945, 28.411528718267565], [76.98957437126423, 28.410596357801438], [76.9896152760507, 28.409737912845127], [76.98947225796927, 28.409122500811797], [76.98922484577034, 28.408208425142735], [76.98826455391816, 28.40587891114463], [76.98797888696284, 28.404910445720137], [76.9878754360764, 28.403361893262645], [76.98779055696015, 28.40271751880921], [76.98727602532162, 28.40135592304604]]}}, {"type": "Feature", "properties": {"objectid_1": 128, "OBJECTID": 57, "rd_name": "Between Sec 26A/42", "maintain": "HUDA-I", "st_length_": 1733.15914962, "join_count": 3, "target_fid": 54, "type": "HUDA", "lengthdoc": 1100, "road_id": 7, "remarks": "Road is in good condition and Motorable", "start_pt": "Sec 27/43", "end_pt": "Outer Sec 26A", "width": 30, "asset_id": 6, "ward": "34", "sector": " ", "zone": "3", "Shape.STLength()": 1733.159149624622, "_source_layer": "road_network", "_asset_class": "road", "_owning_agency": "see `maintain` / `owner`"}, "geometry": {"type": "LineString", "coordinates": [[77.09545191001337, 28.463259506701323], [77.09703678521127, 28.46348336714928], [77.09802398699614, 28.463641825927755], [77.0985113724451, 28.463696974897076], [77.09921138822351, 28.46374585578326], [77.10024633816066, 28.46382537167572], [77.10202857053152, 28.46395301490131], [77.1042591691287, 28.46412622105494], [77.10614267756469, 28.464285666811616], [77.10624821433919, 28.46433029714427], [77.10632031132728, 28.464370272841148], [77.10636314210171, 28.464400966932264], [77.10638955436771, 28.46442666603038], [77.10640740029912, 28.464443083535254], [77.10642595949291, 28.46447306527736], [77.10644880275227, 28.464518750596973], [77.10649676919515, 28.464624226355152], [77.10659127735296, 28.465068896640194], [77.10675308998675, 28.465911598458383], [77.10683572511142, 28.466127574371054], [77.10727212218488, 28.46688001347782], [77.10792464672917, 28.4679036540526], [77.1080662373876, 28.468050776467642]]}}, {"type": "Feature", "properties": {"objectid_1": 75, "OBJECTID": 58, "rd_name": "Southern Peripheral Road from Sohna Road to Rambir Dhani", "maintain": "HUDA-I", "st_length_": 2436.09849996, "join_count": 6, "target_fid": 55, "type": "HUDA", "lengthdoc": 1305, "road_id": 15, "remarks": "Estimate Ammounting to Rs 293.60 lacs for strenthning of road is under process approval", "start_pt": "Sohna Road", "end_pt": "Rambir ki Dhani", "width": 90, "asset_id": 14, "ward": "26", "sector": "69", "zone": "4", "Shape.STLength()": 2436.0984999640923, "_source_layer": "road_network", "_asset_class": "road", "_owning_agency": "see `maintain` / `owner`"}, "geometry": {"type": "LineString", "coordinates": [[77.02355395087825, 28.400767524957796], [77.02420501745682, 28.40078418782029], [77.02660868188335, 28.400814093570457], [77.02877262997801, 28.400662495999907], [77.03083488788417, 28.40048850558065], [77.0317939463495, 28.400515981555728], [77.0340113828311, 28.40069178464089], [77.0371920055368, 28.40095163099147], [77.03937264612605, 28.401179229725074], [77.04038118739045, 28.40125245925233], [77.04079117040129, 28.401243032256364], [77.04172689692373, 28.400933552126265], [77.04211200558437, 28.400775574684527], [77.04342436695934, 28.400394778560404], [77.04443940124665, 28.40017362143662], [77.04517294664302, 28.40022086593135]]}}, {"type": "Feature", "properties": {"objectid_1": 76, "OBJECTID": 59, "rd_name": "Southern Peripheral Road in Rambir Dhani", "maintain": "HUDA-I", "st_length_": 336.49188597, "join_count": 2, "target_fid": 56, "type": "HUDA", "lengthdoc": 285, "road_id": 17, "remarks": "Work held up for want of allotment of alternate plots under RR policy", "start_pt": "Rambir ki Dhani", "end_pt": "Rambir ki Dhani", "width": 90, "asset_id": 16, "ward": "26", "sector": "70", "zone": "4", "Shape.STLength()": 336.4918859695927, "_source_layer": "road_network", "_asset_class": "road", "_owning_agency": "see `maintain` / `owner`"}, "geometry": {"type": "LineString", "coordinates": [[77.02053175595441, 28.400726580942393], [77.02228700562907, 28.400735089776237], [77.02355395087825, 28.400767524957796]]}}, {"type": "Feature", "properties": {"objectid_1": 50, "OBJECTID": 60, "rd_name": "Dividing Road Sec 37C/10", "maintain": "HUDA-IV", "st_length_": 1444.51766059, "join_count": 4, "target_fid": 57, "type": "MCG", "lengthdoc": 1260, "road_id": 24, "remarks": "Road is in good condition and Motorable", "start_pt": "Umang Bhardwaj Chowk", "end_pt": "Basai Chowk", "width": 30, "asset_id": 23, "ward": "13", "sector": "10", "zone": "1", "Shape.STLength()": 1444.5176605933837, "_source_layer": "road_network", "_asset_class": "road", "_owning_agency": "see `maintain` / `owner`"}, "geometry": {"type": "LineString", "coordinates": [[76.99720637617142, 28.448348425276578], [76.9969379335134, 28.448834307450372], [76.9958361147831, 28.450865548090164], [76.99459110639319, 28.453042130959318], [76.99379885788963, 28.454443285481737], [76.99362307196157, 28.45457717546416], [76.99337949646721, 28.45469773435319], [76.99168567898154, 28.455419705830312], [76.99107513360882, 28.455707985208296], [76.99089119457123, 28.45583960532665], [76.99078566767818, 28.455974851179363], [76.99068836036997, 28.456260390080217], [76.99058784158464, 28.456662966389192], [76.99045888303571, 28.45698955680597], [76.9903472646667, 28.457232330630344], [76.99022391250347, 28.457414919246702]]}}, {"type": "Feature", "properties": {"objectid_1": 81, "OBJECTID": 61, "rd_name": "HUDA", "maintain": "HUDA-VI", "st_length_": 2292.29120413, "join_count": 5, "target_fid": 58, "type": "HUDA", "lengthdoc": 1200, "road_id": 38, "remarks": "Road is in good condition and Motorable", "start_pt": "Sohna Road", "end_pt": "Mayfield Garden", "width": 30, "asset_id": 35, "ward": "29", "sector": "48", "zone": "4", "Shape.STLength()": 2292.2912041314958, "_source_layer": "road_network", "_asset_class": "road", "_owning_agency": "see `maintain` / `owner`"}, "geometry": {"type": "LineString", "coordinates": [[77.04037681978157, 28.417145607416515], [77.04122614274672, 28.41745672303639], [77.04242250466906, 28.417880464420247], [77.04436653709732, 28.4185651425777], [77.04589980587878, 28.41909361695303], [77.04721691125678, 28.4194749123305], [77.04821539318665, 28.419717739863188], [77.04924147495531, 28.419991182963027], [77.04978726077923, 28.42014531421906], [77.05076301982398, 28.42046963933679], [77.05155478323731, 28.420775243304135], [77.0519131544418, 28.42101336550676], [77.05258648935796, 28.42161918371463], [77.05353493063495, 28.422485860109454], [77.05374696717797, 28.422697534502166], [77.0548040839431, 28.424016182072062], [77.05596190903805, 28.425373887240127], [77.05713487793209, 28.42653557760434], [77.0571572010669, 28.426557845438964]]}}, {"type": "Feature", "properties": {"objectid_1": 88, "OBJECTID": 62, "rd_name": "Dividing Road 47/50, 47/51", "maintain": "HUDA-VI", "st_length_": 907.14905234, "join_count": 4, "target_fid": 59, "type": "HUDA", "lengthdoc": 800, "road_id": 34, "remarks": "Road is in good condition and Motorable", "start_pt": "Mayfield Garden", "end_pt": "Mayfield Garden", "width": 30, "asset_id": 31, "ward": "29", "sector": "47", "zone": "4", "Shape.STLength()": 907.1490523385431, "_source_layer": "road_network", "_asset_class": "road", "_owning_agency": "see `maintain` / `owner`"}, "geometry": {"type": "LineString", "coordinates": [[77.0571572010669, 28.426557845438964], [77.05779030313641, 28.42718938825534], [77.05928009615305, 28.42867096555043], [77.06027830230013, 28.429730221786922], [77.06132824511937, 28.430810173377083], [77.06245465612886, 28.432002448323498]]}}, {"type": "Feature", "properties": {"objectid_1": 78, "OBJECTID": 63, "rd_name": "Dividing Road 60/63/63A", "maintain": "HUDA-VI", "st_length_": 627.69327557, "join_count": 3, "target_fid": 60, "type": "HUDA", "lengthdoc": 200, "road_id": 147, "remarks": " ", "start_pt": " ", "end_pt": " ", "width": 60, "asset_id": 139, "ward": "26", "sector": "34", "zone": "4", "Shape.STLength()": 627.6932755739125, "_source_layer": "road_network", "_asset_class": "road", "_owning_agency": "see `maintain` / `owner`"}, "geometry": {"type": "LineString", "coordinates": [[77.01562440777927, 28.426853750364334], [77.01584137786985, 28.42707973792921], [77.01644620546578, 28.42675144750103], [77.0185356589689, 28.42922736122507], [77.01918014718466, 28.42999554570029]]}}, {"type": "Feature", "properties": {"objectid_1": 100, "OBJECTID": 64, "rd_name": "M/R 44/45", "maintain": "HUDA-V", "st_length_": 1352.90749206, "join_count": 4, "target_fid": 61, "type": "HUDA", "lengthdoc": 1250, "road_id": 39, "remarks": "The master sewer line (Lewg IV) from sec 42 to 57 laid from the year 2002-08", "start_pt": "T point of South City-1", "end_pt": "Ardee City Red Light", "width": 30, "asset_id": 36, "ward": "32", "sector": "41", "zone": "4", "Shape.STLength()": 1352.9074920564065, "_source_layer": "road_network", "_asset_class": "road", "_owning_agency": "see `maintain` / `owner`"}, "geometry": {"type": "LineString", "coordinates": [[77.07594833445326, 28.446049125923032], [77.07549183937198, 28.446602819747483], [77.07520955906529, 28.446948533527873], [77.07474844484679, 28.447404410283653], [77.07441680660685, 28.447712674866413], [77.0742038924098, 28.447875881344302], [77.0735799962753, 28.44829603590409], [77.07287242746196, 28.448719852064094], [77.0723186879545, 28.44899807140122], [77.07161390302028, 28.449288139885304], [77.0708463527971, 28.449545736795624], [77.07010631437784, 28.4498291715762], [77.06971799334178, 28.450002203415078], [77.06930187304091, 28.450273543148636], [77.06873516545403, 28.45071906994469], [77.06725209542898, 28.451827913550794], [77.06643562565041, 28.45245679709433]]}}, {"type": "Feature", "properties": {"objectid_1": 89, "OBJECTID": 65, "rd_name": "M/R 51/52", "maintain": "HUDA-V", "st_length_": 1202.41986646, "join_count": 5, "target_fid": 62, "type": "HUDA", "lengthdoc": 1050, "road_id": 43, "remarks": "Road is in good condition and Motorable", "start_pt": "Ambedkar Chowk", "end_pt": "Y Point Sec 51/52/57", "width": 30, "asset_id": 40, "ward": "32", "sector": "46", "zone": "4", "Shape.STLength()": 1202.419866463575, "_source_layer": "road_network", "_asset_class": "road", "_owning_agency": "see `maintain` / `owner`"}, "geometry": {"type": "LineString", "coordinates": [[77.06727646762097, 28.436972724212872], [77.0680399619506, 28.43631928918463], [77.06896280124198, 28.43557946983343], [77.07030332120786, 28.434513368821452], [77.07230985751528, 28.432976333123815], [77.07367633340299, 28.431859669526617], [77.07528028702089, 28.430596123167618]]}}, {"type": "Feature", "properties": {"objectid_1": 127, "OBJECTID": 66, "rd_name": "21/22/23", "maintain": "HUDA", "st_length_": 337.31508892, "join_count": 2, "target_fid": 63, "type": "HUDA", "lengthdoc": 1350, "road_id": 923, "remarks": " ", "start_pt": "Sec 21", "end_pt": "Sec 22/23", "width": 24, "asset_id": 177, "ward": "3", "sector": "23", "zone": "2", "Shape.STLength()": 337.31508891583474, "_source_layer": "road_network", "_asset_class": "road", "_owning_agency": "see `maintain` / `owner`"}, "geometry": {"type": "LineString", "coordinates": [[77.06645683038269, 28.51142461021976], [77.06649818163186, 28.51144767164304], [77.0682567326152, 28.51247520271677], [77.0678559977602, 28.51299317177588], [77.06797451788553, 28.513083045628132]]}}, {"type": "Feature", "properties": {"objectid_1": 44, "OBJECTID": 67, "rd_name": "Dividing Road 37C/37D", "maintain": "HUDA-IV", "st_length_": 2347.80410422, "join_count": 5, "target_fid": 64, "type": "HUDA", "lengthdoc": 1470, "road_id": 27, "remarks": "work in Progress", "start_pt": "Pataudi Road", "end_pt": "Sec 37C/37D/9B junction", "width": 60, "asset_id": 25, "ward": "24", "sector": "37 B", "zone": "1", "Shape.STLength()": 2347.8041042155965, "_source_layer": "road_network", "_asset_class": "road", "_owning_agency": "see `maintain` / `owner`"}, "geometry": {"type": "LineString", "coordinates": [[76.98167214054317, 28.4418580447021], [76.97192971904741, 28.458304678741534]]}}, {"type": "Feature", "properties": {"objectid_1": 50, "OBJECTID": 68, "rd_name": "Dividing Road 9B/37C", "maintain": "HUDA-IV", "st_length_": 2027.34293476, "join_count": 4, "target_fid": 65, "type": "HUDA", "lengthdoc": 1700, "road_id": 28, "remarks": "work in Progress", "start_pt": "Sec 10/37C/9B junction", "end_pt": "Sec 37C/37D/9B junction", "width": 60, "asset_id": 26, "ward": "13", "sector": "10", "zone": "1", "Shape.STLength()": 2027.3429347609547, "_source_layer": "road_network", "_asset_class": "road", "_owning_agency": "see `maintain` / `owner`"}, "geometry": {"type": "LineString", "coordinates": [[76.97586313984263, 28.451665146781316], [76.99379885788963, 28.454443285481737]]}}, {"type": "Feature", "properties": {"objectid_1": 93, "OBJECTID": 69, "rd_name": "M/R 57 I&2", "maintain": "HUDA-V", "st_length_": 1923.99941303, "join_count": 1, "target_fid": 66, "type": "HUDA", "lengthdoc": 1600, "road_id": 42, "remarks": "Road is in good condition and Motorable", "start_pt": "T Point Sec51", "end_pt": "SPR", "width": 30, "asset_id": 39, "ward": "29", "sector": "57", "zone": "4", "Shape.STLength()": 1923.9994130334042, "_source_layer": "road_network", "_asset_class": "road", "_owning_agency": "see `maintain` / `owner`"}, "geometry": {"type": "LineString", "coordinates": [[77.08061457121288, 28.414466508104947], [77.07619389881765, 28.423420682694026], [77.07165320072069, 28.4271128673528]]}}, {"type": "Feature", "properties": {"objectid_1": 123, "OBJECTID": 70, "rd_name": "Masteer road between Sec 5 & 6", "maintain": "HUDA-II", "st_length_": 1204.90386812, "join_count": 4, "target_fid": 67, "type": "HUDA", "lengthdoc": 950, "road_id": 47, "remarks": "Road is in good condition and Motorable", "start_pt": "Mata Road", "end_pt": "Upto Daayanand Colony", "width": 30, "asset_id": 44, "ward": "15", "sector": "4", "zone": "1", "Shape.STLength()": 1204.90386811838, "_source_layer": "road_network", "_asset_class": "road", "_owning_agency": "see `maintain` / `owner`"}, "geometry": {"type": "LineString", "coordinates": [[77.02365351744938, 28.481571747855526], [77.01972894236478, 28.475813315790944], [77.01787818291076, 28.473532547631525]]}}, {"type": "Feature", "properties": {"objectid_1": 176, "OBJECTID": 71, "rd_name": "17/18", "maintain": "HUDA-III", "st_length_": 2039.46997571, "join_count": 3, "target_fid": 68, "type": "HUDA", "lengthdoc": 2200, "road_id": 59, "remarks": "work in Progress", "start_pt": "Old Delhi Road", "end_pt": "NH 8", "width": 30, "asset_id": 56, "ward": "34", "sector": "17", "zone": "3", "Shape.STLength()": 2039.4699757139747, "_source_layer": "road_network", "_asset_class": "road", "_owning_agency": "see `maintain` / `owner`"}, "geometry": {"type": "LineString", "coordinates": [[77.05591357877744, 28.48918212598272], [77.07056093287852, 28.479509337725013]]}}, {"type": "Feature", "properties": {"objectid_1": 99, "OBJECTID": 72, "rd_name": "Between Sec27/43", "maintain": "HUDA-I", "st_length_": 2439.06721781, "join_count": 5, "target_fid": 69, "type": "HUDA", "lengthdoc": 2100, "road_id": 6, "remarks": "Road is in good condition and Motorable", "start_pt": "Sec 29/44", "end_pt": "Sec 26A/42", "width": 30, "asset_id": 5, "ward": "34", "sector": "29", "zone": "3", "Shape.STLength()": 2439.0672178079562, "_source_layer": "road_network", "_asset_class": "road", "_owning_agency": "see `maintain` / `owner`"}, "geometry": {"type": "LineString", "coordinates": [[77.07412466549329, 28.458916562042596], [77.0748298474829, 28.45897844698448], [77.0766348979603, 28.45938684451931], [77.07868358232253, 28.459847361162648], [77.08055854508524, 28.46026514154228], [77.0827404855367, 28.460768918351278], [77.08633066545175, 28.461582914166662], [77.08946532944918, 28.4623107032051], [77.09042986763772, 28.462451063793463], [77.09314035344617, 28.462901181318376], [77.09507017632329, 28.46319301461175], [77.09545191001337, 28.463259506701323]]}}, {"type": "Feature", "properties": {"objectid_1": 93, "OBJECTID": 73, "rd_name": "HUDA", "maintain": "HUDA-I", "st_length_": 8376.28116655, "join_count": 12, "target_fid": 70, "type": "HUDA", "lengthdoc": 7100, "road_id": 4, "remarks": "Road is in good condition and Motorable and Repaired with patch work", "start_pt": "MG Road Sec-56/57", "end_pt": "Iffco Chowk", "width": 60, "asset_id": 3, "ward": "29", "sector": "57", "zone": "4", "Shape.STLength()": 8376.281166548359, "_source_layer": "road_network", "_asset_class": "road", "_owning_agency": "see `maintain` / `owner`"}, "geometry": {"type": "LineString", "coordinates": [[77.09110163679034, 28.41737632532551], [77.09112328349373, 28.418615081675416], [77.09113895819715, 28.420648952670533], [77.09117451890599, 28.42273265301827], [77.09120316887535, 28.424959149634095], [77.09123411853182, 28.42667047698631], [77.09127488048614, 28.428606074348032], [77.09132809039538, 28.430625040933105], [77.09130944496333, 28.431050293749966], [77.09111550588003, 28.432175375820243], [77.09075440828863, 28.434277105713473], [77.0904098756311, 28.43639768030458], [77.09009967299042, 28.437517385396973], [77.08983239454899, 28.43807299203663], [77.08962555475989, 28.43840563690296], [77.08928060258908, 28.438857387643075], [77.08856422669274, 28.43963762410821], [77.0882064349016, 28.440013647916164], [77.08761896006199, 28.44046768486899], [77.08689923614456, 28.44100969533782], [77.0858640634252, 28.441774275317545], [77.08499668611945, 28.442391119182663], [77.08460303448051, 28.44270274669172], [77.08409833220779, 28.443191789833996], [77.08346386829231, 28.443785956022527], [77.08295338446243, 28.444311374045455], [77.08249302303214, 28.44474816316605], [77.08190137372138, 28.44532256928603], [77.08133087254906, 28.445873728306086], [77.08060162289638, 28.446484612505216], [77.07949486972025, 28.44733714522792], [77.07868422371966, 28.448151720737116], [77.0779635287234, 28.449146364601887], [77.07729864515743, 28.45009479024063], [77.07643336092632, 28.451294569126624], [77.07553383561151, 28.45254022629783], [77.07497674538806, 28.45333897434325], [77.07435599605199, 28.454198378328616], [77.07432037695268, 28.45431113209207], [77.07427085372936, 28.455371918899665], [77.07422184793568, 28.456735904018522], [77.0741537529422, 28.4582291043724], [77.07412466549329, 28.458916562042596], [77.07408025458227, 28.460740658789305], [77.07393504371323, 28.46215863535831], [77.07362630263155, 28.4643335413203], [77.07330516479892, 28.46656593332712], [77.07302490121006, 28.46853985714872], [77.07271310316149, 28.47069809601013], [77.07207141050289, 28.4750578188504], [77.07178114327505, 28.476936392910133], [77.07159607325852, 28.478113840709113]]}}, {"type": "Feature", "properties": {"objectid_1": 81, "OBJECTID": 74, "rd_name": "Sohna Road to Village Ghata", "maintain": "HUDA-I", "st_length_": 7148.53906915, "join_count": 11, "target_fid": 71, "type": "HUDA", "lengthdoc": 6720, "road_id": 13, "remarks": "Road is in good condition and Motorable", "start_pt": "Sohna Road", "end_pt": "Village ghata", "width": 60, "asset_id": 12, "ward": "29", "sector": "48", "zone": "4", "Shape.STLength()": 7148.539069148821, "_source_layer": "road_network", "_asset_class": "road", "_owning_agency": "see `maintain` / `owner`"}, "geometry": {"type": "LineString", "coordinates": [[77.04488853283756, 28.40131349606768], [77.04608329845365, 28.40168176439185], [77.04851289993736, 28.402441704020088], [77.04980283127804, 28.402922711359988], [77.05166081139029, 28.403778101420947], [77.05407604701601, 28.404684747450972], [77.05622749415518, 28.405492670980223], [77.05901334053112, 28.406544670035725], [77.06287814351336, 28.408003977661384], [77.06617760973785, 28.409243184977317], [77.06970846401323, 28.41057429046153], [77.07193078912663, 28.411404752191046], [77.07420709131048, 28.412231967165972], [77.07431236667526, 28.412269630937857], [77.07764434382821, 28.413461624049113], [77.0796892112488, 28.41418722694127], [77.08031654972748, 28.4143686383439], [77.0808183549334, 28.41448273031071], [77.08378877186257, 28.4153087171513], [77.0861025508618, 28.415972805004664], [77.08708306199439, 28.416260981716174], [77.08860115104416, 28.41669608998611], [77.08994023011233, 28.417090954042738], [77.0910232533919, 28.417372754199373], [77.09110163679034, 28.41737632532551], [77.09261400177513, 28.41733590206661], [77.09540562431836, 28.41730250648913], [77.09742556798139, 28.417302433802448], [77.09767766938612, 28.417351073036624], [77.0989920645469, 28.417724740247355], [77.10021146196809, 28.418073598040397], [77.10218803407088, 28.418611298064107], [77.10357349854704, 28.41902679687401], [77.10499122691499, 28.419434619442097], [77.10517947517096, 28.419490651044576]]}}, {"type": "Feature", "properties": {"objectid_1": 117, "OBJECTID": 75, "rd_name": "Road from Laxman Vihar to Railway Line", "maintain": "HUDA", "st_length_": 331.53722032, "join_count": 4, "target_fid": 72, "type": "HUDA", "lengthdoc": 235, "road_id": 924, "remarks": "Under Transfer To MCG", "start_pt": "9A/3A", "end_pt": "Railway Line (Towards Dhanwapur)", "width": 20, "asset_id": 178, "ward": "15", "sector": "3 A", "zone": "2", "Shape.STLength()": 331.5372203243628, "_source_layer": "road_network", "_asset_class": "road", "_owning_agency": "see `maintain` / `owner`"}, "geometry": {"type": "LineString", "coordinates": [[76.9993741870218, 28.475421762349743], [77.00055313869562, 28.475755350985853], [77.00216486902893, 28.476331064449187]]}}, {"type": "Feature", "properties": {"objectid_1": 117, "OBJECTID": 76, "rd_name": "Dividing Road 4/9A", "maintain": "HUDA-IV", "st_length_": 1007.58300707, "join_count": 3, "target_fid": 73, "type": "HUDA", "lengthdoc": 900, "road_id": 19, "remarks": "Road is in good condition and Motorable", "start_pt": "Sec 4/7/9A", "end_pt": "Sec 4/9A/Laxman Vihar", "width": 30, "asset_id": 18, "ward": "15", "sector": "3 A", "zone": "2", "Shape.STLength()": 1007.5830070655951, "_source_layer": "road_network", "_asset_class": "road", "_owning_agency": "see `maintain` / `owner`"}, "geometry": {"type": "LineString", "coordinates": [[77.00216486902893, 28.476331064449187], [77.00545709123897, 28.46892287983577], [77.00545820964152, 28.46891996115175]]}}, {"type": "Feature", "properties": {"objectid_1": 117, "OBJECTID": 77, "rd_name": "Dividing Road 4/3A", "maintain": "HUDA-IV", "st_length_": 1487.55482144, "join_count": 4, "target_fid": 74, "type": "HUDA", "lengthdoc": 1300, "road_id": 20, "remarks": "Road is in good condition and Motorable", "start_pt": "Sec 4/3/5 Chowk", "end_pt": "Sec 4/9A/Laxman Vihar", "width": 30, "asset_id": 19, "ward": "15", "sector": "3 A", "zone": "2", "Shape.STLength()": 1487.5548214366186, "_source_layer": "road_network", "_asset_class": "road", "_owning_agency": "see `maintain` / `owner`"}, "geometry": {"type": "LineString", "coordinates": [[77.00216486902893, 28.476331064449187], [77.0145449813541, 28.48075240252602]]}}, {"type": "Feature", "properties": {"objectid_1": 18, "OBJECTID": 78, "rd_name": "87/91", "maintain": "HUDA-III", "st_length_": 1490.58253061, "join_count": 6, "target_fid": 99, "type": "HUDA", "lengthdoc": 1812, "road_id": 87, "remarks": "Road is in good condition and Motorable", "start_pt": "89/91", "end_pt": " Open", "width": 60, "asset_id": 83, "ward": " ", "sector": "90", "zone": " ", "Shape.STLength()": 1490.5825306075171, "_source_layer": "road_network", "_asset_class": "road", "_owning_agency": "see `maintain` / `owner`"}, "geometry": {"type": "LineString", "coordinates": [[76.93136936283464, 28.400027176644414], [76.92481442717333, 28.39588157255853], [76.92305490421285, 28.394768668107876], [76.92049757397382, 28.393151062157383]]}}, {"type": "Feature", "properties": {"objectid_1": 100, "OBJECTID": 79, "rd_name": "30/31, 40/41", "maintain": "HUDA-III", "st_length_": 2055.74214923, "join_count": 6, "target_fid": 75, "type": "HUDA", "lengthdoc": 1850, "road_id": 54, "remarks": "Road is in good condition and Motorable", "start_pt": "NH-8", "end_pt": " Sec 45", "width": 30, "asset_id": 51, "ward": "32", "sector": "41", "zone": "4", "Shape.STLength()": 2055.742149227863, "_source_layer": "road_network", "_asset_class": "road", "_owning_agency": "see `maintain` / `owner`"}, "geometry": {"type": "LineString", "coordinates": [[77.06393625381516, 28.44985878624332], [77.0631327619975, 28.450446811207957], [77.06129778773969, 28.451799677662606], [77.05994043783694, 28.45284924123253], [77.0586433720763, 28.453804767924396], [77.05758624453142, 28.454596692072048], [77.05655160002145, 28.45528968767127], [77.05602439674753, 28.45568681578318], [77.05532295085118, 28.45622982551869], [77.055055744275, 28.456381885309572], [77.05477708687386, 28.456500695147184], [77.05441750024875, 28.456625501644194], [77.05411649725492, 28.456706446863926], [77.05379668084412, 28.45679245054904], [77.05360054448161, 28.456847936378185], [77.05334586670867, 28.45694966914187], [77.05314310347433, 28.457081653380428], [77.0526804899676, 28.457327384696487], [77.05216708751139, 28.457741003466648], [77.05116822828907, 28.458477090170348], [77.05008957441504, 28.459278833935425], [77.04943429833105, 28.459760553622402]]}}, {"type": "Feature", "properties": {"objectid_1": 110, "OBJECTID": 80, "rd_name": "Between Sec 26/26A", "maintain": "HUDA-I", "st_length_": 1.53958621, "join_count": 2, "target_fid": 76, "type": "HUDA", "lengthdoc": 2100, "road_id": 8, "remarks": "Road is in good condition and Motorable and repaired with patch work", "start_pt": "Fbd Road", "end_pt": "Sec 28", "width": 60, "asset_id": 7, "ward": "34", "sector": "28", "zone": "3", "Shape.STLength()": 1.5395862083122493, "_source_layer": "road_network", "_asset_class": "road", "_owning_agency": "see `maintain` / `owner`"}, "geometry": {"type": "LineString", "coordinates": [[77.0936807323104, 28.47914832671108], [77.09368481335673, 28.479145378304374], [77.09367666204385, 28.479143116858978]]}}, {"type": "Feature", "properties": {"objectid_1": 99, "OBJECTID": 81, "rd_name": "M/R 29/30 & 29/41", "maintain": "HUDA-V", "st_length_": 2072.93164199, "join_count": 5, "target_fid": 77, "type": "HUDA", "lengthdoc": 1800, "road_id": 46, "remarks": "Road is in good condition and Motorable", "start_pt": "Signature Tower", "end_pt": "HUDA City center Metro", "width": 30, "asset_id": 43, "ward": "34", "sector": "29", "zone": "3", "Shape.STLength()": 2072.931641990859, "_source_layer": "road_network", "_asset_class": "road", "_owning_agency": "see `maintain` / `owner`"}, "geometry": {"type": "LineString", "coordinates": [[77.07153137749006, 28.458060792226885], [77.07139428918781, 28.45826005297238], [77.07104626477877, 28.45856139836975], [77.07009601070153, 28.45928971602808], [77.06838187152752, 28.460607414730532], [77.06670769121396, 28.46189822374647], [77.06508138751182, 28.46315247381235], [77.06329265762649, 28.464530932029344], [77.06134116109654, 28.46601688408593], [77.05984257177664, 28.467176028302738], [77.05924620990389, 28.46763151775361], [77.05909382778397, 28.467714998946086], [77.0588637180357, 28.467830694910976], [77.05852863924821, 28.467967079164183], [77.05815909569654, 28.468137408994036], [77.05794519065769, 28.46825285732278], [77.05777780218091, 28.468398638356064], [77.05768022447982, 28.46852187590397], [77.05747865690311, 28.46872319775698]]}}, {"type": "Feature", "properties": {"objectid_1": 99, "OBJECTID": 82, "rd_name": "Dividing Road 29/44", "maintain": "HUDA", "st_length_": 309.21487778, "join_count": 5, "target_fid": 78, "type": "HUDA", "lengthdoc": 200, "road_id": 928, "remarks": " ", "start_pt": "Sec 27/43", "end_pt": "Sec 29/41/44", "width": 60, "asset_id": 179, "ward": "34", "sector": "29", "zone": "3", "Shape.STLength()": 309.21487777653334, "_source_layer": "road_network", "_asset_class": "road", "_owning_agency": "see `maintain` / `owner`"}, "geometry": {"type": "LineString", "coordinates": [[77.07153137749006, 28.458060792226885], [77.07185988779621, 28.458109505919523], [77.07231522674572, 28.45825476785217], [77.07378823474129, 28.45880828877693], [77.07412466549329, 28.458916562042596]]}}, {"type": "Feature", "properties": {"objectid_1": 88, "OBJECTID": 83, "rd_name": "Dividing Road 39/46, 40/45, 41/44", "maintain": "HUDA-VI", "st_length_": 3866.74463411, "join_count": 9, "target_fid": 79, "type": "HUDA", "lengthdoc": 3700, "road_id": 29, "remarks": "Road is in good condition and Motorable", "start_pt": "HUDA City Centre", "end_pt": "Bakhtawar Chowk", "width": 60, "asset_id": 27, "ward": "29", "sector": "47", "zone": "4", "Shape.STLength()": 3866.744634105578, "_source_layer": "road_network", "_asset_class": "road", "_owning_agency": "see `maintain` / `owner`"}, "geometry": {"type": "LineString", "coordinates": [[77.04924318894088, 28.434639303237883], [77.04994207553696, 28.43535836564615], [77.05342763675573, 28.438957461523252], [77.05609055227832, 28.44169865595814], [77.05797541447544, 28.443624901965006], [77.0600847845267, 28.44584197516279], [77.06218847093713, 28.448039998259585], [77.06400837056619, 28.449933830301852], [77.06607595278705, 28.452072647696905], [77.06813672487975, 28.45427360727889], [77.07153137749006, 28.458060792226885]]}}, {"type": "Feature", "properties": {"objectid_1": 118, "OBJECTID": 84, "rd_name": "Masteer Road from Rezangla Chowk to Bizwasan Border", "maintain": "HUDA-II", "st_length_": 965.36580224, "join_count": 4, "target_fid": 80, "type": "HUDA", "lengthdoc": 1800, "road_id": 52, "remarks": "Road is in good condition and Motorable", "start_pt": "Rezangla Chowk", "end_pt": "Delhi Border", "width": 30, "asset_id": 49, "ward": "3", "sector": "1", "zone": "2", "Shape.STLength()": 965.3658022396812, "_source_layer": "road_network", "_asset_class": "road", "_owning_agency": "see `maintain` / `owner`"}, "geometry": {"type": "LineString", "coordinates": [[77.04604867738259, 28.516690427274035], [77.04553945478737, 28.515345072890767], [77.04510552448771, 28.51420562442571], [77.04485331887841, 28.513742433682122], [77.0426312964973, 28.51120886351268], [77.04183602336613, 28.510126112522908]]}}, {"type": "Feature", "properties": {"objectid_1": 98, "OBJECTID": 85, "rd_name": "Outer of Sec 58", "maintain": "HUDA-I", "st_length_": 1860.27069698, "join_count": 3, "target_fid": 81, "type": "HUDA", "lengthdoc": 1450, "road_id": 60, "remarks": "Road Constructed=200Mtr, Fresh Acquisation done=362mtr, under Forest land=888mtr, Road declared as New NH 238", "start_pt": "SPR", "end_pt": "Sec 59", "width": 60, "asset_id": 57, "ward": "30", "sector": "58", "zone": "3", "Shape.STLength()": 1860.2706969780404, "_source_layer": "road_network", "_asset_class": "road", "_owning_agency": "see `maintain` / `owner`"}, "geometry": {"type": "LineString", "coordinates": [[77.11829243849479, 28.41366459852142], [77.11807827563948, 28.414860553250037], [77.11785808059705, 28.41614364364084], [77.1172565498182, 28.41950137526918], [77.11724429679771, 28.420225654523893], [77.11702798786715, 28.42102642178973], [77.11655752308488, 28.4218120419018], [77.11592247526445, 28.422877160865028], [77.1156253493994, 28.423688732209555], [77.11579368829373, 28.42482014551507], [77.11602816834585, 28.42797127573318]]}}, {"type": "Feature", "properties": {"objectid_1": 97, "OBJECTID": 86, "rd_name": "Between Sec 58/59", "maintain": "HUDA-I", "st_length_": 1918.37030252, "join_count": 4, "target_fid": 82, "type": "HUDA", "lengthdoc": 1650, "road_id": 61, "remarks": "Road is Motorable and is in defect liability", "start_pt": "Sec-58", "end_pt": "Sec 58/61", "width": 60, "asset_id": 58, "ward": "30", "sector": "61", "zone": "4", "Shape.STLength()": 1918.3703025237228, "_source_layer": "road_network", "_asset_class": "road", "_owning_agency": "see `maintain` / `owner`"}, "geometry": {"type": "LineString", "coordinates": [[77.10201491164761, 28.408703744124875], [77.10302875926045, 28.408954466890897], [77.10358534822394, 28.409108214403034], [77.10479613439482, 28.409435680910697], [77.10578510136922, 28.409742693126244], [77.10708739083323, 28.41019048283128], [77.10888383006032, 28.41077385240213], [77.11007366751873, 28.411132630910817], [77.11082922972443, 28.411378762089278], [77.11262684125298, 28.41188327738558], [77.11488722439168, 28.412573961213695], [77.11655851841823, 28.413106646719186], [77.11778387705964, 28.41348390332467], [77.11829243849479, 28.41366459852142]]}}, {"type": "Feature", "properties": {"objectid_1": 96, "OBJECTID": 87, "rd_name": "Between Sec 60/61", "maintain": "HUDA-I", "st_length_": 1133.63111938, "join_count": 5, "target_fid": 83, "type": "HUDA", "lengthdoc": 960, "road_id": 63, "remarks": "Road is Motorable and is in defect liability", "start_pt": "Sec 59", "end_pt": "Sec 62/63", "width": 60, "asset_id": 59, "ward": "30", "sector": "62", "zone": "4", "Shape.STLength()": 1133.6311193831657, "_source_layer": "road_network", "_asset_class": "road", "_owning_agency": "see `maintain` / `owner`"}, "geometry": {"type": "LineString", "coordinates": [[77.09240196523209, 28.402209755657804], [77.09251178966547, 28.402241922515238], [77.09263694115423, 28.40229013564442], [77.09330506763837, 28.402351489516064], [77.09474805124218, 28.402546558164428], [77.0958706444117, 28.402651043189987], [77.09667411377151, 28.40272939760692], [77.0978539583707, 28.402861634382244], [77.09875758629144, 28.402952757948757], [77.09954230601463, 28.403038545357617], [77.10088169589986, 28.40318262098507], [77.10183680177795, 28.40328247968574], [77.10249418800453, 28.403346341794137]]}}, {"type": "Feature", "properties": {"objectid_1": 95, "OBJECTID": 88, "rd_name": "Between Sec 62/63", "maintain": "HUDA-I", "st_length_": 1404.90113298, "join_count": 6, "target_fid": 84, "type": "HUDA", "lengthdoc": 1090, "road_id": 64, "remarks": "Road is in good condition and Motorable", "start_pt": "Sec-60/61", "end_pt": "Sec 64/65", "width": 60, "asset_id": 60, "ward": "26", "sector": "65", "zone": "4", "Shape.STLength()": 1404.901132976878, "_source_layer": "road_network", "_asset_class": "road", "_owning_agency": "see `maintain` / `owner`"}, "geometry": {"type": "LineString", "coordinates": [[77.08021862527669, 28.39932619284807], [77.0812624029581, 28.39957562922739], [77.08233400865042, 28.399836193448703], [77.08326185964277, 28.400063135550287], [77.08451734957544, 28.40033758158423], [77.08524410909817, 28.400498352238884], [77.08656192414524, 28.40078376111449], [77.087556943968, 28.40099293208779], [77.08897227024087, 28.401293534236448], [77.08998997072796, 28.40155725104314], [77.09167535033812, 28.401996927731293], [77.09240196523209, 28.402209755657804]]}}, {"type": "Feature", "properties": {"objectid_1": 92, "OBJECTID": 89, "rd_name": "Between Sec 62/65, 63/64", "maintain": "HUDA-I", "st_length_": 2842.03032348, "join_count": 6, "target_fid": 85, "type": "HUDA", "lengthdoc": 2245, "road_id": 65, "remarks": "Road is in good condition and Motorable", "start_pt": "SPR", "end_pt": "Sec 63/64", "width": 60, "asset_id": 61, "ward": "29", "sector": "50", "zone": "4", "Shape.STLength()": 2842.0303234768903, "_source_layer": "road_network", "_asset_class": "road", "_owning_agency": "see `maintain` / `owner`"}, "geometry": {"type": "LineString", "coordinates": [[77.08380166358522, 28.3914327849173], [77.08286752438589, 28.393490857683524], [77.08021862527669, 28.39932619284807], [77.0788729328114, 28.402840473348565], [77.07831918252418, 28.404004462205236], [77.07741828727856, 28.40599026092951], [77.0765211290245, 28.407892434827826], [77.07625616913484, 28.408428882024943], [77.07567552867789, 28.409462954662303], [77.07520131522591, 28.410416219148175], [77.0748514816099, 28.411170620602444], [77.07431236667526, 28.412269630937857]]}}, {"type": "Feature", "properties": {"objectid_1": 94, "OBJECTID": 90, "rd_name": "Between Sec 64/65", "maintain": "HUDA-I", "st_length_": 1725.54795795, "join_count": 6, "target_fid": 86, "type": "HUDA", "lengthdoc": 1325, "road_id": 66, "remarks": "Road is in good condition and Motorable. Estimate for Recently acquired 200mtr length in this reac of Road under approval", "start_pt": "Sec 62/63", "end_pt": "Sec 66/67", "width": 60, "asset_id": 62, "ward": "26", "sector": "66", "zone": "4", "Shape.STLength()": 1725.54795795492, "_source_layer": "road_network", "_asset_class": "road", "_owning_agency": "see `maintain` / `owner`"}, "geometry": {"type": "LineString", "coordinates": [[77.06600460499392, 28.39401354848432], [77.06722613771052, 28.394491609333553], [77.0678601812145, 28.394763679317784], [77.06886514628575, 28.39519490257317], [77.06956508480904, 28.39550657893135], [77.0715891661123, 28.39629471002853], [77.07356994861883, 28.397076306438027], [77.0754330194838, 28.397912192929727], [77.07667581083162, 28.3985068266385], [77.07697463091928, 28.398600156271453], [77.0774006874855, 28.398710643683128], [77.07789436473473, 28.398827259852432], [77.07864512005534, 28.39897337599535], [77.07991962193266, 28.39925473758547], [77.08021862527669, 28.39932619284807]]}}, {"type": "Feature", "properties": {"objectid_1": 91, "OBJECTID": 91, "rd_name": "Between Sec 65/66 64/67", "maintain": "HUDA-I", "st_length_": 2671.03304195, "join_count": 7, "target_fid": 87, "type": "HUDA", "lengthdoc": 2160, "road_id": 67, "remarks": "Road is Motorable and is in defect liability", "start_pt": "SPR", "end_pt": "Sec 64/67", "width": 60, "asset_id": 63, "ward": "29", "sector": "49", "zone": "4", "Shape.STLength()": 2671.033041951406, "_source_layer": "road_network", "_asset_class": "road", "_owning_agency": "see `maintain` / `owner`"}, "geometry": {"type": "LineString", "coordinates": [[77.05892171866036, 28.406510073973372], [77.05912290984296, 28.406317825573087], [77.05979137858525, 28.405140234184593], [77.06029178511425, 28.404208707219894], [77.06084614445922, 28.40313550028856], [77.06173161113986, 28.401453244584854], [77.06253915435943, 28.400070599001165], [77.06328621401099, 28.398772427921692], [77.06414799481247, 28.39726480303727], [77.0649309071253, 28.395868194712232], [77.06556075549688, 28.394793825419633], [77.06600460499392, 28.39401354848432], [77.06952017802801, 28.38758787135774]]}}, {"type": "Feature", "properties": {"objectid_1": 159, "OBJECTID": 92, "rd_name": "Between Sec-67A/64", "maintain": "HUDA-I", "st_length_": 894.21044533, "join_count": 4, "target_fid": 88, "type": "HUDA", "lengthdoc": 1000, "road_id": 68, "remarks": "Land Under Section-4 Stay from High Court.", "start_pt": "Sec 67/67A", "end_pt": "Sec 64", "width": 60, "asset_id": 64, "ward": "25", "sector": "67 A", "zone": "4", "Shape.STLength()": 894.2104453255396, "_source_layer": "road_network", "_asset_class": "road", "_owning_agency": "see `maintain` / `owner`"}, "geometry": {"type": "LineString", "coordinates": [[77.06952017802801, 28.38758787135774], [77.07300374678344, 28.381219889366445]]}}, {"type": "Feature", "properties": {"objectid_1": 9, "OBJECTID": 93, "rd_name": "81A/82A & 81/82", "maintain": "HUDA-III", "st_length_": 2345.44973269, "join_count": 6, "target_fid": 89, "type": "HUDA", "lengthdoc": 2010, "road_id": 70, "remarks": "Road is in good condition and Motorable", "start_pt": "NH 8", "end_pt": "82/85", "width": 99, "asset_id": 66, "ward": " ", "sector": "82 A", "zone": " ", "Shape.STLength()": 2345.4497326890337, "_source_layer": "road_network", "_asset_class": "road", "_owning_agency": "see `maintain` / `owner`"}, "geometry": {"type": "LineString", "coordinates": [[76.96151960315719, 28.379247999955783], [76.96077794597377, 28.380111941401395], [76.95839837076988, 28.383660676106967], [76.95697321243625, 28.385793681063987], [76.9545766752432, 28.38937315959501], [76.9529115715073, 28.391857200178507], [76.9522008073865, 28.392910281331073], [76.95103684410319, 28.395295950995454]]}}, {"type": "Feature", "properties": {"objectid_1": 12, "OBJECTID": 94, "rd_name": "89/90, 89/93, 89/94", "maintain": "HUDA-III", "st_length_": 2459.85302417, "join_count": 7, "target_fid": 90, "type": "HUDA", "lengthdoc": 1889, "road_id": 72, "remarks": "Road is in good condition and Motorable", "start_pt": "86/90", "end_pt": "89/94", "width": 99, "asset_id": 68, "ward": "24", "sector": "85", "zone": "1", "Shape.STLength()": 2459.8530241723506, "_source_layer": "road_network", "_asset_class": "road", "_owning_agency": "see `maintain` / `owner`"}, "geometry": {"type": "LineString", "coordinates": [[76.94564428260544, 28.40732290303863], [76.94012846506419, 28.41623266127808], [76.93516929218201, 28.424435108105747]]}}, {"type": "Feature", "properties": {"objectid_1": 11, "OBJECTID": 95, "rd_name": "85/86", "maintain": "HUDA-III", "st_length_": 1631.10854009, "join_count": 5, "target_fid": 91, "type": "HUDA", "lengthdoc": 1172, "road_id": 71, "remarks": "Road is in good condition and Motorable", "start_pt": "81/86", "end_pt": "85/89", "width": 99, "asset_id": 67, "ward": "24", "sector": "82", "zone": "1", "Shape.STLength()": 1631.1085400947527, "_source_layer": "road_network", "_asset_class": "road", "_owning_agency": "see `maintain` / `owner`"}, "geometry": {"type": "LineString", "coordinates": [[76.95103684410319, 28.395295950995454], [76.95019807095272, 28.397015041968253], [76.94727412027993, 28.403199639047802], [76.9454072881689, 28.407195428523274]]}}, {"type": "Feature", "properties": {"objectid_1": 9, "OBJECTID": 96, "rd_name": "82/82A", "maintain": "HUDA-III", "st_length_": 1376.57192238, "join_count": 4, "target_fid": 92, "type": "HUDA", "lengthdoc": 330, "road_id": 74, "remarks": "Road is in good condition and Motorable", "start_pt": "82/82A", "end_pt": "82/82A", "width": 60, "asset_id": 70, "ward": " ", "sector": "82 A", "zone": " ", "Shape.STLength()": 1376.571922384646, "_source_layer": "road_network", "_asset_class": "road", "_owning_agency": "see `maintain` / `owner`"}, "geometry": {"type": "LineString", "coordinates": [[76.9565758408737, 28.386387217060342], [76.96735147047326, 28.39172417442298]]}}, {"type": "Feature", "properties": {"objectid_1": 9, "OBJECTID": 97, "rd_name": "82/83, 84/85", "maintain": "HUDA-III", "st_length_": 2119.75833838, "join_count": 4, "target_fid": 93, "type": "HUDA", "lengthdoc": 1300, "road_id": 73, "remarks": "Road is in good condition and Motorable", "start_pt": "NH 8", "end_pt": "83/84", "width": 60, "asset_id": 69, "ward": " ", "sector": "82 A", "zone": " ", "Shape.STLength()": 2119.758338382026, "_source_layer": "road_network", "_asset_class": "road", "_owning_agency": "see `maintain` / `owner`"}, "geometry": {"type": "LineString", "coordinates": [[76.97265029905931, 28.38615270300569], [76.96735147047326, 28.39172417442298], [76.96513188881475, 28.39405773589253], [76.96109851068123, 28.39943746970872]]}}, {"type": "Feature", "properties": {"objectid_1": 10, "OBJECTID": 98, "rd_name": "84/83, 82/85", "maintain": "HUDA-III", "st_length_": 1665.12412857, "join_count": 5, "target_fid": 94, "type": "HUDA", "lengthdoc": 1600, "road_id": 83, "remarks": "Road is in good condition and Motorable", "start_pt": "NPR", "end_pt": "82/85", "width": 60, "asset_id": 79, "ward": "25", "sector": "83", "zone": "4", "Shape.STLength()": 1665.1241285651402, "_source_layer": "road_network", "_asset_class": "road", "_owning_agency": "see `maintain` / `owner`"}, "geometry": {"type": "MultiLineString", "coordinates": [[[76.96109847474862, 28.399437518701486], [76.96225828871364, 28.399875166252468]], [[76.96225828871364, 28.399875166252468], [76.96109851068123, 28.39943746970872]], [[76.96225828871364, 28.399875166252468], [76.97301494230115, 28.40536135644684]]]}}, {"type": "Feature", "properties": {"objectid_1": 15, "OBJECTID": 99, "rd_name": "Gurgaon Pataudi Road", "maintain": "PWD B&R", "st_length_": 1922.39486141, "join_count": 8, "target_fid": 95, "type": " ", "lengthdoc": 1700, "road_id": 932, "remarks": "Road is in Good Condition and Motorable", "start_pt": "Hayatpur", "end_pt": "Garhi Railway Station", "width": 13.39999962, "asset_id": 180, "ward": "24", "sector": "89", "zone": "1", "Shape.STLength()": 1922.3948614122596, "_source_layer": "road_network", "_asset_class": "road", "_owning_agency": "see `maintain` / `owner`"}, "geometry": {"type": "LineString", "coordinates": [[76.93516929218201, 28.424435108105747], [76.93449179626948, 28.439609621937283]]}}, {"type": "Feature", "properties": {"objectid_1": 9, "OBJECTID": 100, "rd_name": "81/81A, 86/87", "maintain": "HUDA-III", "st_length_": 4319.0999802, "join_count": 7, "target_fid": 96, "type": "HUDA", "lengthdoc": 2955, "road_id": 75, "remarks": "Road is in good condition and Motorable", "start_pt": "82/82A", "end_pt": "86/90", "width": 60, "asset_id": 71, "ward": " ", "sector": "82 A", "zone": " ", "Shape.STLength()": 4319.099980199222, "_source_layer": "road_network", "_asset_class": "road", "_owning_agency": "see `maintain` / `owner`"}, "geometry": {"type": "LineString", "coordinates": [[76.95735447451082, 28.385223063954587], [76.95489964384235, 28.384204342248356], [76.94876225500656, 28.382238955878023], [76.94661684005455, 28.38178188093498], [76.94540154523928, 28.3815229604979], [76.94229334022023, 28.382808852458485], [76.93857463204927, 28.386156690884622], [76.9368778806659, 28.389209613979205], [76.93512366405378, 28.392365738390833], [76.93136936283464, 28.400027176644414]]}}, {"type": "Feature", "properties": {"objectid_1": 17, "OBJECTID": 101, "rd_name": "91/90", "maintain": "HUDA-III", "st_length_": 1121.54053997, "join_count": 6, "target_fid": 97, "type": "HUDA", "lengthdoc": 1131, "road_id": 76, "remarks": "Road is in good condition and Motorable", "start_pt": "87/91", "end_pt": "90/93", "width": 60, "asset_id": 72, "ward": " ", "sector": "93", "zone": " ", "Shape.STLength()": 1121.5405399658616, "_source_layer": "road_network", "_asset_class": "road", "_owning_agency": "see `maintain` / `owner`"}, "geometry": {"type": "LineString", "coordinates": [[76.93136936283464, 28.400027176644414], [76.9290667660641, 28.40527908556117], [76.9277333688401, 28.40829200775618]]}}, {"type": "Feature", "properties": {"objectid_1": 17, "OBJECTID": 102, "rd_name": "91/92", "maintain": "HUDA-III", "st_length_": 2322.73877511, "join_count": 5, "target_fid": 100, "type": "HUDA", "lengthdoc": 1619, "road_id": 86, "remarks": "Road is in good condition and Motorable", "start_pt": "91/92", "end_pt": "92/Open", "width": 60, "asset_id": 82, "ward": " ", "sector": "93", "zone": " ", "Shape.STLength()": 2322.738775105163, "_source_layer": "road_network", "_asset_class": "road", "_owning_agency": "see `maintain` / `owner`"}, "geometry": {"type": "LineString", "coordinates": [[76.9277333688401, 28.40829200775618], [76.92753881710576, 28.408285210972426], [76.91940397842167, 28.405219851021208], [76.9106989898065, 28.40195665505983], [76.90853481982798, 28.40113223930968]]}}, {"type": "Feature", "properties": {"objectid_1": 16, "OBJECTID": 103, "rd_name": "92/95", "maintain": "HUDA-III", "st_length_": 2959.35160343, "join_count": 5, "target_fid": 101, "type": "HUDA", "lengthdoc": 2670, "road_id": 85, "remarks": "Road is in good condition and Motorable", "start_pt": "92/95", "end_pt": "95/Open", "width": 60, "asset_id": 81, "ward": " ", "sector": "94", "zone": " ", "Shape.STLength()": 2959.3516034347217, "_source_layer": "road_network", "_asset_class": "road", "_owning_agency": "see `maintain` / `owner`"}, "geometry": {"type": "LineString", "coordinates": [[76.90190590790303, 28.407816088033176], [76.91287040020622, 28.41274614614395], [76.91849580053405, 28.41527554215911], [76.92221803998238, 28.416386739539366], [76.92442998865593, 28.416954216590028], [76.92607864334066, 28.4173771904545]]}}, {"type": "Feature", "properties": {"objectid_1": 12, "OBJECTID": 104, "rd_name": "Dividing Road Sec 86/90", "maintain": "HUDA", "st_length_": 1837.95290839, "join_count": 6, "target_fid": 102, "type": "HUDA", "lengthdoc": 1600, "road_id": 934, "remarks": " ", "start_pt": "Sec 85/89", "end_pt": "Sec 87/91", "width": 75, "asset_id": 181, "ward": "24", "sector": "85", "zone": "1", "Shape.STLength()": 1837.9529083930954, "_source_layer": "road_network", "_asset_class": "road", "_owning_agency": "see `maintain` / `owner`"}, "geometry": {"type": "LineString", "coordinates": [[76.93136936283464, 28.400027176644414], [76.93253034460953, 28.400617154496842], [76.93967518954487, 28.40418290183278], [76.9454072881689, 28.407195428523274], [76.94564428260544, 28.40732290303863]]}}, {"type": "Feature", "properties": {"objectid_1": 15, "OBJECTID": 105, "rd_name": "90/93", "maintain": "HUDA-III", "st_length_": 1696.1487455, "join_count": 5, "target_fid": 103, "type": "HUDA", "lengthdoc": 1007, "road_id": 80, "remarks": "Road is in good condition and Motorable", "start_pt": "90/93", "end_pt": "90/93", "width": 60, "asset_id": 76, "ward": "24", "sector": "89", "zone": "1", "Shape.STLength()": 1696.1487454995215, "_source_layer": "road_network", "_asset_class": "road", "_owning_agency": "see `maintain` / `owner`"}, "geometry": {"type": "LineString", "coordinates": [[76.9277333688401, 28.40829200775618], [76.94156807279919, 28.413907403823977]]}}, {"type": "Feature", "properties": {"objectid_1": 15, "OBJECTID": 106, "rd_name": "93/94", "maintain": "HUDA-III", "st_length_": 1341.07021917, "join_count": 5, "target_fid": 104, "type": "HUDA", "lengthdoc": 1270, "road_id": 79, "remarks": "Road is in good condition and Motorable", "start_pt": "93/94", "end_pt": " 93/94", "width": 60, "asset_id": 75, "ward": "24", "sector": "89", "zone": "1", "Shape.STLength()": 1341.0702191663977, "_source_layer": "road_network", "_asset_class": "road", "_owning_agency": "see `maintain` / `owner`"}, "geometry": {"type": "LineString", "coordinates": [[76.93764483530602, 28.420340745123834], [76.92607864334066, 28.4173771904545]]}}, {"type": "Feature", "properties": {"objectid_1": 11, "OBJECTID": 107, "rd_name": "Dividing Road 81/86", "maintain": "HUDA", "st_length_": 1759.55456928, "join_count": 5, "target_fid": 105, "type": "HUDA", "lengthdoc": 1650, "road_id": 935, "remarks": " ", "start_pt": "Sec 82/85", "end_pt": "Sec 87/M6", "width": 60, "asset_id": 182, "ward": "24", "sector": "82", "zone": "1", "Shape.STLength()": 1759.5545692758799, "_source_layer": "road_network", "_asset_class": "road", "_owning_agency": "see `maintain` / `owner`"}, "geometry": {"type": "LineString", "coordinates": [[76.9368778806659, 28.389209613979205], [76.9381608797075, 28.39012597385097], [76.95103684320486, 28.395295950995454]]}}, {"type": "Feature", "properties": {"objectid_1": 16, "OBJECTID": 108, "rd_name": "92/93, 94/95", "maintain": "HUDA-III", "st_length_": 950.82169894, "join_count": 4, "target_fid": 106, "type": "HUDA", "lengthdoc": 930, "road_id": 78, "remarks": "Road is in good condition and Motorable", "start_pt": "92/93", "end_pt": "94/95", "width": 60, "asset_id": 74, "ward": " ", "sector": "94", "zone": " ", "Shape.STLength()": 950.8216989376045, "_source_layer": "road_network", "_asset_class": "road", "_owning_agency": "see `maintain` / `owner`"}, "geometry": {"type": "LineString", "coordinates": [[76.92714722350709, 28.41001263880696], [76.9260044011757, 28.413367238499664], [76.92607864334066, 28.4173771904545]]}}, {"type": "Feature", "properties": {"objectid_1": 17, "OBJECTID": 109, "rd_name": "92/93", "maintain": "HUDA-III", "st_length_": 227.3299479, "join_count": 4, "target_fid": 107, "type": "HUDA", "lengthdoc": 200, "road_id": 77, "remarks": "Road is in good condition and Motorable", "start_pt": "91/92", "end_pt": "92/93", "width": 60, "asset_id": 73, "ward": " ", "sector": "93", "zone": " ", "Shape.STLength()": 227.3299479028665, "_source_layer": "road_network", "_asset_class": "road", "_owning_agency": "see `maintain` / `owner`"}, "geometry": {"type": "LineString", "coordinates": [[76.9277333688401, 28.40829200775618], [76.92714722350709, 28.41001263880696]]}}, {"type": "Feature", "properties": {"objectid_1": 10, "OBJECTID": 110, "rd_name": "88/89, 84/85", "maintain": "HUDA-III", "st_length_": 4016.77944967, "join_count": 7, "target_fid": 108, "type": "HUDA", "lengthdoc": 2139, "road_id": 84, "remarks": "Road is in good condition and Motorable", "start_pt": "84/85", "end_pt": "88/89", "width": 60, "asset_id": 80, "ward": "25", "sector": "83", "zone": "4", "Shape.STLength()": 4016.7794496680544, "_source_layer": "road_network", "_asset_class": "road", "_owning_agency": "see `maintain` / `owner`"}, "geometry": {"type": "LineString", "coordinates": [[76.94957154095783, 28.427829610129535], [76.95067028834815, 28.422470828131146], [76.95472966103104, 28.412147373158735], [76.95729314383145, 28.408347802681437], [76.96045139489327, 28.407404639778374], [76.9614088310012, 28.406607730543442], [76.96167661519412, 28.4023826591183], [76.9614748643611, 28.401984453840683], [76.96299373584347, 28.400250311153993]]}}, {"type": "Feature", "properties": {"objectid_1": 12, "OBJECTID": 111, "rd_name": " Sec 84/88", "maintain": "HUDA-III", "st_length_": 1273.77296015, "join_count": 5, "target_fid": 109, "type": "HUDA", "lengthdoc": 99, "road_id": 81, "remarks": "Road is in good condition and Motorable", "start_pt": "NPR", "end_pt": "84/88", "width": 60, "asset_id": 77, "ward": "24", "sector": "85", "zone": "1", "Shape.STLength()": 1273.7729601450003, "_source_layer": "road_network", "_asset_class": "road", "_owning_agency": "see `maintain` / `owner`"}, "geometry": {"type": "LineString", "coordinates": [[76.95472966103104, 28.412147373158735], [76.95743732792612, 28.413569722500416], [76.96023083154155, 28.41510054467354], [76.96433736757349, 28.417605154463494]]}}, {"type": "Feature", "properties": {"objectid_1": 12, "OBJECTID": 112, "rd_name": "85/89, 86/90", "maintain": "HUDA-III", "st_length_": 1181.41127855, "join_count": 5, "target_fid": 110, "type": "HUDA", "lengthdoc": 2150, "road_id": 82, "remarks": "Road is in good condition and Motorable", "start_pt": "85/89", "end_pt": "86/90", "width": 60, "asset_id": 78, "ward": "24", "sector": "85", "zone": "1", "Shape.STLength()": 1181.411278548552, "_source_layer": "road_network", "_asset_class": "road", "_owning_agency": "see `maintain` / `owner`"}, "geometry": {"type": "LineString", "coordinates": [[76.94564428260544, 28.40732290303863], [76.9482784735985, 28.408739726160494], [76.95310173946304, 28.411292173934072], [76.95472966103104, 28.412147373158735]]}}, {"type": "Feature", "properties": {"objectid_1": 41, "OBJECTID": 113, "rd_name": "92 & 95 Open Space", "maintain": "HUDA-III", "st_length_": 2016.29237818, "join_count": 5, "target_fid": 111, "type": "HUDA", "lengthdoc": 1480, "road_id": 89, "remarks": "Road is in good condition and Motorable", "start_pt": "Open Space", "end_pt": "95/Open", "width": 60, "asset_id": 85, "ward": " ", "sector": "95", "zone": " ", "Shape.STLength()": 2016.2923781841173, "_source_layer": "road_network", "_asset_class": "road", "_owning_agency": "see `maintain` / `owner`"}, "geometry": {"type": "LineString", "coordinates": [[76.90853481982798, 28.40113223930968], [76.90190590790303, 28.407816088033176], [76.89662751958294, 28.413137417314957]]}}, {"type": "Feature", "properties": {"objectid_1": 40, "OBJECTID": 114, "rd_name": "91/Open space", "maintain": "HUDA-III", "st_length_": 1671.36852263, "join_count": 5, "target_fid": 112, "type": "HUDA", "lengthdoc": 1100, "road_id": 90, "remarks": "Road is in good condition and Motorable", "start_pt": "Open space", "end_pt": "91/92", "width": 60, "asset_id": 86, "ward": " ", "sector": "M15", "zone": " ", "Shape.STLength()": 1671.3685226255309, "_source_layer": "road_network", "_asset_class": "road", "_owning_agency": "see `maintain` / `owner`"}, "geometry": {"type": "LineString", "coordinates": [[76.92049757397382, 28.393151062157383], [76.90853481982798, 28.40113223930968]]}}, {"type": "Feature", "properties": {"objectid_1": 55, "OBJECTID": 115, "rd_name": "102/99/99A", "maintain": "HUDA", "st_length_": 9993.19149462, "join_count": 12, "target_fid": 113, "type": " ", "lengthdoc": 1300, "road_id": 936, "remarks": " ", "start_pt": "Sec 101/102", "end_pt": "Railway line", "width": 60, "asset_id": 183, "ward": "12", "sector": "99", "zone": "1", "Shape.STLength()": 9993.191494617675, "_source_layer": "road_network", "_asset_class": "road", "_owning_agency": "see `maintain` / `owner`"}, "geometry": {"type": "MultiLineString", "coordinates": [[[76.95824227501456, 28.457043416382913], [76.96102208650844, 28.45225831759202], [76.96105539963243, 28.45220358994322]], [[76.9980118254181, 28.51903241820538], [76.9970172089389, 28.517410519475423], [76.99284414637195, 28.513529564963473], [76.98369030105036, 28.50692503786084], [76.9770660325171, 28.4991385795274], [76.97028713787232, 28.488388111358212], [76.96649894501412, 28.48054500867195], [76.96287373798953, 28.473301079620857], [76.96242129970004, 28.472674595891867], [76.96207511953224, 28.472195237726602], [76.96090610142883, 28.470783396556115], [76.96061450469438, 28.470443795421556], [76.95871719274571, 28.46883233031177], [76.95381658103688, 28.464696927103375], [76.95374369173473, 28.4646120228214], [76.95395598339933, 28.464167752582874], [76.95665041092377, 28.45977984814184], [76.95669276648941, 28.459707038973725]]]}}, {"type": "Feature", "properties": {"objectid_1": 55, "OBJECTID": 116, "rd_name": "Dhankot-Chandu- Badli Road upto District Border", "maintain": "PWD B&R", "st_length_": 8647.59658151, "join_count": 3, "target_fid": 114, "type": "B and R", "lengthdoc": 9100, "road_id": 937, "remarks": "Road is in good condition and Motorable", "start_pt": "Dhankot", "end_pt": "Delhi Border", "width": 15, "asset_id": 184, "ward": "12", "sector": "99", "zone": "1", "Shape.STLength()": 8647.59658150734, "_source_layer": "road_network", "_asset_class": "road", "_owning_agency": "see `maintain` / `owner`"}, "geometry": {"type": "LineString", "coordinates": [[76.96242129970004, 28.472674595891867], [76.9620522825611, 28.472856216557535], [76.96133438132539, 28.47319366839255], [76.9608466706863, 28.47341319470691], [76.96063768931353, 28.473509322361753], [76.96051165478086, 28.47356127914354], [76.96034239870657, 28.47361385735603], [76.96021561318234, 28.473625236243045], [76.96007248820138, 28.47362968751167], [76.95990704817044, 28.47359625916651], [76.95971118759076, 28.47352506804025], [76.95953375325414, 28.473427349247803], [76.95934096131941, 28.473229573223307], [76.95913334269095, 28.47296038579717], [76.95884424596792, 28.47266849577452], [76.95863303318, 28.472497247767052], [76.95842487286743, 28.47234505559848], [76.95829672370056, 28.472282437780567], [76.95813102225989, 28.472234686112234], [76.9578572705585, 28.47218849005808], [76.95768731020507, 28.47220287455492], [76.95752040322529, 28.47223631597556], [76.95732174169852, 28.472306028143844], [76.95706139016625, 28.47240050325554], [76.95685170271767, 28.47245843436672], [76.95666819217651, 28.472470625149388], [76.95654380066246, 28.4724652530875], [76.95637597021457, 28.472448567554622], [76.95560368676817, 28.472328363729343], [76.9553597375747, 28.47228650848869], [76.95493954521064, 28.47221137448395], [76.95473110731862, 28.472190495801613], [76.95439048323088, 28.472181067227368], [76.95266977018561, 28.472205791568907], [76.9500710518665, 28.47223831461121], [76.9483665408357, 28.472262751502296], [76.94627025564489, 28.47228800173966], [76.94408508485164, 28.472328815415867], [76.94188087067269, 28.47236270295542], [76.93907404414327, 28.47239321310282], [76.93750436754165, 28.472403653214123], [76.93604801431148, 28.47240529886805], [76.93560491311105, 28.472406832390096], [76.93455327696752, 28.472376436747524], [76.93314960004729, 28.47230328643758], [76.93179764093456, 28.47225087577092], [76.9310837569648, 28.47222042875541], [76.93041640123515, 28.47222274246673], [76.92960304591568, 28.472219963644157], [76.92885447799279, 28.472213872186853], [76.92798731268945, 28.47222378482129], [76.92741986129751, 28.47222227972447], [76.92562793340981, 28.472195144546415], [76.92471697523638, 28.472194036649526], [76.9244025334459, 28.472257698453387], [76.923786719454, 28.472390567737477], [76.9232743590435, 28.472506689737273], [76.92306145113464, 28.472567002404787], [76.92250901418439, 28.47285750448944], [76.92227883436755, 28.473038394408462], [76.92199339827927, 28.4732716373488], [76.92170818587151, 28.473636669614784], [76.92082108695202, 28.47478569150274], [76.91946542049214, 28.47656209389299], [76.91795100195861, 28.478527908743082], [76.91762538871927, 28.478931704665698], [76.91721095635285, 28.479325292553117], [76.9169742700384, 28.479506266939108], [76.91671747583466, 28.479651231782263], [76.91619444882848, 28.479897363060235], [76.91511562247788, 28.48037098061256], [76.91365278161473, 28.481008532272263], [76.91237877111585, 28.481568918744962], [76.91080409359306, 28.482240484931705], [76.90928768079962, 28.48290739462674], [76.9073376862528, 28.483748458697786], [76.9062076604226, 28.484264748805725], [76.90510705980785, 28.484734773971596], [76.90317215785615, 28.485577479200753], [76.90013198045696, 28.48687492963778], [76.89711344257464, 28.488177741710786], [76.89621233622493, 28.48856469063234], [76.8962214154975, 28.489072642581128], [76.89624853114435, 28.490831439091146], [76.89628893377258, 28.492123993927517]]}}, {"type": "Feature", "properties": {"objectid_1": 10, "OBJECTID": 117, "rd_name": "Northen Peripheral Road from Kherki Daula (NH8) to Dawarka (under transfer to NHAI)", "maintain": "HUDA-II", "st_length_": 21682.484732, "join_count": 24, "target_fid": 115, "type": "HUDA", "lengthdoc": 18000, "road_id": 53, "remarks": "Work in Progress", "start_pt": "NH 8 village Kherki Daula", "end_pt": "Delhi Border", "width": 150, "asset_id": 50, "ward": "25", "sector": "83", "zone": "4", "Shape.STLength()": 21682.48473204406, "_source_layer": "road_network", "_asset_class": "road", "_owning_agency": "see `maintain` / `owner`"}, "geometry": {"type": "LineString", "coordinates": [[76.98332966519304, 28.397105042123627], [76.97900997870711, 28.4004157196171], [76.97568384240016, 28.402767527803675], [76.97127861653622, 28.40704875086051], [76.97004628427328, 28.40839597826589], [76.96819929864178, 28.410852267971627], [76.96438150719331, 28.417497069612253], [76.96271956283225, 28.421566521972924], [76.96184012384721, 28.42659880237912], [76.96126760056715, 28.42999929493568], [76.96026327509637, 28.437405640627926], [76.96023408613785, 28.442150609065383], [76.96064318161318, 28.446052660537987], [76.96148608162406, 28.44989551331597], [76.96212026616351, 28.451957221185264], [76.96303881060949, 28.45339391386143], [76.96433540834786, 28.454853061349315], [76.96489044592091, 28.45580145475624], [76.96545597401979, 28.45711360691074], [76.96991499639282, 28.46479063983321], [76.97217326489735, 28.467282730970776], [76.97627044138237, 28.471803719834167], [76.98971609846663, 28.483373308968574], [76.99924576386879, 28.493047444655826], [77.00109164277583, 28.49492101226404], [77.01482411935392, 28.507629650338114], [77.02748467672761, 28.522912139388517], [77.0391381391245, 28.537368030880316]]}}, {"type": "Feature", "properties": {"objectid_1": 5, "OBJECTID": 118, "rd_name": "Dividing Road M2/M3", "maintain": "HSIIDC-Manesar", "st_length_": 718.74837034, "join_count": 3, "target_fid": 116, "type": "HSIIDC", "lengthdoc": 600, "road_id": 99, "remarks": " ", "start_pt": "NH 8", "end_pt": "M2/M3", "width": 60, "asset_id": 95, "ward": " ", "sector": "M1B", "zone": " ", "Shape.STLength()": 718.7483703394508, "_source_layer": "road_network", "_asset_class": "road", "_owning_agency": "see `maintain` / `owner`"}, "geometry": {"type": "LineString", "coordinates": [[76.93398785307318, 28.361682481926017], [76.93960373575055, 28.361791780179807], [76.9403918025965, 28.361537511986203]]}}, {"type": "Feature", "properties": {"objectid_1": 30, "OBJECTID": 119, "rd_name": "Dividing Road M3/M5", "maintain": "HSIIDC-Manesar", "st_length_": 1603.50444873, "join_count": 4, "target_fid": 117, "type": "HSIIDC", "lengthdoc": 1420, "road_id": 102, "remarks": " ", "start_pt": "M2", "end_pt": "M3/M4/M5", "width": 60, "asset_id": 98, "ward": " ", "sector": "M4", "zone": " ", "Shape.STLength()": 1603.5044487262421, "_source_layer": "road_network", "_asset_class": "road", "_owning_agency": "see `maintain` / `owner`"}, "geometry": {"type": "LineString", "coordinates": [[76.93402682288851, 28.364783897794837], [76.91962320777519, 28.364926404169385]]}}, {"type": "Feature", "properties": {"objectid_1": 21, "OBJECTID": 120, "rd_name": "Dividing Road M3A/M8", "maintain": "HSIIDC-Manesar", "st_length_": 1967.18903812, "join_count": 3, "target_fid": 118, "type": "HSIIDC", "lengthdoc": 1140, "road_id": 107, "remarks": " ", "start_pt": "M3A", "end_pt": "M11", "width": 60, "asset_id": 103, "ward": " ", "sector": "M11", "zone": " ", "Shape.STLength()": 1967.1890381233065, "_source_layer": "road_network", "_asset_class": "road", "_owning_agency": "see `maintain` / `owner`"}, "geometry": {"type": "LineString", "coordinates": [[76.89648833910441, 28.369074322782097], [76.87881910718477, 28.369326701969037]]}}, {"type": "Feature", "properties": {"objectid_1": 21, "OBJECTID": 121, "rd_name": "Dividing Road M3A/M11", "maintain": "HSIIDC-Manesar", "st_length_": 1588.97738238, "join_count": 3, "target_fid": 119, "type": "HSIIDC", "lengthdoc": 750, "road_id": 108, "remarks": " ", "start_pt": "M3A M11", "end_pt": "M8", "width": 60, "asset_id": 104, "ward": " ", "sector": "M11", "zone": " ", "Shape.STLength()": 1588.977382384548, "_source_layer": "road_network", "_asset_class": "road", "_owning_agency": "see `maintain` / `owner`"}, "geometry": {"type": "LineString", "coordinates": [[76.87881910718477, 28.369326701969037], [76.87844385483945, 28.356770540146496]]}}, {"type": "Feature", "properties": {"objectid_1": 33, "OBJECTID": 122, "rd_name": "Dividing Road M6/M15, M7/M15", "maintain": "HSIIDC-Manesar", "st_length_": 1651.4066681, "join_count": 5, "target_fid": 120, "type": "HSIIDC", "lengthdoc": 1360, "road_id": 111, "remarks": " ", "start_pt": "M6", "end_pt": "M8/M14", "width": 60, "asset_id": 107, "ward": " ", "sector": "M6", "zone": " ", "Shape.STLength()": 1651.4066681007248, "_source_layer": "road_network", "_asset_class": "road", "_owning_agency": "see `maintain` / `owner`"}, "geometry": {"type": "LineString", "coordinates": [[76.90982399299052, 28.379704837648912], [76.91970237989443, 28.379562636442262], [76.92465239804552, 28.37936467073086]]}}, {"type": "Feature", "properties": {"objectid_1": 21, "OBJECTID": 123, "rd_name": "Dividing Road M8/M11", "maintain": "HSIIDC-Manesar", "st_length_": 1360.95042251, "join_count": 4, "target_fid": 121, "type": "HSIIDC", "lengthdoc": 740, "road_id": 112, "remarks": " ", "start_pt": "M3A/M11", "end_pt": "M9/M11", "width": 60, "asset_id": 108, "ward": " ", "sector": "M11", "zone": " ", "Shape.STLength()": 1360.9504225103867, "_source_layer": "road_network", "_asset_class": "road", "_owning_agency": "see `maintain` / `owner`"}, "geometry": {"type": "LineString", "coordinates": [[76.87881910718477, 28.369326701969037], [76.8789050436181, 28.38008325643399]]}}, {"type": "Feature", "properties": {"objectid_1": 21, "OBJECTID": 124, "rd_name": "Dividing Road M8/M9, M8/M14", "maintain": "HSIIDC-Manesar", "st_length_": 3442.21680979, "join_count": 7, "target_fid": 122, "type": "HSIIDC", "lengthdoc": 2550, "road_id": 113, "remarks": " ", "start_pt": "M7/M15", "end_pt": "M11", "width": 60, "asset_id": 109, "ward": " ", "sector": "M11", "zone": " ", "Shape.STLength()": 3442.2168097948365, "_source_layer": "road_network", "_asset_class": "road", "_owning_agency": "see `maintain` / `owner`"}, "geometry": {"type": "LineString", "coordinates": [[76.8789050436181, 28.38008325643399], [76.89517183919088, 28.379870451259347], [76.89668675089952, 28.37985588270331], [76.90982399299052, 28.379704837648912]]}}, {"type": "Feature", "properties": {"objectid_1": 4, "OBJECTID": 125, "rd_name": "Dividing Road M1/M1C", "maintain": "HSIIDC-Manesar", "st_length_": 811.1396129, "join_count": 3, "target_fid": 123, "type": "HSIIDC", "lengthdoc": 690, "road_id": 119, "remarks": " ", "start_pt": "M1A", "end_pt": "M1D", "width": 30, "asset_id": 115, "ward": " ", "sector": "M1A", "zone": " ", "Shape.STLength()": 811.1396129021008, "_source_layer": "road_network", "_asset_class": "road", "_owning_agency": "see `maintain` / `owner`"}, "geometry": {"type": "LineString", "coordinates": [[76.94732956429928, 28.362136405650247], [76.94741610709544, 28.3685476880786]]}}, {"type": "Feature", "properties": {"objectid_1": 4, "OBJECTID": 126, "rd_name": "Outer Road M1C", "maintain": "HSIIDC-Manesar", "st_length_": 832.07699375, "join_count": 3, "target_fid": 124, "type": "HSIIDC", "lengthdoc": 1470, "road_id": 120, "remarks": " ", "start_pt": "M1A", "end_pt": "M1D", "width": 30, "asset_id": 116, "ward": " ", "sector": "M1A", "zone": " ", "Shape.STLength()": 832.0769937502355, "_source_layer": "road_network", "_asset_class": "road", "_owning_agency": "see `maintain` / `owner`"}, "geometry": {"type": "LineString", "coordinates": [[76.95234524750104, 28.36851586353231], [76.9518581117837, 28.366771623977893], [76.95236365757445, 28.366076758966727], [76.95270297461346, 28.36213200265462]]}}, {"type": "Feature", "properties": {"objectid_1": 4, "OBJECTID": 127, "rd_name": "Dividing Road M1/M1B, M1A/M1C", "maintain": "HSIIDC-Manesar", "st_length_": 1402.41514296, "join_count": 6, "target_fid": 125, "type": "HSIIDC", "lengthdoc": 1182, "road_id": 121, "remarks": " ", "start_pt": "NH 8", "end_pt": "Outer", "width": 30, "asset_id": 117, "ward": " ", "sector": "M1A", "zone": " ", "Shape.STLength()": 1402.415142963369, "_source_layer": "road_network", "_asset_class": "road", "_owning_agency": "see `maintain` / `owner`"}, "geometry": {"type": "MultiLineString", "coordinates": [[[76.95292798372753, 28.362013286915026], [76.94732956429928, 28.362136405650247]], [[76.94763982083884, 28.362136705243653], [76.94497745957678, 28.362138228506172], [76.94064188099516, 28.36214158964378]]]}}, {"type": "Feature", "properties": {"objectid_1": 31, "OBJECTID": 128, "rd_name": "Dividing Road M2/M5", "maintain": "HSIIDC-Manesar", "st_length_": 1321.43576167, "join_count": 4, "target_fid": 126, "type": "HSIIDC", "lengthdoc": 1150, "road_id": 101, "remarks": " ", "start_pt": "M2/M3", "end_pt": "M5/M6", "width": 60, "asset_id": 97, "ward": " ", "sector": "M5", "zone": " ", "Shape.STLength()": 1321.4357616660614, "_source_layer": "road_network", "_asset_class": "road", "_owning_agency": "see `maintain` / `owner`"}, "geometry": {"type": "LineString", "coordinates": [[76.93398785307318, 28.361682481926017], [76.93402682288851, 28.364783897794837], [76.9341196440102, 28.36995050067602], [76.9341500897118, 28.371914392451075], [76.93390884893887, 28.371920097638245]]}}, {"type": "Feature", "properties": {"objectid_1": 3, "OBJECTID": 129, "rd_name": "Dividing Road M2/M6", "maintain": "HSIIDC-Manesar", "st_length_": 1076.65228961, "join_count": 4, "target_fid": 127, "type": "HSIIDC", "lengthdoc": 860, "road_id": 100, "remarks": " ", "start_pt": "NH8", "end_pt": "M5", "width": 60, "asset_id": 96, "ward": " ", "sector": "M1D", "zone": " ", "Shape.STLength()": 1076.6522896091292, "_source_layer": "road_network", "_asset_class": "road", "_owning_agency": "see `maintain` / `owner`"}, "geometry": {"type": "LineString", "coordinates": [[76.94377216480723, 28.36941437963209], [76.9341196440102, 28.36995050067602]]}}, {"type": "Feature", "properties": {"objectid_1": 29, "OBJECTID": 130, "rd_name": "Dividing Road M8/M3A", "maintain": "HSIIDC-Manesar", "st_length_": 435.8946981, "join_count": 3, "target_fid": 128, "type": "HSIIDC", "lengthdoc": 370, "road_id": 115, "remarks": " ", "start_pt": "M3A/M8", "end_pt": "M8", "width": 60, "asset_id": 111, "ward": " ", "sector": "M3A", "zone": " ", "Shape.STLength()": 435.89469809495273, "_source_layer": "road_network", "_asset_class": "road", "_owning_agency": "see `maintain` / `owner`"}, "geometry": {"type": "LineString", "coordinates": [[76.89648833910441, 28.369074322782097], [76.89655825947453, 28.372519169828365]]}}, {"type": "Feature", "properties": {"objectid_1": 29, "OBJECTID": 131, "rd_name": "Dividing Road M8/M3A", "maintain": "HSIIDC-Manesar", "st_length_": 938.14309729, "join_count": 4, "target_fid": 129, "type": "HSIIDC", "lengthdoc": 750, "road_id": 116, "remarks": " ", "start_pt": "M3A/M8", "end_pt": "M4/M8", "width": 60, "asset_id": 112, "ward": " ", "sector": "M3A", "zone": " ", "Shape.STLength()": 938.143097287029, "_source_layer": "road_network", "_asset_class": "road", "_owning_agency": "see `maintain` / `owner`"}, "geometry": {"type": "LineString", "coordinates": [[76.89655825947453, 28.372519169828365], [76.90498535425654, 28.372448011870034]]}}, {"type": "Feature", "properties": {"objectid_1": 29, "OBJECTID": 132, "rd_name": "Dividing Road M8", "maintain": "HSIIDC-Manesar", "st_length_": 928.36239679, "join_count": 4, "target_fid": 130, "type": "HSIIDC", "lengthdoc": 770, "road_id": 114, "remarks": " ", "start_pt": "M14", "end_pt": "M3A/M8", "width": 60, "asset_id": 110, "ward": " ", "sector": "M3A", "zone": " ", "Shape.STLength()": 928.3623967922225, "_source_layer": "road_network", "_asset_class": "road", "_owning_agency": "see `maintain` / `owner`"}, "geometry": {"type": "LineString", "coordinates": [[76.89655825947453, 28.372519169828365], [76.89668675089952, 28.37985588270331]]}}, {"type": "Feature", "properties": {"objectid_1": 28, "OBJECTID": 133, "rd_name": "Dividing Road M3A/M4", "maintain": "HSIIDC-Manesar", "st_length_": 1498.24058718, "join_count": 5, "target_fid": 131, "type": "HSIIDC", "lengthdoc": 750, "road_id": 109, "remarks": " ", "start_pt": "M3", "end_pt": "M8", "width": 60, "asset_id": 105, "ward": " ", "sector": "P2", "zone": " ", "Shape.STLength()": 1498.2405871812891, "_source_layer": "road_network", "_asset_class": "road", "_owning_agency": "see `maintain` / `owner`"}, "geometry": {"type": "LineString", "coordinates": [[76.90482350658844, 28.360606031151747], [76.90487237404157, 28.365148645024647], [76.90498535425654, 28.372448011870034]]}}, {"type": "Feature", "properties": {"objectid_1": 29, "OBJECTID": 134, "rd_name": "Dividing Road M3/M4", "maintain": "HSIIDC-Manesar", "st_length_": 1642.29597769, "join_count": 4, "target_fid": 132, "type": "HSIIDC", "lengthdoc": 1360, "road_id": 103, "remarks": " ", "start_pt": "M3/M4/M5", "end_pt": "M3A", "width": 60, "asset_id": 99, "ward": " ", "sector": "M3A", "zone": " ", "Shape.STLength()": 1642.2959776946968, "_source_layer": "road_network", "_asset_class": "road", "_owning_agency": "see `maintain` / `owner`"}, "geometry": {"type": "LineString", "coordinates": [[76.91962320777519, 28.364926404169385], [76.90487237404157, 28.365148645024647]]}}, {"type": "Feature", "properties": {"objectid_1": 29, "OBJECTID": 135, "rd_name": "Dividing Road M4/M7", "maintain": "HSIIDC-Manesar", "st_length_": 1627.43438694, "join_count": 6, "target_fid": 133, "type": "HSIIDC", "lengthdoc": 1360, "road_id": 105, "remarks": " ", "start_pt": "M4/M5/M6/M7", "end_pt": "M3A", "width": 60, "asset_id": 101, "ward": " ", "sector": "M3A", "zone": " ", "Shape.STLength()": 1627.434386935218, "_source_layer": "road_network", "_asset_class": "road", "_owning_agency": "see `maintain` / `owner`"}, "geometry": {"type": "LineString", "coordinates": [[76.90498535425654, 28.372448011870034], [76.90966070083145, 28.372389229275917], [76.91960324361628, 28.372257612898267]]}}, {"type": "Feature", "properties": {"objectid_1": 30, "OBJECTID": 136, "rd_name": "Dividing Road M5/M6", "maintain": "HSIIDC-Manesar", "st_length_": 1593.06509615, "join_count": 4, "target_fid": 134, "type": "HSIIDC", "lengthdoc": 1420, "road_id": 104, "remarks": " ", "start_pt": "M5/M6", "end_pt": "M4/M7", "width": 60, "asset_id": 100, "ward": " ", "sector": "M4", "zone": " ", "Shape.STLength()": 1593.065096151121, "_source_layer": "road_network", "_asset_class": "road", "_owning_agency": "see `maintain` / `owner`"}, "geometry": {"type": "LineString", "coordinates": [[76.93390884893887, 28.371920097638245], [76.91960324361628, 28.372257612898267]]}}, {"type": "Feature", "properties": {"objectid_1": 30, "OBJECTID": 137, "rd_name": "Dividing Road M4/M5/M6/M7", "maintain": "HSIIDC-Manesar", "st_length_": 927.49206259, "join_count": 5, "target_fid": 135, "type": "HSIIDC", "lengthdoc": 1580, "road_id": 106, "remarks": " ", "start_pt": "M3", "end_pt": "M15", "width": 60, "asset_id": 102, "ward": " ", "sector": "M4", "zone": " ", "Shape.STLength()": 927.4920625935944, "_source_layer": "road_network", "_asset_class": "road", "_owning_agency": "see `maintain` / `owner`"}, "geometry": {"type": "LineString", "coordinates": [[76.91962320777519, 28.364926404169385], [76.91960324361628, 28.372257612898267]]}}, {"type": "Feature", "properties": {"objectid_1": 29, "OBJECTID": 138, "rd_name": "Dividing Road M8", "maintain": "HSIIDC-Manesar", "st_length_": 925.1226077, "join_count": 3, "target_fid": 136, "type": "HSIIDC", "lengthdoc": 770, "road_id": 117, "remarks": " ", "start_pt": "M4", "end_pt": "M14", "width": 60, "asset_id": 113, "ward": " ", "sector": "M3A", "zone": " ", "Shape.STLength()": 925.1226076961259, "_source_layer": "road_network", "_asset_class": "road", "_owning_agency": "see `maintain` / `owner`"}, "geometry": {"type": "LineString", "coordinates": [[76.90498535425654, 28.372448011870034], [76.90510179208704, 28.379759277153106]]}}, {"type": "Feature", "properties": {"objectid_1": 3, "OBJECTID": 139, "rd_name": "Dividing Road M1/M1D, M1C/M1D", "maintain": "HSIIDC-Manesar", "st_length_": 802.32560198, "join_count": 4, "target_fid": 137, "type": "HSIIDC", "lengthdoc": 680, "road_id": 118, "remarks": " ", "start_pt": "M1", "end_pt": "M1C/M1D", "width": 30, "asset_id": 114, "ward": " ", "sector": "M1D", "zone": " ", "Shape.STLength()": 802.3256019803492, "_source_layer": "road_network", "_asset_class": "road", "_owning_agency": "see `maintain` / `owner`"}, "geometry": {"type": "LineString", "coordinates": [[76.9450813569259, 28.36860888995362], [76.94741610709544, 28.3685476880786], [76.95228772837339, 28.36855454748357]]}}, {"type": "Feature", "properties": {"objectid_1": 3, "OBJECTID": 140, "rd_name": "Dividing Road M1/M1C", "maintain": "HSIIDC", "st_length_": 818.67150213, "join_count": 4, "target_fid": 138, "type": "HSIIDC", "lengthdoc": 710, "road_id": 122, "remarks": " ", "start_pt": "M1A/M1B", "end_pt": "M1D", "width": 30, "asset_id": 118, "ward": " ", "sector": "M1D", "zone": " ", "Shape.STLength()": 818.671502126268, "_source_layer": "road_network", "_asset_class": "road", "_owning_agency": "see `maintain` / `owner`"}, "geometry": {"type": "LineString", "coordinates": [[76.94497745957678, 28.3621382664494], [76.9450813569259, 28.36860888995362]]}}, {"type": "Feature", "properties": {"objectid_1": 136, "OBJECTID": 141, "rd_name": "Shyam Chowk to Jwala Mill Road", "maintain": "HSIIDC", "st_length_": 2330.28522937, "join_count": 4, "target_fid": 139, "type": "HSIIDC", "lengthdoc": 2078, "road_id": 124, "remarks": " ", "start_pt": "NH-8", "end_pt": "Old Delhi Road", "width": 30, "asset_id": 120, "ward": "34", "sector": "25 A", "zone": "3", "Shape.STLength()": 2330.285229368958, "_source_layer": "road_network", "_asset_class": "road", "_owning_agency": "see `maintain` / `owner`"}, "geometry": {"type": "LineString", "coordinates": [[77.06871913232283, 28.503858637742685], [77.06873207614778, 28.50384937856502], [77.07222529191105, 28.501350682923906], [77.07448383530006, 28.500754689145374], [77.07623280575093, 28.500636295382684], [77.07923394506281, 28.500865433810223], [77.07942892349692, 28.50088536895859], [77.08620536933425, 28.49555887475901]]}}, {"type": "Feature", "properties": {"objectid_1": 179, "OBJECTID": 142, "rd_name": "Toll gate, NH-8  to Kapashera Boarder", "maintain": "HSIIDC", "st_length_": 2209.67739416, "join_count": 2, "target_fid": 140, "type": "HSIIDC", "lengthdoc": 1350, "road_id": 125, "remarks": " ", "start_pt": "Toll gate, NH-8", "end_pt": "Kapashera Boarder", "width": 30, "asset_id": 121, "ward": "5", "sector": "20", "zone": "2", "Shape.STLength()": 2209.677394158288, "_source_layer": "road_network", "_asset_class": "road", "_owning_agency": "see `maintain` / `owner`"}, "geometry": {"type": "LineString", "coordinates": [[77.08034490504943, 28.51785801819015], [77.08042150529202, 28.517977575816346], [77.08101666881217, 28.517809081842586], [77.0824880544503, 28.51723789878947], [77.08332983785527, 28.51693345221272], [77.0842445222405, 28.51667664557228], [77.08451098141839, 28.516701205573934], [77.0856193497654, 28.51630775152811], [77.08744332235592, 28.51566024720581], [77.08969519844892, 28.51503699066407], [77.09330235023464, 28.514041218782577], [77.09536490727979, 28.513463004278393], [77.09870702820892, 28.511780294717063]]}}, {"type": "Feature", "properties": {"objectid_1": 81, "OBJECTID": 143, "rd_name": "Hero Honda Subhash Chowk road to Marbel Market Near DPG College", "maintain": "MCG", "st_length_": 299.2614897, "join_count": 1, "target_fid": 141, "type": "MCG", "lengthdoc": 200, "road_id": 130, "remarks": " ", "start_pt": "Outer Sec 72A/48", "end_pt": "Sec 33", "width": 60, "asset_id": 125, "ward": "29", "sector": "48", "zone": "4", "Shape.STLength()": 299.26148969670294, "_source_layer": "road_network", "_asset_class": "road", "_owning_agency": "see `maintain` / `owner`"}, "geometry": {"type": "LineString", "coordinates": [[77.0275481049732, 28.426253378392747], [77.0275933144865, 28.42607015927572], [77.0273767836721, 28.425734655297394], [77.02639882555151, 28.424163735279702]]}}, {"type": "Feature", "properties": {"objectid_1": 14, "OBJECTID": 144, "rd_name": "CPR", "maintain": "HUDA", "st_length_": 3796.06653875, "join_count": 5, "target_fid": 142, "type": "HUDA (CPR)", "lengthdoc": 3100, "road_id": 938, "remarks": "CPR", "start_pt": "Sec 88", "end_pt": "Sec 35/75A", "width": 90, "asset_id": 185, "ward": "24", "sector": "88", "zone": "1", "Shape.STLength()": 3796.0665387529225, "_source_layer": "road_network", "_asset_class": "road", "_owning_agency": "see `maintain` / `owner`"}, "geometry": {"type": "LineString", "coordinates": [[76.96243444384928, 28.423198052839712], [76.96322499992687, 28.422829999948164], [76.98783199983747, 28.407391000268035], [76.99027226073038, 28.405887066364166]]}}, {"type": "Feature", "properties": {"objectid_1": 54, "OBJECTID": 145, "rd_name": "Basai Chowk to Railway line along Sec 9", "maintain": "MCG", "st_length_": 1330.02683791, "join_count": 6, "target_fid": 143, "type": "MCG", "lengthdoc": 1150, "road_id": 131, "remarks": " ", "start_pt": "Railway line", "end_pt": "9A/9B", "width": 10, "asset_id": 126, "ward": "13", "sector": "9 B", "zone": "1", "Shape.STLength()": 1330.0268379100003, "_source_layer": "road_network", "_asset_class": "road", "_owning_agency": "see `maintain` / `owner`"}, "geometry": {"type": "LineString", "coordinates": [[76.98830359919195, 28.46738418361413], [76.9898266756882, 28.463523086505067], [76.98988458468467, 28.463376278416305], [76.99092309734023, 28.46112635539182], [76.99104929087473, 28.459787495344504], [76.99018394555816, 28.45741646720217]]}}, {"type": "Feature", "properties": {"objectid_1": 118, "OBJECTID": 146, "rd_name": "Dividing Road-110A/111", "maintain": "HUDA", "st_length_": 1076.59661509, "join_count": 5, "target_fid": 144, "type": " ", "lengthdoc": 920, "road_id": 132, "remarks": " ", "start_pt": "Railway Line", "end_pt": "NPR", "width": 30, "asset_id": 127, "ward": "3", "sector": "1", "zone": "2", "Shape.STLength()": 1076.5966150854551, "_source_layer": "road_network", "_asset_class": "road", "_owning_agency": "see `maintain` / `owner`"}, "geometry": {"type": "LineString", "coordinates": [[77.0258476857685, 28.520936466458604], [77.03340347042047, 28.515632150728102]]}}, {"type": "Feature", "properties": {"objectid_1": 166, "OBJECTID": 147, "rd_name": "MCG", "maintain": "MCG", "st_length_": 241.93939663, "join_count": 3, "target_fid": 145, "type": "MCG", "lengthdoc": 210, "road_id": 941, "remarks": " ", "start_pt": "DDR Chowk", "end_pt": "Mor Chowk", "width": 15.5, "asset_id": 186, "ward": "8", "sector": "12", "zone": "2", "Shape.STLength()": 241.9393966342838, "_source_layer": "road_network", "_asset_class": "road", "_owning_agency": "see `maintain` / `owner`"}, "geometry": {"type": "LineString", "coordinates": [[77.03435845233102, 28.45917954456154], [77.03327662201416, 28.45863804973952], [77.03245395475841, 28.45825956647597]]}}, {"type": "Feature", "properties": {"objectid_1": 54, "OBJECTID": 148, "rd_name": "Basai Chowk to Railway Line", "maintain": "HUDA-IV", "st_length_": 1677.63537792, "join_count": 5, "target_fid": 146, "type": "MCG", "lengthdoc": 1150, "road_id": 23, "remarks": "Road is in good condition and Motorable", "start_pt": "Basai Chowk", "end_pt": "Railway Line", "width": 30, "asset_id": 22, "ward": "13", "sector": "9 B", "zone": "1", "Shape.STLength()": 1677.6353779249011, "_source_layer": "road_network", "_asset_class": "road", "_owning_agency": "see `maintain` / `owner`"}, "geometry": {"type": "LineString", "coordinates": [[76.99018394555816, 28.45741646720217], [76.98796198875404, 28.457502495582343], [76.9847218176265, 28.45759518245933], [76.98301063301146, 28.457682219231913], [76.98228490475466, 28.457735774394212], [76.98184599958493, 28.457813796614005], [76.98148255649237, 28.458026807697973], [76.98135748585199, 28.458128905779457], [76.98121028790953, 28.458348316494266], [76.98109072214518, 28.458600749175734], [76.9810523308449, 28.459004800533723], [76.98113273365607, 28.459404734916617], [76.98137362228941, 28.4604421895583], [76.98139203146452, 28.460535721259337], [76.98140296396154, 28.46063016424815], [76.98140636498321, 28.460725051780983], [76.98140221835985, 28.460819916325978], [76.98139054565105, 28.46091429114262], [76.98137140255234, 28.46100770712291], [76.98134488428516, 28.461099704637405], [76.98131112200352, 28.46118983037618], [76.98127028189579, 28.461277638138434], [76.98122256698115, 28.461362695150417], [76.98116820992328, 28.461444581275472], [76.98110748201347, 28.461522892962453], [76.9810406814923, 28.46159724245609], [76.98096813714321, 28.461667264114393], [76.98089021008896, 28.461732611249737], [76.98080728211347, 28.461792961656645], [76.98071976374693, 28.46184801761165], [76.98062808618062, 28.46189750587307], [76.97988786091179, 28.46222582780586], [76.97937879372509, 28.462518426637878]]}}, {"type": "Feature", "properties": {"objectid_1": 55, "OBJECTID": 149, "rd_name": "Dividing Road 100/101", "maintain": "MCG", "st_length_": 1004.02123018, "join_count": 4, "target_fid": 147, "type": "MCG", "lengthdoc": 1150, "road_id": 133, "remarks": " ", "start_pt": "Railway Line", "end_pt": "NPR", "width": 30, "asset_id": 128, "ward": "12", "sector": "99", "zone": "1", "Shape.STLength()": 1004.0212301839363, "_source_layer": "road_network", "_asset_class": "road", "_owning_agency": "see `maintain` / `owner`"}, "geometry": {"type": "LineString", "coordinates": [[76.97937879372509, 28.462518426637878], [76.97932317453427, 28.46255039510913], [76.97850787705715, 28.46301887583546], [76.97674338820975, 28.46420249011205], [76.97536623853988, 28.465150657487833], [76.97373838973542, 28.466239732606063], [76.97263123860563, 28.466998918914584], [76.97217326489735, 28.467282730970776]]}}, {"type": "Feature", "properties": {"objectid_1": 93, "OBJECTID": 150, "rd_name": "Between Sec 61/62 & 60/63 (CRPF camp Road)", "maintain": "HUDA-I", "st_length_": 1935.60056773, "join_count": 6, "target_fid": 148, "type": "HUDA", "lengthdoc": 2000, "road_id": 69, "remarks": "Road is in good condition and motorable.", "start_pt": "SPR", "end_pt": "CRPF Camp Road", "width": 60, "asset_id": 65, "ward": "29", "sector": "57", "zone": "4", "Shape.STLength()": 1935.6005677270189, "_source_layer": "road_network", "_asset_class": "road", "_owning_agency": "see `maintain` / `owner`"}, "geometry": {"type": "LineString", "coordinates": [[77.09240196523209, 28.402209755657804], [77.09227710210257, 28.40289472634277], [77.09211861054034, 28.404172661221782], [77.09193368515258, 28.405411012571598], [77.09185058290396, 28.405991247835694], [77.09183367571202, 28.406745347360378], [77.09181776834495, 28.40772206170926], [77.09181289767949, 28.408435986953645], [77.09183162216326, 28.408839179814418], [77.09185457411876, 28.409182619699106], [77.09188846036794, 28.40980761327322], [77.09187535574455, 28.410239944691916], [77.09183635718311, 28.410866057949367], [77.091732642192, 28.41135946664296], [77.0914611515502, 28.412246997437407], [77.09116213922306, 28.41338324438589], [77.09112643119049, 28.41362731449366], [77.0910078418949, 28.41460083029573], [77.09094106562827, 28.415325255263063], [77.09089530185443, 28.415882235425386], [77.09101857766085, 28.41665865217045], [77.09110163679034, 28.41737632532551]]}}, {"type": "Feature", "properties": {"objectid_1": 55, "OBJECTID": 151, "rd_name": "Between Road 99/102", "maintain": "MCG", "st_length_": 1284.21907874, "join_count": 5, "target_fid": 149, "type": "MCG", "lengthdoc": 1080, "road_id": 110, "remarks": " ", "start_pt": "99/102", "end_pt": "99/102", "width": 75, "asset_id": 106, "ward": "12", "sector": "99", "zone": "1", "Shape.STLength()": 1284.2190787361849, "_source_layer": "road_network", "_asset_class": "road", "_owning_agency": "see `maintain` / `owner`"}, "geometry": {"type": "LineString", "coordinates": [[76.97217326489735, 28.467282730970776], [76.97199017386941, 28.467396192561843], [76.96947624214008, 28.468969606408006], [76.96849839002068, 28.469601541961246], [76.96770966920126, 28.47005166930348], [76.96664860523879, 28.47056840461849], [76.96557784126787, 28.471109147352113], [76.96423926166301, 28.471779098055084], [76.96423827082126, 28.47178030624388], [76.96242129970004, 28.472674595891867]]}}, {"type": "Feature", "properties": {"objectid_1": 137, "OBJECTID": 152, "rd_name": "Dividing Road 102A/103", "maintain": "HUDA", "st_length_": 2058.08755963, "join_count": 4, "target_fid": 150, "type": " ", "lengthdoc": 1710, "road_id": 135, "remarks": " ", "start_pt": "NPR", "end_pt": "Sec 107", "width": 60, "asset_id": 130, "ward": " ", "sector": " ", "zone": " ", "Shape.STLength()": 2058.087559626006, "_source_layer": "road_network", "_asset_class": "road", "_owning_agency": "see `maintain` / `owner`"}, "geometry": {"type": "LineString", "coordinates": [[76.97137250665308, 28.490109550090118], [76.98601686666932, 28.480190629915466]]}}, {"type": "Feature", "properties": {"objectid_1": 145, "OBJECTID": 153, "rd_name": "Dividing Road Sec 103/106", "maintain": "MCG", "st_length_": 548.3970836, "join_count": 3, "target_fid": 151, "type": "MCG", "lengthdoc": 690, "road_id": 136, "remarks": " ", "start_pt": "NPR", "end_pt": "Sec 103/106", "width": 60, "asset_id": 131, "ward": "11", "sector": "106", "zone": "2", "Shape.STLength()": 548.3970836022984, "_source_layer": "road_network", "_asset_class": "road", "_owning_agency": "see `maintain` / `owner`"}, "geometry": {"type": "LineString", "coordinates": [[76.99924576386879, 28.493047444655826], [76.9988071488549, 28.4932733381145], [76.99820070968133, 28.49354394934649], [76.9980093505595, 28.493683608411693], [76.99612836549115, 28.495075095889753], [76.99534225787083, 28.49566062945841]]}}, {"type": "Feature", "properties": {"objectid_1": 140, "OBJECTID": 154, "rd_name": "Sarai Bajghera to Delhi", "maintain": "PWD B&R", "st_length_": 3429.66053904, "join_count": 6, "target_fid": 153, "type": "PWD B and R", "lengthdoc": 1600, "road_id": 138, "remarks": "To be Widen after Acquition by HUDA", "start_pt": "Sarai", "end_pt": "Bajghera upto Delhi", "width": 7, "asset_id": 133, "ward": " ", "sector": "115", "zone": " ", "Shape.STLength()": 3429.6605390376253, "_source_layer": "road_network", "_asset_class": "road", "_owning_agency": "see `maintain` / `owner`"}, "geometry": {"type": "LineString", "coordinates": [[77.02354615080661, 28.51815859601338], [77.01761196897297, 28.537513521526662], [77.01718572555716, 28.538980992253986], [77.01379561752387, 28.541552504661013], [77.01287269468916, 28.54290115852326]]}}, {"type": "Feature", "properties": {"objectid_1": 141, "OBJECTID": 155, "rd_name": "Dividing Road 112/114", "maintain": "HUDA", "st_length_": 1983.12764296, "join_count": 3, "target_fid": 154, "type": "HUDA", "lengthdoc": 1410, "road_id": 139, "remarks": "Recently Acquired on 25-Dec-2016", "start_pt": "Sec 113", "end_pt": "Sec 112/114", "width": 60, "asset_id": 134, "ward": " ", "sector": "114", "zone": " ", "Shape.STLength()": 1983.1276429606464, "_source_layer": "road_network", "_asset_class": "road", "_owning_agency": "see `maintain` / `owner`"}, "geometry": {"type": "MultiLineString", "coordinates": [[[77.00956888421194, 28.526867919488584], [77.01761196897297, 28.537513521526662]], [[77.01760815472625, 28.537497600728596], [77.01935943833895, 28.53992465103836]]]}}, {"type": "Feature", "properties": {"objectid_1": 128, "OBJECTID": 156, "rd_name": "Outer of Sec 26/26A", "maintain": "HUDA", "st_length_": 1843.65804669, "join_count": 1, "target_fid": 155, "type": " ", "lengthdoc": 2100, "road_id": 141, "remarks": " ", "start_pt": "Bio Diversity Park", "end_pt": "Kachra Chowk", "width": 30, "asset_id": 135, "ward": "34", "sector": " ", "zone": "3", "Shape.STLength()": 1843.658046692979, "_source_layer": "road_network", "_asset_class": "road", "_owning_agency": "see `maintain` / `owner`"}, "geometry": {"type": "LineString", "coordinates": [[77.1080662373876, 28.468050776467642], [77.10860267444436, 28.468578331632273], [77.10917480246566, 28.469089915924098], [77.10926147102596, 28.469236592094877], [77.10930947429982, 28.46934089283219], [77.10932350239129, 28.469503020380717], [77.10930849693277, 28.470515521655035], [77.10937998306646, 28.471171043316975], [77.10943666047267, 28.471439943124995], [77.10953636628271, 28.471698624754595], [77.10978382249905, 28.472050510605204], [77.11027722755875, 28.4728139903867], [77.11058084914164, 28.473408519957143], [77.11081908055837, 28.47397541477157], [77.11090580840748, 28.47426055838496], [77.11092079500135, 28.474606502311822], [77.11078272933209, 28.475272349188497], [77.11054373794063, 28.47629787621738], [77.11034270036993, 28.47732997638853], [77.11006181963846, 28.4786951665292], [77.10994663226283, 28.479289034469947], [77.1099787335595, 28.479952239027245], [77.11002196408425, 28.48035981643432], [77.11016940906342, 28.480844561298653], [77.11043016932913, 28.48145646726304], [77.11054223955072, 28.48173686181806]]}}, {"type": "Feature", "properties": {"objectid_1": 136, "OBJECTID": 157, "rd_name": "Shankar chowk to Ram Chowk", "maintain": "HSIIDC", "st_length_": 2300.64286288, "join_count": 4, "target_fid": 156, "type": "HSIIDC", "lengthdoc": 1545, "road_id": 123, "remarks": "Roads Falls under the Jurisdiction of HSIIDC", "start_pt": "Shankar Chowk, NH-8", "end_pt": "Ram Chowk , Dundahera", "width": 30, "asset_id": 119, "ward": "34", "sector": "25 A", "zone": "3", "Shape.STLength()": 2300.6428628793005, "_source_layer": "road_network", "_asset_class": "road", "_owning_agency": "see `maintain` / `owner`"}, "geometry": {"type": "LineString", "coordinates": [[77.0746484219315, 28.511827799583525], [77.07594467741174, 28.51149304931032], [77.07743307624308, 28.51130985795482], [77.0796831808583, 28.50961377031451], [77.07999970763856, 28.50938260322262], [77.08240654850795, 28.507624766334068], [77.08425753254076, 28.50627283421807], [77.08577289430535, 28.505165991685217], [77.08785448036316, 28.50364550830259], [77.08950952296789, 28.50243653883967], [77.09108663312846, 28.5012844540156], [77.0910745202452, 28.50127024715821]]}}, {"type": "Feature", "properties": {"objectid_1": 113, "OBJECTID": 158, "rd_name": "Dividing Road 42/54", "maintain": "HUDA", "st_length_": 1294.51914283, "join_count": 4, "target_fid": 157, "type": " ", "lengthdoc": 2200, "road_id": 142, "remarks": " ", "start_pt": "Sec 53", "end_pt": "Sec 42/54", "width": 30, "asset_id": 136, "ward": "32", "sector": "53", "zone": "3", "Shape.STLength()": 1294.5191428281096, "_source_layer": "road_network", "_asset_class": "road", "_owning_agency": "see `maintain` / `owner`"}, "geometry": {"type": "LineString", "coordinates": [[77.10366480331253, 28.437335067334843], [77.10510052583389, 28.43764353109647], [77.10736266248406, 28.438124198437144], [77.10964087628287, 28.438597415497522], [77.11075045466053, 28.43884282324808], [77.11192815767613, 28.439118201193743], [77.11496043349408, 28.43976412510664]]}}, {"type": "Feature", "properties": {"objectid_1": 98, "OBJECTID": 159, "rd_name": "Village Ghata to Faridabad Road", "maintain": "HUDA-I", "st_length_": 2961.39612862, "join_count": 3, "target_fid": 158, "type": "Way To Ghata", "lengthdoc": 2100, "road_id": 14, "remarks": "Estimate Ammounting to Rs 368.90 lacs for strenthning is under approval", "start_pt": "Village Ghata", "end_pt": "Fbd Road", "width": 60, "asset_id": 13, "ward": "30", "sector": "58", "zone": "3", "Shape.STLength()": 2961.3961286169133, "_source_layer": "road_network", "_asset_class": "road", "_owning_agency": "see `maintain` / `owner`"}, "geometry": {"type": "LineString", "coordinates": [[77.12269913040926, 28.43652073397615], [77.12248075715021, 28.436268924767127], [77.12191758802723, 28.435523283230374], [77.1206648343629, 28.433921751854662], [77.1200066064149, 28.43301285040053], [77.11939589665043, 28.43204829381564], [77.1186469190958, 28.430921154099657], [77.11813002758299, 28.43005540231414], [77.11758355095465, 28.429330966747084], [77.11730136407274, 28.428993954752645], [77.11645886201556, 28.428321867760978], [77.11532784983517, 28.42740119228246], [77.11457584316138, 28.426796922386952], [77.1140673562864, 28.426351210308272], [77.11335761265174, 28.42569852656435], [77.112353452471, 28.424771079152883], [77.11097754337449, 28.423345641158903], [77.11013015358382, 28.42242290623006], [77.10996608617864, 28.422184319496218], [77.10986586653229, 28.42203307642519], [77.10973774970478, 28.421836904427664], [77.10962502461135, 28.421735991925903], [77.10944495012612, 28.42164328626699], [77.10915394897467, 28.421540360556058], [77.10856181277705, 28.421368089589766], [77.10810869176794, 28.421124427605278], [77.107526227731, 28.42075862071851], [77.10645698281124, 28.420085201554794], [77.10597024684421, 28.419779977981932], [77.10566220555015, 28.419634336128606], [77.10517947517096, 28.419490651044576]]}}, {"type": "Feature", "properties": {"objectid_1": 99, "OBJECTID": 160, "rd_name": "Signature tower to Atul Kataria chowk", "maintain": "MCG", "st_length_": 1897.91589543, "join_count": 7, "target_fid": 159, "type": "MCG", "lengthdoc": 1600, "road_id": 942, "remarks": " ", "start_pt": "Atul Kataria Chowk", "end_pt": "Signature Tower", "width": 20, "asset_id": 187, "ward": "34", "sector": "29", "zone": "3", "Shape.STLength()": 1897.9158954270088, "_source_layer": "road_network", "_asset_class": "road", "_owning_agency": "see `maintain` / `owner`"}, "geometry": {"type": "LineString", "coordinates": [[77.04921266508583, 28.481557461754413], [77.04970451516178, 28.48090468838765], [77.04978967545071, 28.480557221419744], [77.04992900055801, 28.48021609934658], [77.05021532777505, 28.479791585917237], [77.05121894267845, 28.478592260011784], [77.05258648935796, 28.476931426154163], [77.05485682223679, 28.47417302594266], [77.05546953254937, 28.473442749070315], [77.05637886028053, 28.472263913885126], [77.05676885847124, 28.471474924640017], [77.05693127656956, 28.470932899771494], [77.05706069685255, 28.470221863896796], [77.05713202578104, 28.46930160919981], [77.05747865690311, 28.46872319775698]]}}, {"type": "Feature", "properties": {"objectid_1": 99, "OBJECTID": 161, "rd_name": "Mehrauli Gurgaon Road", "maintain": "HUDA-I", "st_length_": 5447.44785944, "join_count": 7, "target_fid": 160, "type": "Mehrauli Gurgaon Road", "lengthdoc": 5000, "road_id": 3, "remarks": "Road is in good condition and Motorable is in possession PWD, B&R", "start_pt": "IFFCO Chowk", "end_pt": "Delhi Border", "width": 30, "asset_id": 2, "ward": "34", "sector": "29", "zone": "3", "Shape.STLength()": 5447.447859442045, "_source_layer": "road_network", "_asset_class": "road", "_owning_agency": "see `maintain` / `owner`"}, "geometry": {"type": "LineString", "coordinates": [[77.06849515447473, 28.477505080187523], [77.0700199530414, 28.4777940573581], [77.07159607325852, 28.478113840709113], [77.07295319678578, 28.47836078492694], [77.07516594226497, 28.478763926898775], [77.07777234567135, 28.479261287580208], [77.08036865470889, 28.4796560918134], [77.08322286377629, 28.480111353745098], [77.08670761651129, 28.48061417606027], [77.08758195665878, 28.48069386007599], [77.0884699224525, 28.48064202129453], [77.08927759952108, 28.480629608787773], [77.09043508325628, 28.480817132236123], [77.09201049380434, 28.481096097740245], [77.09512510560798, 28.481871790274397], [77.09513772064952, 28.481873579486273], [77.09638511586311, 28.482050518653367], [77.09741941272507, 28.48215632116946], [77.09791388947491, 28.482155852154012], [77.09901135317268, 28.482047566379716], [77.09980707456313, 28.48196904724061], [77.10033041508136, 28.48192515078184], [77.10041229202794, 28.481931791233723], [77.1005345572297, 28.481905567368205], [77.10065449489653, 28.48187984172767], [77.10073228900013, 28.481855198609498], [77.10090002153167, 28.48183119347492], [77.10104315729238, 28.481828369108825], [77.1011632153335, 28.481844014058787], [77.10126593768624, 28.48185739998794], [77.10139710339583, 28.48187449304241], [77.10155486193274, 28.481895050816178], [77.10281787974749, 28.48207838798614], [77.103484129651, 28.482140849185644], [77.10494511818806, 28.48222650922906], [77.10604442882205, 28.48239069282452], [77.10631466092413, 28.482443914892166], [77.10645113388041, 28.482469404309096], [77.10666385853297, 28.482515090532242], [77.10680662598445, 28.482547927024115], [77.1070607530901, 28.48258932971442], [77.10719067103976, 28.48260217863133], [77.1072920360381, 28.482615026757085], [77.10797927597656, 28.482694072858163], [77.10800963993144, 28.482693352757327], [77.10830802523454, 28.48265052253883], [77.10851634544727, 28.482621502142365], [77.1086722013524, 28.482581280684013], [77.10898986000993, 28.482474204991618], [77.10935034764522, 28.482310021526004], [77.10975009704836, 28.482106577884576], [77.11031402973934, 28.481831750925956], [77.11054223955072, 28.48173686181806], [77.11081121760468, 28.481656383470106], [77.11105762279217, 28.481606124345934], [77.11130507541527, 28.48159380433482], [77.11180476149543, 28.481583096670334], [77.11213669617945, 28.48160451199819], [77.11246506185682, 28.481625926532153], [77.11308967035534, 28.481661618465168], [77.11380224188648, 28.481624220223253], [77.11435970850404, 28.481542050481497], [77.11532636492001, 28.481366566474236], [77.11643876221108, 28.48112861962456]]}}, {"type": "Feature", "properties": {"objectid_1": 118, "OBJECTID": 162, "rd_name": "Master Road between Old NH 8 to Rezangla Chowk", "maintain": "HUDA-II", "st_length_": 3132.32631941, "join_count": 8, "target_fid": 161, "type": "Major Sushil Aaima Marg", "lengthdoc": 2800, "road_id": 51, "remarks": "Road is in good condition and Motorable", "start_pt": "Old NH 8", "end_pt": "Rezangla Chowk", "width": 30, "asset_id": 48, "ward": "3", "sector": "1", "zone": "2", "Shape.STLength()": 3132.3263194097062, "_source_layer": "road_network", "_asset_class": "road", "_owning_agency": "see `maintain` / `owner`"}, "geometry": {"type": "LineString", "coordinates": [[77.04183602336613, 28.510126112522908], [77.04257805065544, 28.50987658239716], [77.04550777210565, 28.508858411838787], [77.04913769169221, 28.507600423671455], [77.05077830286193, 28.507014134585738], [77.05159897046784, 28.506516610993547], [77.05430818875341, 28.50484073750268], [77.05697967061056, 28.503230322264976], [77.05762846984135, 28.50279266572684], [77.05802292547249, 28.502618614343543], [77.0612063590067, 28.502658212408406], [77.0668465114681, 28.502725321463313], [77.0677330947546, 28.50272285527003]]}}, {"type": "Feature", "properties": {"objectid_1": 118, "OBJECTID": 163, "rd_name": "Major Sushil Aaima Marg", "maintain": "ANSAL", "st_length_": 1024.11350017, "join_count": 4, "target_fid": 162, "type": "ANSAL", "lengthdoc": 920, "road_id": 143, "remarks": " ", "start_pt": "Rezang La Chowk", "end_pt": "Sec 1/2", "width": 30, "asset_id": 137, "ward": "3", "sector": "1", "zone": "2", "Shape.STLength()": 1024.1135001736639, "_source_layer": "road_network", "_asset_class": "road", "_owning_agency": "see `maintain` / `owner`"}, "geometry": {"type": "LineString", "coordinates": [[77.03452310184451, 28.514925207891768], [77.03770575025113, 28.512879663667775], [77.03890352702007, 28.51197164018833], [77.03944224220439, 28.511424940176152], [77.0403536297725, 28.510693102255455], [77.04155542111242, 28.510220471698002], [77.04183602336613, 28.510126112522908]]}}, {"type": "Feature", "properties": {"objectid_1": 110, "OBJECTID": 164, "rd_name": "Faridabad Road", "maintain": "PWD B&R", "st_length_": 15595.1779947, "join_count": 5, "target_fid": 163, "type": "Faridabad Road", "lengthdoc": 12000, "road_id": 943, "remarks": " ", "start_pt": "Bristal Chowk", "end_pt": "Outer of Sec 54/55 till boundary", "width": 40, "asset_id": 188, "ward": "34", "sector": "28", "zone": "3", "Shape.STLength()": 15595.17799471964, "_source_layer": "road_network", "_asset_class": "road", "_owning_agency": "see `maintain` / `owner`"}, "geometry": {"type": "MultiLineString", "coordinates": [[[77.09402333448841, 28.478792705154333], [77.0959638536056, 28.477864761570064], [77.09713886796354, 28.476948396824017], [77.10192443962042, 28.473430602620404], [77.10263256718585, 28.4725739972127], [77.10484832112292, 28.470152657326597], [77.10752093216237, 28.46831380891016], [77.1080662373876, 28.468050776467642], [77.10873992354507, 28.467552833117672], [77.10903555102023, 28.467338154434753], [77.10927805931598, 28.467169660159517], [77.10957956087482, 28.46697876335874], [77.10991991726462, 28.46683978681511], [77.11021587531981, 28.46677789542029], [77.11055590112956, 28.46675829340439], [77.11134294659104, 28.46680098476146], [77.11220580626917, 28.466852043791384], [77.11318219862622, 28.466906107613905], [77.11366859323343, 28.466910484143938], [77.11391129107376, 28.466887611994892], [77.11402400898065, 28.466862533411785], [77.11413464010116, 28.466831022693206], [77.11424271371807, 28.46679321171375], [77.11434777169053, 28.466749263935334], [77.1144493684542, 28.46669936335127], [77.11454707281779, 28.466643721593883], [77.11464046796291, 28.4665825763552], [77.11472916132587, 28.46651618664898], [77.11481277202094, 28.466444835180017], [77.11489094790855, 28.46636882281634], [77.11496335661202, 28.466288474117437], [77.11502969180586, 28.466204128647636], [77.11574036340016, 28.465125895958167], [77.11644619127847, 28.464076383199863], [77.11698864884427, 28.463234728933998], [77.11721481319174, 28.462789535235874], [77.11756756543416, 28.462189574910386], [77.11806002905944, 28.4615105627118], [77.11854598259383, 28.46084406602034], [77.11880082116522, 28.46050967688407], [77.11932879519368, 28.45978331358911], [77.11982648342064, 28.4590693587645], [77.12009659964008, 28.45866167394962], [77.12052800747041, 28.457943496550786], [77.12119437774817, 28.456951875777897], [77.12172203826461, 28.45618444621102], [77.12183662107404, 28.455970178027506], [77.12194702492079, 28.4556819649167], [77.1220104217253, 28.455339574687304], [77.12204828661287, 28.454665732705053], [77.12212112560935, 28.453308543203804], [77.12219850738626, 28.45190830799401], [77.1222809709327, 28.450627365109252], [77.12232346753383, 28.449103528683032], [77.12234582121137, 28.447517933494304], [77.12237575217833, 28.44590595851477], [77.1224072884347, 28.444239046315154], [77.12240909494673, 28.44351801665171], [77.1223284495904, 28.44259056822435], [77.12228935850251, 28.442120856379155], [77.122274535402, 28.440972737689393], [77.12226644966613, 28.4402972235673], [77.12218944607997, 28.43928138301755], [77.12215586974959, 28.438952442428224], [77.12212882057808, 28.438138752662137], [77.12211815577902, 28.4375707122155], [77.12213578970807, 28.437363209924182], [77.12221520167749, 28.437119886512768], [77.12232602413914, 28.436907586904457], [77.12250005565745, 28.43669573317945], [77.12269913040926, 28.43652073397615], [77.12345183776895, 28.436226134978632], [77.12414305724413, 28.436215345304305], [77.12464330477134, 28.43637942975621], [77.12504089462452, 28.436812505794325], [77.12531155522299, 28.437381258872534], [77.12559252668427, 28.438465532994872], [77.12591021498619, 28.439224543545787], [77.12641391743401, 28.43956046053394], [77.12734506344682, 28.43966049978313], [77.12829169461848, 28.439454700681274], [77.12914923986344, 28.439116594517056], [77.1298509822038, 28.438551730035815], [77.13012261208448, 28.43808909371718], [77.13145114672785, 28.437533506910103], [77.1326781951003, 28.436654411250288], [77.13422511108753, 28.4353409514629], [77.13526146598979, 28.43449506581173], [77.13690956821064, 28.433179989831835], [77.13844456085911, 28.43195023333698], [77.14023927711749, 28.430543287357704], [77.14273834711877, 28.428576126675786], [77.14441760471031, 28.427141105090673], [77.14620058627612, 28.425829766901167], [77.14828061465525, 28.42418545059835], [77.14864375142231, 28.423779827587726], [77.14901785212746, 28.423248691297356], [77.14941412415209, 28.422478464600736], [77.14974326327895, 28.42206143955395], [77.15008059683782, 28.42171590595688], [77.15084661453507, 28.42120244759919], [77.15139304265443, 28.420847637636218], [77.15171253387513, 28.42062175290396], [77.15223340761956, 28.4203389667212], [77.1529238509503, 28.42009527471646], [77.15414240575173, 28.419926782593098], [77.15564417151451, 28.41974185627937], [77.15631580591983, 28.41957006827098], [77.15683581458667, 28.419245499429977], [77.15719757064315, 28.418774223135973], [77.1572985358912, 28.41842645082944], [77.1573289869827, 28.417930582396234], [77.15701255542386, 28.415309458253454], [77.15711472800767, 28.415021350850697], [77.15737899080467, 28.414736644009526], [77.15780775938471, 28.414574666367674], [77.15799033657632, 28.414589677344427], [77.16014128964208, 28.415128536737402], [77.16070636229513, 28.41503004104711], [77.16111378959899, 28.41481467661117], [77.16183339224386, 28.414015409378873], [77.16218343067578, 28.413633835189707], [77.16274990380238, 28.413272695635627], [77.16356886101597, 28.413044817112652], [77.164585584136, 28.412915251753436], [77.16528463781877, 28.41276686036898], [77.16655239963653, 28.412036439914168], [77.16838111443343, 28.410676352956486], [77.16947902549224, 28.409894895584276], [77.17002265446115, 28.409408753229698], [77.17026716510169, 28.408819945536084], [77.17013333768394, 28.407222526648695], [77.17006451056348, 28.406495469570665], [77.17018913204622, 28.405986163174777], [77.1704355830478, 28.40549281953046], [77.17095808992944, 28.40496523180575], [77.17172017929397, 28.404600938374017], [77.17340363740779, 28.40440098947394]], [[77.09402268500644, 28.47879472498549], [77.09386506930164, 28.478878101024314]], [[77.0936811850613, 28.479144219945276], [77.09386621195868, 28.478878101024314]], [[77.09112508192095, 28.48093931618717], [77.09144466926138, 28.48064574978385], [77.09206094408898, 28.48024472639236], [77.09220544618728, 28.480173267333793], [77.09274972284152, 28.479821097436524], [77.0936807323104, 28.47914832671108]]]}}, {"type": "Feature", "properties": {"objectid_1": 170, "OBJECTID": 165, "rd_name": "Mahavir Chowk to CRPF Chowk (Mata Masani Road)", "maintain": "MCG", "st_length_": 1904.90107328, "join_count": 5, "target_fid": 164, "type": "MCG", "lengthdoc": 2180, "road_id": 92, "remarks": "Road is in good condition and Motorable", "start_pt": "Mahavir Chowk", "end_pt": "CRPF Chowk", "width": 30, "asset_id": 88, "ward": "5", "sector": "14", "zone": "2", "Shape.STLength()": 1904.9010732774086, "_source_layer": "road_network", "_asset_class": "road", "_owning_agency": "see `maintain` / `owner`"}, "geometry": {"type": "LineString", "coordinates": [[77.03326455584325, 28.463576016403014], [77.03342629571351, 28.465014877681266], [77.03402095168552, 28.469542208386613], [77.03446725268498, 28.473374607484157], [77.03510667889412, 28.478530811369357]]}}, {"type": "Feature", "properties": {"objectid_1": 170, "OBJECTID": 166, "rd_name": "Mahavir Chowk to Kapashera Border via Atul Kataria Chowk (Old Delhi Road)", "maintain": "MCG", "st_length_": 8718.62817929, "join_count": 9, "target_fid": 165, "type": "MCG", "lengthdoc": 7600, "road_id": 91, "remarks": "Special repair of road is in progress", "start_pt": "Kapashera Delhi Border", "end_pt": "Mahavir Chowk", "width": 60, "asset_id": 87, "ward": "5", "sector": "14", "zone": "2", "Shape.STLength()": 8718.628179285757, "_source_layer": "road_network", "_asset_class": "road", "_owning_agency": "see `maintain` / `owner`"}, "geometry": {"type": "LineString", "coordinates": [[77.03293130692397, 28.463240988331627], [77.03340748319484, 28.463719707165453], [77.03391405396334, 28.464213503581423], [77.03537450979944, 28.46584379159049], [77.036984850439, 28.46767952894345], [77.03819186368568, 28.4690509559698], [77.04005287381537, 28.47113119101244], [77.04159744789466, 28.472910552898355], [77.0432941319044, 28.474869057282145], [77.04508405654904, 28.476895370973114], [77.04683535722975, 28.478876878703666], [77.04839092129824, 28.480653599982695], [77.05002254482349, 28.482448254457562], [77.0516330291935, 28.484264692746066], [77.0535254947312, 28.486406319409262], [77.05518415305495, 28.488331805176983], [77.05697588061837, 28.490427152583084], [77.05814013136256, 28.491935112065992], [77.05854225591129, 28.492325339481763], [77.05930137185223, 28.49314706063582], [77.06114949115765, 28.4952152282024], [77.06285198277565, 28.497156656246183], [77.06455425969635, 28.499083738005826], [77.06633322309791, 28.501198237876853], [77.06805626727132, 28.503074817727427], [77.06950764383485, 28.504738254337333], [77.07079890198716, 28.506227443253383], [77.07163145250766, 28.507200764927628], [77.07214470853849, 28.507878133514332], [77.07282033505695, 28.508841901775675], [77.07321904061772, 28.509327629672494], [77.07372859558959, 28.51009099541004], [77.07407951437047, 28.51062042527884], [77.07430678903569, 28.511046693436384], [77.0745278293928, 28.51156855557097], [77.0747424378125, 28.512037991054232], [77.0749173505781, 28.51241253371017], [77.0750814952384, 28.512651158351822], [77.0753493486016, 28.51294072052771], [77.07581004420518, 28.513415942976195], [77.07656269047945, 28.514168419264813], [77.07719080240759, 28.51477238541998], [77.07792627109697, 28.51547497923337], [77.07893999653892, 28.516307006397977], [77.07965116759652, 28.517009961760436], [77.08033306255902, 28.517873318391327]]}}, {"type": "Feature", "properties": {"objectid_1": 81, "OBJECTID": 167, "rd_name": "HUDA", "maintain": "HUDA-VI", "st_length_": 1630.32740675, "join_count": 6, "target_fid": 166, "type": "HUDA", "lengthdoc": 1010, "road_id": 37, "remarks": "Road is in good condition and Motorable", "start_pt": "Bakhtawar Chowk", "end_pt": "Subash Chowk", "width": 60, "asset_id": 34, "ward": "29", "sector": "48", "zone": "4", "Shape.STLength()": 1630.3274067503658, "_source_layer": "road_network", "_asset_class": "road", "_owning_agency": "see `maintain` / `owner`"}, "geometry": {"type": "LineString", "coordinates": [[77.03700939959907, 28.42865095120619], [77.04033146024959, 28.42941709855091], [77.04331540221372, 28.4300957369788], [77.04511128628192, 28.43050805767666], [77.04540056895627, 28.43066367140896], [77.04571150731712, 28.4309622088877], [77.04780375098747, 28.433158265299166], [77.04924318894088, 28.434639303237883]]}}, {"type": "Feature", "properties": {"objectid_1": 102, "OBJECTID": 168, "rd_name": "Dividing Road Sec 99/102", "maintain": "HUDA", "st_length_": 1299.69547627, "join_count": 3, "target_fid": 167, "type": "HUDA", "lengthdoc": 1080, "road_id": 150, "remarks": " ", "start_pt": "Sec 99", "end_pt": "NPR", "width": 75, "asset_id": 141, "ward": "28", "sector": "31", "zone": "4", "Shape.STLength()": 1299.6954762667904, "_source_layer": "road_network", "_asset_class": "road", "_owning_agency": "see `maintain` / `owner`"}, "geometry": {"type": "LineString", "coordinates": [[77.0476756943471, 28.446377444943913], [77.04811256752767, 28.445834948571047], [77.04847424543071, 28.445501823924324], [77.04861701378051, 28.445130628323465], [77.05085370654857, 28.444378718432883], [77.05112020615064, 28.44419787977771], [77.05151099935037, 28.44344382821725], [77.05171354698906, 28.443521703007633], [77.05195273061997, 28.44361366439553], [77.0522624571535, 28.44373274686893], [77.05255365683266, 28.44384470690952], [77.05284616086557, 28.443957167611515], [77.0530896815627, 28.444050796042756], [77.05330526555277, 28.44412790342014], [77.05352112802062, 28.44422003963249], [77.05372698954436, 28.444307907301205], [77.05393748817166, 28.44439775431225], [77.05411327140474, 28.444411115759785], [77.05430362890505, 28.44440159782175], [77.0545073102176, 28.44439398347069], [77.05485376077827, 28.44437494838052], [77.05514310274143, 28.44435591249706], [77.0553772414337, 28.44435591249706], [77.0556361260171, 28.44436162247258], [77.0560739478186, 28.44436733402753], [77.05636329068004, 28.444380658355026], [77.05665643970335, 28.44438256194307], [77.05690580753465, 28.444386369119098], [77.05728652073854, 28.44439398268083], [77.05755193158252, 28.444397306455713]]}}, {"type": "Feature", "properties": {"objectid_1": 52, "OBJECTID": 169, "rd_name": "Outer Road of Sec 99A", "maintain": "HUDA", "st_length_": 4823.73935508, "join_count": 6, "target_fid": 168, "type": "HUDA", "lengthdoc": 4220, "road_id": 149, "remarks": " ", "start_pt": "Sec 99A", "end_pt": "Sec 99A", "width": 75, "asset_id": 140, "ward": "24", "sector": "37 D", "zone": "1", "Shape.STLength()": 4823.739355080014, "_source_layer": "road_network", "_asset_class": "road", "_owning_agency": "see `maintain` / `owner`"}, "geometry": {"type": "MultiLineString", "coordinates": [[[76.94707340250947, 28.444508347964334], [76.94707332076281, 28.44450925947388]], [[76.94707332076281, 28.44450925947388], [76.94755118676471, 28.444754704061303], [76.95039444626711, 28.44636711837051], [76.95327280743923, 28.44794458436318], [76.9563285247945, 28.449642634130182], [76.9584543169475, 28.45083256195328], [76.9593477058706, 28.45132998697105], [76.95935510529358, 28.451334105875354], [76.96102324533516, 28.452262900079607]], [[76.94707332076281, 28.44450925947388], [76.94706864593005, 28.444541284732328], [76.94705451363401, 28.444638113194344], [76.9470199832928, 28.444874693597004], [76.94699141417182, 28.44507043901598], [76.94697485462785, 28.445183893644085], [76.94696397333486, 28.445258448144788], [76.94696016357973, 28.445284542089162], [76.94689810975652, 28.445709705182015], [76.94682963836892, 28.44617882449435], [76.94676611130866, 28.44661408306458], [76.946625129708, 28.447580009142502], [76.94635088662815, 28.449458966606933], [76.94579897429401, 28.45324034677524], [76.9455666735548, 28.45483193677118], [76.94528081076676, 28.456963563682237], [76.946755792361, 28.459161320847308], [76.94919991600963, 28.46117777728718], [76.94924001051568, 28.461208338838553], [76.95038612786756, 28.46208199206973], [76.95381658103688, 28.464696927103375], [76.95374369173473, 28.4646120228214], [76.95376822382683, 28.464560683938057]]]}}, {"type": "Feature", "properties": {"objectid_1": 55, "OBJECTID": 170, "rd_name": "Dividing Road Sec 99/102", "maintain": "HUDA", "st_length_": 1561.48742645, "join_count": 4, "target_fid": 169, "type": " ", "lengthdoc": 1080, "road_id": 144, "remarks": " ", "start_pt": "Sec 99", "end_pt": "NPR", "width": 75, "asset_id": 138, "ward": "12", "sector": "99", "zone": "1", "Shape.STLength()": 1561.48742645223, "_source_layer": "road_network", "_asset_class": "road", "_owning_agency": "see `maintain` / `owner`"}, "geometry": {"type": "LineString", "coordinates": [[76.9600688221767, 28.46988741993699], [76.96363801385344, 28.470220544345665], [76.96635059902474, 28.470458491288184], [76.96939630914778, 28.47074402580627], [76.97325103662581, 28.468459743059338]]}}, {"type": "Feature", "properties": {"objectid_1": 120, "OBJECTID": 171, "rd_name": "Dividing Road Sec 101/104", "maintain": "HUDA", "st_length_": 1352.29041936, "join_count": 3, "target_fid": 170, "type": "HUDA", "lengthdoc": 1150, "road_id": 151, "remarks": "Work in Progress", "start_pt": "NPR", "end_pt": "Railway Line", "width": 60, "asset_id": 142, "ward": "14", "sector": "9 B", "zone": "1", "Shape.STLength()": 1352.2904193648772, "_source_layer": "road_network", "_asset_class": "road", "_owning_agency": "see `maintain` / `owner`"}, "geometry": {"type": "MultiLineString", "coordinates": [[[76.98700844504623, 28.468824593739132], [76.98765565785224, 28.468120273442253], [76.98831238920702, 28.467358846127627]], [[76.98322986056834, 28.47313617752278], [76.98348512943275, 28.472849130957677], [76.98703218302762, 28.468826181011917]], [[76.98099556360715, 28.475683892048494], [76.98089800566898, 28.47578335384901]], [[76.98099511444951, 28.475684986484953], [76.98191259079866, 28.474643803543437], [76.98322605350815, 28.47315902068126], [76.98322605350815, 28.47312475594166]]]}}, {"type": "Feature", "properties": {"objectid_1": 147, "OBJECTID": 172, "rd_name": "Dividing Road 102/102A", "maintain": "HUDA", "st_length_": 1834.18712303, "join_count": 3, "target_fid": 171, "type": " ", "lengthdoc": 1640, "road_id": 134, "remarks": " ", "start_pt": "NPR", "end_pt": "Sec 107", "width": 60, "asset_id": 129, "ward": "12", "sector": "102 A", "zone": "1", "Shape.STLength()": 1834.1871230262145, "_source_layer": "road_network", "_asset_class": "road", "_owning_agency": "see `maintain` / `owner`"}, "geometry": {"type": "LineString", "coordinates": [[76.96913769316063, 28.485907008213204], [76.97061295952079, 28.484641134202832], [76.97326843789118, 28.48233781656912], [76.97560792397886, 28.480312419790287], [76.9780292627586, 28.478195650683485], [76.9804962889554, 28.47612456762277], [76.98089223040004, 28.47575908280626]]}}, {"type": "Feature", "properties": {"objectid_1": 145, "OBJECTID": 173, "rd_name": "Dividing Road 103/106", "maintain": "HUDA", "st_length_": 2779.83447179, "join_count": 2, "target_fid": 172, "type": "HUDA", "lengthdoc": 2300, "road_id": 152, "remarks": "660 m complete and Rest in progress", "start_pt": "Sec 103/106", "end_pt": "Sec 103/106", "width": 60, "asset_id": 143, "ward": "11", "sector": "106", "zone": "2", "Shape.STLength()": 2779.8344717872396, "_source_layer": "road_network", "_asset_class": "road", "_owning_agency": "see `maintain` / `owner`"}, "geometry": {"type": "MultiLineString", "coordinates": [[[76.98982220567135, 28.50229966701995], [76.9901838835744, 28.501861846365102], [76.9918209517886, 28.500186705759912], [76.99486666280997, 28.500015384749325], [76.99488569811083, 28.49847349340067], [76.99482859130991, 28.497274246279527], [76.99461919761046, 28.49630342569669], [76.9954948394168, 28.495522962519736], [76.99817887163675, 28.493562286344776], [76.99920679944336, 28.49302928678619]], [[76.98496880312565, 28.507832551417064], [76.98577781958234, 28.507366177455573], [76.98622515903428, 28.507033052611696], [76.98631081878649, 28.506433428083703], [76.9863679255874, 28.506014643835357], [76.98649165773801, 28.505776697283814], [76.98688188859238, 28.505491161976607], [76.98804544583717, 28.504618494610778], [76.98854513281567, 28.504142602567597], [76.98835477531537, 28.503595326748318], [76.98935414927232, 28.50266733669723], [76.98985383625082, 28.50221523899894]]]}}, {"type": "Feature", "properties": {"objectid_1": 140, "OBJECTID": 174, "rd_name": "Dividing Road 114/115", "maintain": "HUDA", "st_length_": 1819.68517016, "join_count": 2, "target_fid": 173, "type": "HUDA", "lengthdoc": 1520, "road_id": 153, "remarks": "Recently acquired on 25-Dec-2016.", "start_pt": "Sec 114/115", "end_pt": "Sec 114/115", "width": 75, "asset_id": 144, "ward": " ", "sector": "115", "zone": " ", "Shape.STLength()": 1819.6851701645162, "_source_layer": "road_network", "_asset_class": "road", "_owning_agency": "see `maintain` / `owner`"}, "geometry": {"type": "LineString", "coordinates": [[77.01260213110875, 28.540753599304125], [77.01241910206454, 28.539300850596156], [77.01293774169889, 28.538594105942334], [77.00995085146404, 28.535750461214505], [77.00815982099327, 28.533003660818665], [77.00539076502831, 28.530683837856213], [77.0043301286639, 28.529307729534235]]}}, {"type": "Feature", "properties": {"objectid_1": 141, "OBJECTID": 175, "rd_name": "Inner road Sec114", "maintain": "HUDA", "st_length_": 654.43459742, "join_count": 1, "target_fid": 174, "type": "HUDA", "lengthdoc": 780, "road_id": 154, "remarks": " ", "start_pt": "Sec 112", "end_pt": "Sec 115", "width": 60, "asset_id": 145, "ward": " ", "sector": "114", "zone": " ", "Shape.STLength()": 654.4345974175646, "_source_layer": "road_network", "_asset_class": "road", "_owning_agency": "see `maintain` / `owner`"}, "geometry": {"type": "LineString", "coordinates": [[77.01237334098566, 28.53802108310594], [77.0142578743994, 28.53312891118016]]}}, {"type": "Feature", "properties": {"objectid_1": 125, "OBJECTID": 176, "rd_name": "Dividing Road 105/110", "maintain": "HUDA", "st_length_": 1179.64009133, "join_count": 3, "target_fid": 175, "type": "HUDA", "lengthdoc": 1050, "road_id": 156, "remarks": "Proposed road", "start_pt": "NPR", "end_pt": "Railway line", "width": 60, "asset_id": 147, "ward": "15", "sector": "3", "zone": "2", "Shape.STLength()": 1179.6400913317782, "_source_layer": "road_network", "_asset_class": "road", "_owning_agency": "see `maintain` / `owner`"}, "geometry": {"type": "LineString", "coordinates": [[77.00833429268606, 28.501610387819127], [77.0090424211498, 28.501050738495], [77.01186350933268, 28.498960619803157], [77.01397647084842, 28.497384464859586], [77.0163978105265, 28.495568460722698]]}}, {"type": "Feature", "properties": {"objectid_1": 126, "OBJECTID": 177, "rd_name": "Dividing Road 110/110A", "maintain": "PWD B&R", "st_length_": 1356.12826203, "join_count": 5, "target_fid": 176, "type": "PWD B&R", "lengthdoc": 235, "road_id": 155, "remarks": "To be Widen by HUDA", "start_pt": "NPR", "end_pt": "Railway line", "width": 60, "asset_id": 146, "ward": "3", "sector": "2", "zone": "2", "Shape.STLength()": 1356.1282620304353, "_source_layer": "road_network", "_asset_class": "road", "_owning_agency": "see `maintain` / `owner`"}, "geometry": {"type": "LineString", "coordinates": [[77.02354190447028, 28.518177528616214], [77.02371389860951, 28.517641045406886], [77.02412673646633, 28.516367323247906], [77.02482385248301, 28.514216527696625], [77.02554619678611, 28.51198789637536], [77.02630170868613, 28.509656929026953], [77.02686581205703, 28.507916512357166], [77.02687848728567, 28.507882187062204]]}}, {"type": "Feature", "properties": {"objectid_1": 94, "OBJECTID": 178, "rd_name": "Between Sec 66/67", "maintain": "HUDA", "st_length_": 520.55146196, "join_count": 2, "target_fid": 177, "type": "HUDA", "lengthdoc": 500, "road_id": 534, "remarks": "RR Policy", "start_pt": "Sec 66/67", "end_pt": "Sohna Road", "width": 60, "asset_id": 157, "ward": "26", "sector": "66", "zone": "4", "Shape.STLength()": 520.5514619639666, "_source_layer": "road_network", "_asset_class": "road", "_owning_agency": "see `maintain` / `owner`"}, "geometry": {"type": "LineString", "coordinates": [[77.0507732696014, 28.388662571320154], [77.05237226721384, 28.389142270849682], [77.05415400730796, 28.38975902702066], [77.05514766977633, 28.390113089990706]]}}, {"type": "Feature", "properties": {"objectid_1": 94, "OBJECTID": 179, "rd_name": "Between Sec 66/67", "maintain": "HUDA", "st_length_": 1306.2668696, "join_count": 2, "target_fid": 178, "type": "HUDA", "lengthdoc": 1485, "road_id": 500, "remarks": "1485 Completed", "start_pt": "Sec 66/67", "end_pt": "Sec 64/65", "width": 60, "asset_id": 156, "ward": "26", "sector": "66", "zone": "4", "Shape.STLength()": 1306.2668695994876, "_source_layer": "road_network", "_asset_class": "road", "_owning_agency": "see `maintain` / `owner`"}, "geometry": {"type": "LineString", "coordinates": [[77.05515909185516, 28.39009024786596], [77.05610706870311, 28.390421468466673], [77.05777459519537, 28.39084786819351], [77.05947257906732, 28.391388481826255], [77.0610220839992, 28.391986202545844], [77.06254113155138, 28.392625801930045], [77.06420865804364, 28.393288243637027], [77.06540219656102, 28.3937793642382], [77.06598468754744, 28.394030635190504]]}}, {"type": "Feature", "properties": {"objectid_1": 161, "OBJECTID": 180, "rd_name": "Road Between Sec 60/63", "maintain": "HUDA-I", "st_length_": 556.58037357, "join_count": 3, "target_fid": 179, "type": "HUDA", "lengthdoc": 750, "road_id": 163, "remarks": "Land Under Section-4 Stay from High Court", "start_pt": "NH-236", "end_pt": "Sec 63/64", "width": 60, "asset_id": 153, "ward": " ", "sector": "64", "zone": " ", "Shape.STLength()": 556.5803735661724, "_source_layer": "road_network", "_asset_class": "road", "_owning_agency": "see `maintain` / `owner`"}, "geometry": {"type": "LineString", "coordinates": [[77.08565577285691, 28.387347855546686], [77.08380166358522, 28.3914327849173]]}}, {"type": "Feature", "properties": {"objectid_1": 97, "OBJECTID": 181, "rd_name": "Dividing Road Sec 58/61", "maintain": "HUDA", "st_length_": 2576.4487038, "join_count": 5, "target_fid": 180, "type": " ", "lengthdoc": 2115, "road_id": 167, "remarks": " ", "start_pt": "Sec 56", "end_pt": "Sec 59/60", "width": 60, "asset_id": 154, "ward": "30", "sector": "61", "zone": "4", "Shape.STLength()": 2576.4487038032275, "_source_layer": "road_network", "_asset_class": "road", "_owning_agency": "see `maintain` / `owner`"}, "geometry": {"type": "MultiLineString", "coordinates": [[[77.10284396143345, 28.39998339472803], [77.10304954717444, 28.398034139987573]], [[77.10119071276436, 28.41826964744002], [77.10136665859253, 28.41474859651819], [77.10141305747527, 28.41395853026475], [77.10145871794285, 28.413399162568396], [77.10152763848808, 28.412786911690706], [77.10162604174093, 28.41189010001219], [77.10175898341981, 28.410828020741228], [77.10176583127722, 28.41077120312504], [77.10187132852589, 28.409895859540352], [77.10195155077572, 28.409230231539098], [77.10201491164761, 28.408703744124875], [77.10215103246433, 28.407572650082926], [77.10236271237618, 28.40557586144649], [77.10245908274156, 28.404029693180995], [77.10249418800453, 28.403346341794137], [77.10281324623725, 28.4002931826502], [77.102828987416, 28.400142542847853], [77.10284055951347, 28.400031803274437], [77.10284056400506, 28.400031760603543], [77.10284562691, 28.399983373392587], [77.10285084432518, 28.399933445265127]]]}}, {"type": "Feature", "properties": {"objectid_1": 164, "OBJECTID": 182, "rd_name": "Dividing Road between Sec 59/60", "maintain": "HUDA", "st_length_": 274.59550043, "join_count": 2, "target_fid": 181, "type": "HUDA", "lengthdoc": 500, "road_id": 168, "remarks": "Land under Section-4 stay from High Court.", "start_pt": "NH-236", "end_pt": "Sec 59/60", "width": 60, "asset_id": 155, "ward": " ", "sector": "63 A", "zone": " ", "Shape.STLength()": 274.5955004339454, "_source_layer": "road_network", "_asset_class": "road", "_owning_agency": "see `maintain` / `owner`"}, "geometry": {"type": "LineString", "coordinates": [[77.10304383568587, 28.39803509219833], [77.10318660313735, 28.396612173936205], [77.10327226378789, 28.395874541860042]]}}, {"type": "Feature", "properties": {"objectid_1": 96, "OBJECTID": 183, "rd_name": "Dividing Road Sec 60/63/63A", "maintain": "HUDA", "st_length_": 885.42486146, "join_count": 5, "target_fid": 182, "type": " ", "lengthdoc": 2060, "road_id": 534, "remarks": " ", "start_pt": "Sec 61/62", "end_pt": "Sec 60/63/63A", "width": 60, "asset_id": 158, "ward": "30", "sector": "62", "zone": "4", "Shape.STLength()": 885.4248614612434, "_source_layer": "road_network", "_asset_class": "road", "_owning_agency": "see `maintain` / `owner`"}, "geometry": {"type": "LineString", "coordinates": [[77.0938107284135, 28.395388832231248], [77.09378697605904, 28.395520939875812], [77.09354306728974, 28.39602366969482], [77.09325080759858, 28.396539077911676], [77.09301602481423, 28.397094189985904], [77.09292631096514, 28.397749732815363], [77.09293773573891, 28.39819362450566], [77.09279712963401, 28.399282079545277], [77.09254061121304, 28.401067066515676], [77.09240196523209, 28.402209755657804]]}}, {"type": "Feature", "properties": {"objectid_1": 121, "OBJECTID": 184, "rd_name": "Dividing Road 4/9A", "maintain": "HUDA-IV", "st_length_": 0.47943968, "join_count": 2, "target_fid": 183, "type": "HUDA", "lengthdoc": 900, "road_id": 19, "remarks": "Road is in good condition and Motorable", "start_pt": "Sec 4/7/9A", "end_pt": "Sec 4/9A/Laxman Vihar", "width": 30, "asset_id": 18, "ward": "15", "sector": "9 A", "zone": "1", "Shape.STLength()": 0.4794396833805062, "_source_layer": "road_network", "_asset_class": "road", "_owning_agency": "see `maintain` / `owner`"}, "geometry": {"type": "LineString", "coordinates": [[77.00545820964152, 28.46891996115175], [77.00546224846703, 28.46892127598102]]}}, {"type": "Feature", "properties": {"OBJECTID": 1, "RoadName": null, "SHAPE.STArea()": 93802.304591855, "SHAPE.STLength()": 9420.574227004738, "_source_layer": "road_polygon", "_asset_class": "road", "_owning_agency": "see `maintain` / `owner`"}, "geometry": {"type": "Polygon", "coordinates": [[[76.99716487131036, 28.44820912962698], [76.99709392865742, 28.44831727394541], [76.9970776233367, 28.448347730216565], [76.9965745434214, 28.448144563974825], [76.99591540458168, 28.447864156892386], [76.99554978487113, 28.447697636993325], [76.99507778756298, 28.447511005744797], [76.99467394543542, 28.447353348968452], [76.9938572483831, 28.447013565132437], [76.99358354159746, 28.446891244801016], [76.99248690165481, 28.446430076172675], [76.99228783408955, 28.44634079563506], [76.99185619090058, 28.44616668833869], [76.99167445273545, 28.446087407179224], [76.99156029393085, 28.44603707900643], [76.99127515698156, 28.44590001719387], [76.99093150287636, 28.445717223075363], [76.99031925519614, 28.445378971056478], [76.98975846660866, 28.44506231919916], [76.98941459061959, 28.444881331638065], [76.98911873856562, 28.444724350228167], [76.98889130489862, 28.444609434639634], [76.98814587119776, 28.44426994292922], [76.98726675740282, 28.44386001230798], [76.98697899467798, 28.443735476678313], [76.98664772834054, 28.443583798378633], [76.98584976565343, 28.443219878733334], [76.9856136596507, 28.443117486638144], [76.98529162799437, 28.44298050161005], [76.98483429388659, 28.442810360310464], [76.98448985465384, 28.442676209775783], [76.98419702273581, 28.442571029653482], [76.98393030484314, 28.44249125291075], [76.98358344195576, 28.442402128605135], [76.9831523395526, 28.44228982422706], [76.98287175706179, 28.442223875029317], [76.98250445031516, 28.442149210175085], [76.98200668213813, 28.44205184626029], [76.98184538064571, 28.442009602253872], [76.9817222997737, 28.44196088193382], [76.98155439476562, 28.44188820662482], [76.98137880826356, 28.4417903803842], [76.9810716670814, 28.441597954337738], [76.98097746974068, 28.441524984939615], [76.98088806940362, 28.44143295380512], [76.98073164216994, 28.441234316961527], [76.98021422244774, 28.440498268204607], [76.97992021733, 28.44005605622955], [76.97982436978414, 28.439935959330157], [76.97965375006726, 28.43976059976038], [76.97962502194447, 28.439732799047846], [76.9795401589979, 28.43968460612605], [76.97939541165954, 28.439617442008323], [76.97877679402565, 28.439381835652444], [76.9783182983962, 28.439182447703207], [76.97819934258798, 28.439136400715455], [76.97805991776768, 28.439082776100083], [76.97786620236486, 28.439024459388868], [76.97765647539042, 28.43896991526039], [76.97721263397821, 28.43886887769966], [76.97658900643998, 28.438744152144345], [76.97620996769577, 28.438655467033257], [76.97587307790462, 28.438577910155384], [76.97548489341249, 28.438483618881165], [76.97530703776602, 28.438424752058808], [76.97513401505577, 28.438358301224895], [76.97499173718613, 28.438289050096866], [76.97479879343614, 28.43818459075613], [76.97445108792901, 28.437983479318433], [76.97388440369832, 28.43767053374823], [76.97318538235494, 28.43728837101585], [76.97191500464307, 28.436609626258086], [76.97090294737261, 28.436072121930216], [76.97029137612382, 28.435741510919485], [76.96974190720725, 28.43544378081076], [76.96891632132517, 28.43499830421272], [76.96825548107628, 28.43463762460836], [76.9677299558553, 28.434354277880715], [76.96655645066704, 28.433705157979404], [76.96595871706688, 28.43336999023504], [76.96537093590173, 28.433048283846137], [76.96505403991392, 28.432875209264004], [76.96481400827336, 28.43272626681583], [76.96463537468587, 28.432603072068673], [76.96443761776258, 28.4324556759784], [76.96426388538325, 28.432313531341478], [76.96384305791032, 28.431987028244833], [76.96338315372252, 28.4316191038695], [76.96259820672557, 28.431011210762207], [76.96209029028077, 28.430643338292406], [76.96164209563268, 28.430313967171287], [76.96123880237577, 28.43005470634394], [76.96113508738465, 28.430004842950627], [76.96117817867052, 28.429935527897026], [76.9612212708547, 28.42986621200807], [76.96133532006485, 28.42992104364173], [76.96175283005945, 28.430189443245354], [76.96220500604086, 28.430521740027963], [76.96271471911624, 28.430890914793103], [76.96350298179487, 28.43150137835318], [76.96396294796645, 28.4318693497457], [76.96438452912591, 28.43219643935688], [76.96455695625315, 28.432337516124516], [76.96474893521251, 28.432480606310676], [76.9649213039492, 28.43259948091727], [76.96515331183767, 28.432743445232102], [76.96546579979238, 28.43291411224335], [76.96605448466268, 28.433236314341148], [76.96665258118222, 28.43357168394649], [76.96782474608409, 28.434220063696824], [76.9683498086727, 28.43450316274132], [76.96901067676933, 28.434863856233047], [76.9698360147164, 28.43530920068749], [76.97038554831168, 28.43560696514212], [76.97099643684086, 28.435937207674293], [76.97200809256438, 28.43647450019647], [76.97327946201632, 28.437153775070517], [76.9739796116437, 28.437536556007817], [76.97454823982866, 28.43785057468479], [76.97489527878585, 28.43805130089522], [76.97508238707975, 28.438152602279118], [76.97521364890906, 28.438216490752836], [76.97537468360184, 28.43827833804468], [76.97554057099377, 28.43833324273128], [76.97591974987522, 28.438425347654732], [76.97625581770785, 28.438502715064978], [76.9766320420303, 28.438590742305927], [76.9772550802737, 28.438715350345102], [76.9777044813592, 28.43881765270173], [76.97792080017119, 28.438873911017073], [76.9781251237792, 28.438935422212335], [76.9782715365941, 28.438991734968916], [76.97839435156479, 28.439039275740303], [76.9788523683922, 28.43923845621332], [76.97947315366085, 28.43947488834156], [76.97963099484282, 28.439548126142256], [76.97974220986823, 28.439611284689796], [76.97978852430936, 28.439656106326883], [76.97996648595701, 28.43983901123775], [76.98007155920084, 28.439970667695672], [76.9803682080605, 28.44041685796496], [76.98088201026701, 28.44114775875472], [76.98103059341167, 28.441336435996696], [76.98110580036723, 28.44141385499068], [76.9811834731983, 28.441474024261932], [76.98147908989365, 28.441659230141408], [76.9816424009174, 28.441750219213876], [76.98179887216851, 28.441817944379007], [76.98190817917227, 28.441861212158585], [76.98205188805817, 28.441898848801255], [76.98254418998668, 28.441995144137877], [76.98291520138558, 28.44207056265384], [76.9832010641736, 28.44213775207027], [76.9836341563451, 28.44225057477534], [76.9839844570851, 28.442340583090875], [76.9842599793659, 28.442422994214354], [76.98456022058836, 28.442530836394273], [76.98490568390052, 28.442665383634743], [76.98536580009075, 28.442836562282746], [76.98569251825788, 28.442975538787447], [76.98593087004885, 28.443078907312046], [76.98673057816254, 28.44344362205922], [76.98706016465042, 28.44359453201011], [76.98734853283976, 28.443719330044413], [76.9882292752803, 28.44413002106818], [76.98897741919838, 28.444470747004452], [76.98920992116021, 28.444588221919357], [76.98950714314502, 28.44474593178944], [76.98985316880254, 28.444928050671027], [76.99041559142552, 28.445245624701766], [76.99102580082835, 28.445582750804444], [76.99136478908397, 28.445763064994228], [76.99164367555551, 28.445897120780046], [76.99175464264592, 28.445946043070624], [76.9919335906438, 28.446024107954287], [76.9923661420295, 28.446198581979004], [76.99256649238899, 28.446288436072408], [76.99366301644898, 28.44674955713735], [76.99393638995961, 28.44687172914046], [76.99474883079417, 28.447209743379602], [76.99515108559861, 28.447366780339106], [76.99562800657283, 28.447555358814697], [76.99599586308841, 28.447722897048767], [76.99665117061345, 28.44800167426872], [76.99716487131036, 28.44820912962698]]]}}, {"type": "Feature", "properties": {"OBJECTID": 2, "RoadName": null, "SHAPE.STArea()": 300.87534995, "SHAPE.STLength()": 70.17122487840508, "_source_layer": "road_polygon", "_asset_class": "road", "_owning_agency": "see `maintain` / `owner`"}, "geometry": {"type": "Polygon", "coordinates": [[[76.99728725778465, 28.44825969213896], [76.99721345489588, 28.448372196326748], [76.99719965767143, 28.44839796487842], [76.9971411890245, 28.448373400833898], [76.9970776233367, 28.448347730216565], [76.99709392865742, 28.44831727394541], [76.99716487131036, 28.44820912962698], [76.99721741736458, 28.448230351099138], [76.99728725778465, 28.44825969213896]]]}}, {"type": "Feature", "properties": {"OBJECTID": 3, "RoadName": null, "SHAPE.STArea()": 290820.597351855, "SHAPE.STLength()": 24760.229880778934, "_source_layer": "road_polygon", "_asset_class": "road", "_owning_agency": "see `maintain` / `owner`"}, "geometry": {"type": "Polygon", "coordinates": [[[77.04041907383757, 28.417337287853677], [77.04038316817568, 28.417448217125806], [77.03989856840238, 28.419076126618133], [77.0396949454803, 28.419723234693308], [77.03942347639808, 28.420721217521216], [77.0394220265172, 28.420726060510365], [77.0393089079617, 28.4210718880744], [77.03917378427496, 28.42161378615788], [77.03917227241034, 28.421619195565224], [77.03899325164895, 28.42219648605404], [77.03884389056329, 28.422741003658032], [77.03848720819153, 28.423967017374377], [77.03834308069071, 28.424440561610005], [77.03807112831485, 28.425378082206226], [77.03798675135685, 28.425658150723454], [77.03758174411438, 28.427027869694015], [77.03734502007069, 28.427867735239666], [77.03722286715838, 28.428271200920594], [77.0370574073645, 28.42889616556909], [77.03705613984161, 28.42890054762232], [77.03684913835576, 28.4295592099491], [77.036724320142, 28.429931486367376], [77.0365917440774, 28.43038117906335], [77.03628739935073, 28.431463680344205], [77.03620126618634, 28.43177849278922], [77.03613985286194, 28.432074348360437], [77.03607239207903, 28.432510974716287], [77.03600196685572, 28.433032621403584], [77.03596674571006, 28.433356637662374], [77.03596602166793, 28.43336193903599], [77.03590081924968, 28.433758515157493], [77.03587640843014, 28.433915937042382], [77.03587565115036, 28.433920198815574], [77.03587434140667, 28.43392586195744], [77.03583325516053, 28.43408237910354], [77.03572145263689, 28.434473282303223], [77.03572004587518, 28.434477794466382], [77.03563842315181, 28.434719442165832], [77.03550605369973, 28.43510902697235], [77.03541163447518, 28.435450628776994], [77.03541038851188, 28.435454783056887], [77.035309514892, 28.43576642467888], [77.03517453044417, 28.436162898576747], [77.03509402073342, 28.436476759395134], [77.03498821087108, 28.436908574312415], [77.03487442756224, 28.43739693331018], [77.03471994158788, 28.438157191697222], [77.03463595000713, 28.438636063600686], [77.0345330515846, 28.439267051704], [77.03448567713144, 28.439669927308632], [77.03444186360011, 28.44014545660786], [77.03438106921493, 28.440681604523633], [77.03434102411619, 28.441028256306314], [77.03433409541043, 28.4412283232452], [77.03434072048564, 28.44136006881174], [77.03433693139176, 28.441590015139504], [77.0342720047563, 28.44233447253412], [77.03413462180663, 28.443970518056492], [77.03405398363682, 28.444737323809335], [77.0340633144377, 28.44485423209349], [77.03411677048533, 28.44497062841517], [77.03419294043486, 28.445066149256807], [77.0342903375746, 28.44514300550678], [77.03441021235938, 28.445192412333135], [77.0344926256002, 28.44521546926547], [77.03458799254739, 28.445241276499736], [77.03409800557735, 28.44516967371124], [77.03399998321018, 28.445155349514362], [77.0336822985015, 28.44514161139526], [77.03343986296927, 28.44514860248915], [77.03340657769306, 28.445149562174926], [77.03318336431124, 28.44515599878319], [77.03303689490247, 28.445183928398134], [77.03316027581181, 28.445126536032976], [77.03325642429328, 28.445066149256807], [77.03335257367311, 28.445000272878], [77.03345246812931, 28.444879499936864], [77.0335124055217, 28.444751040654516], [77.0335586067751, 28.444583055385966], [77.03362513600503, 28.444343577084762], [77.03365390095875, 28.44418439271355], [77.0337344187543, 28.44337965380509], [77.03386881480563, 28.44213751510406], [77.03395741654045, 28.441568357894628], [77.0340003856554, 28.44136547484019], [77.03405617013622, 28.44117675262602], [77.03409726177229, 28.440949840971047], [77.0341307940852, 28.440659555303217], [77.03419135580673, 28.440125557389877], [77.0342350839981, 28.439650832125395], [77.03423534001799, 28.439648386576735], [77.03428310883153, 28.439242155356947], [77.03428371609267, 28.439237832185245], [77.03438716697907, 28.43860347650556], [77.03447157986969, 28.438122180988362], [77.03447204609532, 28.438119710127026], [77.03462710070326, 28.437356654353277], [77.03462769898125, 28.437353910950584], [77.03474206260174, 28.436863073754186], [77.03484839708025, 28.436429115571293], [77.03493012221153, 28.436110503958748], [77.03493232398228, 28.43610311809127], [77.03506808008298, 28.43570439502349], [77.03516779936774, 28.435396303198665], [77.03526241622166, 28.435053986322746], [77.03526412122409, 28.435048445681964], [77.0353973638386, 28.434656292547153], [77.03547817089166, 28.434417059565273], [77.0355887346385, 28.43403052930929], [77.03562796316864, 28.43388104500236], [77.03565173618432, 28.433727756874564], [77.03571664665012, 28.43333294144316], [77.03575171598051, 28.43301031385357], [77.03575202230601, 28.4330077994253], [77.03582287243246, 28.43248308204346], [77.03589100156194, 28.43204207285962], [77.0358918343002, 28.432037430248748], [77.03595445675697, 28.43173573989314], [77.03595590124793, 28.431729728259473], [77.03604302884736, 28.431411285769244], [77.03634791615646, 28.430326863522062], [77.03648136179025, 28.42987420659457], [77.03648247210793, 28.42987068170879], [77.03660727954194, 28.42949846590523], [77.03681301709821, 28.42884379421261], [77.03697834034813, 28.428219345909117], [77.03697929885053, 28.428215967116596], [77.03710140774542, 28.42781267739385], [77.03733795122771, 28.42697343551174], [77.03774345523857, 28.42560202126369], [77.03782767768634, 28.425322471636427], [77.03809972079203, 28.42438464560004], [77.03824387973388, 28.42391099446111], [77.03859979135112, 28.422687636185287], [77.03874917489469, 28.42214301876222], [77.0387500992611, 28.42213985387564], [77.03892877506945, 28.421563674665528], [77.03906408650404, 28.42102102420275], [77.03906606818757, 28.42101413896084], [77.03917951372985, 28.42066731021786], [77.03945083279342, 28.41966987834025], [77.03945193772122, 28.419666111357774], [77.03965569539059, 28.41901859289241], [77.04014053591239, 28.417389907454865], [77.04017426046478, 28.417285700061424], [77.04031551066173, 28.416805116635942], [77.04042443857644, 28.416411195658252], [77.04100099619042, 28.41451913624348], [77.04156181082904, 28.41257063327888], [77.04202364729301, 28.41101668171449], [77.04262779306768, 28.408967440906352], [77.04324127682972, 28.406819902074343], [77.0436903590133, 28.405250751914483], [77.04423865203516, 28.403179917786037], [77.04465998076805, 28.40160481573805], [77.04482413441148, 28.400958568900357], [77.04510276486316, 28.400034376170545], [77.045163427196, 28.399837815735403], [77.04520729193129, 28.399695684993215], [77.04541378766565, 28.39897072326231], [77.04585814740578, 28.397237773485053], [77.0460295396738, 28.396567097796932], [77.04646361370392, 28.394859742526638], [77.04660684109281, 28.394332376073805], [77.0466083619406, 28.3943275374096], [77.04671715420972, 28.394023674701135], [77.04671829596843, 28.394020715228642], [77.0467195634913, 28.394017846634366], [77.04688275324244, 28.3936709160596], [77.04688645519971, 28.393664096210937], [77.04703604535578, 28.393422440952172], [77.04703703170595, 28.3934208936411], [77.04704031864159, 28.39341629912277], [77.04768229696442, 28.392590707412626], [77.04841681164301, 28.391654967077603], [77.04918304763092, 28.390684491600013], [77.0494324972089, 28.39034339339961], [77.04943370723959, 28.390341787563315], [77.04955473456286, 28.390185751844218], [77.0498336147462, 28.389791347809993], [77.05029104048212, 28.38906662575192], [77.05151601464462, 28.387172012150664], [77.0521205152538, 28.386202813072366], [77.0521216803687, 28.38620101196814], [77.05236736510734, 28.38583910635859], [77.05250149795232, 28.385614893560298], [77.05282053552376, 28.385017855313293], [77.05293377175859, 28.38476405690816], [77.05310626356452, 28.384375184690498], [77.0533239639854, 28.383674603978314], [77.05358378371504, 28.382864251409938], [77.05398902990937, 28.381493178130288], [77.05437003147252, 28.380300770869084], [77.0548540617139, 28.378795911938187], [77.05500084193974, 28.378322392083753], [77.05500135397946, 28.378320812937755], [77.05549361368719, 28.37686595661263], [77.0559499228172, 28.375504901366916], [77.05603810054718, 28.375234444934815], [77.05638273740931, 28.374124331204083], [77.05688341522954, 28.37262793525281], [77.05711182985684, 28.37194844098458], [77.05754700342489, 28.37062503125183], [77.05804739288591, 28.36913904256523], [77.05818881196613, 28.36870113376275], [77.05861862977845, 28.3674181124024], [77.05878714833584, 28.366911077342913], [77.05917604429372, 28.365707396284822], [77.05948082649994, 28.36477831790778], [77.05982857602451, 28.36375776356566], [77.05982880239995, 28.363757086921748], [77.06018173879698, 28.36268267528397], [77.06048992561813, 28.361542421709512], [77.06063111562796, 28.36103257999679], [77.06083402079616, 28.360247262656287], [77.06083466129495, 28.360244959935574], [77.0610676977544, 28.35946431892196], [77.06139059358999, 28.358328308234775], [77.06144887089575, 28.3581242602136], [77.0615978079766, 28.357615553866474], [77.0617486593673, 28.357123486346087], [77.06174922530593, 28.357121729807833], [77.06194196154509, 28.356551653339434], [77.06218960011944, 28.355813201111104], [77.06245180577447, 28.354980035846925], [77.06259942502679, 28.354532871472514], [77.06260087580597, 28.354528914026375], [77.06265603505938, 28.35439221286879], [77.06265697829043, 28.354390015953648], [77.06275214760826, 28.354179185407638], [77.06275302705892, 28.35417731498241], [77.0628202758394, 28.354039869469972], [77.06282123613843, 28.35403798323142], [77.06289554208381, 28.35389749472983], [77.06289681679318, 28.353895194242988], [77.0629208206759, 28.353853773613412], [77.06301267790526, 28.353687669571926], [77.06301423648229, 28.353684995151877], [77.06313744761002, 28.353484218191053], [77.0631385687075, 28.35348245289654], [77.06313980928093, 28.353480624358113], [77.06323208332859, 28.353349220903343], [77.0632345536956, 28.353345914035273], [77.06347891341922, 28.353037680748447], [77.06377757899666, 28.352646134792437], [77.06384470560627, 28.35268578979484], [77.06391183221587, 28.352725444782447], [77.06361235905297, 28.35311803950729], [77.06336846196176, 28.353425697831838], [77.06327859989061, 28.353553666261572], [77.06315731654749, 28.353751301459795], [77.063065547353, 28.353917233062862], [77.06304152550398, 28.353958697938214], [77.06296832987633, 28.354097087465032], [77.06290199558079, 28.354232662479166], [77.06280780183337, 28.354441332369767], [77.06275404574846, 28.354574561411386], [77.06260734996422, 28.355018916041946], [77.06234505627431, 28.35585235531517], [77.06209699549177, 28.356592080016764], [77.06190450269605, 28.35716143689398], [77.06175416334504, 28.35765182359857], [77.06160555145433, 28.358159423052932], [77.06154743494702, 28.358362912904994], [77.06122431812582, 28.35949969475335], [77.06099139126088, 28.36027997662079], [77.0607885022624, 28.36106521546056], [77.06064713887768, 28.361575695730902], [77.06033860261189, 28.362717245334448], [77.06033761626173, 28.36272054005341], [77.05998393426302, 28.363797214428], [77.05998391450008, 28.363797275294313], [77.0599836881246, 28.363797951937972], [77.05963596465116, 28.36481843000908], [77.05933149056709, 28.36574657608607], [77.05894251465917, 28.36695050173865], [77.05877377691284, 28.367458195840303], [77.05834415313664, 28.36874063100384], [77.05820268464906, 28.369178692987038], [77.05770217661042, 28.37066503680749], [77.05726701831374, 28.37198839940696], [77.0570385003802, 28.372668201677428], [77.0565382896839, 28.37416317356049], [77.0561937938573, 28.3752728521724], [77.0561051858343, 28.375544635561404], [77.05564864583724, 28.3769063802937], [77.05515659813192, 28.37836061009683], [77.05500986821171, 28.37883395985332], [77.05452565561237, 28.38033939045655], [77.05414511668158, 28.381530324881112], [77.0537398444361, 28.382901483826394], [77.05347975161861, 28.383712710207693], [77.05326111335656, 28.384416312843946], [77.0532590993337, 28.384421883004613], [77.05325844356355, 28.384423413850364], [77.0530843464682, 28.384815903953115], [77.05297008435733, 28.385072001254812], [77.05296799218102, 28.385076274477402], [77.05264705287611, 28.385676871154896], [77.05264543141702, 28.385679736813625], [77.05250944085604, 28.385907053800036], [77.0525076100895, 28.385909943952086], [77.0522615624315, 28.386272384355713], [77.05165716962013, 28.387241402610357], [77.05043199693, 28.389136326342957], [77.04997367198048, 28.389862465682125], [77.04997197236793, 28.389864989037672], [77.04969113565394, 28.390262159548488], [77.04968926805644, 28.390264679733406], [77.04956789667841, 28.39042115946983], [77.04931825935255, 28.390762513467717], [77.04931666933449, 28.39076460531404], [77.04854975871181, 28.39173593512317], [77.04781554946041, 28.392671284356794], [77.04717608911531, 28.393493638574274], [77.04703051802183, 28.39372880019884], [77.04687032415217, 28.394069362782243], [77.04676344619293, 28.394367877780365], [77.0466211521536, 28.394891789918265], [77.04618731887196, 28.396598219316342], [77.04601589426463, 28.39726902124303], [77.04557131084398, 28.399002838949233], [77.04557086797455, 28.399004475472463], [77.04536769151515, 28.39971778383671], [77.04523747173157, 28.400263759565092], [77.04506904300568, 28.401009043359227], [77.04490514717875, 28.40165427765642], [77.04448355973108, 28.40323034772695], [77.04393482294144, 28.40530285364313], [77.04348520895522, 28.406873863835663], [77.04287150690259, 28.40902216484366], [77.0422670610906, 28.4110724238468], [77.04180540878126, 28.412625755149033], [77.04124440369982, 28.414574917617283], [77.04066815061472, 28.416465978165718], [77.04056291028425, 28.416846566406292], [77.04053743136784, 28.416938706620783], [77.04041907383757, 28.417337287853677]]]}}, {"type": "Feature", "properties": {"OBJECTID": 4, "RoadName": null, "SHAPE.STArea()": 726715.496406825, "SHAPE.STLength()": 52482.363219758605, "_source_layer": "road_polygon", "_asset_class": "road", "_owning_agency": "see `maintain` / `owner`"}, "geometry": {"type": "Polygon", "coordinates": [[[77.06952078439082, 28.477728528277595], [77.06950235952023, 28.477724477766152], [77.06948351517715, 28.477723598429215], [77.06946479317263, 28.477725915549406], [77.06944673180021, 28.477731362505075], [77.06942985035904, 28.477739782685795], [77.06941463422294, 28.477750933995207], [77.06940152088504, 28.477764495811762], [77.06939088737894, 28.477780078207203], [77.06938303943839, 28.47779723315776], [77.06937820270673, 28.477815467425668], [77.06937651624926, 28.47783425674073], [77.06937802855491, 28.477853060874082], [77.06938269614194, 28.477871339170793], [77.0693903848083, 28.477888566094748], [77.06940087349007, 28.477904246338824], [77.0694138606175, 28.477917929065903], [77.06988402626078, 28.478301006979674], [77.07050114370814, 28.478828856810104], [77.07053518028145, 28.478860740712168], [77.07056416154168, 28.47889728052728], [77.07058745813363, 28.47893768275911], [77.07060456414997, 28.47898107003534], [77.07061510811752, 28.479026500160604], [77.07061886106415, 28.47907298657717], [77.07061574149111, 28.479119519788934], [77.07060581714283, 28.479165089283608], [77.07058930353587, 28.47920870547691], [77.07056655927865, 28.479249421202336], [77.07053807828403, 28.479286352279754], [77.0705044790435, 28.47931869671621], [77.07046649119607, 28.47934575212196], [77.0682501282012, 28.48083828320393], [77.06758404987593, 28.481290688023336], [77.06481644828341, 28.483184209318807], [77.0613330951236, 28.485553685725638], [77.05828550662329, 28.48762004397925], [77.05605182410979, 28.48915810435447], [77.05600087975169, 28.489101147216402], [77.05593635915473, 28.48903701315791], [77.05817523482892, 28.487495375154058], [77.06122324463907, 28.48542872784889], [77.06470628967674, 28.48305945866675], [77.06747394426986, 28.481165900392217], [77.06814056787253, 28.48071312313711], [77.06992841381563, 28.479509160852775], [77.0699607873439, 28.47948550447405], [77.06998959528126, 28.479457615904124], [77.07001428885845, 28.479426026399008], [77.07003439768161, 28.479391337714713], [77.070049538693, 28.47935421064425], [77.0700594234679, 28.479315352430024], [77.07006386370884, 28.47927550329142], [77.07006277483265, 28.479235422324166], [77.070054363673, 28.479191907037766], [77.0700405957437, 28.479149778996273], [77.07002168565566, 28.479109694880627], [77.06999792817439, 28.479072279511577], [77.06996969362534, 28.479038116110154], [77.06993742212128, 28.47900773720656], [77.06951282172415, 28.478644559355008], [77.068770569856, 28.478046767332206], [77.06873479021517, 28.478013401951458], [77.06870386774156, 28.477975491109255], [77.06867837417555, 28.477933735757237], [77.06865878087982, 28.47788890793002], [77.06864545012418, 28.47784183647068], [77.0686386283873, 28.47779339170588], [77.06863844179956, 28.477744469353983], [77.06864489381084, 28.477695973963677], [77.06865786512685, 28.477648802189368], [77.06867711591474, 28.477603826212487], [77.0687022902375, 28.477561877615322], [77.06873292263506, 28.477523732005487], [77.06876844673043, 28.47749009467536], [77.06880820570167, 28.477461587561574], [77.0688514644262, 28.477438737745757], [77.06889742307283, 28.477421967709052], [77.0689452318902, 28.47741158752066], [77.06899400691832, 28.477407789104838], [77.06911109243414, 28.47739272781942], [77.07110505681914, 28.477700431175546], [77.07116130939512, 28.47770867477091], [77.07121814909156, 28.47770992300132], [77.07127470932946, 28.477704156836236], [77.07133012779045, 28.47769146418671], [77.07138355956371, 28.47767203856509], [77.07143419002753, 28.477646176134744], [77.07148124726898, 28.477614271194724], [77.07152401385254, 28.4775768101683], [77.07156183775814, 28.477534364186926], [77.07159414232187, 28.47748758038276], [77.0716204350278, 28.47743717202249], [77.07164031501688, 28.47738390763284], [77.07165347919843, 28.477328599283616], [77.07180736958976, 28.475702396392975], [77.0721955540819, 28.47298421685443], [77.07256120613178, 28.470618053838216], [77.07294881390551, 28.46788055626572], [77.0733100696004, 28.465378655978416], [77.07368431044272, 28.46273503416422], [77.0738873287986, 28.460985016127804], [77.07393710085522, 28.458946317111266], [77.07214575507581, 28.45829905797275], [77.07204522012078, 28.45829848776125], [77.07184274075408, 28.45829848776125], [77.07152841484626, 28.458351044346834], [77.07118744939869, 28.458506745062575], [77.07086045904204, 28.45874818623109], [77.0706928154437, 28.458877895288328], [77.07037326762917, 28.459147382369256], [77.06952082930657, 28.459798509273927], [77.06864341602248, 28.460471505096308], [77.06668993870733, 28.46198458490803], [77.06406943983582, 28.46400422298565], [77.06200529097596, 28.465602679356493], [77.06031137287901, 28.466877840216572], [77.05898383626393, 28.467834678924124], [77.05859702439756, 28.46813979623621], [77.05820707471585, 28.46860415290608], [77.05736201605336, 28.469117345662827], [77.05723463584437, 28.46939240707203], [77.05717796113312, 28.469619105280437], [77.05711544737248, 28.47029113675454], [77.0570642434013, 28.470649568955185], [77.0569683069222, 28.471042901841148], [77.05687191499729, 28.471357783622818], [77.05669878538752, 28.47176816434084], [77.0564213928143, 28.472291064049116], [77.05623867907876, 28.4725731499076], [77.0561511238813, 28.472694871968685], [77.05610141021516, 28.472869674694962], [77.05575281268095, 28.4734339783892], [77.05552051643329, 28.47378022509024], [77.0550761225572, 28.473584906334917], [77.05508456672085, 28.473410474350043], [77.05399404969519, 28.472992793317314], [77.05357028473125, 28.4728144673402], [77.05272381032387, 28.4724819907353], [77.05219113630986, 28.472281523351835], [77.05161203466699, 28.472075110210465], [77.05088347492044, 28.471820114082266], [77.05021725106808, 28.471573152204854], [77.04981370897782, 28.471434795276508], [77.04929385841449, 28.471228014073933], [77.04870207525475, 28.470966708001928], [77.04796897272779, 28.47064513809251], [77.04736489522509, 28.470385424145647], [77.0469938928094, 28.47019992270481], [77.04626934044731, 28.46983189594138], [77.04589689264229, 28.469640848382884], [77.04548615414834, 28.469402541872284], [77.04507074800811, 28.469135221778053], [77.04342172321748, 28.468096450764225], [77.04260087325356, 28.46761921269622], [77.0410764906069, 28.46677956090444], [77.04059130692868, 28.466526421227982], [77.03918569413901, 28.465730610259435], [77.03835565620638, 28.46526204125995], [77.03782500609667, 28.46497966106107], [77.03695882804185, 28.464613857339614], [77.03650499736369, 28.464465705082276], [77.0361269189185, 28.46436343622413], [77.03513910897416, 28.464143896635125], [77.03451109136915, 28.46389589807144], [77.03406953976263, 28.46373303537208], [77.03373878636319, 28.463630824244703], [77.03349846905842, 28.463590267028984], [77.03343263781942, 28.463591795150858], [77.03336346035603, 28.463583322958616], [77.03330827415319, 28.46347779403955], [77.03328392891068, 28.46344738161327], [77.03330691320551, 28.46346003779569], [77.03338173298724, 28.46346378900383], [77.03345182403726, 28.463465790964328], [77.03354406664391, 28.463478369751208], [77.03421271864251, 28.46365280075895], [77.03499942004919, 28.46395596926011], [77.03518889360721, 28.464014125334188], [77.03545215568103, 28.46408041315849], [77.03591066029361, 28.46417784602893], [77.03616981706655, 28.46423351593525], [77.03655643310023, 28.464322437835182], [77.03702563215626, 28.464475607387534], [77.03790634225746, 28.464847547694063], [77.03844597641829, 28.4651347099736], [77.03927801400074, 28.465604408825833], [77.04068110072787, 28.466398789797378], [77.04116537081941, 28.466651454377654], [77.042693274862, 28.467493046685448], [77.04351854184215, 28.467972852619518], [77.04517086794148, 28.469013704093094], [77.04558362944147, 28.469279324303958], [77.0459869810889, 28.46951334390458], [77.04635504691196, 28.46970214505004], [77.04707878180712, 28.47006975689449], [77.04744465933413, 28.47025269527143], [77.04804457224716, 28.47051061935055], [77.0487784850545, 28.4708325442325], [77.04936737563901, 28.471092573738364], [77.04987994805194, 28.471296460277717], [77.05028143210187, 28.47143411221331], [77.05094821021474, 28.471681278939393], [77.05167567222004, 28.47193589162561], [77.0522567968689, 28.472143026001476], [77.05279221613443, 28.47234452810448], [77.05364196130779, 28.472678288338123], [77.05406501031442, 28.4728563128958], [77.05525977233724, 28.47331392177116], [77.05537348737413, 28.473359774623365], [77.05537645091624, 28.473360399239713], [77.05583693541571, 28.47285093137761], [77.056092309383, 28.472495899026885], [77.05626963771842, 28.472222127319604], [77.05654116698777, 28.471710278651784], [77.05670914475938, 28.471312108367], [77.05680234497011, 28.471007657222387], [77.05689581108214, 28.470624447832872], [77.05694563613939, 28.470275667770753], [77.05700878770388, 28.469596787284893], [77.05707036541993, 28.469350474858604], [77.05711012036285, 28.469254402646097], [77.05721024119453, 28.469047701672633], [77.05758901044418, 28.468516153018808], [77.0576999999925, 28.468392102872002], [77.05788621356434, 28.468222225156797], [77.05829101239767, 28.46798448560592], [77.05888912957846, 28.467708912756912], [77.06020174517667, 28.466762827881176], [77.0618933680781, 28.46548939273537], [77.06240046076778, 28.46509670727597], [77.06304886294322, 28.464541972314958], [77.06392712423693, 28.46386185066118], [77.0665476150236, 28.461842215391034], [77.06850128637488, 28.460328985067985], [77.0693792593094, 28.459655557131143], [77.07022785643579, 28.459007364098973], [77.07054690658367, 28.45873829523567], [77.07071989515794, 28.458604450011414], [77.07127637812025, 28.458193559317234], [77.07158694098533, 28.45809322327097], [77.0713759159453, 28.4580153023478], [77.07120510219235, 28.457837823001253], [77.06992560927529, 28.45642619595934], [77.06976024021128, 28.456242631044336], [77.06853268069742, 28.45491991330169], [77.06769950764445, 28.45400580426127], [77.06678911720628, 28.453007466373656], [77.06585272682885, 28.45202591918313], [77.06455931182151, 28.450680198787264], [77.06421426712424, 28.45033515434121], [77.06278338023405, 28.448844746729556], [77.06163646338159, 28.44765261972252], [77.06062718010872, 28.446600491257957], [77.0598159331352, 28.4457416637287], [77.05880244215356, 28.444692486948153], [77.05791201856921, 28.44375683016737], [77.05700181677726, 28.442791968689484], [77.05635051484005, 28.442143044315152], [77.05559090302907, 28.441362001680226], [77.0543272590886, 28.44006980290816], [77.05304930588393, 28.438746634049902], [77.05160504128251, 28.437257161922616], [77.05034884527404, 28.435960521772444], [77.0495458735809, 28.435138490142798], [77.04899228858369, 28.43453738707348], [77.04839332788485, 28.43394793390984], [77.04777111878647, 28.433292349697574], [77.046626757641, 28.432102786214926], [77.04579668018249, 28.43123465365061], [77.04538013138523, 28.430808744317936], [77.04527467276415, 28.430728596898568], [77.04516584635904, 28.43066371880734], [77.04502035341898, 28.430602570141016], [77.04482400325745, 28.430551251084122], [77.04388132197806, 28.43034466877827], [77.04238866243738, 28.429997095637066], [77.04130284539724, 28.429747620303903], [77.04063476293055, 28.429607844342154], [77.04014738736305, 28.42958024477715], [77.03955641807697, 28.42944073718825], [77.03837501400243, 28.42917925989643], [77.03633812811313, 28.428721854975915], [77.03372712712913, 28.4280887413189], [77.03338637368398, 28.427944716952556], [77.03243632532097, 28.427725342702107], [77.03073861633351, 28.427296749053408], [77.02919940339983, 28.42691848938088], [77.0279267475604, 28.42660210933299], [77.02719431607497, 28.426425477878276], [77.02684857518337, 28.42637246381523], [77.02668372085398, 28.426355111353725], [77.02591022019037, 28.426380893958363], [77.02503978142614, 28.42640705575902], [77.02468451569759, 28.426420718890345], [77.02458118159213, 28.426436378361398], [77.02445198319306, 28.426474961385846], [77.02411239935438, 28.426660602741002], [77.02339039910603, 28.42704668117521], [77.02234900285839, 28.427602947139256], [77.0221418881848, 28.427750157229433], [77.02161089132544, 28.428302625171575], [77.02152847898294, 28.42840774205936], [77.02135336589303, 28.428614472713758], [77.02125552318891, 28.42871231587671], [77.02028999326029, 28.42936560907288], [77.01958036011845, 28.429829966188365], [77.01785781810325, 28.430964845020053], [77.01648486626068, 28.431871421031236], [77.01528597019093, 28.432661170340978], [77.01453076910799, 28.43316836565515], [77.01343360095592, 28.434024840104712], [77.01298613843481, 28.4343208758228], [77.01072606431654, 28.435820437253128], [77.00975774332235, 28.436231569706926], [77.00929804574706, 28.436506076047813], [77.00824721898557, 28.437124208981082], [77.00700858144764, 28.437915889934313], [77.00645931195706, 28.438266945083644], [77.00562798224706, 28.438720612744508], [77.00495564535917, 28.439198824893225], [77.0031015136296, 28.440534083824396], [77.00243662108046, 28.440987635917146], [77.00217151117214, 28.44119925908746], [77.00192020477647, 28.441481096957112], [77.00145610904954, 28.441990414286145], [77.00074476821035, 28.44278026263116], [77.0001612998569, 28.443428030664762], [76.99966694527795, 28.443950768844203], [76.99955013195168, 28.444124844244065], [76.99927553583393, 28.44465272971266], [76.99867555914051, 28.445797924680583], [76.99809934288636, 28.446836067318188], [76.99764727200781, 28.447642655023202], [76.997408365058, 28.448075078351458], [76.99728725778465, 28.44825969213896], [76.99721741736458, 28.448230351099138], [76.99716487131036, 28.44820912962698], [76.99728925114628, 28.448019526310635], [76.99752623570139, 28.447590585188955], [76.99797836137714, 28.446783899145075], [76.99855380328351, 28.44574715088881], [76.99915307390114, 28.444603303677358], [76.99943051408506, 28.444069949672222], [76.9995564048873, 28.443882346795778], [77.00005666588925, 28.443353362711118], [77.00063913441775, 28.442706704795853], [77.0013507106156, 28.44191659207867], [77.00181460332324, 28.44140749872375], [77.0020725033531, 28.44111826724171], [77.00234990940105, 28.440896827864943], [77.00301751396401, 28.44044142622705], [77.00487058478322, 28.439106929179356], [77.0055497803083, 28.438623838899183], [77.00638407356045, 28.438168553073417], [77.00692935722613, 28.437820045088223], [77.00817011658474, 28.437027007115752], [77.00922273368859, 28.43640781984787], [77.00950408962883, 28.43623980869127], [77.01046447041425, 28.435499219385783], [77.01271585423044, 28.43400541765414], [77.01331656035589, 28.433607997210377], [77.01439991062225, 28.433017693617256], [77.01515591030747, 28.4325099596187], [77.0163555097581, 28.431719747050938], [77.01772845621078, 28.43081317290033], [77.01945137372176, 28.429678045968302], [77.02015989924084, 28.429214413391396], [77.02110745477896, 28.428573280346946], [77.021185691752, 28.428495043008468], [77.0213532230609, 28.42829726429517], [77.02158603224656, 28.42800031429481], [77.02171442216192, 28.427844763795957], [77.0219718011689, 28.42760209236375], [77.02216094324864, 28.427450778823488], [77.02231810710084, 28.427341283607703], [77.02342405089492, 28.426748041801574], [77.02397167018029, 28.426466889912135], [77.02420111876849, 28.426340439377224], [77.02450610579062, 28.4261828166222], [77.02464076594664, 28.426153542930003], [77.0250278931217, 28.42613865367369], [77.02589922031972, 28.42611246573648], [77.02669616341898, 28.42608590095938], [77.02689298699268, 28.42610661968488], [77.02726108425676, 28.42616306171965], [77.02800867571092, 28.42634334896651], [77.0292820448127, 28.426659906748462], [77.03082185422772, 28.42703831507509], [77.03251725723987, 28.427466326752587], [77.03346393961552, 28.427684924974574], [77.03384386140368, 28.427707310276663], [77.03645339813377, 28.428340070719646], [77.0384853900014, 28.42879637920827], [77.03966917011986, 28.429058382786042], [77.04035118725325, 28.42921852525699], [77.0407824531498, 28.429385427366284], [77.04136820322408, 28.42951768773772], [77.042457213775, 28.429767898293964], [77.04394839828204, 28.43011512696793], [77.04489500879245, 28.43032257079513], [77.0451174433349, 28.430380708238197], [77.04530031607221, 28.430457567257168], [77.04543895307003, 28.430540216729202], [77.04557144109968, 28.430640908335043], [77.04600198025916, 28.431081122328496], [77.04683276559012, 28.431949996347946], [77.04797744743418, 28.433139894118977], [77.0485973164213, 28.43379301384302], [77.04919760303346, 28.434383772859167], [77.04975284811731, 28.43498667786598], [77.05055363331103, 28.435806474370207], [77.05181014911977, 28.43710344580691], [77.05325454757013, 28.43859305833315], [77.0545321369571, 28.43991585074827], [77.05579548086031, 28.441207745711758], [77.05655396528562, 28.441987629929447], [77.05720660661089, 28.442637890950305], [77.05811907305565, 28.443605151898335], [77.05900848603534, 28.44453975080602], [77.06002229681722, 28.44558926005365], [77.06083384203141, 28.44644840318281], [77.061842341075, 28.447499718037985], [77.06298922379152, 28.448691811225892], [77.06441845059507, 28.450180489691693], [77.06476344768161, 28.450525487252925], [77.0660588865933, 28.45187331684317], [77.0664956582642, 28.452331150055915], [77.06686344291455, 28.452716669621427], [77.06699751287746, 28.452857205649245], [77.06790978798111, 28.453857614231158], [77.06874223878857, 28.45477093081086], [77.069970284291, 28.456094174833435], [77.0701363693123, 28.45627853768572], [77.07135531308428, 28.457623363885048], [77.07141339186234, 28.457687441199038], [77.07153988184083, 28.45781886614899], [77.07218529082975, 28.458057183775068], [77.07351527535401, 28.458537741756903], [77.07359763469587, 28.458500370078855], [77.07378945195849, 28.458378307862958], [77.07384219923536, 28.458332216318524], [77.07399918611945, 28.45814906381285], [77.07400822496784, 28.457951391873838], [77.07406333391557, 28.456567546847484], [77.07415111728514, 28.454421229652777], [77.07415461981643, 28.454335573918424], [77.07416626467746, 28.454224951053476], [77.07423967140922, 28.45407249168161], [77.07487324958586, 28.45318452022645], [77.07671983906032, 28.450605005981643], [77.0775616646861, 28.449435008610656], [77.07790420128708, 28.448940235638066], [77.07847964409179, 28.448134614328893], [77.07910461730633, 28.447451504169578], [77.079734674087, 28.446956115311146], [77.08120584592615, 28.44574595661994], [77.08167832023973, 28.445301830627024], [77.08275253194466, 28.44426564286925], [77.08352376526051, 28.44349441038469], [77.08460591088605, 28.442464933950006], [77.08608751935212, 28.441380013611298], [77.08709509223269, 28.440643345007906], [77.08803405538507, 28.4399167101637], [77.0886589818872, 28.439272986288298], [77.08919705297949, 28.438654677909845], [77.0895703434042, 28.438164733034935], [77.08972987072393, 28.437867833630786], [77.08993138260513, 28.437409693720955], [77.09016643039244, 28.436624641219755], [77.09029353032705, 28.43603150437767], [77.090612096283, 28.434015502130283], [77.09097862329197, 28.431935340946332], [77.09115792971762, 28.43087365786895], [77.09114675737042, 28.430043160031726], [77.0913982676837, 28.430040543625843], [77.09140967808443, 28.430888691813873], [77.09122730660702, 28.431968523357494], [77.09086096015943, 28.43404766011696], [77.09054183006147, 28.436067224347962], [77.09041194984107, 28.436673337139787], [77.09017110342856, 28.437477762121265], [77.08996707177305, 28.437944120050126], [77.08978975062413, 28.43827413332102], [77.08940161464102, 28.438783561669425], [77.08885465202408, 28.43941208991049], [77.08821370496717, 28.4400723116393], [77.08725861795372, 28.44081142500167], [77.08624840672118, 28.441550022140014], [77.08477948336522, 28.442625650913605], [77.08371059687327, 28.44364251225371], [77.08293993758092, 28.444413168632785], [77.08186311806669, 28.445451870657635], [77.08138380757383, 28.445902423105032], [77.07990444759089, 28.447119315058057], [77.07928766701177, 28.447604263751444], [77.0786848381673, 28.448263169811455], [77.07811814136019, 28.44905654610978], [77.07777539096018, 28.449551628942135], [77.07693255922126, 28.45072302222005], [77.07508622397005, 28.45330217975368], [77.07446344893303, 28.454175008225672], [77.07441312261585, 28.454279530753826], [77.07440573217603, 28.45434974839017], [77.07431470409165, 28.456575389358026], [77.0742595771776, 28.457959701825043], [77.07422052920884, 28.458813648896932], [77.07424396266136, 28.458890391696173], [77.07419242272022, 28.46100154631131], [77.07398781793955, 28.462765239885375], [77.07361311176993, 28.465412142203462], [77.07325185607505, 28.467914044067047], [77.07286408390961, 28.4706527063312], [77.07249841030014, 28.473019009130216], [77.07211121575143, 28.475730256345972], [77.0719073062668, 28.477885012962076], [77.0719024050586, 28.47789793825484], [77.07188371486335, 28.477932717950534], [77.07186007689329, 28.477964343841858], [77.07183201315557, 28.47799211752106], [77.07180014339345, 28.478015425650387], [77.07176517140016, 28.478033753506686], [77.07172786947685, 28.478046696348258], [77.07168906137744, 28.478053968352928], [77.07164960411743, 28.478055408929983], [77.07161036904792, 28.478050986266556], [77.06952078439082, 28.477728528277595]]]}}, {"type": "Feature", "properties": {"OBJECTID": 5, "RoadName": null, "SHAPE.STArea()": 2167728.520639985, "SHAPE.STLength()": 66678.39809583471, "_source_layer": "road_polygon", "_asset_class": "road", "_owning_agency": "see `maintain` / `owner`"}, "geometry": {"type": "Polygon", "coordinates": [[[77.05376635461843, 28.463792790763083], [77.05392498272455, 28.463956211705497], [77.05427987295734, 28.46430616009228], [77.05488502754005, 28.46487379474753], [77.05523665868499, 28.465242570845202], [77.05533920676456, 28.465364482985535], [77.05562095616689, 28.4657228868848], [77.0556963104462, 28.465812423505692], [77.05570443930121, 28.465822467042933], [77.05580244190543, 28.46594844946659], [77.05580751828512, 28.46595514857164], [77.05584348323582, 28.466003879158333], [77.05608855173017, 28.466370469353965], [77.05698003263161, 28.46770400084584], [77.05705405021776, 28.467795473701297], [77.05719679341475, 28.467965142043905], [77.05735504422844, 28.46813243076868], [77.05751325461796, 28.468291125801226], [77.05753373351149, 28.46831017158979], [77.05860606324592, 28.469145313170277], [77.05911956541517, 28.469552073890767], [77.06049642762419, 28.470664871262983], [77.061199906408, 28.47122043876945], [77.06140987502924, 28.471385237252473], [77.06205905065417, 28.471754003260322], [77.06256520640099, 28.471997149847095], [77.06268614479106, 28.472055246219185], [77.06316152245964, 28.47233562940702], [77.06337654859593, 28.472516246997117], [77.06380818010682, 28.472907380844454], [77.06455154498757, 28.473591275670795], [77.06534287002304, 28.474225982881492], [77.06700811479443, 28.4754930430062], [77.06785539139737, 28.476160526731665], [77.0681916047571, 28.47646056399287], [77.0700882851901, 28.47808794121847], [77.07089429049395, 28.47879641633744], [77.0712328107273, 28.479127351488064], [77.07134495281409, 28.4792439603782], [77.0719540788487, 28.47990573840212], [77.07205219464065, 28.480029227833715], [77.07218182333276, 28.48018428545524], [77.07276185652859, 28.48072845399188], [77.0736021729847, 28.481617616862835], [77.07437291043048, 28.482393864593632], [77.07506336184605, 28.483127765344094], [77.07542196840917, 28.483532349838743], [77.07569183849019, 28.48381294338209], [77.07587184200851, 28.484058462515687], [77.07597427151045, 28.484256520670037], [77.07602212027409, 28.48437588897692], [77.07619526335857, 28.48465968593132], [77.07644780853104, 28.48494837507239], [77.07651339632656, 28.485025638953633], [77.07713929570414, 28.485647939754088], [77.07765742240046, 28.486203929034648], [77.0790373909837, 28.487637421127477], [77.07993106646937, 28.48856911758513], [77.08030897782794, 28.488963936760328], [77.08109927788567, 28.489797952605333], [77.08146480506971, 28.49018380761855], [77.08212362590584, 28.490882384656928], [77.08285609691714, 28.491635084821358], [77.08357063665706, 28.49220063357927], [77.08392864943379, 28.49244880886216], [77.08442785042368, 28.492922999354477], [77.08530019181967, 28.49382705689707], [77.08571115040091, 28.49419045095922], [77.08581199886797, 28.494294593628908], [77.08624312732228, 28.494624748344897], [77.08630867918517, 28.49465355385749], [77.08663895827411, 28.4947687758293], [77.08700453486551, 28.495154323719127], [77.08836599276405, 28.4966366775749], [77.08858029575654, 28.49689148983354], [77.08907445450274, 28.497423269098675], [77.09020648088108, 28.498681804131913], [77.0909905798684, 28.499545929713655], [77.09154272666284, 28.500166323648845], [77.09166122343196, 28.500297049189502], [77.09188309113749, 28.50045436250676], [77.09259407444719, 28.50129410182538], [77.09322942140662, 28.502331026636053], [77.09401604106661, 28.50334356919243], [77.09455306023168, 28.50402597775996], [77.09459087840682, 28.504068073824936], [77.09464886645502, 28.504165560589506], [77.09512155007606, 28.505028585023712], [77.09517246299312, 28.50512154122886], [77.09517686473801, 28.50513192916039], [77.0953352026883, 28.505521126539865], [77.09534908076112, 28.50556150108746], [77.09547419901222, 28.506009823698758], [77.09548401669997, 28.506055948118522], [77.09553382738416, 28.50639254233408], [77.09553706760738, 28.5064248432854], [77.09554854178847, 28.506628513983507], [77.09554912928668, 28.506649396907946], [77.09554912928668, 28.50681183266903], [77.09554522520847, 28.506875089951013], [77.09539210467334, 28.50796105873155], [77.09534325518652, 28.50817354557048], [77.09513168936067, 28.508961816953594], [77.095099006854, 28.50908358468621], [77.09480102489448, 28.509809034258776], [77.09454212144647, 28.510311265959157], [77.09413422791697, 28.510995928109452], [77.09396813930242, 28.511330745478087], [77.09384113009763, 28.511635514503634], [77.09367748400231, 28.512176369764862], [77.09362619199625, 28.512382408495824], [77.09358711168812, 28.51278375499145], [77.09356268739387, 28.51307134972564], [77.09356512991312, 28.513281680012646], [77.09359443924589, 28.51351347162092], [77.09363596207328, 28.513878328437038], [77.09366527140604, 28.514090803355796], [77.09369702415638, 28.514174505144116], [77.09371243026351, 28.514210339204478], [77.09377744673053, 28.514330199339614], [77.09380331461745, 28.51436950805404], [77.09383816745384, 28.51442913375496], [77.09348886743706, 28.514515234887305], [77.09321755735667, 28.514583372021058], [77.0928470409295, 28.514077925908786], [77.09272735928249, 28.513869743455256], [77.09252387200607, 28.51358693990397], [77.09237766400705, 28.51328351921087], [77.09228662065131, 28.513057727001044], [77.0922405999593, 28.51293407650115], [77.0921725265254, 28.51270328373836], [77.0921483304032, 28.512599255539165], [77.09213381003495, 28.51246964561166], [77.09213358096456, 28.511872173803095], [77.09216734863608, 28.511526897441083], [77.09225840277159, 28.5110903638649], [77.0924269339054, 28.510573111686867], [77.09255638562944, 28.510315557805583], [77.09307663414646, 28.50942055446119], [77.09311635675002, 28.509357722605188], [77.09327756212268, 28.509102739157086], [77.0934459809671, 28.508873600463055], [77.09375499154335, 28.508514960156468], [77.09395415073682, 28.50830700985574], [77.09411605679541, 28.50816069897681], [77.09428822610613, 28.507979572417394], [77.09442887173691, 28.507725995501154], [77.09443435056181, 28.50770909056223], [77.09453799368772, 28.50738931160155], [77.09457282316792, 28.50706818337299], [77.09458793193267, 28.50692887830651], [77.09460101230154, 28.506808275615068], [77.09458770196399, 28.506462682702896], [77.09456350045191, 28.50626170672357], [77.09450057705953, 28.505978851197582], [77.09439893088849, 28.505675790694717], [77.09430696586126, 28.505468433173153], [77.09420531969023, 28.505284468779852], [77.0940746327827, 28.50508349055601], [77.09386822328662, 28.504808435276946], [77.09383004578535, 28.504752670713316], [77.0933280734928, 28.504112913121798], [77.09259740001039, 28.503233957593153], [77.09193732692275, 28.502429360492254], [77.09192019335535, 28.502399050066998], [77.09012036747963, 28.500388904330435], [77.08860848219521, 28.498862472975134], [77.08808459729794, 28.498111609339464], [77.08783149427167, 28.497782219476026], [77.08780017001772, 28.497739452220767], [77.08749928739813, 28.497342214549082], [77.08671699671949, 28.49648715785095], [77.08578839383723, 28.495515642383623], [77.08562816403494, 28.495352783434956], [77.08495086305682, 28.494698054514195], [77.08433032212992, 28.49403738133837], [77.0829436152837, 28.492597839284002], [77.08283322491171, 28.492486154320453], [77.08162886259342, 28.4912485174387], [77.08096729291256, 28.490547053949214], [77.08057588885843, 28.490146605829487], [77.08007367491906, 28.489624055067104], [77.07917762249113, 28.48866938916131], [77.07819600463407, 28.48764159862223], [77.07708706226362, 28.486477270513298], [77.0767181520242, 28.486084122220444], [77.07629032847184, 28.485590584361912], [77.07604670626507, 28.485326840904154], [77.0757115286629, 28.484982568863135], [77.0755139576909, 28.48479349894055], [77.07500477641818, 28.484380324790635], [77.07450475975799, 28.48409689897467], [77.07410961691564, 28.48385143125284], [77.07386599560724, 28.48358507231795], [77.07262519133283, 28.48219016449763], [77.07171609446868, 28.48122390012861], [77.07059069136895, 28.48004446245608], [77.07025512928782, 28.479709211820733], [77.06975232156204, 28.47920687001781], [77.0685194269537, 28.47816380065071], [77.06832415746547, 28.478015470777635], [77.06680486646985, 28.476844040426947], [77.066101686825, 28.47626009468373], [77.06579320984802, 28.476013739359573], [77.06554868483441, 28.475833519408507], [77.06438625228034, 28.47494564075912], [77.06306581864422, 28.473903986216175], [77.06222126752985, 28.473265761527912], [77.06210841038407, 28.473176475226303], [77.06171130382454, 28.472797300960636], [77.06134361798883, 28.47244129872607], [77.06087734923726, 28.471991610352255], [77.05971893484744, 28.471022762850104], [77.05874713557645, 28.470248194110827], [77.0580906809028, 28.46970750303819], [77.05718278688283, 28.468957321248624], [77.05707160868829, 28.46886935245332], [77.05699882359073, 28.468811762098778], [77.05669312779787, 28.46850044528867], [77.05631881688693, 28.468037460650976], [77.05605675406404, 28.467742373762974], [77.05599585547432, 28.46766639549992], [77.05590333438994, 28.467543505210845], [77.05566236221331, 28.46719416218863], [77.0551639077234, 28.466397156685165], [77.0546652313496, 28.46574658532362], [77.05457156940483, 28.465634293103925], [77.05448401420733, 28.465534152072557], [77.05430513358311, 28.46534348054457], [77.0533790280174, 28.464375905922637], [77.05245491671155, 28.463421236870246], [77.05173936457031, 28.462675487454625], [77.05137758246269, 28.46229293965753], [77.0508959624012, 28.461790470815068], [77.05055574345363, 28.46143902938128], [77.05030169270476, 28.461176266504786], [77.04952340941061, 28.460363914978657], [77.0490829654268, 28.459896929336278], [77.04830383861457, 28.459096077160485], [77.04697534888699, 28.45771990631778], [77.04607149728575, 28.456773750976936], [77.04557929507025, 28.45625987672201], [77.04533213260295, 28.456012380917215], [77.04451767684724, 28.455172294145715], [77.04415277129735, 28.454791937722046], [77.04349067340709, 28.454089101136063], [77.04321371561848, 28.45378732123695], [77.04313416800343, 28.453704481419162], [77.04304192988839, 28.45360715578527], [77.0420830618659, 28.45260438488386], [77.04174170115964, 28.452249850020106], [77.04128736832322, 28.451769760249977], [77.04096732553695, 28.45143334496085], [77.04020275592389, 28.450636039744957], [77.03940954262971, 28.449792358389026], [77.03901296607619, 28.449378703783314], [77.03888322689126, 28.4492406487408], [77.0385721412067, 28.44894860237596], [77.03780191669894, 28.4482876928098], [77.03743403772546, 28.44793777116904], [77.03658122750038, 28.447129124206214], [77.03621525026035, 28.446836386418468], [77.03600719325404, 28.446692818040606], [77.03586553612026, 28.44661452696245], [77.03543745834465, 28.446432211941286], [77.03473325372207, 28.446164910370047], [77.03465031047526, 28.446150856439147], [77.03455747138727, 28.446135125639017], [77.0344284751091, 28.44613839090972], [77.03430149105718, 28.446153898179766], [77.03410423449553, 28.446215053655454], [77.03407428017238, 28.446224427676405], [77.03382928174663, 28.446341745831724], [77.03370713512248, 28.44641907348828], [77.03359270951822, 28.446523152676093], [77.03352133208071, 28.446604446846653], [77.03350821667755, 28.446623010782734], [77.03346214029, 28.446707991121453], [77.03341789377066, 28.446816058779543], [77.0333155981177, 28.447018586214536], [77.03320625428299, 28.447161869014412], [77.03311630687192, 28.44730763648423], [77.032902903093, 28.447774400498854], [77.03257309741625, 28.44850943264937], [77.03250255092037, 28.448635039208106], [77.0324196579792, 28.448765297762524], [77.03232618378229, 28.448890904017375], [77.0322309461925, 28.44902271270452], [77.03212715394626, 28.44917355071832], [77.0318673036739, 28.449728157025593], [77.03152442571312, 28.450461787873547], [77.03116498731006, 28.45119288068001], [77.03079888071265, 28.451967093859572], [77.03051889200826, 28.452586351170023], [77.0303276236163, 28.45299463834158], [77.03013440408351, 28.453408158751916], [77.03013344827603, 28.45341011983308], [77.02991166052063, 28.453846985105073], [77.02973377073818, 28.454219218706378], [77.02945490582617, 28.454805348403053], [77.02922858157855, 28.455315943416483], [77.02904934971306, 28.45572538419163], [77.02904808308853, 28.45572810895275], [77.02871053752727, 28.456413154311505], [77.02870954129563, 28.45641509559242], [77.02862464960295, 28.456574139137118], [77.02862238944168, 28.456578054073976], [77.02849303114245, 28.456785964893037], [77.0284921175558, 28.456787393601264], [77.0284897540883, 28.45679077227108], [77.02811468589762, 28.457294728331856], [77.02776385964319, 28.457760184627748], [77.02776136232669, 28.457763312119415], [77.02755036603276, 28.458012986745857], [77.02723639406118, 28.458435569042546], [77.02706346926732, 28.458680224712175], [77.02706240117043, 28.458681696042063], [77.02680405557618, 28.45902793737921], [77.02671107904595, 28.459153072591842], [77.0267062676693, 28.459158882857658], [77.02659487387912, 28.459280036738804], [77.02659370966252, 28.459281272712072], [77.0265464591769, 28.459329936087475], [77.02664974656992, 28.45948678366908], [77.02696799631889, 28.459745963674834], [77.02730768526042, 28.4599841079489], [77.0275264708462, 28.460148500647982], [77.02776477412816, 28.460306165987397], [77.02827227375464, 28.4605997912797], [77.02924743092818, 28.461149073207906], [77.02961591716276, 28.46134664992611], [77.0300047520352, 28.46158891462676], [77.03033714755493, 28.4617786831474], [77.03105445230932, 28.46218874410649], [77.03130707563518, 28.46232107007738], [77.03146335734179, 28.462386187785043], [77.0314915363044, 28.462395216514814], [77.03152079923122, 28.46239960433995], [77.03155038702054, 28.46239923743705], [77.03157953214352, 28.46239412532385], [77.03160747855439, 28.462384400612283], [77.03167717793899, 28.462345770664754], [77.03177825637475, 28.462363828775086], [77.03189122670824, 28.46240231893273], [77.0320418687915, 28.46241789568346], [77.03215035293847, 28.462442930306363], [77.0322791003833, 28.46249939875911], [77.03237979613677, 28.462580393182826], [77.03259698721288, 28.462793705816047], [77.03288998711585, 28.463075216044107], [77.03314823299709, 28.463327807228566], [77.03324390896476, 28.463397388651295], [77.03328392891068, 28.46344738161327], [77.03322809771744, 28.463416639071784], [77.03312952108975, 28.463344946716376], [77.03287002385532, 28.463091132279875], [77.03257700508772, 28.46280960393035], [77.03236061261387, 28.462597074745858], [77.03226369158124, 28.46251911765607], [77.0321408146268, 28.46246522375155], [77.03203499578127, 28.462440805127727], [77.0318359237244, 28.462394417624296], [77.03177309196019, 28.46238333130962], [77.03171227601545, 28.462364819894066], [77.03153530431123, 28.462417282058713], [77.03149437527024, 28.462451547901388], [77.03128168205873, 28.462362926106543], [77.03102595595185, 28.462228974119096], [77.03030777983165, 28.46181841498993], [77.02997447970841, 28.46162813083929], [77.0295862673685, 28.461386253992615], [77.0292188573156, 28.461189254652055], [77.02824292040442, 28.46063953304237], [77.02773372206372, 28.460344926199607], [77.02749272473424, 28.46018547923635], [77.02727336332838, 28.460020653809732], [77.02693283176711, 28.4597819180911], [77.02661201283642, 28.45952064610598], [77.02625646683347, 28.459276399897295], [77.02602367561413, 28.45909574388148], [77.0258233701704, 28.458908872919547], [77.02553996696963, 28.458661497042527], [77.02528733196561, 28.458456755292058], [77.02495562994528, 28.4582118416411], [77.02470710114048, 28.458071525178728], [77.02429317362721, 28.45783239412179], [77.02395411889627, 28.457627270885354], [77.02366266679054, 28.457469156118343], [77.02337832215535, 28.457361502921998], [77.02279164412141, 28.457192683149394], [77.02231622692696, 28.457082879112324], [77.02226504990522, 28.457069812272675], [77.0215845473314, 28.456994730630974], [77.02116056677181, 28.456977962887922], [77.02039009971895, 28.456961082993946], [77.01926269607105, 28.456981625081376], [77.01867595335838, 28.456990112018758], [77.01799181709927, 28.456990112018758], [77.01676659320515, 28.457000996716353], [77.0158170254408, 28.457017090776667], [77.01576668205567, 28.4569955172482], [77.01558467798921, 28.456748971689215], [77.01525409257476, 28.4563797789638], [77.01503212605456, 28.45610262788137], [77.01491872273311, 28.455941869795616], [77.01474435704151, 28.455644351344223], [77.01446794722521, 28.45519171428938], [77.01422156719056, 28.45480591863339], [77.01412518155382, 28.45467427116495], [77.0140294831283, 28.45455873218345], [77.0139168784091, 28.454442644167873], [77.01372612744674, 28.45427779793999], [77.01355134942844, 28.454148767203286], [77.01339951528078, 28.454054446371206], [77.01297796556237, 28.45386034298937], [77.01219921155099, 28.453536767848313], [77.0118643923766, 28.453399959015343], [77.011593737168, 28.453307367975604], [77.01126658511461, 28.45321576490031], [77.01109217720216, 28.45317855798975], [77.01056813869299, 28.453111404020426], [77.01013011027896, 28.453061793174857], [77.00973199940293, 28.45301172421844], [77.00946397086823, 28.452962089631903], [77.0092239095833, 28.4528986539363], [77.00895770373029, 28.45281115118807], [77.00854169122728, 28.452654232886697], [77.00835823278838, 28.45258452039209], [77.00797803611573, 28.45242244903077], [77.00722957778731, 28.45208697490594], [77.00682458940948, 28.45190926287954], [77.00642518136615, 28.45173550279201], [77.0059065417318, 28.451524918777473], [77.00557977056407, 28.451408385922594], [77.00523636619052, 28.451289929730105], [77.00481854627714, 28.451180103766088], [77.00446668965509, 28.451104705172877], [77.0043206846753, 28.45107880064184], [77.00390175174932, 28.451024472821782], [77.00334818561672, 28.45093828199587], [77.00328026309978, 28.450927192110324], [77.00289391117082, 28.450795509799164], [77.00275579339922, 28.45074124896849], [77.00231848902736, 28.4505638979996], [77.00181084836534, 28.450343395386373], [77.00055724130154, 28.449818236380963], [76.9994002597246, 28.44932567278646], [76.9981862737547, 28.44882095524982], [76.99781886819339, 28.448664534944026], [76.99734461791051, 28.448458864727943], [76.99719965767143, 28.44839796487842], [76.99721345489588, 28.448372196326748], [76.99728725778465, 28.44825969213896], [76.9974230884455, 28.44831675738931], [76.997897756445, 28.448522608755017], [76.99826382621148, 28.448678459007347], [76.99947781218141, 28.4491831788038], [77.00063503091356, 28.449675844160378], [77.00188928027282, 28.450201273204], [77.00239591661833, 28.450421340129953], [77.00283006880187, 28.45059741261265], [77.0029630706679, 28.450649664205507], [77.0033295590493, 28.450774576337302], [77.00338025187911, 28.450782852100456], [77.00393053017777, 28.45086853124831], [77.00435158312784, 28.450923134796295], [77.00450574570868, 28.450950487108248], [77.0048655802688, 28.451027594194127], [77.00529500821227, 28.451140472181386], [77.00564634740472, 28.45126166605461], [77.0059780098992, 28.45137994298998], [77.00650269699203, 28.451592982833414], [77.006904543063, 28.451767804667064], [77.00731049443486, 28.451945938691917], [77.00805803378675, 28.452281000982584], [77.00843309928248, 28.452440883996232], [77.00861274706796, 28.452509151233464], [77.00902461833752, 28.45266450513914], [77.0092812858788, 28.452748874050357], [77.00950842130513, 28.45280889391793], [77.00976326706305, 28.45285608807197], [77.01015430819777, 28.45290526698966], [77.01059257466534, 28.452954906341738], [77.01112638864146, 28.453023312252984], [77.01131508695342, 28.453063567078495], [77.01165363144129, 28.453158360308148], [77.0119348984483, 28.453254582998564], [77.01227545606073, 28.45339373615572], [77.0130580602514, 28.45371891108118], [77.0134934431269, 28.453919383664623], [77.01366114331908, 28.454023561303515], [77.01384705056546, 28.45416080766718], [77.01404845375046, 28.45433486231202], [77.01417065876508, 28.454460845791473], [77.01427345837295, 28.454584957308214], [77.01437557076959, 28.45472442937048], [77.01462543716588, 28.455115681985788], [77.01490336872826, 28.455570811144124], [77.01507516523816, 28.455863945707133], [77.01518204589235, 28.456015457914397], [77.01539822905872, 28.456285389041764], [77.01573091832756, 28.456656931688986], [77.01587938738614, 28.45685804868815], [77.01676395305653, 28.456843057133], [77.0179909089025, 28.456832155833848], [77.01867447473143, 28.456832155833848], [77.01925935613482, 28.456823697315755], [77.02039047611302, 28.45680308727675], [77.0211668433007, 28.456820095929707], [77.0215997926401, 28.45683721909767], [77.02230151611586, 28.456914641750185], [77.0223641134198, 28.456930625254873], [77.02284245642713, 28.45704110470857], [77.02344192557241, 28.457213605073488], [77.02374581485326, 28.457328657811967], [77.02405227690905, 28.457494916924603], [77.0243934417826, 28.457701315898177], [77.02480497708225, 28.457939065155372], [77.02506237764881, 28.4580843920832], [77.02540605421189, 28.458338145094416], [77.02566418870207, 28.45854734529672], [77.02595207359776, 28.458798634716], [77.02614876422082, 28.458982132011727], [77.02638074875306, 28.45916216194189], [77.0264453744529, 28.459215090864692], [77.02646980413707, 28.459189930695167], [77.02657794333096, 28.459072316418823], [77.02666876749777, 28.458950079536265], [77.02692665315458, 28.458604452380712], [77.02709953662594, 28.45835985576816], [77.02710051938286, 28.45835849973966], [77.02741632661258, 28.457933447526212], [77.02741911677984, 28.457929929103738], [77.02763027207558, 28.457680065525786], [77.02797963766939, 28.457216546984256], [77.02835270171867, 28.456715282115706], [77.02847933003775, 28.45651175838543], [77.02856264608539, 28.456355666948806], [77.02889904449805, 28.455672948717563], [77.02907779756148, 28.45526460238726], [77.02930460600105, 28.454752914052204], [77.0293053498061, 28.454751294186543], [77.02958464860436, 28.45416425355373], [77.02976293364553, 28.453791193627808], [77.02976364151799, 28.453789756191284], [77.02998529811939, 28.453353148948608], [77.03017808466421, 28.452940555556133], [77.03036900361153, 28.452533020864376], [77.03064909292723, 28.45191354446299], [77.03101611850117, 28.45113738477463], [77.03137542664851, 28.45040656249463], [77.0317177683151, 28.44967406309142], [77.03192741533948, 28.449226606276305], [77.03196130158862, 28.449122571610367], [77.03198475121079, 28.44905057969111], [77.03201117784982, 28.448935579551705], [77.0320193058065, 28.44890020750565], [77.0320193058065, 28.448850585996023], [77.0320193058065, 28.448845349375343], [77.0320193058065, 28.448791659386455], [77.0320175424136, 28.448738936132045], [77.03201048794371, 28.44862883660385], [77.03202812456765, 28.448534243882047], [77.0320840806267, 28.448377087810464], [77.03210766499618, 28.448310850956855], [77.03213435753652, 28.44824661552062], [77.03254003222725, 28.447317909256043], [77.03254770922969, 28.447302079108553], [77.03266031394884, 28.447091422287368], [77.03266528342901, 28.447082605977673], [77.03280999303811, 28.44683876387368], [77.03281718225534, 28.446827594572927], [77.0328323907331, 28.446805418677567], [77.03288353631382, 28.446688730549678], [77.03289710356955, 28.446620844213655], [77.03289538149915, 28.446573366878557], [77.03287970410081, 28.44650919594494], [77.03284308607489, 28.446439469920925], [77.03278888442559, 28.44637245226618], [77.0326937717016, 28.446288822312148], [77.03260380003601, 28.446230056195812], [77.03244442183662, 28.44618711088529], [77.03226961956382, 28.446180330751893], [77.03188552150787, 28.446247834290222], [77.03144578629484, 28.446368330009204], [77.03105840489653, 28.44647893028923], [77.03102425005113, 28.44648985556161], [77.03029718689785, 28.446746852681056], [77.02973199117558, 28.446926226542494], [77.02881898304666, 28.447184994234302], [77.02804868936863, 28.447338093046103], [77.0265163215974, 28.447777529075754], [77.02585259146828, 28.447968522161194], [77.02531993721718, 28.44812179755332], [77.02462840692495, 28.4483032210904], [77.02441658687589, 28.44834895210049], [77.02430968556047, 28.44837203125003], [77.02385923793763, 28.44846127137076], [77.0236402412478, 28.448494046570225], [77.02326108662089, 28.448541128913178], [77.0230774754684, 28.448562512235746], [77.02279952863462, 28.448579872902993], [77.02254457328229, 28.448581109791167], [77.02253313952534, 28.448580938396077], [77.0223905625167, 28.44857629572116], [77.02213878630212, 28.44855706550354], [77.02191665359364, 28.448525386620982], [77.02174971786775, 28.448499623629274], [77.0215060525419, 28.44844837723043], [77.0214314285929, 28.44842863991206], [77.02110535811107, 28.448317587512364], [77.0209118969315, 28.44824128092967], [77.0205972961392, 28.44810615392904], [77.02028685185174, 28.44796105813726], [77.02018922743825, 28.447907525668253], [77.02017238043341, 28.447897543616403], [77.02016754031065, 28.44789438344929], [77.02000438739044, 28.44778549071509], [77.01999239308478, 28.44777703147327], [77.01978096829444, 28.447619566236323], [77.0197645372096, 28.447606333149235], [77.01957370000895, 28.447440232253356], [77.01957020196922, 28.447437120253316], [77.01936956953871, 28.447255421942636], [77.01935065730704, 28.4472364908377], [77.01906642585956, 28.44692162407737], [77.01906157585533, 28.446916096695777], [77.01876778723155, 28.446571508351617], [77.01808984216137, 28.44579761979461], [77.01760469351747, 28.445228930132604], [77.01737583781735, 28.44495383033011], [77.0165203847487, 28.443935227286584], [77.01571262952669, 28.442966054685105], [77.015058747628, 28.44220064524953], [77.01505526665629, 28.44219649123451], [77.01453451059115, 28.44156261143331], [77.01369098175957, 28.440563420680096], [77.01305629326524, 28.439786808807302], [77.01263796131214, 28.4392657001701], [77.01263504627906, 28.439262005766746], [77.01262931592588, 28.43925434444112], [77.01207150255863, 28.43848100189403], [77.0116397614533, 28.437927504110394], [77.01109444544826, 28.437278010378364], [77.010096099164, 28.43608890088742], [77.00919092434438, 28.43502341721211], [77.00892590426757, 28.43471866249237], [77.00891890998477, 28.434710297788666], [77.00856121970324, 28.434265297599865], [77.0081540636906, 28.433787911558294], [77.007950997724, 28.433558068345448], [77.00778168236094, 28.433374522194047], [77.00662903066372, 28.43200940236746], [77.00662876027077, 28.432009574579382], [77.0064241563884, 28.431765952889442], [77.00390971261936, 28.428756654708547], [77.00234283876146, 28.42689772104421], [77.00148654217473, 28.425892787485292], [77.00116061542337, 28.425504710853357], [77.00066512986547, 28.424930378843555], [77.00024035429686, 28.424412764772708], [77.00023546925834, 28.424406826194936], [77.00003432299151, 28.424151128905947], [77.00003005240065, 28.424145466821045], [76.999905707599, 28.423973393649515], [76.99990064289744, 28.423965975334067], [76.9997243889471, 28.423688273204995], [76.99971911403975, 28.42367936646228], [76.99945934192087, 28.42320797085957], [76.99937244159521, 28.423049235818432], [76.99905101270845, 28.422451115197703], [76.99873906464121, 28.4218767524002], [76.9985453151024, 28.42153192212701], [76.99785179773676, 28.420260223984734], [76.99754801535545, 28.4196884383114], [76.99728323243389, 28.419209836986997], [76.99689517101092, 28.41849505130108], [76.99621312063985, 28.417232603204216], [76.99569202141828, 28.416328294970324], [76.99561604909806, 28.41618759032619], [76.99492993115541, 28.414953377040437], [76.99425414563518, 28.413700330780525], [76.99391647610638, 28.4130797476251], [76.9933946887753, 28.412113102871945], [76.99303459190713, 28.411446433208894], [76.99253818108448, 28.410539942233644], [76.99213747856888, 28.409799591097137], [76.99158536141883, 28.408790632277427], [76.99136614015013, 28.40838061716976], [76.99102868082714, 28.40776481798177], [76.9905547674125, 28.40688899600669], [76.99013651361287, 28.406119964345194], [76.98964770433415, 28.405220157604404], [76.98887427912904, 28.40380413052573], [76.9886873406167, 28.40346413496494], [76.98836527302777, 28.402859929172877], [76.98817436935181, 28.402521928164717], [76.98787813192058, 28.402098487239744], [76.98776492712679, 28.40194170471758], [76.98765037306343, 28.401805980483473], [76.98754906016738, 28.401700003537787], [76.98716499624743, 28.401260646435663], [76.98705445675509, 28.401133513891484], [76.98695795703232, 28.401031624737396], [76.98651076759907, 28.40058128823205], [76.98601587852251, 28.400065297540984], [76.98542912503007, 28.399434960804797], [76.9845766390968, 28.398567774951115], [76.98367813606478, 28.397717891744808], [76.98242530604368, 28.396749928591394], [76.98191526598157, 28.396332852023466], [76.98090003945477, 28.395317737822754], [76.98076930673318, 28.395162802327278], [76.98031052543948, 28.394600202076983], [76.97931080024127, 28.393206172794567], [76.9792140013795, 28.39309390394535], [76.9786071148449, 28.392454468598295], [76.9779299396309, 28.391757691861915], [76.97717734725553, 28.390987282002634], [76.97686637116541, 28.390668885322928], [76.97529716797598, 28.389085467684062], [76.97502204185224, 28.38880784638754], [76.97389189295286, 28.387633873588534], [76.97262485158394, 28.386363745051305], [76.97140654471754, 28.385117358101382], [76.97101119077111, 28.38471282075193], [76.97100797031081, 28.384709604166854], [76.97096006225837, 28.384660422015912], [76.97036618512574, 28.38407336330414], [76.97012684878123, 28.383883517087114], [76.96970032958264, 28.38358605451959], [76.96954141581226, 28.383488797188072], [76.96926130044541, 28.38334124738743], [76.96903688511775, 28.383213321200348], [76.96899511255872, 28.38319060325107], [76.96660227013643, 28.3819645562427], [76.96437149636779, 28.380742943122804], [76.96324552553278, 28.38017250748664], [76.96012078342767, 28.37857838967458], [76.95806259578805, 28.377508920919094], [76.95552508238417, 28.376230710411168], [76.95127237967573, 28.374070035821152], [76.94804483347122, 28.372435114796218], [76.94671924170873, 28.37184169910773], [76.9459916593292, 28.371535740595444], [76.94598585351748, 28.371533145666525], [76.94535917889384, 28.371236081608153], [76.94535571499009, 28.37123438142302], [76.94535297872174, 28.371232953140982], [76.9452412336903, 28.371173047482028], [76.94522860517404, 28.371165377278825], [76.9446537849018, 28.370771903964084], [76.94464990956969, 28.370769148561283], [76.94464202146318, 28.370762840222003], [76.94453227787817, 28.37066783805736], [76.94452560788719, 28.370661632466742], [76.94436907105904, 28.37050504136874], [76.94419888972006, 28.370327402660077], [76.9441882608536, 28.370314642071637], [76.94399451939965, 28.370046147679332], [76.94399158011201, 28.370041878593714], [76.94398874772394, 28.370037336020868], [76.94375454704789, 28.369641402662737], [76.94350300349699, 28.36910685380715], [76.94252098678795, 28.366827175167156], [76.94221782244755, 28.366124954552927], [76.94221384231315, 28.366107741297416], [76.94221272981274, 28.366090108941425], [76.94221451488137, 28.366072531934712], [76.94221914948658, 28.366055483237705], [76.94222650892084, 28.36603942159513], [76.94223639515722, 28.36602477919214], [76.9422485421778, 28.366011950025126], [76.94226262313168, 28.366001279300097], [76.9422782591299, 28.365993054143907], [76.94229502944053, 28.365987495878283], [76.94231248280961, 28.36598475406451], [76.94233014960355, 28.365984902479045], [76.94234755444593, 28.365987937128377], [76.94236622394996, 28.365991939872863], [76.94238396690437, 28.36599899394354], [76.94240028840156, 28.366008902579864], [76.94241473318289, 28.36602138939837], [76.94242689833735, 28.366036106101852], [76.94243644453995, 28.3660526421945], [76.9427393546571, 28.366754260964708], [76.94315388583823, 28.367716569634258], [76.94340850971224, 28.36826453290916], [76.94391875279364, 28.36939777665443], [76.94406977935581, 28.369660708865712], [76.94422513130611, 28.369923342434845], [76.94441090200854, 28.370180792543696], [76.9445732859709, 28.370350310694786], [76.94472474372444, 28.37050180143053], [76.94482544307115, 28.370588974624383], [76.94538801661109, 28.370974065443463], [76.94549014517743, 28.371028816110698], [76.94611080558025, 28.371323029720685], [76.94683695784184, 28.371628387341932], [76.94683995641829, 28.371629688362113], [76.94817014486009, 28.372225163460953], [76.94817627226863, 28.37222808481179], [76.95140701467894, 28.373864627759527], [76.95565948382541, 28.376025188766782], [76.9581979503418, 28.37730388545837], [76.96025689885447, 28.378373747510928], [76.96338034289401, 28.379967203713612], [76.96558404682985, 28.38108363514977], [76.96558649024743, 28.38108490523061], [76.96620966503475, 28.3814166099902], [76.9678154853518, 28.3822334930881], [76.96785850567078, 28.382255706218988], [76.96982700551241, 28.38327212387664], [76.97003982448808, 28.383414780078695], [76.97036015293861, 28.38365144354662], [76.97044246197481, 28.383711275771095], [76.9704462564586, 28.383714133579726], [76.970611888729, 28.383842491468894], [76.97062734244682, 28.383856017042437], [76.97123070309394, 28.384452473044686], [76.97127922649231, 28.384502265417012], [76.97167231578591, 28.384904423143176], [76.97289611046041, 28.386156423761552], [76.9741640393648, 28.387427456509535], [76.97512641081687, 28.388427136080825], [76.97737917893696, 28.39051781141587], [76.97885357662625, 28.392046594313207], [76.97956214975605, 28.39284421128267], [76.97956869038963, 28.39285143974596], [76.97999559586378, 28.393346572896778], [76.98066514527933, 28.393954153548645], [76.98182233436711, 28.394835818005344], [76.9825256128266, 28.395487045104062], [76.9830337628334, 28.39605581709385], [76.98370853235905, 28.39690988759656], [76.98428064870224, 28.39772196690296], [76.98486092444318, 28.398349570205227], [76.98571617089934, 28.399219561501006], [76.98571871223325, 28.399222207115958], [76.98630584571306, 28.39985295839377], [76.98679703912053, 28.400365107380978], [76.987243556614, 28.400814749432868], [76.9872462075424, 28.400817477978528], [76.98734372864963, 28.400920445164378], [76.98759909992197, 28.401160235064918], [76.98795070771068, 28.40150626401178], [76.98799859510186, 28.401556356547886], [76.98800695123062, 28.401565660246327], [76.9881304336496, 28.401711963839016], [76.9881396916869, 28.40172380877135], [76.98825897987179, 28.40188903635187], [76.98856223134878, 28.402322485010096], [76.98856545719896, 28.40232724508102], [76.98857209125734, 28.402338123549114], [76.98876865521791, 28.4026861462288], [76.9887708686668, 28.40269017852606], [76.9890928598989, 28.403294258067586], [76.98927888123133, 28.40363257189167], [76.99005276727215, 28.405049444368377], [76.9905417382476, 28.40594954965827], [76.99096014026931, 28.406718855949325], [76.99143376801969, 28.407594153884553], [76.99177167650035, 28.40821078134179], [76.99199095256624, 28.408620898244404], [76.99254261247381, 28.409629016402373], [76.99294328804, 28.410369318953286], [76.99343977521941, 28.411275952029698], [76.99380041466999, 28.41194362225836], [76.99432192711663, 28.412909762100774], [76.99465963167971, 28.413530409460336], [76.99533460063134, 28.414781960507362], [76.9959291595853, 28.415905338248407], [76.99599867301863, 28.416032824403665], [76.99653708457237, 28.417020245531948], [76.99656992967411, 28.417083043818838], [76.99725201687605, 28.41834556164439], [76.99763928598493, 28.419058894629835], [76.9979047839655, 28.41953880733945], [76.99820904425053, 28.42011147946883], [76.99890069132374, 28.42137975377451], [76.99909457920312, 28.421724834195867], [76.99940802206697, 28.422301934500172], [76.99972918684902, 28.422899567724635], [76.99981525084314, 28.42305677033249], [77.00007231094823, 28.423523244744853], [77.00024232520059, 28.42379113362574], [77.0003615729613, 28.423956153768017], [77.00055814949827, 28.424206042502416], [77.00072638778131, 28.42440173688802], [77.00147860825413, 28.42529825852988], [77.00180366633465, 28.425685304955476], [77.00265975990212, 28.42669000032339], [77.00422774048445, 28.428550249807195], [77.00667505225401, 28.43147921188445], [77.00704058303134, 28.431874568247636], [77.00759443662481, 28.432377841229865], [77.00779999272137, 28.432548914869592], [77.00819626564434, 28.432946516241003], [77.00820399115578, 28.432954572211393], [77.00844142846181, 28.433211967172962], [77.00844553735588, 28.433216518097606], [77.00865227114382, 28.4334505132511], [77.00865551585863, 28.433454251304752], [77.00906693707222, 28.433936639226076], [77.00907215718235, 28.433942943805253], [77.00942899945423, 28.43438688998294], [77.00969257144679, 28.434689994677527], [77.0106009307941, 28.435759219682513], [77.01160033349716, 28.436949586491288], [77.01214889331868, 28.437602947323867], [77.0121552318313, 28.437610777812207], [77.0125935117736, 28.43817266064151], [77.01259949096011, 28.43818064196181], [77.01315617065349, 28.43895241478134], [77.01356848479246, 28.439466037431007], [77.01419877333853, 28.440237288227443], [77.01504184133437, 28.441235927555514], [77.01556328281407, 28.441870622900275], [77.01615453956103, 28.442604700036906], [77.0170492903301, 28.44368763154563], [77.01858878713142, 28.44551100370239], [77.01884657397355, 28.445818994193598], [77.01885651023892, 28.445830414776236], [77.01886963821848, 28.44584655081969], [77.01894510299057, 28.44593671246726], [77.01951921089874, 28.446610093512508], [77.01979205530169, 28.446912346480165], [77.01998070690124, 28.44708319441619], [77.02016107423724, 28.447240181803128], [77.02035812328806, 28.447386940424405], [77.02050465018901, 28.447484737003652], [77.02068030406473, 28.44758105726903], [77.02089214387672, 28.44768988544637], [77.02109074431804, 28.447775984928352], [77.0213452352414, 28.447869219006005], [77.02153397128258, 28.447927886270868], [77.02169027185383, 28.447960075571515], [77.02213523705845, 28.44801372175136], [77.02235221523385, 28.448027307847447], [77.02261505689611, 28.44802106729509], [77.02338945856994, 28.447941680896797], [77.02379392592493, 28.447907438785386], [77.0238689855568, 28.447895927594953], [77.02462196420773, 28.447707381320495], [77.02484285454621, 28.4476479935936], [77.02490226013592, 28.447631393395373], [77.02492466411914, 28.447625998745067], [77.0250534546831, 28.447591372666015], [77.02677950282283, 28.447066167610053], [77.02911839512414, 28.44641136292011], [77.0293258673272, 28.44633073208013], [77.02959487233059, 28.446202847996542], [77.03078880700507, 28.445820573123356], [77.03175532508048, 28.445508870284744], [77.0329057830918, 28.44520892997843], [77.03318336431124, 28.44515599878319], [77.0336822985015, 28.44514161139526], [77.03399998321018, 28.445155349514362], [77.03458799254739, 28.445241276499736], [77.03492368039265, 28.445314557699888], [77.03528644346055, 28.445409508739797], [77.03583245835486, 28.445626189233824], [77.03603157981907, 28.44572069135312], [77.03612817655987, 28.445775276232926], [77.03631669431044, 28.445871357937914], [77.03673238611493, 28.446119437488818], [77.03678881468781, 28.446157476233378], [77.03723460185093, 28.446508094097645], [77.03775938955509, 28.446977788829575], [77.03862463156537, 28.44787913234406], [77.038963203901, 28.448234706286822], [77.03922176329431, 28.44851241271466], [77.0393155842409, 28.448626369937145], [77.0393958011008, 28.448723802834504], [77.03960385181894, 28.448961885054782], [77.04007839225766, 28.44946061024864], [77.04024986986562, 28.449639469276196], [77.04062782164836, 28.450032320364585], [77.0406314095196, 28.450036106011844], [77.0410692187447, 28.450505129519918], [77.04138753856223, 28.450840980669735], [77.04186680144441, 28.451344762897648], [77.042319698773, 28.451823345261037], [77.04247062472388, 28.451980094195704], [77.04374648395562, 28.45333333988379], [77.04418662880042, 28.453812926559948], [77.0452907517094, 28.45499203785876], [77.04564843929597, 28.455373691974767], [77.04633827356895, 28.456081511450797], [77.04700827393877, 28.45677330001368], [77.04761937896194, 28.457426291980326], [77.04800873845048, 28.45781656080978], [77.04909405153572, 28.458919559189308], [77.04993860265009, 28.459805918758843], [77.05083582019292, 28.460738572274128], [77.05178006184595, 28.461694368826933], [77.05227663526362, 28.462235100900468], [77.05293497100952, 28.462924653736827], [77.05376635461843, 28.463792790763083]]]}}, {"type": "Feature", "properties": {"OBJECTID": 6, "RoadName": null, "SHAPE.STArea()": 3537.2584233, "SHAPE.STLength()": 538.7086784486827, "_source_layer": "road_polygon", "_asset_class": "road", "_owning_agency": "see `maintain` / `owner`"}, "geometry": {"type": "Polygon", "coordinates": [[[77.03328392891068, 28.46344738161327], [77.03330827415319, 28.46347779403955], [77.03336346035603, 28.463583322958616], [77.03328135703401, 28.46357326815239], [77.03325383534865, 28.46356126982637], [77.03315431818483, 28.463506470635625], [77.03304219675927, 28.463424928850156], [77.03277686227213, 28.46316540564594], [77.03248375726628, 28.462883793782645], [77.0322710892076, 28.46267492516407], [77.0321917904259, 28.46261113991624], [77.03209630669771, 28.462569261872805], [77.03200291963742, 28.46254771080035], [77.03180741209563, 28.462502154935002], [77.03173999443186, 28.46249025915298], [77.03171270002024, 28.462481951927128], [77.03165964102803, 28.462498435282154], [77.03157332191235, 28.46248444275242], [77.03149437527024, 28.462451547901388], [77.03153530431123, 28.462417282058713], [77.03171227601545, 28.462364819894066], [77.03177309196019, 28.46238333130962], [77.0318359237244, 28.462394417624296], [77.03203499578127, 28.462440805127727], [77.0321408146268, 28.46246522375155], [77.03226369158124, 28.46251911765607], [77.03236061261387, 28.462597074745858], [77.03257700508772, 28.46280960393035], [77.03287002385532, 28.463091132279875], [77.03312952108975, 28.463344946716376], [77.03322809771744, 28.463416639071784], [77.03328392891068, 28.46344738161327]]]}}, {"type": "Feature", "properties": {"OBJECTID": 7, "RoadName": null, "SHAPE.STArea()": 48497.373620125, "SHAPE.STLength()": 6132.521526056986, "_source_layer": "road_polygon", "_asset_class": "road", "_owning_agency": "see `maintain` / `owner`"}, "geometry": {"type": "Polygon", "coordinates": [[[77.03165964102803, 28.462498435282154], [77.03161849189978, 28.46251121872554], [77.03152702184428, 28.462587797734358], [77.03139334983507, 28.462732116888755], [77.03110515681718, 28.463062691700678], [77.03073047759705, 28.46346170017319], [77.03045565690047, 28.463721927085512], [77.03002583010503, 28.464127607808635], [77.02963282525303, 28.464538694977076], [77.02928623096192, 28.46492151894353], [77.02862040685986, 28.46567692489698], [77.02818761472565, 28.46614851190013], [77.02762010584152, 28.466747480784893], [77.02723168329582, 28.46717717415784], [77.02693893941272, 28.467452769715415], [77.02668223863377, 28.467657883359795], [77.02645553799202, 28.467812286320296], [77.02608463708594, 28.468047874343117], [77.02560320028078, 28.468394170283496], [77.02508666180591, 28.468766756187755], [77.02447975910164, 28.46921375598514], [77.02374898321125, 28.469718280608827], [77.02324370422012, 28.47009905317864], [77.02253456425339, 28.470616664800662], [77.02203770696805, 28.470958405390746], [77.02165397003488, 28.471224721150026], [77.02125167211128, 28.47150016795868], [77.02084106566966, 28.471803291835347], [77.02035654225317, 28.47216183972443], [77.01997035830917, 28.472437858963016], [77.01943397604964, 28.472832090928993], [77.01879377728939, 28.473280355136552], [77.01845926803375, 28.47352881336352], [77.01827836170858, 28.473650671722936], [77.017846582874, 28.473974194763148], [77.0177572148763, 28.47409620895926], [77.01759369185018, 28.474413779071938], [77.01749980981815, 28.474584349615977], [77.01712808964852, 28.475349655682585], [77.01677097788205, 28.476080825871993], [77.0165470674076, 28.4765360542573], [77.01642151706686, 28.476805700031825], [77.0160359116379, 28.477605475975622], [77.01570632604835, 28.478381268371102], [77.01555917212335, 28.478711217015327], [77.01543631313518, 28.478989032879664], [77.01510060732363, 28.479736157142284], [77.01473879287664, 28.480525570288858], [77.01466952198844, 28.480664655954786], [77.01462370611235, 28.480637241058318], [77.01450672839434, 28.48059773264258], [77.0145731408433, 28.480464385708345], [77.01493373088655, 28.479677644923623], [77.01526903335456, 28.478931418826033], [77.01539180790105, 28.47865378915914], [77.01553905614918, 28.478323630297396], [77.0156527451349, 28.478098931131157], [77.01591180668642, 28.47755934070219], [77.01629712555282, 28.476760156630547], [77.01642286094652, 28.476490115134805], [77.01664722776513, 28.47603396031075], [77.01700421825906, 28.475303037743757], [77.01733824332273, 28.47460093768518], [77.01742341169651, 28.474398582330107], [77.01753110891927, 28.474146473236363], [77.01769048891529, 28.47380564395017], [77.01772669191958, 28.473748481118648], [77.01792918296438, 28.47366343486558], [77.01820802362184, 28.473548826322045], [77.01837475632844, 28.473436513966575], [77.01870829899684, 28.473188774108863], [77.01934877084494, 28.472740319204988], [77.01988463387822, 28.47234646830315], [77.02027064265076, 28.472070572802963], [77.02075434860032, 28.47171263027827], [77.02116691516595, 28.471408058678847], [77.02157082107388, 28.471131510829082], [77.02195444212435, 28.470865276171146], [77.02244998966603, 28.470524436299314], [77.02315680928439, 28.47000851729749], [77.02366348066418, 28.469626694914044], [77.02439485483254, 28.46912175605774], [77.02500065440564, 28.468675569250895], [77.02551779834502, 28.468302546325507], [77.0260024394408, 28.467953944177], [77.02637479382102, 28.467717432789897], [77.02659552605603, 28.467567095842536], [77.02684422104916, 28.467368377793026], [77.02712953137329, 28.46709978113417], [77.02751557697674, 28.466672717161018], [77.02808340386446, 28.46607341064694], [77.028514703897, 28.46560345090514], [77.0291802540129, 28.464848353995805], [77.02952851467887, 28.46446368971547], [77.02992488731485, 28.464049080087857], [77.03035698235641, 28.463641258903987], [77.03062906139473, 28.46338362684134], [77.03099969011126, 28.462988930798215], [77.03128760824467, 28.46265867164918], [77.03142791880384, 28.462507184758383], [77.03149437527024, 28.462451547901388], [77.03157332191235, 28.46248444275242], [77.03165964102803, 28.462498435282154]]]}}, {"type": "Feature", "properties": {"OBJECTID": 8, "RoadName": null, "SHAPE.STArea()": 178861.036336915, "SHAPE.STLength()": 13216.695289839497, "_source_layer": "road_polygon", "_asset_class": "road", "_owning_agency": "see `maintain` / `owner`"}, "geometry": {"type": "Polygon", "coordinates": [[[77.01450672839434, 28.48059773264258], [77.0143985397931, 28.480814957682362], [77.01358756680574, 28.480541059090914], [77.01142519884768, 28.479802405097786], [77.00900778301077, 28.478940238006647], [77.007169520919, 28.478309643021774], [77.00535372209922, 28.4777066107541], [77.00385561607295, 28.47716534984203], [77.00226692303512, 28.47659879984278], [77.0021655490536, 28.476550417631746], [77.00209962888142, 28.476484497702153], [77.00205215920688, 28.476400728116737], [77.00204330720804, 28.476318102641606], [77.00205921996499, 28.476218072019453], [77.00239122112433, 28.475428081037986], [77.00302696873236, 28.47401371829086], [77.00381935198322, 28.47224572875162], [77.00447129441923, 28.470799082625685], [77.00512734035942, 28.469330108905634], [77.00523340803826, 28.469074164846532], [77.00524209115382, 28.46904116938747], [77.00524558829521, 28.469019016314324], [77.00524394078501, 28.469010231051637], [77.00524075715562, 28.469002800890443], [77.00522166885413, 28.468979694657307], [77.00515189670604, 28.468941485654753], [77.00490278758953, 28.468843622058408], [77.00434217597017, 28.46870464717779], [77.00323843933678, 28.468369456105673], [77.00030862805507, 28.46733568583547], [76.99804404978399, 28.46653642363271], [76.99556726967984, 28.465689418921556], [76.99329648944003, 28.464896788159177], [76.9907597665536, 28.46399727578361], [76.98996854841764, 28.46371830619133], [76.98988285273279, 28.463675457223093], [76.98978266273085, 28.463600317095228], [76.98975608427652, 28.463502856051893], [76.98974845129156, 28.463437980689076], [76.9897803908915, 28.463281184775056], [76.99031637519734, 28.462101058720823], [76.99054880170067, 28.461605683217872], [76.9905820106201, 28.461494986617108], [76.99078045116133, 28.460802807228852], [76.99085301976491, 28.460432937629708], [76.99091161237934, 28.460074357840426], [76.99093894182523, 28.459764620074345], [76.99091894442867, 28.45957352667407], [76.99090146411156, 28.459473019770442], [76.99085475081847, 28.45930840962683], [76.99071594673406, 28.45897528083046], [76.99037111134425, 28.458287972018304], [76.99021850823873, 28.458006986872558], [76.9901488600581, 28.457823840911335], [76.99012652524519, 28.457723329184983], [76.9901228223896, 28.457675207642822], [76.99015838759001, 28.457355120761257], [76.99053855641489, 28.45618418005434], [76.99060200981329, 28.456067205317417], [76.99071034483991, 28.455924177837904], [76.99081649067222, 28.455795815689303], [76.99095820799312, 28.45567986566509], [76.99152580491211, 28.45540452136285], [76.99257955658818, 28.45493962966362], [76.99321690229911, 28.454678032952224], [76.993547548799, 28.454527952305792], [76.9936244320109, 28.45448182196224], [76.99365655217218, 28.454457731628654], [76.99371318106938, 28.45440320019783], [76.9937893707819, 28.454288916696616], [76.99462809991492, 28.45281579525668], [76.99537078207604, 28.451461351109916], [76.99577748803273, 28.450781127917374], [76.99622895793833, 28.449932840645992], [76.9970776233367, 28.448347730216565], [76.9971411890245, 28.448373400833898], [76.99719965767143, 28.44839796487842], [76.99635093837412, 28.4499831772326], [76.99589821172546, 28.45083382566909], [76.99549114195108, 28.451514655102326], [76.99474904189825, 28.452868037065436], [76.99390787114429, 28.454345447160446], [76.99382225720615, 28.454473867935256], [76.99375039557668, 28.45454306818698], [76.99370637183955, 28.454576086337646], [76.99361669302472, 28.454629894228006], [76.99327633214335, 28.454784383353562], [76.9926382866448, 28.45504626807552], [76.99158859535387, 28.45550936727814], [76.99103784633799, 28.455776537817954], [76.99096022201597, 28.4558530498355], [76.990917235833, 28.45592683467244], [76.99088185119396, 28.456018970872105], [76.9908553697577, 28.456070166214875], [76.99081078906511, 28.456197224099796], [76.99042426555789, 28.45739921697452], [76.99039320630695, 28.457678753715765], [76.99039426272574, 28.457692498893557], [76.99040999761627, 28.4577633089603], [76.99046884175894, 28.457918044653688], [76.99061605137949, 28.458189096341595], [76.99096601704788, 28.458886633217872], [76.9911127487647, 28.459238788393463], [76.99116597214866, 28.45942633796422], [76.9911865642299, 28.459544743183447], [76.99120939581117, 28.459762915781624], [76.99117962025278, 28.460100392056173], [76.99111923819432, 28.460469926385297], [76.99104428097037, 28.460851966654946], [76.99084297121016, 28.46155415096677], [76.99080479640384, 28.461681401275], [76.99056609067665, 28.462190159316165], [76.99004083495024, 28.46334666279725], [76.99002042702361, 28.46344684933649], [76.99002231168909, 28.46346287607825], [76.99002428528777, 28.46347011077642], [76.9900383106843, 28.463480629952446], [76.99008586390217, 28.46350440786685], [76.99086033115303, 28.463777471665594], [76.99339662105149, 28.464676831916826], [76.99566584990077, 28.465468923375536], [76.99814310790867, 28.466316094112955], [77.00040902377121, 28.467115830223232], [77.00333268698311, 28.468147431778274], [77.00442281413997, 28.46847849110419], [77.00499482358366, 28.468620291791247], [77.00527871456964, 28.4687318203677], [77.0054088166739, 28.46880306684327], [77.00548014919569, 28.46888941525511], [77.00550551941596, 28.468948611001053], [77.00551814793221, 28.469015968124378], [77.00550736904711, 28.469084234923073], [77.0054922575874, 28.469141659295115], [77.00537941391634, 28.469413955169276], [77.00472199804535, 28.47088599481184], [77.00406999632057, 28.472332773200534], [77.00327765708714, 28.474100661787364], [77.00264297128777, 28.475512660773642], [77.00232209216996, 28.476276188180016], [77.00231456877947, 28.476323472928343], [77.00231576084386, 28.476334595682758], [77.00232520932398, 28.476351267967733], [77.00233629543294, 28.476362353606515], [77.00238223707319, 28.47638428088454], [77.00395750029753, 28.476946042155575], [77.00545259427265, 28.477486216880312], [77.00726613742276, 28.478088501058153], [77.0091074367185, 28.478720139653767], [77.01152467738392, 28.47958224537301], [77.01368470702731, 28.480320102618297], [77.01450672839434, 28.48059773264258]]]}}, {"type": "Feature", "properties": {"OBJECTID": 9, "RoadName": null, "SHAPE.STArea()": 594.63911719, "SHAPE.STLength()": 98.15210420274413, "_source_layer": "road_polygon", "_asset_class": "road", "_owning_agency": "see `maintain` / `owner`"}, "geometry": {"type": "Polygon", "coordinates": [[[77.01466952198844, 28.480664655954786], [77.01456904632225, 28.480866396842387], [77.0145270437945, 28.480858358735034], [77.0143985397931, 28.480814957682362], [77.01450672839434, 28.48059773264258], [77.01462370611235, 28.480637241058318], [77.01466952198844, 28.480664655954786]]]}}, {"type": "Feature", "properties": {"OBJECTID": 10, "RoadName": null, "SHAPE.STArea()": 92410.63169265, "SHAPE.STLength()": 9172.529542695644, "_source_layer": "road_polygon", "_asset_class": "road", "_owning_agency": "see `maintain` / `owner`"}, "geometry": {"type": "Polygon", "coordinates": [[[77.04966284770565, 28.482115903715965], [77.04944446726005, 28.481977701143357], [77.04941238527935, 28.48196022721887], [77.04937834406864, 28.481946968731176], [77.0492879187538, 28.481918067369463], [77.0490452613377, 28.481853677858105], [77.04864922287501, 28.481803373821116], [77.04800449480908, 28.481789773116365], [77.04765412220387, 28.481789773116365], [77.047394546816, 28.48175837581367], [77.04658218862646, 28.4815945307599], [77.04574632781419, 28.4814194108426], [77.04494304081238, 28.4812524503105], [77.04375188462708, 28.481008822054317], [77.04278891759196, 28.48079318529585], [77.04221326278487, 28.480657034740624], [77.0418896878229, 28.480543682143352], [77.04023543034575, 28.479847909286224], [77.0392566754195, 28.47940975072679], [77.03904254310692, 28.479350211045638], [77.03783079034882, 28.47909747102651], [77.03545554682124, 28.478633287606694], [77.0351378522311, 28.47858868384564], [77.03427842771059, 28.478626455860603], [77.03324357838473, 28.478694428239955], [77.03297081123692, 28.478743160057444], [77.03241444325897, 28.478880890726305], [77.03174228783078, 28.479066519843464], [77.03093684038073, 28.479367361357742], [77.03047032908401, 28.479525700772136], [77.02983626312216, 28.479700748816914], [77.02946944505906, 28.47982568899391], [77.02916181968496, 28.479906808317075], [77.02804915379762, 28.480041638042213], [77.02786545640687, 28.480089694126903], [77.02711902916928, 28.480319125880577], [77.02602974912377, 28.480600729963953], [77.02511999918438, 28.480888605071783], [77.02503174330099, 28.480923865344156], [77.0246757517337, 28.481161515767177], [77.02447216294757, 28.481280121665574], [77.02351348267301, 28.481708521008947], [77.02284193001435, 28.482018665045533], [77.02276021476456, 28.48206421170645], [77.02212160961558, 28.48264535707624], [77.02113879879585, 28.48364950577955], [77.02086508662035, 28.483974881329335], [77.02039123698607, 28.48473377200853], [77.02012001224561, 28.48514068114869], [77.01997977355164, 28.48527274624104], [77.01977113084376, 28.485411941720542], [77.01962662605054, 28.485451633093096], [77.01952637675979, 28.485438580025885], [77.01849376064573, 28.484883359702266], [77.01825952403708, 28.484735126119404], [77.01818181707006, 28.48467821081117], [77.01813068496406, 28.48462327966132], [77.0173009264075, 28.48337273415489], [77.0163991211685, 28.48204494178546], [77.01595209163536, 28.481381380050024], [77.0159232997322, 28.481345226899165], [77.01589915032238, 28.481317933776925], [77.01583611194567, 28.48127360671829], [77.01570785857423, 28.481222582294127], [77.01499627698652, 28.480974543279544], [77.01481601744835, 28.48091366216462], [77.01456904632225, 28.480866396842387], [77.01466952198844, 28.480664655954786], [77.01478598587009, 28.48073434361046], [77.01506161505041, 28.480827434124784], [77.01577805472716, 28.481077167958674], [77.01593073778271, 28.481137910800065], [77.01602794627627, 28.481206266096], [77.01606789435695, 28.481251411203413], [77.01610319994425, 28.481295746167305], [77.01655355144732, 28.481964237849667], [77.0174556621135, 28.483292482083858], [77.01827872911953, 28.484532944146377], [77.01831000935606, 28.48456654668352], [77.01836965838923, 28.484610235966542], [77.01859326702976, 28.484751745756274], [77.01958891118163, 28.485287086319527], [77.01961228175207, 28.485290129302534], [77.01968754260658, 28.485269457702802], [77.0198589124167, 28.485155127836503], [77.01997506817618, 28.485045741323543], [77.020234945398, 28.48465585572921], [77.0207134168644, 28.483889563011108], [77.02099827713259, 28.483550935713858], [77.02198878561599, 28.48253892101301], [77.02264588707666, 28.481940944160364], [77.02275189007682, 28.48188185913103], [77.02343098499057, 28.481568231009717], [77.02438152473205, 28.4811434703447], [77.02457168370465, 28.481032687617226], [77.02493909106259, 28.48078741490994], [77.02505228687323, 28.48074218906514], [77.02597392511707, 28.480450552688456], [77.02706399478176, 28.480168743697394], [77.02781014803315, 28.479939396104776], [77.02801104007675, 28.479886842360216], [77.02912351013136, 28.479752036125625], [77.02941108510832, 28.479676203101544], [77.02977682339646, 28.479551630704925], [77.0304109908679, 28.47937655477667], [77.0308693301905, 28.47922098903951], [77.03168008219231, 28.47891816597051], [77.0323631530495, 28.47872952105714], [77.03292850867187, 28.478589565845553], [77.03321889357905, 28.478537685760834], [77.03426724638021, 28.478468828121233], [77.03514764027445, 28.47843013377822], [77.03548924262752, 28.478478094263036], [77.037871027687, 28.47894355674727], [77.03909044127786, 28.479197895306196], [77.03932499858507, 28.479263113158392], [77.04031498424897, 28.479706301330793], [77.04196180187895, 28.480398944351165], [77.04227005517546, 28.480506930188444], [77.0428344379224, 28.48064041524889], [77.04379442704233, 28.48085538431934], [77.04498407315961, 28.48109870419735], [77.04578782818365, 28.4812657628823], [77.04662310868429, 28.481440760667375], [77.0474269490483, 28.48160288780657], [77.04766642642831, 28.48163185479068], [77.04799366741497, 28.48163185479068], [77.04855268182973, 28.4815724158509], [77.04895611971543, 28.481502273942567], [77.04902465757833, 28.481443195774172], [77.0490357356024, 28.48143163296442], [77.0491651900214, 28.481589404725273], [77.04929925459439, 28.481719648723413], [77.04963867493966, 28.482076590881857], [77.04966284770565, 28.482115903715965]]]}}, {"type": "Feature", "properties": {"OBJECTID": 11, "RoadName": null, "SHAPE.STArea()": 228414.256409495, "SHAPE.STLength()": 17871.69278509134, "_source_layer": "road_polygon", "_asset_class": "road", "_owning_agency": "see `maintain` / `owner`"}, "geometry": {"type": "Polygon", "coordinates": [[[77.03173999443186, 28.46249025915298], [77.03180741209563, 28.462502154935002], [77.03200291963742, 28.46254771080035], [77.03209630669771, 28.462569261872805], [77.0321917904259, 28.46261113991624], [77.0322710892076, 28.46267492516407], [77.03248375726628, 28.462883793782645], [77.03277686227213, 28.46316540564594], [77.03304219675927, 28.463424928850156], [77.03315431818483, 28.463506470635625], [77.03325383534865, 28.46356126982637], [77.03328135703401, 28.46357326815239], [77.03336346035603, 28.463583322958616], [77.03337846222126, 28.46361201137195], [77.03346443189228, 28.463673287054835], [77.03355648944597, 28.463721222649838], [77.03383563193738, 28.46399292835271], [77.03418335630911, 28.46439032465133], [77.03453589385416, 28.46476760375367], [77.03573694677891, 28.4661316871708], [77.03691231507307, 28.467476141620995], [77.03793098304567, 28.468628847286755], [77.0392114003292, 28.470090708646346], [77.04040543291998, 28.47142497337991], [77.04158748737481, 28.47278031462035], [77.04295870906216, 28.474365984146775], [77.04427194270126, 28.4758606378593], [77.04532980416975, 28.477052535970696], [77.04629275773014, 28.478147460291513], [77.04666607330769, 28.47856614981121], [77.04735927985627, 28.47935838587019], [77.0480744556034, 28.48018073618949], [77.0487623108878, 28.480944337236885], [77.04888652902697, 28.48104371117616], [77.04908404520178, 28.48109168784525], [77.04924809913221, 28.481128899931107], [77.0493627600951, 28.481145955992496], [77.04948624071741, 28.481181618083102], [77.04957116385113, 28.481210942869478], [77.04960563978476, 28.481230186974265], [77.0496369638211, 28.481254222995492], [77.04966447495086, 28.48128254371775], [77.0496875926258, 28.481314551508586], [77.04970582900978, 28.48134957092989], [77.0497187992731, 28.48138686299123], [77.04974555110225, 28.481476217364165], [77.04975084397591, 28.48158630399535], [77.04979317977862, 28.48185609400518], [77.04982844494175, 28.481986656668578], [77.05000261569893, 28.482269923124647], [77.05011517101075, 28.482419818299398], [77.05056163730023, 28.482918136898586], [77.05113555925718, 28.483560453285087], [77.05195932874572, 28.48447570737379], [77.05245145819772, 28.485033638844584], [77.05281545016096, 28.485441390083274], [77.05402801319946, 28.486845685379652], [77.05521992486786, 28.488214752334684], [77.0557939582159, 28.488895468055482], [77.05593635915473, 28.48903701315791], [77.05600087975169, 28.489101147216402], [77.05605182410979, 28.48915810435447], [77.05612167441133, 28.48923619811496], [77.05695502443243, 28.49023900431493], [77.057606737798, 28.491055386383753], [77.05801925315963, 28.49158312824651], [77.05837919102599, 28.491988919090225], [77.0593786808656, 28.49305781798585], [77.06018333330663, 28.49393435634724], [77.0606262970648, 28.494437619692857], [77.0615662887882, 28.495500320781343], [77.06213126891478, 28.496141711136], [77.06268715988735, 28.49677172120118], [77.06346951165142, 28.497669808157433], [77.0640808044225, 28.498355195762052], [77.06460240670063, 28.498955619346802], [77.06492262735333, 28.499326890350027], [77.06604561129001, 28.50066752523396], [77.06642690570395, 28.501111214063847], [77.06651809818, 28.501216084878337], [77.06715644730909, 28.50190762998103], [77.06778689575529, 28.50260941189639], [77.06782476962597, 28.502649512834825], [77.06817913164937, 28.503051845258398], [77.06875655793421, 28.50371554392508], [77.0687728192375, 28.50373423360873], [77.06878929793307, 28.503753175905654], [77.06894455017034, 28.503931623306563], [77.06960489634581, 28.504665629306935], [77.07022334779137, 28.505367576811807], [77.07086656129773, 28.506117881225368], [77.07142600510723, 28.506764807080113], [77.07201047598053, 28.507503329254334], [77.07250566599271, 28.50815996720876], [77.07310285790874, 28.50900631473391], [77.07359949420852, 28.50971841717631], [77.07406988622728, 28.510423344901717], [77.07418381955475, 28.510601054794662], [77.0743314343155, 28.510865837851377], [77.07453774230196, 28.511367433813415], [77.07463466333459, 28.51161068335842], [77.0746974465898, 28.511758479776713], [77.07470690135818, 28.511780735973048], [77.07471632558384, 28.511802922700383], [77.07485263235178, 28.51212379575905], [77.07497777934894, 28.51234049967009], [77.07507733963189, 28.512502823261276], [77.07520362928611, 28.512649728820502], [77.07542135755477, 28.512894925912672], [77.07590829115117, 28.51338598065551], [77.07669886789, 28.51417974405183], [77.0772997141526, 28.514768838106622], [77.07786281320702, 28.515299209857787], [77.07808555587158, 28.51550702718302], [77.07832788091108, 28.515707881354682], [77.07866919041336, 28.515982140979432], [77.07917740599713, 28.51640733134058], [77.07946690157218, 28.51669109899385], [77.07959672609704, 28.516822114264222], [77.07979368531635, 28.517031373057524], [77.08003206675174, 28.51730840214011], [77.08016299530605, 28.517466727262136], [77.08046714869161, 28.517879056755554], [77.0802494473724, 28.518019299279786], [77.07994075479971, 28.517600816771832], [77.07981555659858, 28.51744941975038], [77.07958226501759, 28.51717830703901], [77.07939123198423, 28.51697534421613], [77.07926493244852, 28.516847885062337], [77.07898385229109, 28.51657236712783], [77.07848531964777, 28.516155280734733], [77.07814447457443, 28.515881393337523], [77.07789483635024, 28.515674477384135], [77.07766619085592, 28.515461153959073], [77.0771008199622, 28.514928643902497], [77.07649711795527, 28.51433675013522], [77.0757052988464, 28.51354174311014], [77.07521337780358, 28.513045657729688], [77.07498986258784, 28.51279394324996], [77.07484988440532, 28.51263111333749], [77.07473896492561, 28.512450273888405], [77.07460545191817, 28.512219083806563], [77.07438121894853, 28.511691224909402], [77.07428383438521, 28.511446809651872], [77.07408296839274, 28.51095844790388], [77.0739452162355, 28.510711354968127], [77.07383623172692, 28.510541365358264], [77.07336834600783, 28.509840192718762], [77.07287344794813, 28.5091305847705], [77.07227877221318, 28.50828780471924], [77.07178749975397, 28.507636363376438], [77.07120799925913, 28.50690412025726], [77.0706516510441, 28.50626077522214], [77.07000916786806, 28.505511325180947], [77.06939264241048, 28.504811562954437], [77.06873178778858, 28.504076992741524], [77.06796552844447, 28.503196248852614], [77.06761446593312, 28.502797662843637], [77.06758844533259, 28.502770110807035], [77.0675774176142, 28.50275843586517], [77.06750240199975, 28.502674931850027], [77.06694603132684, 28.502055612091468], [77.06630634191133, 28.501362616959366], [77.0662123116573, 28.501254481933564], [77.0658295610743, 28.500809098759532], [77.06470671727479, 28.499468632250064], [77.06438791865519, 28.499099013299126], [77.06386764229042, 28.498500115778672], [77.06325646180875, 28.49781485385171], [77.06247368244658, 28.496916278653423], [77.06191823524179, 28.49628677314107], [77.06135335482821, 28.495645494985695], [77.06041333256208, 28.49458276220008], [77.05997185910896, 28.494081192232624], [77.05916970128948, 28.493207371779583], [77.05816878312855, 28.492136946689435], [77.05780172072369, 28.49172312624016], [77.05738536416592, 28.491190467942218], [77.05673588580875, 28.490376888159254], [77.05590686027745, 28.489379286300117], [77.05580834293853, 28.489230754268547], [77.0550477007599, 28.488328749648915], [77.05385653289656, 28.4869605408364], [77.05264476217215, 28.485557162171], [77.05228145382684, 28.48515017883747], [77.05178958937786, 28.484592547229493], [77.05096623940251, 28.483677760793444], [77.05039216922356, 28.483035280887506], [77.04994020524455, 28.482530826182806], [77.04981745585086, 28.482367352643674], [77.04966284770565, 28.482115903715965], [77.04963867493966, 28.482076590881857], [77.04929925459439, 28.481719648723413], [77.0491651900214, 28.481589404725273], [77.0490357356024, 28.48143163296442], [77.0489552717058, 28.481333569327354], [77.04877440670312, 28.481167549068026], [77.04863054690026, 28.48105246069591], [77.04793265024759, 28.48027771203538], [77.04721670644088, 28.479454479688854], [77.04652415925577, 28.478663000011682], [77.04615098201873, 28.47824446406173], [77.04518790628745, 28.477149401772333], [77.04413001876785, 28.475957476327135], [77.04281609522259, 28.474462038287232], [77.04144468129577, 28.472876146729465], [77.04026353324107, 28.471521846710925], [77.03906961563462, 28.470187712707865], [77.03778886507618, 28.46872547127077], [77.03677014679789, 28.46757271216996], [77.0355946832823, 28.466228146810007], [77.03439541441172, 28.464866090263506], [77.03404270439013, 28.464488629087352], [77.0336975500984, 28.46409416777023], [77.03326798740763, 28.46367605267681], [77.03321564796593, 28.46356819810367], [77.03313850693752, 28.46352572103623], [77.03302348485194, 28.463442069111945], [77.03275689901156, 28.463181321078412], [77.03246377514111, 28.46289969188341], [77.03225190568472, 28.46269160671217], [77.03217638162384, 28.462630858792348], [77.03208676928436, 28.46259155529134], [77.0319960466272, 28.46257062021649], [77.03180130175504, 28.462525242051413], [77.03173290133437, 28.462513171740536], [77.03171279075012, 28.462507051293148], [77.03165964102803, 28.462498435282154], [77.03171270002024, 28.462481951927128], [77.03173999443186, 28.46249025915298]]]}}, {"type": "Feature", "properties": {"OBJECTID": 12, "RoadName": null, "SHAPE.STArea()": 15.15197638, "SHAPE.STLength()": 28.214845685247116, "_source_layer": "road_polygon", "_asset_class": "road", "_owning_agency": "see `maintain` / `owner`"}, "geometry": {"type": "Polygon", "coordinates": [[[77.08590808267077, 28.495811827221953], [77.0859327132426, 28.495804911354462], [77.08595815314398, 28.495802208446943], [77.08598368701786, 28.49580379450377], [77.08600859686472, 28.495809624925847], [77.08603218223233, 28.495819535764667], [77.08590808267077, 28.495811827221953]]]}}, {"type": "Feature", "properties": {"OBJECTID": 13, "RoadName": null, "SHAPE.STArea()": 32768.286404515, "SHAPE.STLength()": 10926.275187540294, "_source_layer": "road_polygon", "_asset_class": "road", "_owning_agency": "see `maintain` / `owner`"}, "geometry": {"type": "Polygon", "coordinates": [[[77.08634327779835, 28.496094094204945], [77.08638403975267, 28.496136326856988], [77.08702537757674, 28.496809788292474], [77.08730899906814, 28.497107613189065], [77.08742256678129, 28.497226868281103], [77.0875890389765, 28.49740167697928], [77.08771267410906, 28.497536226995358], [77.08773686663795, 28.497562556715295], [77.0880713300795, 28.497926548966195], [77.08810016240683, 28.497957927250255], [77.0884358134212, 28.49832321128512], [77.08845196962157, 28.498340794301342], [77.08880441913172, 28.498724357849895], [77.0888344120824, 28.49875699824995], [77.08907466381024, 28.499018458187216], [77.08912496856783, 28.499073205007313], [77.08920536509078, 28.499160697862035], [77.0894499314269, 28.499426851712673], [77.08948393984691, 28.49946386312922], [77.08979914969697, 28.49980689586502], [77.08983048203578, 28.499840994055557], [77.09013230159816, 28.500169453832317], [77.0901985640285, 28.50024156486573], [77.0904222660938, 28.500485011375766], [77.09047713878462, 28.500544726238285], [77.09069133757254, 28.500777831056638], [77.09081267211965, 28.50090987421796], [77.09090212815228, 28.501007224168312], [77.09096333486414, 28.501073832974523], [77.09101870073006, 28.501132294652443], [77.09109059469888, 28.501208209367288], [77.09110536300213, 28.501223808815244], [77.09110215724566, 28.501228612881867], [77.09109825960714, 28.50123287484674], [77.09109376036191, 28.501236495996153], [77.09108686579214, 28.50124129266747], [77.0911040559534, 28.50125944438762], [77.090042391018, 28.502007884149474], [77.08295802965077, 28.507175129917524], [77.08001765777456, 28.509342514315996], [77.07891208228979, 28.51015137265037], [77.0787574543816, 28.51026812014447], [77.07805184479393, 28.51084097021376], [77.07747219338212, 28.51125415524134], [77.07740775363352, 28.511299711389515], [77.07727839892755, 28.511338427627248], [77.07718014210009, 28.511346040311302], [77.07638515642984, 28.511379819814014], [77.07634316558021, 28.51138864812431], [77.07587495736591, 28.511487080892316], [77.07471632558384, 28.511802922700383], [77.07470690135818, 28.511780735973048], [77.0746974465898, 28.511758479776713], [77.07586068493269, 28.51144138273853], [77.07633062420054, 28.51134258602834], [77.07637751805498, 28.511332728375642], [77.07717647158385, 28.511298778353854], [77.07726718256293, 28.51129175216856], [77.07738137640186, 28.511257573216106], [77.0774383206077, 28.511217312939237], [77.0780165427999, 28.510805147638596], [77.07872159183884, 28.51023275205664], [77.07887727436915, 28.51011520882914], [77.07998309599233, 28.5093061702377], [77.08292349841123, 28.507138762199805], [77.09000831342772, 28.50197118387517], [77.09104854635706, 28.501237853053123], [77.09092165303495, 28.50110386510583], [77.0875474029614, 28.497431760681955], [77.08634282235252, 28.496166849083714], [77.08605479462463, 28.495868430997035], [77.08586823969297, 28.49585683818764], [77.08570671092679, 28.495954810966182], [77.08543484928077, 28.496158086605746], [77.08416853105567, 28.497117169801438], [77.08294715823918, 28.498042923937664], [77.08177497267607, 28.498933316234908], [77.07946652877135, 28.500710806023676], [77.0792780721062, 28.500854211801077], [77.07912232220225, 28.50089705831775], [77.07890143455872, 28.50087622714781], [77.07807878886254, 28.500798648035925], [77.07648626540835, 28.50061764067557], [77.07488542624952, 28.500703858867624], [77.07387517998269, 28.500924761628], [77.07248350006309, 28.501261564837982], [77.0721954543689, 28.501390208835712], [77.07193539838235, 28.501570164122086], [77.07153869606468, 28.50184467602379], [77.06878929793307, 28.503753175905654], [77.0687728192375, 28.50373423360873], [77.06875655793421, 28.50371554392508], [77.07150532005862, 28.501807483870802], [77.07190205381733, 28.501532949767935], [77.07216628966489, 28.501350101103142], [77.07246393834946, 28.501217168787342], [77.07386151570891, 28.50087893811317], [77.07487720217308, 28.500656847134728], [77.07578970904208, 28.50060770070733], [77.07625785706925, 28.500582487240717], [77.07648808898836, 28.500570087341185], [77.07808512108699, 28.500751606346224], [77.07890718467485, 28.500829131020716], [77.07911692242907, 28.50084890986511], [77.07925126817474, 28.50081195182742], [77.07943112706431, 28.500675088163252], [77.08173959073198, 28.498897584351987], [77.08291193439857, 28.49800707017492], [77.08413333685947, 28.497081293618827], [77.0853997934251, 28.496122106674754], [77.08567385684188, 28.495917183309878], [77.08585318392879, 28.49580841585214], [77.08596058380924, 28.495793005080404], [77.08608122485694, 28.49582258476003], [77.08609415610546, 28.495835983127673], [77.08634327779835, 28.496094094204945]]]}}, {"type": "Feature", "properties": {"OBJECTID": 14, "RoadName": null, "SHAPE.STArea()": 685307.983831665, "SHAPE.STLength()": 27892.738625095444, "_source_layer": "road_polygon", "_asset_class": "road", "_owning_agency": "see `maintain` / `owner`"}, "geometry": {"type": "Polygon", "coordinates": [[[77.09108686579214, 28.50124129266747], [77.09109376036191, 28.501236495996153], [77.09109805177478, 28.50123329523812], [77.09110178265823, 28.50122945576092], [77.09110485900747, 28.50122507430549], [77.09110720330966, 28.501220261268653], [77.09110875649688, 28.501215137921513], [77.0911094794344, 28.501209833353883], [77.09110935390682, 28.50120448122167], [77.09110838307699, 28.501199216379238], [77.0911065914063, 28.501194171481565], [77.09110402403837, 28.501189473641812], [77.09110074566159, 28.501185241228544], [77.08981623475533, 28.499738596821533], [77.09021483431489, 28.49944393560692], [77.09239451370684, 28.501921103362424], [77.09240537100892, 28.501930851086783], [77.09241767145207, 28.501938699541252], [77.09243108629808, 28.501944438970256], [77.09244525702559, 28.501947915983436], [77.09245980491174, 28.501949037655123], [77.09247434115385, 28.50194777400784], [77.0924884772604, 28.50194415881346], [77.09250183543382, 28.501938288690653], [77.0931079000099, 28.501610208615624], [77.09504791517223, 28.500502249041652], [77.09663080509334, 28.499419650266223], [77.09716275686189, 28.49907689810945], [77.09786440308254, 28.498662177248047], [77.09844101908699, 28.498317928958695], [77.09902729018413, 28.497984848967448], [77.10004824436915, 28.497386526966718], [77.1006895875831, 28.497016709669904], [77.10122921815066, 28.49669833989264], [77.1017121335828, 28.496426775948958], [77.10235049798327, 28.496051123368133], [77.10355740972032, 28.495325013134313], [77.10361867392436, 28.495279031658455], [77.10364215858085, 28.49524615333561], [77.10366802107785, 28.49519812230738], [77.1036753216862, 28.49515066679631], [77.10369238787996, 28.49452919097828], [77.10369954206287, 28.49399985326498], [77.10370565330176, 28.49393263365772], [77.10372160378793, 28.493874145095948], [77.10376669741856, 28.493823640726085], [77.10385944218345, 28.493759679279485], [77.1040774291669, 28.493690453394628], [77.10509292698491, 28.493363378771313], [77.10585980167497, 28.49313488802997], [77.10660043837221, 28.49290370615106], [77.10759391488934, 28.49259253061717], [77.10785386487467, 28.492509125141957], [77.10786919372667, 28.492498394109553], [77.1078764521142, 28.492486054842068], [77.1078826118621, 28.49246244293243], [77.1078826118621, 28.492444329964307], [77.10769403122944, 28.492017909279014], [77.10742826555092, 28.49133777977727], [77.10715250970816, 28.490654820974022], [77.10713665444342, 28.490610137022], [77.10712660499033, 28.49058333816881], [77.10712320935856, 28.49055108605614], [77.10712162383209, 28.49052729291231], [77.10712320576526, 28.490478237300565], [77.10714440780264, 28.490378285621738], [77.10754782682368, 28.48931824028102], [77.10771911398881, 28.488828643125185], [77.107941924027, 28.488233052360627], [77.10822005771037, 28.48747424525834], [77.1082417430413, 28.487407837889457], [77.1082463918229, 28.487375295042103], [77.10823617079161, 28.487284586845448], [77.1082129717994, 28.487238188932356], [77.10818115526867, 28.487204097724092], [77.10804655080818, 28.487125238964552], [77.1072385332781, 28.486713394073462], [77.1065306841904, 28.486363749671412], [77.10581404508767, 28.48601031975299], [77.10579583440419, 28.48600077568721], [77.10577954381326, 28.485988232369024], [77.10576566206052, 28.48597306611948], [77.10575460562238, 28.48595573195207], [77.10574670621092, 28.485936749921546], [77.10574220082205, 28.485916689521368], [77.10574122462515, 28.48589615259794], [77.10574380690781, 28.485875755294188], [77.1057498701971, 28.485856109564192], [77.10575923258398, 28.485837804813546], [77.10600251612584, 28.48545982402615], [77.10655376729996, 28.484600098677465], [77.10698651901, 28.483944545075413], [77.10744030477235, 28.483253876361967], [77.10755996126653, 28.483066753610405], [77.10757022560662, 28.483044431599115], [77.10757669353478, 28.483020729388866], [77.10757919020574, 28.482996287713398], [77.10757764812784, 28.482971767296167], [77.10757210898754, 28.48294783098922], [77.10756272252253, 28.482925125854557], [77.1075497424739, 28.482904265672314], [77.10753351972689, 28.482885814348663], [77.10751449282543, 28.482870270671924], [77.10749317611726, 28.48285805482899], [77.10747014584967, 28.482849497046566], [77.107446024592, 28.48284482866426], [77.10742146440593, 28.48284417588084], [77.10734879159776, 28.482840480631623], [77.10705106206481, 28.482793105630073], [77.10657219533968, 28.482712414899346], [77.10602378104527, 28.482589753721594], [77.10533883360743, 28.482465120805188], [77.10483779825769, 28.482398013081113], [77.10451102888659, 28.48236929107906], [77.10366517521506, 28.48235654635927], [77.10324218729384, 28.482347747203605], [77.1027659238864, 28.482301478192692], [77.1009931040631, 28.482089574091226], [77.10082835393831, 28.48207922968789], [77.10058639900473, 28.482016995064093], [77.1005392748678, 28.48200819627587], [77.10049140215799, 28.482005684979434], [77.10044361606694, 28.48200950498709], [77.1003967502752, 28.482019589654637], [77.10024994759146, 28.482061748978367], [77.10006416431261, 28.482137116801137], [77.09957690193285, 28.482373633805825], [77.09908464312345, 28.482655030277225], [77.09885327124222, 28.482807492630684], [77.09856372536156, 28.483031442730677], [77.09818162605713, 28.48336379690753], [77.09783933200127, 28.48361054487831], [77.09738170773767, 28.483908368325245], [77.0968915491894, 28.48415646914182], [77.09657685856558, 28.484307189110403], [77.09637451304785, 28.48442753405969], [77.0957294966227, 28.484824387648395], [77.09527794317377, 28.48487881889713], [77.0951838590208, 28.484854496253924], [77.09511266034802, 28.48482787990913], [77.09502929579135, 28.484767930338176], [77.09498382396997, 28.4847113103465], [77.09493584495063, 28.484571707314718], [77.0948205497772, 28.48377700030136], [77.09469546835705, 28.482844532772432], [77.09461890943695, 28.482488280938878], [77.09443357262079, 28.481840853327434], [77.09440096916587, 28.48172696113061], [77.09418283755365, 28.481013463304652], [77.09382184955669, 28.479754239127118], [77.09362103656484, 28.479050455987938], [77.09356711968148, 28.478848117842535], [77.09351883882823, 28.478542559266668], [77.09353354784265, 28.477431240139452], [77.09356695259483, 28.476065799930872], [77.09361281518333, 28.47396033483482], [77.09363787817976, 28.47095690817263], [77.0936763655998, 28.470123005702085], [77.09391282104723, 28.46877605713717], [77.09423035124561, 28.466996218924795], [77.09445175991202, 28.46585157576395], [77.09484497856303, 28.463768351123402], [77.09512728402254, 28.462575925654004], [77.09552999337451, 28.461183224158972], [77.0960969138621, 28.45930321064277], [77.09637313323557, 28.458282202772484], [77.0968303128331, 28.456710646116164], [77.09723424299558, 28.455270751686374], [77.09756861301229, 28.454043139617895], [77.09792870179561, 28.452924460875256], [77.09864308792362, 28.450957514939745], [77.09904325684, 28.4497665388382], [77.09927155199136, 28.449157750862334], [77.10004371236853, 28.446836530961438], [77.10056942174418, 28.44493278276102], [77.10093505223449, 28.443943475939353], [77.10112931740626, 28.44338142866105], [77.10142792459321, 28.442602031809308], [77.10179424498965, 28.441643207993348], [77.10206309188958, 28.440480039690883], [77.10224192400476, 28.440021581703405], [77.1028439048396, 28.43845572067351], [77.10316630570348, 28.43756093298786], [77.10339299376881, 28.43682560594423], [77.10377836294087, 28.43546789601387], [77.10420151255879, 28.43398392000609], [77.10461206959312, 28.432860956078386], [77.10486394462238, 28.432059148691796], [77.10486394462238, 28.43199491523617], [77.10483623878235, 28.431921822300264], [77.10479090080999, 28.431855372912015], [77.10419899368277, 28.431310493780465], [77.1047128201438, 28.430763396761286], [77.10509694784412, 28.430214991873004], [77.10505856462866, 28.428868335932453], [77.10504886462022, 28.427230469770954], [77.10502300571646, 28.425334410309922], [77.10502623695653, 28.424598505336707], [77.10500688095709, 28.423188439770026], [77.10498104361291, 28.421887598839078], [77.10549300606975, 28.421879734795738], [77.10551886677015, 28.42318178930759], [77.1055382892449, 28.42459665590398], [77.1055350580048, 28.42533257906031], [77.10556088906081, 28.427226597197688], [77.10557057110296, 28.4288615207197], [77.10561279910782, 28.43034307934785], [77.1056172637348, 28.43106185022189], [77.10563978629558, 28.431099261615007], [77.10571613411159, 28.431350414813597], [77.10567089136062, 28.431514535248237], [77.10545881169845, 28.4318029872206], [77.10539943036324, 28.432069057981767], [77.10545023907571, 28.43214799416435], [77.10540924984761, 28.43230682615514], [77.10507507207033, 28.43339051399622], [77.10438540308735, 28.435754416877952], [77.10389795475632, 28.437403135783168], [77.10346209218046, 28.438610141007334], [77.10265202828816, 28.440768719199717], [77.10251246961889, 28.441126169350298], [77.10225347094944, 28.441424645714616], [77.10178727496137, 28.44261870388644], [77.10136897714428, 28.443828925214383], [77.10126734893954, 28.444347520909844], [77.10109144802712, 28.444927482757034], [77.10116422773484, 28.445098131693925], [77.10065133821662, 28.44698109830594], [77.09987209013183, 28.449323622378326], [77.09964352907913, 28.449933117875975], [77.09924419829095, 28.451121601798288], [77.09853090810759, 28.45308552604463], [77.09817715873521, 28.454184504749374], [77.09784527884845, 28.45540297890645], [77.09744019255423, 28.456846991014586], [77.09698365884536, 28.458416321663687], [77.09670680436302, 28.459439681717654], [77.09613863881042, 28.46132381606013], [77.09574011021778, 28.462702061997263], [77.0954632189045, 28.46387161719031], [77.0950718921055, 28.46594481364422], [77.09485095056303, 28.467087036941145], [77.09453416686462, 28.46886269064833], [77.09430323425958, 28.470178187614206], [77.09426660635218, 28.47097179980651], [77.09424159096648, 28.473969309201813], [77.09419564483463, 28.47607868833349], [77.09416227960833, 28.477442463849023], [77.09405501627185, 28.478609952912343], [77.09412959440674, 28.479221578088747], [77.09425668356157, 28.47965694300973], [77.09463938114393, 28.480916728172033], [77.09483703476096, 28.481633977214564], [77.09486915312566, 28.48174617267985], [77.09505776879259, 28.482405054613206], [77.09513971221449, 28.482786364955196], [77.09521355462915, 28.483336859617744], [77.0970623836036, 28.483638258252686], [77.09723863755394, 28.48362550026324], [77.0975134402842, 28.483488840133607], [77.09804134783731, 28.483088393668073], [77.09868857860964, 28.4826275622057], [77.0997407797935, 28.48202053084513], [77.10043501581136, 28.481715425987638], [77.10056156867195, 28.48169953466602], [77.10095619588134, 28.481693112126827], [77.10103941401262, 28.48169833606581], [77.1028208657475, 28.481911272946622], [77.10327222875357, 28.481955122825354], [77.10367433892928, 28.481963487739392], [77.10453726867604, 28.481976489912846], [77.10489401392985, 28.482007846881633], [77.10541824827179, 28.482078062675548], [77.10612474090341, 28.482206616352826], [77.1066699491106, 28.482328561030588], [77.10713335403305, 28.48240664720903], [77.10740196377775, 28.482449388303195], [77.10767302592315, 28.482463172106968], [77.10787314990719, 28.482456559323964], [77.10830655918402, 28.482387405775683], [77.10858841189261, 28.4823068410689], [77.10885056185208, 28.482222283355213], [77.10900530025303, 28.482591253143603], [77.10873528644154, 28.482678346706987], [77.10841662256925, 28.482769433123412], [77.1080179762973, 28.482833038809844], [77.10797137129389, 28.482842494609194], [77.1079262305197, 28.48285745285078], [77.10788320112997, 28.48287769908759], [77.10784290001031, 28.482902943061926], [77.10780590493283, 28.482932822866605], [77.10777274627294, 28.482966910133445], [77.10774389940578, 28.483004716174495], [77.10754957943679, 28.483308599775157], [77.10709536338136, 28.483999922687993], [77.1066629431497, 28.484654975359103], [77.10611202794549, 28.4855141736223], [77.10588009371892, 28.48587452333075], [77.1058750848452, 28.485884316514245], [77.10587184101065, 28.485894827118244], [77.10587045953565, 28.485905739807453], [77.10587098186667, 28.48591672718336], [77.10587339233297, 28.48592745960672], [77.10587761861657, 28.485937615087302], [77.1058835339221, 28.48594688894408], [77.1058909607807, 28.485955002946195], [77.10589967637448, 28.485961713660323], [77.10590941922138, 28.485966819754065], [77.10657466840166, 28.486294905819694], [77.1072830726482, 28.486644823635647], [77.10809404114397, 28.487058175258746], [77.10824211674046, 28.4871449256309], [77.10829025027004, 28.48719649672066], [77.10832415718042, 28.48726431277986], [77.10833678030679, 28.48737633487852], [77.10833000700954, 28.487423741774354], [77.10830600582179, 28.48749724717324], [77.1080273457257, 28.48825748791972], [77.10780472163873, 28.48885257876874], [77.1076333671, 28.489342367670456], [77.10723157582622, 28.490398138271615], [77.10721280193512, 28.490486641015718], [77.10721152992065, 28.4905261007285], [77.10721279924016, 28.490545137770702], [77.10721511509693, 28.490567137898317], [77.10722219831295, 28.490586024923306], [77.10723774994717, 28.490629856988132], [77.10751307819186, 28.491311755627724], [77.10777840908574, 28.491990775239405], [77.1079724442888, 28.492429525835732], [77.1079724442888, 28.492471377041102], [77.10796147226591, 28.492513436660765], [77.1079401759055, 28.492549639674404], [77.10789839885489, 28.49257888314205], [77.10762439742187, 28.492666799031138], [77.1066305481039, 28.492978089614155], [77.10588925563653, 28.493209475812137], [77.1051228067479, 28.49343784086091], [77.10410814885469, 28.493764642875448], [77.10390354407399, 28.493829618827863], [77.10383067902636, 28.493879871344127], [77.10380438803294, 28.493909317344837], [77.10379464131209, 28.493945054074654], [77.10378932957383, 28.494003470752688], [77.10378220593364, 28.49453061286016], [77.10376500768751, 28.495156926671196], [77.10375517742338, 28.495220829638313], [77.10372107737518, 28.49528415860743], [77.10368745612905, 28.49533123036645], [77.10361210634132, 28.495387783082446], [77.10240086202968, 28.496116498970807], [77.10176133790418, 28.49649283422007], [77.10127846559118, 28.496764371940973], [77.1007392644183, 28.497082489675993], [77.10009780442338, 28.497452373058096], [77.09907659601512, 28.49805084310577], [77.09849064920981, 28.49838373894295], [77.09791470873846, 28.49872758281185], [77.09721440280418, 28.499141512376056], [77.09668495913193, 28.499482648300994], [77.09510007135762, 28.500566612969127], [77.09315593831805, 28.50167692282646], [77.09246498204926, 28.502050956766823], [77.09245060995679, 28.502057262054862], [77.09243538874586, 28.502061086768883], [77.09241974321787, 28.5020623241668], [77.09240411001629, 28.502060939714674], [77.09238892544055, 28.502056972050507], [77.0923746132696, 28.502050531905915], [77.09236157293489, 28.502041799015768], [77.0923501683728, 28.50203101710207], [77.09194407416885, 28.501539975813728], [77.09193959386248, 28.501535751089698], [77.0919344657138, 28.501532341759926], [77.09192883638981, 28.50152984533252], [77.09192286689131, 28.501528333206245], [77.09191672794817, 28.50152784862848], [77.09191059513651, 28.501528405458338], [77.09190464385705, 28.501529987770272], [77.09189904431861, 28.501532550309555], [77.0917057349543, 28.501641757902856], [77.09170048042651, 28.501644896276932], [77.09169581366434, 28.501648856174015], [77.09169186178701, 28.501653529729374], [77.0916887324408, 28.501658789638732], [77.09168651086686, 28.501664492625963], [77.09168525757924, 28.50167048334581], [77.09168500671662, 28.50167659861539], [77.09168576511227, 28.50168267185918], [77.09168751210807, 28.501688537646405], [77.09169020011711, 28.50169403619726], [77.09169375591998, 28.501699017735188], [77.09191885396723, 28.50196702826241], [77.09192304408414, 28.50197295464974], [77.09192617798519, 28.501979501237464], [77.0919281664205, 28.501986481586417], [77.09192895276179, 28.501993696904425], [77.09192851461498, 28.502000941707657], [77.09192686445795, 28.502008009672597], [77.09192404928527, 28.502014699511857], [77.09192014926977, 28.502020820706637], [77.09191527547931, 28.50202619893247], [77.09190956671375, 28.502030681023765], [77.09190318555207, 28.50203413933581], [77.09185186839314, 28.50206057608669], [77.0918447657725, 28.502063543922525], [77.09183727529589, 28.50206531819115], [77.0918295960639, 28.50206585173161], [77.09182193219443, 28.502065130362137], [77.09181448739699, 28.50206317325709], [77.09180745955803, 28.502060032437306], [77.09180103548108, 28.502055791387367], [77.09179538592134, 28.502050562836512], [77.09127881690372, 28.501443976304184], [77.0911040559534, 28.50125944438762], [77.09108686579214, 28.50124129266747]]]}}, {"type": "Feature", "properties": {"OBJECTID": 15, "RoadName": null, "SHAPE.STArea()": 63770.957492815, "SHAPE.STLength()": 10038.781086154138, "_source_layer": "road_polygon", "_asset_class": "road", "_owning_agency": "see `maintain` / `owner`"}, "geometry": {"type": "Polygon", "coordinates": [[[77.06758844533259, 28.502770110807035], [77.06758663702395, 28.50277011396475], [77.06652771195016, 28.502763411668866], [77.06549685114419, 28.502756268868282], [77.06466855594323, 28.502736038035476], [77.06274688707396, 28.50270749761067], [77.06216226258874, 28.502711071381], [77.06065664395172, 28.50266584229697], [77.05901969701009, 28.50264323919452], [77.05829279555351, 28.502624296698325], [77.0581057797861, 28.502643682857013], [77.05791606008968, 28.50269026109448], [77.05775158305272, 28.502762219623254], [77.05758517912949, 28.50285298477895], [77.05681998608564, 28.503337766093612], [77.05641837716988, 28.50357968502186], [77.05577402639638, 28.503962489836336], [77.05561961408385, 28.504059889072348], [77.0550899808671, 28.504382429260858], [77.05464407332973, 28.50465829796373], [77.05393969533229, 28.505097344030712], [77.05295888865393, 28.505700770857082], [77.05275087386845, 28.505827389339046], [77.05210505614606, 28.506231778683436], [77.05140590903854, 28.506653279202123], [77.05110971472644, 28.506836638104154], [77.05087225675916, 28.506973049342257], [77.05073787508086, 28.507047933631952], [77.05055064820934, 28.507130231927583], [77.04970105574962, 28.507438990082782], [77.04904949509762, 28.507651150373274], [77.04863542205729, 28.507804919387446], [77.04775785875457, 28.508101800711273], [77.04646972224785, 28.508553303245062], [77.04549194738358, 28.508895322062777], [77.04457571789608, 28.509211125057696], [77.04368361805541, 28.509524918915382], [77.04307084306411, 28.509737101849602], [77.04233303965329, 28.510029778235136], [77.04211685199532, 28.51014244635352], [77.04201841101323, 28.51022241988386], [77.04200608792418, 28.510235323061657], [77.04196214503541, 28.510277673986135], [77.04185583031983, 28.51030756930337], [77.04176652610252, 28.510302586751074], [77.04172683494, 28.51028016605229], [77.04168005696822, 28.510242796894765], [77.04119719094344, 28.509630798091898], [77.0409784844094, 28.509379690393228], [77.04050960964518, 28.508826297138967], [77.04013448755558, 28.50838580621525], [77.03971896463437, 28.507897843938682], [77.03940826881862, 28.507526817810156], [77.0390753558693, 28.507140599136907], [77.03880449404818, 28.506817376652293], [77.03835829276174, 28.50627871925389], [77.03796157427438, 28.505827766677612], [77.03773285691484, 28.505570836687934], [77.03700732988067, 28.504703425147916], [77.03681809707113, 28.504480975138385], [77.0364861552006, 28.50407660987073], [77.03637532016252, 28.503945803754597], [77.03612587597442, 28.503672000699098], [77.03609798867477, 28.503659845095715], [77.03606886888649, 28.50364801473511], [77.03602520178056, 28.50363464735753], [77.0359723143665, 28.50362461688933], [77.03588882943559, 28.50361513112534], [77.03556596234607, 28.50360813284767], [77.03526962520179, 28.50359397366882], [77.03490974482764, 28.503566832342802], [77.03447600856406, 28.50354888390264], [77.03433258534244, 28.503555807977953], [77.03392977088757, 28.503570913686264], [77.03354941970468, 28.50358308508848], [77.03322700356945, 28.503561727110746], [77.0325653620233, 28.50350533034531], [77.03215732117013, 28.50346704462919], [77.03159764739192, 28.503406430681583], [77.0313600798302, 28.503364447241076], [77.03105266196692, 28.503286066318584], [77.03060158821839, 28.503145798678005], [77.03015285817439, 28.503005947671262], [77.02984932821968, 28.50290983029105], [77.02963633317422, 28.502828147619244], [77.02953673067049, 28.50277076761622], [77.02946813711202, 28.502717416855823], [77.02932654196199, 28.502578878112583], [77.0288844540612, 28.502159357806686], [77.0289635462304, 28.50209499011408], [77.02940619198496, 28.50251504038749], [77.0295442073486, 28.502650077280865], [77.02960234272052, 28.50269529374068], [77.02968780664001, 28.502744527612414], [77.02988919994355, 28.502821761889972], [77.0301891456203, 28.502916744145715], [77.03063758371182, 28.503056505275467], [77.03108568763005, 28.50319584782168], [77.03138576985069, 28.503272358650662], [77.03161489055381, 28.503312850894456], [77.03216963707267, 28.503372931241408], [77.03257628823215, 28.503411085946396], [77.0332362598101, 28.50346733908619], [77.03355151637254, 28.503488222636317], [77.03392551107646, 28.50347625568526], [77.0343273310963, 28.50346118785598], [77.03447558725418, 28.50345403010344], [77.03491689092571, 28.503472291963007], [77.03527716116871, 28.503499461732805], [77.03557021766555, 28.503513464617495], [77.03589709303787, 28.503520548949115], [77.03599062832019, 28.503531179392827], [77.03605441229864, 28.503543275014458], [77.03610931283721, 28.503560081152962], [77.03614456542391, 28.503574402958563], [77.03619512979463, 28.50359644299944], [77.03646065202966, 28.50388789623355], [77.03657310313696, 28.50402060809287], [77.03690498482035, 28.504424900948365], [77.03709393016902, 28.504647013204313], [77.03781875741556, 28.505513589219127], [77.03804666988462, 28.505769613103638], [77.03844452923236, 28.506221862926342], [77.03889147162894, 28.506761417378286], [77.03916172618892, 28.507083912995242], [77.03949464901972, 28.50747014371703], [77.03980553258336, 28.507841394233385], [77.04022079589143, 28.50832905206553], [77.04059599613448, 28.508769634795406], [77.04106452235237, 28.50932261628791], [77.04124454922689, 28.509529314992392], [77.04132851116323, 28.509591332892203], [77.0414674284354, 28.50969596635683], [77.04165737720223, 28.509796861996108], [77.04185866540287, 28.509837968242458], [77.04207838164328, 28.509854160818414], [77.04225415499492, 28.509842950816687], [77.04281389524847, 28.50972426018265], [77.0436438280782, 28.50943688129658], [77.04453600607232, 28.509123061127244], [77.04545233078125, 28.50880722392494], [77.04642981998126, 28.50846530507428], [77.04771852512155, 28.50801360323638], [77.04859506614149, 28.507717066630892], [77.04900976710418, 28.50756306382675], [77.04966171582836, 28.507350777844533], [77.05050587976885, 28.507043992147132], [77.05068476129136, 28.50696536213876], [77.05081389680842, 28.506893400950812], [77.05104916288639, 28.50675824792014], [77.0513443753399, 28.506575499092424], [77.05204328169891, 28.5061541427248], [77.05268890179192, 28.505749874652224], [77.05289728488671, 28.505623032673434], [77.0538775992883, 28.50501990774923], [77.05458186319967, 28.504580933986688], [77.05502825313235, 28.504304766679784], [77.05555748031063, 28.503982473343928], [77.05571239837464, 28.50388475589786], [77.05635771483705, 28.50350137530784], [77.05675798436474, 28.503260263787404], [77.05752516268538, 28.502774225337575], [77.05769902262544, 28.502679392156733], [77.05787718819067, 28.502601444914806], [77.0580848382602, 28.50255046474442], [77.05828805424547, 28.502529398648974], [77.05902214132595, 28.502548529047914], [77.06065933171107, 28.50257113611785], [77.06216373133422, 28.50261632734958], [77.06274742336817, 28.50261275989155], [77.0646709643265, 28.502641327972203], [77.06549877264057, 28.50266154698161], [77.0665285258238, 28.50266868189428], [77.06748818975365, 28.502674755016617], [77.06749529063191, 28.502675264961354], [77.06750240199975, 28.502674931850027], [77.0675774176142, 28.50275843586517], [77.06758844533259, 28.502770110807035]]]}}, {"type": "Feature", "properties": {"OBJECTID": 16, "RoadName": null, "SHAPE.STArea()": 96888.9261832, "SHAPE.STLength()": 12184.887812230592, "_source_layer": "road_polygon", "_asset_class": "road", "_owning_agency": "see `maintain` / `owner`"}, "geometry": {"type": "Polygon", "coordinates": [[[77.01456904632225, 28.480866396842387], [77.01437508567936, 28.481255837673242], [77.01404425143157, 28.482020181846618], [77.013772997945, 28.482602661067737], [77.01347170120208, 28.483299496710583], [77.01307500517261, 28.484142833209336], [77.01287662841179, 28.484618081922832], [77.01272032873887, 28.484954630025307], [77.01270521436773, 28.484980065806106], [77.01268646826715, 28.485002957002493], [77.01266451152514, 28.48502278941637], [77.01263983734947, 28.485039117558156], [77.01261299998875, 28.485051574653685], [77.01258460228259, 28.48505988088294], [77.01229544537242, 28.485128203636737], [77.01121603781186, 28.485261693909678], [77.01000974591237, 28.485403022805748], [77.00959768240332, 28.485441348236385], [77.00883132514288, 28.485545730879164], [77.0086404969254, 28.485622456631308], [77.00851971484218, 28.485695146877287], [77.0084579790226, 28.485739411283674], [77.00809764679583, 28.486071370843], [77.007761837678, 28.48637991189863], [77.00761221158932, 28.486494332816804], [77.00736708560281, 28.486645178935284], [77.00702874143926, 28.48682417005185], [77.00654710700472, 28.487109506367297], [77.005809745565, 28.487475326939812], [77.00542163114143, 28.48770875828213], [77.00494524915638, 28.48802918114427], [77.00443078938308, 28.488404750948206], [77.00418592211133, 28.48856639998723], [77.00401462416646, 28.48871064417617], [77.0034620003666, 28.489129775801153], [77.00328175699808, 28.489242248324224], [77.00316795392634, 28.48931530715942], [77.00296655702952, 28.489464954683054], [77.0024611208332, 28.48995477469356], [77.00214518514443, 28.490275505760483], [77.00190187824636, 28.490583159736104], [77.00143717705494, 28.491132719221394], [77.00078892310151, 28.491948589878625], [77.00044585020628, 28.492368802911827], [77.00029450474217, 28.492522250759478], [77.00008974814622, 28.492649699828693], [76.99943833930948, 28.493000772158464], [76.9984955502323, 28.493442892896446], [76.99810622667637, 28.49366650463696], [76.99687475679607, 28.49456944814935], [76.9955510002917, 28.495590053217143], [76.99464787632589, 28.49622167396296], [76.99461602386255, 28.496243950805486], [76.99461295804088, 28.49624629581682], [76.99461034442773, 28.496249136127904], [76.99460826193398, 28.496252385983354], [76.99460677343477, 28.496255947262735], [76.99460592387126, 28.496259712443017], [76.99460573889367, 28.49626356784494], [76.9946062240869, 28.49626739706526], [76.99460736480185, 28.496271084491205], [76.9946091265978, 28.496274518791097], [76.99470033165026, 28.49641878876357], [76.99479987935678, 28.49663107384568], [76.99485102314087, 28.49685639278936], [76.99487692067218, 28.497126571675587], [76.99489412790146, 28.49738657828254], [76.99490175369992, 28.49790325721971], [76.99490555986175, 28.49840565927961], [76.99492268444602, 28.499094433632386], [76.99495884433115, 28.500283885855666], [76.9950140529919, 28.501509916965475], [76.99502736332947, 28.502148821167975], [76.99503060714595, 28.502182875182605], [76.99504319613635, 28.502209627671565], [76.99505423283792, 28.50222894206755], [76.9951258662953, 28.502278401936092], [76.99595178455402, 28.50269800781708], [76.99613377334914, 28.50279150762724], [76.99626429227172, 28.502861787751524], [76.99658610114582, 28.503071727101734], [76.99703269499607, 28.50341287637211], [76.99766739157523, 28.50392408903], [76.99825207984084, 28.504383172896425], [76.99875634643064, 28.50481513033815], [76.99932658259995, 28.50525041024035], [76.99985998604598, 28.5056542728899], [77.00019100893996, 28.505922515719373], [77.00086308801137, 28.506416132970706], [77.00119873094086, 28.50662472483824], [77.00198925378079, 28.5071085628543], [77.00225050542497, 28.50728392276106], [77.00226678505611, 28.507295674321423], [77.0022809014944, 28.507309951986866], [77.00229246742526, 28.507326364019164], [77.00230116551268, 28.50734446011919], [77.00230675710606, 28.507363743781816], [77.00230908878811, 28.5073836859186], [77.00230809658416, 28.507403739374467], [77.00230380771744, 28.50742335394005], [77.00229633986216, 28.507441991447884], [77.00228589791486, 28.507459140538167], [77.00227276837266, 28.507474330689007], [77.0017011020854, 28.508054403103166], [77.00097288369865, 28.508809240024306], [76.99898422296708, 28.510908374814754], [76.9978630437458, 28.512122389112164], [76.99558488743918, 28.514475529975247], [76.99537962060012, 28.514322090371287], [76.99765575390074, 28.511971036323935], [76.99877602672188, 28.51075800068746], [77.00076653798294, 28.50865690995341], [77.00149645418558, 28.507900313168584], [77.00205708556788, 28.50733143517834], [77.002064409295, 28.50732296214796], [77.00207023388977, 28.50731339641127], [77.00207439954264, 28.507303000423637], [77.00207679196048, 28.50729205942005], [77.00207734550246, 28.507280873589103], [77.00207604498102, 28.507269749836738], [77.00207292607864, 28.50725899336564], [77.0020680743687, 28.50724889930138], [77.00206162296767, 28.50723974459507], [77.00205374888286, 28.507231780424622], [77.0020446681557, 28.50722522530319], [77.00194688563872, 28.507159591343935], [77.00115744706534, 28.50667641666202], [77.000819225971, 28.506466223190948], [77.00014357879128, 28.505969986121663], [76.99981215974027, 28.50570142133274], [76.99927956477796, 28.505298172239264], [76.99870766043719, 28.504861617623305], [76.99820303362296, 28.50442935328687], [76.99761917001078, 28.503970916950003], [76.99698483455437, 28.503459994239392], [76.9965410434478, 28.503120986849076], [76.99622402169584, 28.502914169804576], [76.9960968606758, 28.502845699886347], [76.99591566509311, 28.502752605893402], [76.99508547983675, 28.50233083401333], [76.99499721317358, 28.502269887849103], [76.99497779159714, 28.50223590175421], [76.99495992500447, 28.502197932931743], [76.99495555290396, 28.50215203734145], [76.994942212922, 28.50151174294839], [76.99488701593937, 28.500285977905353], [76.99485083988456, 28.499095968345767], [76.99483370002895, 28.498406559271714], [76.99482989207044, 28.497903876954073], [76.99482228962817, 28.49738882196876], [76.99480523062093, 28.49713105826953], [76.99477975260284, 28.496865249157228], [76.99473077106369, 28.496649456097483], [76.9946354822699, 28.49644625087864], [76.99452325035156, 28.496268720829892], [76.99451402285699, 28.496238733902096], [76.99451514934434, 28.496221520013734], [76.99451781284917, 28.49621014671944], [76.99452314075711, 28.496198440261985], [76.99452846956338, 28.496190078054724], [76.99453916041357, 28.496176633152512], [76.99548185426936, 28.4955173366257], [76.99680467293257, 28.494497454033116], [76.9980419953369, 28.49359021895724], [76.99844058232009, 28.49336128737392], [76.99938474132807, 28.492918522055756], [77.00003035603119, 28.492570574334735], [77.00022157681248, 28.492451549255946], [77.00036115165142, 28.49231003478562], [77.00070093671268, 28.49189384962652], [77.00134970719739, 28.491077328769972], [77.00181433832023, 28.490527851896502], [77.00205993861724, 28.490217297823364], [77.00238043684934, 28.48989193519405], [77.00289150458416, 28.48939665684253], [77.00310128006763, 28.489240782946695], [77.00321876084217, 28.48916536413719], [77.00339543610235, 28.489055118025764], [77.0039421238348, 28.488640485691857], [77.00433510173733, 28.488310384897108], [77.00443790134517, 28.48821240739197], [77.00483965129644, 28.487919782607474], [77.00531623091086, 28.48758080820137], [77.005716194113, 28.487340250891847], [77.00574337893013, 28.487327397814187], [77.00697315099453, 28.486742993667548], [77.00730830793546, 28.48656568890359], [77.0075457362583, 28.48641957922059], [77.00768735566285, 28.486311282027444], [77.00801970087694, 28.486005922696165], [77.00838462708806, 28.48566972929958], [77.00845157493292, 28.485621728654795], [77.00854207121465, 28.4855467020416], [77.0087684152252, 28.485424531317058], [77.00895687997519, 28.485381627987305], [77.0093701454301, 28.485323828715178], [77.00998516980282, 28.485246592686913], [77.01119165214514, 28.485105242263174], [77.01225947143855, 28.484973184067393], [77.0124233906217, 28.48493445183959], [77.01246098582986, 28.484923427958805], [77.01249645028699, 28.48490677869741], [77.01252894793848, 28.484884896552376], [77.01255771267051, 28.484858297382942], [77.01258206637074, 28.48482760824954], [77.0126014349144, 28.484793552631203], [77.01270907015342, 28.484561028376735], [77.01290758705143, 28.48408544462711], [77.01330467923795, 28.48324126676714], [77.01360586189483, 28.482544691303207], [77.01387712705947, 28.481962185705928], [77.01420873385841, 28.481196059785375], [77.0143985397931, 28.480814957682362], [77.0145270437945, 28.480858358735034], [77.01456904632225, 28.480866396842387]]]}}, {"type": "Feature", "properties": {"OBJECTID": 17, "RoadName": null, "SHAPE.STArea()": 51314.811167055, "SHAPE.STLength()": 4042.0693101124807, "_source_layer": "road_polygon", "_asset_class": "road", "_owning_agency": "see `maintain` / `owner`"}, "geometry": {"type": "Polygon", "coordinates": [[[76.94242607977817, 28.366073150541464], [76.94224365170692, 28.36614027908797], [76.94180446716113, 28.365123007193212], [76.94113913084426, 28.363580227389406], [76.94098307910639, 28.36327706626184], [76.9408434782163, 28.363007146221776], [76.94074517108317, 28.362874368850548], [76.94051883425911, 28.36251828222017], [76.94042052622768, 28.362288938111732], [76.94028106637309, 28.36194492101985], [76.93992368690866, 28.360682298114323], [76.93958252023846, 28.359806499024003], [76.93948795099527, 28.35957084400379], [76.93948653435208, 28.359567036941044], [76.93932614105638, 28.35909985729199], [76.93868092161199, 28.357609577553188], [76.93868033680874, 28.357608191775753], [76.93836209424632, 28.356828784350373], [76.93785259317333, 28.35551870575981], [76.93785151878828, 28.355515774462575], [76.93781407341396, 28.355407067390164], [76.93770198342945, 28.355110898137532], [76.93769974303115, 28.355104055255453], [76.93761401051535, 28.35479519464199], [76.9376125390749, 28.354788865589704], [76.93757730535285, 28.354591788863157], [76.93757694962, 28.354589620411588], [76.9375527948203, 28.354428059181455], [76.93755223427159, 28.35442330486571], [76.93751922477816, 28.354041018130744], [76.93751894630041, 28.354033776745407], [76.93752232935579, 28.35383497759909], [76.9375226249015, 28.35382944298812], [76.937551500348, 28.353507340147274], [76.93755249657964, 28.353500105049907], [76.93755869765003, 28.353466831659333], [76.93755897882274, 28.35346540709094], [76.93761160482703, 28.35321633105129], [76.9376125615328, 28.3532123269136], [76.93769686393064, 28.35289675770033], [76.93769925614424, 28.352889309902665], [76.93783291018717, 28.35253429418225], [76.93787253756929, 28.352417807354907], [76.93787364698868, 28.352414751854727], [76.93837231976919, 28.351124168703052], [76.9384655244715, 28.351153037795658], [76.93855907861844, 28.351181034096047], [76.93806134008582, 28.35246922907769], [76.93802182858636, 28.352585375909907], [76.93802096530537, 28.352587784731174], [76.93788824281542, 28.352940325843694], [76.93780547563837, 28.35325014841886], [76.9377535557099, 28.35349587324505], [76.93774819097104, 28.35352465947578], [76.93771989044632, 28.353840349357405], [76.93771662686689, 28.35403178220216], [76.93774909018462, 28.354407747800796], [76.93777272755469, 28.35456584412368], [76.9378069749266, 28.354757455903187], [76.93789076618303, 28.355059321167953], [76.93800200097141, 28.355353230426466], [76.93800281484505, 28.355355482659117], [76.93804014164175, 28.355463846692754], [76.93854858719423, 28.356771227111754], [76.93886594132286, 28.3575484460151], [76.93951232139062, 28.35904141986949], [76.93951431565054, 28.359046620614826], [76.93967505928916, 28.359514823409697], [76.93976918206968, 28.359749369480397], [76.940154073338, 28.360710858686456], [76.94047082290045, 28.36132528461078], [76.94061714229056, 28.361530489287013], [76.94079775396833, 28.361818177682864], [76.94090520684934, 28.362101840943954], [76.94101723215518, 28.362469999623993], [76.94111043595915, 28.36294293176649], [76.94119267672343, 28.363221013633428], [76.94125620827523, 28.363361571214835], [76.94198922725889, 28.36506127844076], [76.94242607977817, 28.366073150541464]]]}}, {"type": "Feature", "properties": {"OBJECTID": 18, "RoadName": null, "SHAPE.STArea()": 104966.57934051, "SHAPE.STLength()": 13935.7846048729, "_source_layer": "road_polygon", "_asset_class": "road", "_owning_agency": "see `maintain` / `owner`"}, "geometry": {"type": "Polygon", "coordinates": [[[77.0669210141445, 28.45192986439481], [77.06696740494242, 28.45190966805429], [77.06707015154966, 28.451849236972627], [77.06837780126098, 28.450879208063135], [77.06902855163257, 28.450391210654008], [77.0693313773081, 28.450173671902604], [77.06961273594331, 28.449981949048905], [77.07000802700765, 28.44977869195702], [77.07027974492324, 28.449670253736272], [77.07129996877792, 28.44930879561995], [77.0715010458745, 28.44923645709023], [77.07206025881696, 28.449007855890194], [77.07254425132909, 28.44879165701695], [77.0727509078619, 28.448687715913863], [77.07301756377083, 28.448542155704548], [77.07357201743895, 28.448188092973677], [77.07397906655206, 28.447922893666327], [77.07416843770216, 28.447805605699372], [77.07439065036071, 28.447630749670633], [77.07466401129493, 28.447375775920666], [77.07487856401909, 28.44716980700458], [77.07522016996542, 28.446797479870174], [77.075472427677, 28.44651445795664], [77.07564486917725, 28.44631368777602], [77.0758287076035, 28.4461030661094], [77.07583540813724, 28.44606154802075], [77.07583017994226, 28.44603482633083], [77.07581478012335, 28.44601271582746], [77.07579256478637, 28.44598341681663], [77.07563382528913, 28.445821972754953], [77.07497038531584, 28.44514617918384], [77.07408759022488, 28.44424488899544], [77.07331595536213, 28.443446136239466], [77.0724348958163, 28.442549058235524], [77.07174682403793, 28.441856054970692], [77.071456907153, 28.441555034002793], [77.07088254232663, 28.4409646467842], [77.07010221895848, 28.44015939522105], [77.06895276795856, 28.438983302670703], [77.06820913358322, 28.438235854766518], [77.06791823843297, 28.437904503253577], [77.06748764806952, 28.437302438762995], [77.0673685467342, 28.437161006829356], [77.0670331858757, 28.436802911339598], [77.06642064444641, 28.436171346108466], [77.0658609536002, 28.43559452206826], [77.06487485404821, 28.434574157383445], [77.06390217981813, 28.433567220721685], [77.06333676400865, 28.432984671896048], [77.06281706975216, 28.43244403671296], [77.06204615084667, 28.43164837289018], [77.06149407412082, 28.431075354758356], [77.06080488304161, 28.430361414674717], [77.06015599038601, 28.42968207565793], [77.05967461466629, 28.42919309093646], [77.05902913830371, 28.428530477176764], [77.05853312723137, 28.428019262271913], [77.05787842786577, 28.427393112189407], [77.05739261985843, 28.426897777924307], [77.05684264339374, 28.426353510013286], [77.05624872224365, 28.425755781736623], [77.0558582407593, 28.425369110824654], [77.05551672284786, 28.425018053177837], [77.0553227702898, 28.42481257873586], [77.0551269689989, 28.42457838593999], [77.05456113277786, 28.423875377830957], [77.05412113795168, 28.423323002125535], [77.05374550921225, 28.422843033096186], [77.05361733309597, 28.422701852819372], [77.05349237205003, 28.422582488336012], [77.05257952022798, 28.42177042974706], [77.05226057428469, 28.42148586192871], [77.05197038970181, 28.42120528622578], [77.0517094937905, 28.4209124822418], [77.05167070184157, 28.420885626212897], [77.0516074020551, 28.420853121347044], [77.0510655849881, 28.420630353365336], [77.0505518259007, 28.42044456475663], [77.0499589692542, 28.420240001846967], [77.04939926134001, 28.420086839332438], [77.04866499100318, 28.419911830836877], [77.04767410163412, 28.419654582083673], [77.0470523452866, 28.41948865220197], [77.04621233785096, 28.41924237790999], [77.04554491923925, 28.419017362769175], [77.04453905136111, 28.41868778797901], [77.04354648663401, 28.41832962682398], [77.04243332397833, 28.417937641653648], [77.0415571297081, 28.417632878821546], [77.04097125207306, 28.41741661899721], [77.04056879963923, 28.417282342251884], [77.04052338710669, 28.417284803328787], [77.04048843904889, 28.417292083059554], [77.04045257201453, 28.417304216206436], [77.04041907383757, 28.417337287853677], [77.04053743136784, 28.416938706620783], [77.04053232953233, 28.416973734441992], [77.04053326494902, 28.41700911949505], [77.04054021031187, 28.417043828844207], [77.04055296287672, 28.4170768492784], [77.04057115037959, 28.41710721688818], [77.04059424190359, 28.4171340452035], [77.04062156337713, 28.417156551070928], [77.04065231725079, 28.417174077514904], [77.04068560577902, 28.417186112915726], [77.04102456978012, 28.417299207145486], [77.04161137627315, 28.417515809310416], [77.0424864656156, 28.417820187715975], [77.04360047897586, 28.41821247275606], [77.04459143302367, 28.41857005361089], [77.04559573334164, 28.418899115227994], [77.046260811842, 28.419123342141127], [77.04709594681556, 28.419368188286416], [77.04771531633935, 28.41953347999164], [77.04870413868497, 28.41979019338234], [77.04943942321975, 28.419965443045097], [77.05000662937162, 28.420120658289495], [77.05060540591582, 28.42032726528945], [77.05112338079685, 28.420514577317935], [77.0516742115594, 28.420741050863906], [77.05175177569427, 28.420780881867884], [77.05181197000485, 28.420822553665037], [77.05208026623748, 28.421123663632567], [77.05236496031735, 28.421398929678787], [77.05268180599951, 28.421681626126], [77.05359637989194, 28.422495215691878], [77.05372649726758, 28.42261950691969], [77.05386101279488, 28.422767668818565], [77.0542391981396, 28.423250905746748], [77.05467865128165, 28.423802600037476], [77.05524353528848, 28.424504425971445], [77.05543606222017, 28.42473470281557], [77.05562663082456, 28.424936593107432], [77.05596659105731, 28.425286048877823], [77.05635657218001, 28.425672226336793], [77.05695047895708, 28.42626994007515], [77.05750076444225, 28.426814514146546], [77.05798577564393, 28.427309035893344], [77.05864073282599, 28.427935433741123], [77.05913838422202, 28.428448338838468], [77.05978352730963, 28.429110608679153], [77.0602653575769, 28.42960005829048], [77.06091469939015, 28.430279867079378], [77.06160369194171, 28.430993603110753], [77.06215568512422, 28.431566533209022], [77.06292665613198, 28.432362252944337], [77.06344630996429, 28.432902845887636], [77.06401161438266, 28.433485280620697], [77.06498438832574, 28.43449232075497], [77.06597038636812, 28.435512580377416], [77.066529993671, 28.436089320341555], [77.06714334987225, 28.43672172496557], [77.0674818530376, 28.43708317712176], [77.06760640804502, 28.437231087326], [77.06803623214556, 28.43783207872205], [77.06832021386138, 28.438155554989102], [77.06906136170002, 28.438900504970587], [77.07021142265599, 28.44007722325444], [77.07099185202534, 28.44088258523869], [77.07156635878552, 28.441473118255473], [77.07185580764819, 28.441773652884187], [77.07254342398073, 28.44246619776579], [77.07342511863544, 28.443363924172555], [77.07419681817692, 28.44416274310872], [77.07507924136534, 28.445063653281956], [77.0757397151016, 28.44573642695408], [77.07593073735518, 28.445908218301863], [77.07596604743406, 28.445977161136295], [77.07597480421143, 28.4460314441579], [77.07595917801704, 28.446082476886556], [77.07590477963673, 28.446145644170358], [77.07571634542947, 28.44636153409033], [77.07554362994303, 28.44656262170154], [77.07529048379767, 28.44684664027962], [77.07494671201316, 28.447221327310846], [77.07472982097433, 28.447429541663944], [77.07445340037823, 28.447687369787317], [77.07422444586348, 28.447867530318423], [77.07403168087822, 28.44798691999063], [77.073625152788, 28.44825177871565], [77.07306771581483, 28.44860774790466], [77.0727969159775, 28.448755570119463], [77.07258692310171, 28.448861187190207], [77.0720995511275, 28.449078896086746], [77.07153701172352, 28.449308857226963], [77.07133376519556, 28.44938197606238], [77.07031511339258, 28.449742877887882], [77.07004937466355, 28.44984892837892], [77.06966313771896, 28.450047530878056], [77.06938731899412, 28.450235478240604], [77.06908612376081, 28.450451847133703], [77.0684359132767, 28.450939438294693], [77.06705981463568, 28.4519602430135], [77.06699072610549, 28.452021121066185], [77.06694976531796, 28.45205940376094], [77.06691322972975, 28.45210193024241], [77.06688155627903, 28.452148191925826], [77.0668551237565, 28.4521976355562], [77.06683424827526, 28.452249669824862], [77.06681917949037, 28.452303672441047], [77.0668100976132, 28.45235899757403], [77.06680711125617, 28.452414983576784], [77.06681025613388, 28.45247096089877], [77.06681949463592, 28.45252626009327], [77.06683612874005, 28.45259659894498], [77.06686344291455, 28.452716669621427], [77.0664956582642, 28.452331150055915], [77.06616415477153, 28.451983660994824], [77.0665550378028, 28.451965024547096], [77.06685598599938, 28.451942111252883], [77.0669210141445, 28.45192986439481]]]}}, {"type": "Feature", "properties": {"OBJECTID": 19, "RoadName": null, "SHAPE.STArea()": 207093.175880745, "SHAPE.STLength()": 25249.561778745614, "_source_layer": "road_polygon", "_asset_class": "road", "_owning_agency": "see `maintain` / `owner`"}, "geometry": {"type": "Polygon", "coordinates": [[[76.98795992622213, 28.457455143178507], [76.99015672480843, 28.457370088550565], [76.9901461381628, 28.457465363629254], [76.9879640503876, 28.45754984638546], [76.98472425116259, 28.45764252453344], [76.98342946532614, 28.457708381189956], [76.982406459389, 28.45777436969714], [76.98220930343867, 28.4577975589368], [76.98194458250084, 28.45784461660305], [76.9817905618538, 28.45790279183514], [76.98162628424286, 28.45798201911911], [76.98149707686062, 28.458079837489816], [76.98137117527858, 28.458201754733178], [76.98129799043072, 28.458292775379206], [76.9812435300666, 28.45838853454258], [76.98118867893534, 28.458493016575733], [76.98116219570245, 28.458567520625127], [76.98113300764226, 28.45869262084341], [76.98111637443647, 28.45882260559604], [76.98111503953994, 28.45883715697268], [76.98111267786905, 28.458950730299954], [76.98113072322649, 28.459109881386023], [76.9812357892838, 28.459655995445953], [76.98142581440744, 28.46046434600892], [76.98142611085147, 28.460465707538653], [76.98142640370227, 28.46046733126552], [76.98144715029373, 28.46059691817128], [76.98144747817881, 28.46059946432344], [76.98145265067824, 28.46065235698782], [76.98145284651096, 28.460656744043565], [76.98145095555728, 28.46077664050845], [76.9814507399616, 28.460780272559862], [76.98144318423175, 28.4608533416054], [76.98144286353322, 28.4608557534943], [76.98142019544532, 28.460995248083442], [76.98141991786589, 28.460996774663347], [76.98141934114749, 28.460999261574877], [76.9813947848009, 28.461092258125092], [76.98139376611135, 28.46109556794945], [76.981352209148, 28.461213473759585], [76.98135137371476, 28.461215655034795], [76.981349935512, 28.461218778475494], [76.9813105210306, 28.46129632980611], [76.9812616499842, 28.461398784852634], [76.98125862266168, 28.461404151948965], [76.98125769739694, 28.46140550793839], [76.98120958722359, 28.461473427428185], [76.98120701714356, 28.461476734871365], [76.98111193136906, 28.461598357571756], [76.98100465096455, 28.46171492342013], [76.98100275731595, 28.461717025710897], [76.98099774381834, 28.46172161331666], [76.98083765325495, 28.461849687911926], [76.98083602281268, 28.461850941229393], [76.98083077126155, 28.46185436080384], [76.98069789605798, 28.461930361409568], [76.98069505019514, 28.461931879288805], [76.9804753240733, 28.46203904214129], [76.98047286179109, 28.462040170677838], [76.98010466391571, 28.462198514738958], [76.97981748958736, 28.462343576777116], [76.97942228206632, 28.462564205991125], [76.97905559695386, 28.46278499821935], [76.97905362515182, 28.462786130696596], [76.97871136433363, 28.462973450478966], [76.97831577323196, 28.463223964917233], [76.97765555910884, 28.463669633780203], [76.97705221373307, 28.464068184290806], [76.97664627314106, 28.464342129541464], [76.97664510802612, 28.464342893991827], [76.97639688464848, 28.464501236182414], [76.97548666129697, 28.465118553182293], [76.9753699324123, 28.46519606848337], [76.97498047680405, 28.465477300651052], [76.97485848289351, 28.46556539388594], [76.97464240393168, 28.46570888372601], [76.97420335862479, 28.46601795414157], [76.97364610580628, 28.46640094885378], [76.97310182735542, 28.466764798191075], [76.9726817769252, 28.46703489297513], [76.9724896551337, 28.46715547082315], [76.97218592754962, 28.467340932596034], [76.97195694878033, 28.467480751878018], [76.97155962393016, 28.46773115613008], [76.97105805498114, 28.468040213523658], [76.9704888285182, 28.468402635772527], [76.97002617099407, 28.468702962771463], [76.9695668210668, 28.468998114889896], [76.96862654367914, 28.469597130796654], [76.96862415146553, 28.469598590129312], [76.96814471251355, 28.469878705817674], [76.96801360070288, 28.469953534295964], [76.96801116087856, 28.46995486648531], [76.96773720975123, 28.470097866291965], [76.96729074795333, 28.470327699582725], [76.96702380548182, 28.470462834504666], [76.96681362485816, 28.470564442029648], [76.96642680490692, 28.470751443999916], [76.96621316217615, 28.470856285747047], [76.96545671063835, 28.47123337988142], [76.96482870471141, 28.47154116119379], [76.96414924508164, 28.47188065772394], [76.96357594835216, 28.47216279600631], [76.96302107157757, 28.472439285880352], [76.96283592250931, 28.472527141940564], [76.96282086674516, 28.47253438312513], [76.96233861337141, 28.472766310027893], [76.96225496404878, 28.472805922449183], [76.96185894894228, 28.472993220521634], [76.96148392297243, 28.473170214837868], [76.96104576699764, 28.47337548400004], [76.96067494963486, 28.473541702075643], [76.96067310180034, 28.473542491728328], [76.96047897317248, 28.47362146170605], [76.96047453369837, 28.473623059961874], [76.96040253283002, 28.47364542764464], [76.96040039753461, 28.473646047521406], [76.9603179321915, 28.473668310175604], [76.96031146791472, 28.473669677852424], [76.9603098662186, 28.47366990448249], [76.96026086222152, 28.47367616957919], [76.96025597538635, 28.473676595991105], [76.960189151509, 28.473679729328975], [76.9601858897262, 28.473679794080425], [76.96012402185427, 28.47367900837701], [76.96012124785668, 28.473678909670543], [76.96001343924281, 28.47367264378432], [76.96000710971333, 28.473671940994297], [76.95989342971075, 28.47365227471626], [76.95988510592133, 28.473650212145518], [76.95975026789884, 28.473605472039406], [76.95974667643435, 28.473604148582258], [76.95967539781148, 28.473575169920686], [76.95967107422003, 28.473573198948152], [76.95966858049682, 28.47357185259069], [76.95958661102377, 28.473524860361543], [76.95958240151833, 28.473522184228074], [76.95950037724806, 28.47346455297881], [76.95944663823114, 28.473427802508944], [76.95944508863728, 28.473426701731906], [76.95944162114029, 28.473423908727227], [76.95940152753253, 28.473388664113134], [76.95939835108969, 28.47338561683892], [76.9593966245277, 28.473383710614478], [76.95926208654254, 28.473227070016804], [76.95926008329944, 28.47322457391717], [76.95911989311455, 28.473037385227506], [76.95907859845924, 28.47298671690803], [76.95896940194824, 28.472867044345072], [76.9588319327603, 28.472733656854427], [76.9588088092266, 28.472712854082577], [76.95865501675165, 28.47257990071019], [76.95842541005996, 28.47239802924688], [76.9583835530593, 28.472370293971256], [76.95832259158747, 28.472336714402182], [76.95825073894116, 28.472305966550227], [76.95821073965652, 28.47229499656603], [76.95812995955289, 28.472272551210466], [76.95800967244142, 28.472252011305393], [76.9579260006609, 28.472239252730176], [76.95785838446947, 28.472235994582938], [76.95771578410464, 28.47224806378327], [76.95759014483069, 28.472266470811466], [76.95738848293088, 28.47232277134455], [76.95712428121928, 28.47241986416777], [76.95712302717115, 28.47242030874695], [76.95704283905731, 28.47244772103816], [76.95704173772278, 28.472448085861473], [76.9570380474436, 28.472449135320783], [76.9569404347082, 28.472473535049044], [76.95687578834708, 28.472488535442324], [76.95687139558534, 28.472489383537777], [76.95686840778869, 28.472489771261106], [76.95679314334095, 28.47249764417663], [76.9567062960159, 28.472505518670843], [76.95670128161998, 28.472505765834583], [76.95660747145317, 28.472506549967388], [76.95660506127325, 28.472506512853343], [76.95651596366845, 28.472503380270357], [76.95651218894764, 28.47250313073764], [76.95626111970716, 28.472478706536737], [76.95625767017647, 28.47247827143371], [76.95613635718895, 28.472459386697626], [76.95562677077605, 28.472373337326427], [76.95562541342163, 28.472373091741755], [76.95506132442382, 28.472264549563253], [76.95493632654697, 28.47224776213225], [76.95482977377786, 28.472239164288], [76.95443777863227, 28.472229779149544], [76.95439007539574, 28.472228458833843], [76.95403657575503, 28.472233538732652], [76.9535213146845, 28.47223799795656], [76.95307963551716, 28.472253667227296], [76.95238445806486, 28.472260335135775], [76.95236340514788, 28.47226077023966], [76.9512442543225, 28.47228790066293], [76.95064953906171, 28.47230169132043], [76.95064795173859, 28.47230171185162], [76.94960012355351, 28.472304298784216], [76.94908107518575, 28.472311735820167], [76.94855137010371, 28.472311740558137], [76.94685814101457, 28.47230798176747], [76.94543753893608, 28.47234430541989], [76.94376230939028, 28.472392999104603], [76.94307377677613, 28.472419452754345], [76.94182731940366, 28.472465606855494], [76.94004394707069, 28.472479403807093], [76.93826977618117, 28.4724831657503], [76.93658515205416, 28.47249193966899], [76.9356472974228, 28.472485643705262], [76.93492401168528, 28.47247689110691], [76.93492201113713, 28.472476846885904], [76.93387346609647, 28.472443610063568], [76.93267002185641, 28.47239963383851], [76.93099079211267, 28.47234107649336], [76.93023670044909, 28.472343514178938], [76.92884113351923, 28.47234351259959], [76.92716715532663, 28.472331287057173], [76.92633898049992, 28.472314191668634], [76.92515675356854, 28.47230443381641], [76.92470550195355, 28.472309271285365], [76.92459365720913, 28.472318208678498], [76.92426776279709, 28.47238982782484], [76.92356023620458, 28.472558120308907], [76.9232859266494, 28.472624968169715], [76.92297073925724, 28.472745740211764], [76.92277372613904, 28.47284300637101], [76.92249746364644, 28.47299538102262], [76.92213353546359, 28.47326509269034], [76.92195268034239, 28.473431151429608], [76.92176268576148, 28.473669740234907], [76.9211129046721, 28.47452650811084], [76.92082386094962, 28.47490518185374], [76.92019029355276, 28.475738119544342], [76.91969005680535, 28.476395249654452], [76.91850604492154, 28.47794825599632], [76.91847958234989, 28.47798260760872], [76.91847844957431, 28.477984043136964], [76.91796294146707, 28.47862232617572], [76.91796146014516, 28.478624106756882], [76.91758908240875, 28.479058902462008], [76.91758612874808, 28.479062168294945], [76.91758325144421, 28.479065037742856], [76.91730813610027, 28.479326402744025], [76.9173042598698, 28.479329865971025], [76.9171308517823, 28.479475514857143], [76.91712635122275, 28.47947904835439], [76.91696640528808, 28.479595756346804], [76.91696124177183, 28.479599253518096], [76.91683346091423, 28.47967948391791], [76.91682714306285, 28.479683109002725], [76.91649560633252, 28.47985630753058], [76.91649202834274, 28.47985805650672], [76.9156416714167, 28.48025132273219], [76.91563959361343, 28.480252253673562], [76.914157952808, 28.480894864213177], [76.91307135153866, 28.481352561440925], [76.9113289163315, 28.482086891858067], [76.91010669011551, 28.482614271913928], [76.90869738884327, 28.483227519385643], [76.90795563284516, 28.483540078227993], [76.90569100786169, 28.484538983571156], [76.9046958640714, 28.48496410878121], [76.90128020435817, 28.48644441471486], [76.8979625014351, 28.48783159984626], [76.89623465486815, 28.488596893610797], [76.8962172140769, 28.488610202098535], [76.89620165435788, 28.488622075200926], [76.89619414623874, 28.488640223564648], [76.89619169383799, 28.488646149060763], [76.89618795864307, 28.48867569442432], [76.89619586471589, 28.48877624065876], [76.89619598598843, 28.488778130814623], [76.89620710802996, 28.48910567757596], [76.89623768129233, 28.49087410729702], [76.8962705506486, 28.492130346355022], [76.89623013724058, 28.492131163501718], [76.8961897238326, 28.492131980648388], [76.89615684818816, 28.490875463697694], [76.89612628031566, 28.489107277176576], [76.89611520588484, 28.488781198172752], [76.89610454467905, 28.48866876384595], [76.89610108886015, 28.488649219580886], [76.89608835613929, 28.488577209583827], [76.89608711107432, 28.488546569889557], [76.89609582652922, 28.488509364365378], [76.8961095213457, 28.488488573385673], [76.8961836359499, 28.488442665517308], [76.8978825621546, 28.487690179455225], [76.89788439831104, 28.48768938911876], [76.90120188563843, 28.48630229686579], [76.90461686802195, 28.484822279500904], [76.9056114458736, 28.484397397697425], [76.90787650384506, 28.483398303884695], [76.90861869822099, 28.483085555912734], [76.91002724760334, 28.48247263134686], [76.91125049071223, 28.48194481315081], [76.91299369218235, 28.481210158011645], [76.91407937986506, 28.48075284785974], [76.9155590470718, 28.480111088438303], [76.91640630840337, 28.47971925403691], [76.91673210400073, 28.47954905105632], [76.91685415899673, 28.479472415644345], [76.91700899890729, 28.4793594336816], [76.91717813909888, 28.47921736867647], [76.91744828406438, 28.478960725286495], [76.91781716825264, 28.47853000833048], [76.91833137470105, 28.477893336348604], [76.91835703867041, 28.47786002305805], [76.91954077477142, 28.476307377070356], [76.92004095761996, 28.475650315901643], [76.92067458789887, 28.474817294606165], [76.92096356424766, 28.47443870898854], [76.9216137630537, 28.473581390012843], [76.92161491469388, 28.47357990862491], [76.92180944037709, 28.473335629368442], [76.92181421851608, 28.473330154695446], [76.92181814415386, 28.473326305130755], [76.92200707512947, 28.47315283057115], [76.92201406042912, 28.473147066085065], [76.92238655674315, 28.472871005268207], [76.92239663494233, 28.472864548236902], [76.92268008755043, 28.47270820772951], [76.92268337897767, 28.472706478376438], [76.9228867054557, 28.472606091356454], [76.9228947992764, 28.47260255368098], [76.92321993551033, 28.472477969783355], [76.92322510711142, 28.47247615435352], [76.92323183279795, 28.472474262326536], [76.92351277371654, 28.472405798723603], [76.9242225092663, 28.47223698797833], [76.92455681999425, 28.472163511441018], [76.92456300848825, 28.47216235300537], [76.92457047438657, 28.472161478058773], [76.92469274767315, 28.472151706768145], [76.9246997859734, 28.472151387744262], [76.92515553275808, 28.472146502098592], [76.92515704911429, 28.472146498150302], [76.92634193416053, 28.472156280496677], [76.92717001107093, 28.472173375121095], [76.92884187912094, 28.472185581729914], [76.93023636986908, 28.472185581729914], [76.93099224289185, 28.472183138513046], [76.93099596910365, 28.47218320089643], [76.93267731437992, 28.472241830978017], [76.93388043522646, 28.472285797003135], [76.9349274854705, 28.47231898570574], [76.93564921981753, 28.472327720154983], [76.93658528051324, 28.472334007441837], [76.93826902698623, 28.472325235089354], [76.94004293916093, 28.47232147393017], [76.94182476279835, 28.47230769117187], [76.94306925375868, 28.472301065118472], [76.94375714048411, 28.472274636708278], [76.94543335278684, 28.472225912961864], [76.94685528706692, 28.472189555313207], [76.94685733163251, 28.472189530044005], [76.94855151203755, 28.472193291207862], [76.94907997564783, 28.472193290418232], [76.94959883536941, 28.472185854953224], [76.95064677943714, 28.472183264859115], [76.95124061973888, 28.472169493927723], [76.95235996639694, 28.47214235952576], [76.95238214041144, 28.47214190389011], [76.95307823773858, 28.472135224129225], [76.95347554102918, 28.472143630883462], [76.95403516360342, 28.472138787089566], [76.9543900430564, 28.472133690603275], [76.95439217925014, 28.472133711134493], [76.9544409424987, 28.472135060668933], [76.9548344423224, 28.47214448135063], [76.95483790083622, 28.47214466218351], [76.95494779264327, 28.472153529310557], [76.95495100681534, 28.472153874393307], [76.95507930779748, 28.472171105629815], [76.95508052681132, 28.472171282514314], [76.95508269264948, 28.472171658393883], [76.95564778776044, 28.472280394135016], [76.95615592339414, 28.47236620115585], [76.95627471930226, 28.472384691867546], [76.95652216384055, 28.47240876311166], [76.95660803649348, 28.472411782775918], [76.95669774225776, 28.472411031808157], [76.95678124425669, 28.472403464485108], [76.95685192460155, 28.4723960677283], [76.95691193655412, 28.472382146789013], [76.95700612580997, 28.47235859908444], [76.95708332612718, 28.472332207802754], [76.95734910438208, 28.47223453607636], [76.95735145976472, 28.47223372667233], [76.95735357889049, 28.47223309257336], [76.95756117775602, 28.472175134490058], [76.95756838314293, 28.472173593857715], [76.9576999009921, 28.472154323711617], [76.95770359666118, 28.472153897293545], [76.95785210524564, 28.472141328225675], [76.9578572705585, 28.47214111027864], [76.95786022062592, 28.472141181348324], [76.95793505298401, 28.47214478695027], [76.95794131513985, 28.472145413153154], [76.95802870414903, 28.472158738717724], [76.95802969588908, 28.472158899808974], [76.95815354212573, 28.472180046982928], [76.95815950963417, 28.472181380723523], [76.95824303768423, 28.472204589702315], [76.9582867272481, 28.472216572043337], [76.9582891086819, 28.47221727879135], [76.95829426590994, 28.472219201619755], [76.95837236364412, 28.472252622504023], [76.95837572154664, 28.472254189983747], [76.95837739151474, 28.472255073615866], [76.95844276101967, 28.472291081421677], [76.95844658514784, 28.47229339513147], [76.95849218093672, 28.472323607596408], [76.95849438270746, 28.47232514743688], [76.9584958182153, 28.472326245066785], [76.95872805158086, 28.472510197408884], [76.9587297637698, 28.472511614059655], [76.95888515704257, 28.47264595731851], [76.95890974483022, 28.47266807093787], [76.95891113901556, 28.472669373085914], [76.9590503778846, 28.47280447816434], [76.95905172266258, 28.47280583400746], [76.95905247814571, 28.472806644196783], [76.95916360513624, 28.472928432320046], [76.9591653757157, 28.472930483849673], [76.95920814270974, 28.47298295893105], [76.95920934645223, 28.472984499551583], [76.95934916563291, 28.473171192431362], [76.95948040051277, 28.47332398749534], [76.95951547613134, 28.47335482112332], [76.95956712746356, 28.47339014708305], [76.95964767580183, 28.473446738399403], [76.95972419519606, 28.473490606006113], [76.95979015938568, 28.473517424200615], [76.95991866518371, 28.473560064657907], [76.9600240070238, 28.473578292996077], [76.9601269737183, 28.473584277771625], [76.96018523395605, 28.473585020044872], [76.9602477791577, 28.473582087275897], [76.96029024791108, 28.47357665762589], [76.96036767460373, 28.473555754734132], [76.96043599417607, 28.4735345320289], [76.9606268960554, 28.473456874390052], [76.96099593026231, 28.473291460049342], [76.96143307653072, 28.47308665977963], [76.96180740271296, 28.47290999697953], [76.96276554669335, 28.472434910369], [76.96296019005584, 28.472342550791712], [76.9635142197191, 28.472066476027624], [76.96408745356652, 28.471784369074673], [76.96476701021435, 28.4714448240653], [76.96539507004019, 28.47113701562351], [76.96615149193357, 28.47075993535931], [76.96638859955789, 28.470643579275336], [76.96675132669318, 28.470457543677274], [76.96713823557765, 28.470259105081713], [76.96721861952422, 28.47021841221633], [76.96766420097312, 28.469989031963703], [76.96793654052287, 28.469846872229613], [76.96806580000742, 28.469773103427517], [76.96854338034508, 28.46949407169387], [76.96948224198785, 28.468895957815587], [76.96994107358718, 28.468601138660798], [76.97040398353795, 28.46830064869595], [76.97097464910196, 28.467937311630934], [76.9714765019186, 28.4676280770443], [76.97188691971404, 28.46736941940579], [76.9720960430206, 28.467234034141207], [76.9724085175006, 28.467031741277083], [76.97258706934142, 28.46691968101606], [76.9730051551561, 28.466650853412762], [76.97354736927845, 28.466288380142313], [76.97410302579071, 28.46590648192896], [76.97454222470954, 28.465597299048273], [76.97454402942493, 28.46559606472828], [76.97473636411716, 28.46546834372616], [76.97487578444587, 28.465383264747498], [76.97528793778643, 28.465131755647754], [76.97542125046955, 28.46504322770745], [76.97633166695887, 28.46442577759444], [76.97633293448175, 28.46442494364925], [76.97658120996165, 28.46426656817604], [76.97698701490808, 28.463992715916937], [76.97759035489393, 28.463594169070372], [76.97825077473125, 28.46314835852747], [76.97825209794966, 28.46314749377269], [76.97864983243161, 28.462895621603405], [76.97865284987263, 28.462893843126306], [76.9789956541716, 28.46270622626303], [76.97936198355119, 28.46248564788852], [76.9793621488412, 28.462485548381878], [76.9793637128081, 28.462484640975987], [76.97976070977319, 28.46226301336828], [76.97976270223648, 28.462261953541255], [76.98005251491684, 28.462115558313172], [76.98005568327483, 28.462114079133713], [76.98042424586625, 28.461955577788004], [76.9806406976289, 28.46185001565404], [76.98076832756952, 28.461777015215226], [76.98092137444277, 28.46165457612767], [76.98102787331298, 28.461538917626726], [76.98111928677459, 28.461421629758867], [76.98116390878971, 28.46135863428817], [76.98121135151483, 28.461259174703635], [76.98121184648652, 28.461258170148643], [76.98125019736264, 28.46118271161443], [76.98129022000349, 28.46106915648025], [76.98131380976287, 28.460979821964667], [76.98133595413292, 28.4608435526844], [76.98134319724905, 28.460773505208454], [76.98134501903246, 28.460658120576053], [76.9813402013676, 28.46060885839237], [76.98131989854386, 28.46048204194529], [76.9811300252355, 28.459674335169083], [76.98112969645211, 28.459672810939345], [76.98102412823656, 28.45912409233637], [76.98102363955304, 28.459120890647487], [76.98100509652896, 28.458957354821187], [76.9810048351192, 28.458952221370094], [76.98100729021486, 28.458833950536526], [76.9810074555049, 28.458831007881003], [76.98100899342066, 28.458814242008764], [76.98100915691403, 28.45881275330595], [76.98102615753076, 28.45867989853974], [76.98102663902777, 28.458676967726372], [76.98102691930214, 28.458675674093325], [76.98105714222156, 28.458546140115683], [76.98105849598271, 28.458541527889388], [76.98108683064339, 28.458461814529272], [76.98108762744906, 28.45845974218485], [76.98108933784135, 28.45845609109933], [76.98114600626442, 28.45834814669454], [76.98114673569644, 28.45834681277936], [76.9812034041195, 28.458247171083702], [76.98120493484876, 28.458244669891595], [76.98120760015019, 28.4582410101112], [76.98128504660578, 28.458144689289313], [76.98128777029771, 28.458141583132665], [76.98128915370327, 28.458140189982302], [76.98141949116614, 28.45801397711588], [76.98142422708433, 28.458009921653325], [76.98156049342808, 28.45790676200668], [76.9815684516032, 28.457901827526495], [76.98156947837755, 28.457901319704654], [76.98174098562991, 28.45781860552482], [76.98174563261487, 28.457816612934618], [76.98190715688948, 28.457755603957985], [76.98190999826072, 28.457754613585532], [76.98191775072165, 28.457752696022347], [76.98218969680929, 28.457704354147452], [76.98219101912939, 28.45770413459109], [76.98219323167994, 28.45770383289853], [76.98239376170247, 28.457680246383397], [76.98239696509478, 28.457679954957822], [76.98342240816127, 28.457613812386207], [76.98471870496404, 28.457547875114017], [76.98472006501338, 28.45754782140951], [76.98795992622213, 28.457455143178507]]]}}, {"type": "Feature", "properties": {"OBJECTID": 20, "RoadName": null, "SHAPE.STArea()": 39433.475327445, "SHAPE.STLength()": 5663.689164757223, "_source_layer": "road_polygon", "_asset_class": "road", "_owning_agency": "see `maintain` / `owner`"}, "geometry": {"type": "Polygon", "coordinates": [[[77.01575977041786, 28.45698615444921], [77.01498263337398, 28.456997052573406], [77.01457851097207, 28.457002113460042], [77.014154902315, 28.457007080363045], [77.01415381715013, 28.45700708431192], [77.01299445144446, 28.456999082298573], [77.01234887357225, 28.456996047188124], [77.0109308029462, 28.456994022991346], [77.00990615758371, 28.45699199800476], [77.0093825942833, 28.45698896368389], [77.0081928241985, 28.456993009708277], [77.00712955217706, 28.457001103336143], [77.0059131991464, 28.457017290590038], [77.00507002425104, 28.457032460609867], [77.00452703308596, 28.457048643120274], [77.0038973320381, 28.457065849177678], [77.00336648519739, 28.457081033406507], [77.00249852129177, 28.457100263653434], [77.00119083834278, 28.457136696783653], [77.00081595071345, 28.457144785661868], [77.00015662412584, 28.457170074261708], [76.99945573249002, 28.457190313034992], [76.998653584552, 28.457224108286923], [76.99734515600134, 28.457264207506963], [76.99692067148689, 28.457274322146446], [76.99589158844687, 28.45731378715896], [76.99483754661499, 28.457339212349247], [76.99332188211815, 28.457371025221985], [76.99226777560757, 28.457404874120723], [76.9909995304962, 28.457439275849747], [76.9904172299526, 28.457462537822014], [76.99042179519088, 28.457421453830044], [76.99042426555789, 28.45739921697452], [76.99043978485275, 28.457350955494874], [76.99099473708581, 28.45732878812465], [76.99226354094932, 28.457294368194862], [76.99331808583774, 28.457260506624376], [76.99483432166309, 28.45722868029219], [76.99588712381988, 28.457203288245854], [76.99691622662286, 28.457163822402297], [76.99734126270293, 28.45715369195677], [76.99864838330652, 28.457113633763083], [76.99945065880532, 28.45707983452699], [77.0001518190374, 28.457059586255255], [77.0008116675462, 28.457034281043672], [77.00118730437043, 28.457026171622825], [77.00249494599692, 28.456989740034086], [77.00336285600362, 28.456970511346594], [77.00389333453508, 28.45695533578946], [77.0045229493447, 28.456938132873145], [77.00506660705969, 28.456921932180958], [77.0059109605447, 28.456906739241735], [77.0071280555838, 28.456890542493603], [77.00819203727431, 28.456882443328826], [77.0093827371154, 28.456878394930868], [77.00990671274255, 28.456881430834457], [77.01093104549138, 28.456883454243613], [77.01234931195013, 28.456885479232298], [77.01299528148778, 28.456888515925467], [77.01415389171032, 28.456896513208516], [77.01457677722357, 28.456891555777652], [77.01498073433548, 28.456886496465298], [77.01567897324627, 28.456876705597377], [77.01568787734736, 28.456888767074584], [77.01571268971382, 28.456922379194662], [77.01575977041786, 28.45698615444921]]]}}]}