{"type": "FeatureCollection", "features": [{"type": "Feature", "properties": {"OBJECTID_1": 1, "OBJECTID": 1, "Ward_No": "1", "SHAPE_Leng": 14013.5931993, "Shape_Length": 15978.04076570527, "Shape_Area": 9931491.714440078}, "geometry": {"type": "Polygon", "coordinates": [[[77.09073199981388, 28.488977999999403], [77.09114570634155, 28.48872516380263], [77.09200500060635, 28.488199999722813], [77.09294843916551, 28.487623607206793], [77.09328673482004, 28.487416922440215], [77.0945779992606, 28.486627999802025], [77.09467500024327, 28.48653300051842], [77.09496159605659, 28.486249764447564], [77.09512864137692, 28.48595114778034], [77.0952892349969, 28.485628555210983], [77.09527768266236, 28.48560443802671], [77.09530422428573, 28.485598443667932], [77.09508800069517, 28.484918000409365], [77.09497600054215, 28.483542999666383], [77.0950009997582, 28.48324599951067], [77.09490600022197, 28.482573999919364], [77.0948309998789, 28.482256000328245], [77.09472100027405, 28.48197399954708], [77.09442299944989, 28.481655999728385], [77.09435710263391, 28.481581866485076], [77.09435100037818, 28.481574999398088], [77.09432799991365, 28.481475999436398], [77.0943470001802, 28.481366999961434], [77.09437100046968, 28.48123400063081], [77.09442400017312, 28.480950999859193], [77.09432299989076, 28.480586999609926], [77.0942609999665, 28.480363999744206], [77.09409699993496, 28.479772000528747], [77.09396600041373, 28.47925100054138], [77.09396099949252, 28.478994000328512], [77.09395904745342, 28.478884637438906], [77.09396472211107, 28.47888033878697], [77.09417494046396, 28.47876203656363], [77.09434637944436, 28.478665556783127], [77.09621391313966, 28.47761455584231], [77.09653996206193, 28.477487290767883], [77.0978065264254, 28.476549697489002], [77.09894305875318, 28.47570833761818], [77.10068065204098, 28.47438273570709], [77.1012192926651, 28.47393239860866], [77.10126463333243, 28.473894491464232], [77.1018115501353, 28.473437227813324], [77.10205850688837, 28.473230751388595], [77.10277879494781, 28.47255309333291], [77.10283009054717, 28.472490110815137], [77.10340848341924, 28.472980100373114], [77.1039315427648, 28.473305263999954], [77.10397479844232, 28.47333215488972], [77.10495280058036, 28.473940125331477], [77.10666102704319, 28.471793631854503], [77.10727742404168, 28.47235706082375], [77.10949500605038, 28.4714657131607], [77.1095429913579, 28.471459336589657], [77.11081430691091, 28.471290361660156], [77.11124490805418, 28.471240828837793], [77.1118692057356, 28.47116901228465], [77.11319099403117, 28.471019331727252], [77.11360243141445, 28.471082438310525], [77.11418492779077, 28.471171780079466], [77.11416362244718, 28.472030497362848], [77.11411484931713, 28.47399631915959], [77.11432398160683, 28.47528538850911], [77.11435788222904, 28.475486450317394], [77.11486163767745, 28.478474019055817], [77.11493235125997, 28.479121926860753], [77.11499696707835, 28.47971395024979], [77.11514684739028, 28.48108715082505], [77.11530609623226, 28.481434449445153], [77.11538471948086, 28.48160591747271], [77.11691023939468, 28.483777493786476], [77.11749005789312, 28.48464027278228], [77.11867628502245, 28.487368579925338], [77.11902440734785, 28.488180194032168], [77.11950031053087, 28.49080950612809], [77.11975686398611, 28.49221373949734], [77.12007216726097, 28.492943577872847], [77.12060619323948, 28.494179675885853], [77.12108705781782, 28.49593991574965], [77.12062433202172, 28.495970850933833], [77.11920205278857, 28.4960659309362], [77.11855161323405, 28.496172322572807], [77.11791810332937, 28.496306119410956], [77.11691231719794, 28.496518532615603], [77.11611323520998, 28.496750047632148], [77.11541791582387, 28.496951494099335], [77.11454052230272, 28.497297717375666], [77.11372383243688, 28.497642962149264], [77.11347376571631, 28.497757309280896], [77.11328280544649, 28.49784463033241], [77.11313185254613, 28.497913656125036], [77.11306313681679, 28.497945077833794], [77.11255684991592, 28.49816621373616], [77.11245712973286, 28.49820977028672], [77.11210457152656, 28.498363757532935], [77.11177081326251, 28.498510786201457], [77.11153159190236, 28.498616168805324], [77.1112387501029, 28.49874517128695], [77.11083354612938, 28.498948842599145], [77.11077694238502, 28.498962470303518], [77.11069552088429, 28.499004961540813], [77.11060977219883, 28.499050382454314], [77.1104312365277, 28.499144951269283], [77.11011575179319, 28.49930295234482], [77.11005965739356, 28.499335519935627], [77.10984595357736, 28.499428350106083], [77.1097789877662, 28.499459817941958], [77.10894271911877, 28.499846378935008], [77.10797712900303, 28.50019789310413], [77.10683392219264, 28.50060713388203], [77.106169521022, 28.500925682124276], [77.10612901778246, 28.50095290149556], [77.10588144568342, 28.50107852702517], [77.10520069876785, 28.50142395521195], [77.10465457697403, 28.501692816667063], [77.10425795730137, 28.501938597361818], [77.10393957190679, 28.50214009392203], [77.103619356644, 28.502313849266184], [77.10330438125422, 28.50252303026922], [77.10329099905145, 28.5025336844965], [77.10312648338696, 28.502664662881227], [77.10255185625253, 28.502943456187495], [77.10200264066084, 28.50319460052079], [77.10179386140902, 28.50329007109821], [77.10078916852729, 28.50361482088021], [77.10042316882941, 28.503742935461176], [77.10018620763047, 28.503825882085614], [77.0975579634846, 28.505027623513524], [77.09643734930366, 28.506007700186142], [77.09638223766096, 28.50605589917513], [77.09629417581365, 28.50616864732109], [77.09598116953102, 28.506569398565386], [77.09580991919681, 28.506788653400385], [77.095762064145, 28.506849925346295], [77.09571594823157, 28.506911206729406], [77.09587477217043, 28.50723579458977], [77.09588426017646, 28.507248499203964], [77.09624462114935, 28.5078059740211], [77.09644252539633, 28.508118056705317], [77.09656197258302, 28.508362040774006], [77.09685001827717, 28.50876556707262], [77.09694821761245, 28.5089203606669], [77.09734286548307, 28.509478951520965], [77.09750707033051, 28.509719284707252], [77.0975173560405, 28.50971926734084], [77.09773751515031, 28.510037544153317], [77.09806223276937, 28.510593847006543], [77.09811280971647, 28.51066745625334], [77.09816205625866, 28.51074110886438], [77.0983897333691, 28.511150238492863], [77.09864890990498, 28.511491503726134], [77.09835384567349, 28.51167118760633], [77.09825548913305, 28.511731083217565], [77.09812949861781, 28.51180825013491], [77.09738110676474, 28.512266618471223], [77.09697542309085, 28.512517018344383], [77.09673102294306, 28.51266434224471], [77.09663014213666, 28.51272970202854], [77.09603532356961, 28.51297614612003], [77.09534014342236, 28.51327086663167], [77.09496413918714, 28.513430268969262], [77.09464469647548, 28.51357418237717], [77.09423658465538, 28.513742713902122], [77.09416108664566, 28.513814690151257], [77.09395016940346, 28.513847170380586], [77.09326004587298, 28.51397599873716], [77.09313468777168, 28.51399942665041], [77.09306585885462, 28.513398368787154], [77.093042000499, 28.513307000164705], [77.09298800007231, 28.512957000246143], [77.09297061587495, 28.512657800028155], [77.09295607035385, 28.512407469953068], [77.09295000043748, 28.51230300020824], [77.09303499992798, 28.5116500001908], [77.09317599949496, 28.511152000369854], [77.09351999945157, 28.510548000063114], [77.0939100003372, 28.509896999733286], [77.09430899964707, 28.509236000184004], [77.09444099989156, 28.509014999574358], [77.09494800005476, 28.50799800005593], [77.09507169088286, 28.50758010772314], [77.09512499960675, 28.507400000070998], [77.09513000052796, 28.507327999709542], [77.09515800011702, 28.507113999463385], [77.09515100044435, 28.506468000144917], [77.09510400058868, 28.506188999853975], [77.09502000002479, 28.505880999821855], [77.09501184152538, 28.505852337099654], [77.09494600040492, 28.50562099993552], [77.09487100006186, 28.505439999268972], [77.09475899990888, 28.505194000168046], [77.09465899945144, 28.50503700021096], [77.09425099992077, 28.50446099961944], [77.09397599956115, 28.504129000004323], [77.09238100034999, 28.502221999748077], [77.09234799983972, 28.502184000132495], [77.09210400034057, 28.501884999875163], [77.09137999954406, 28.501067000312155], [77.09131000012218, 28.500988000335138], [77.09120100034222, 28.50086600063416], [77.08968700042365, 28.49917200057632], [77.0892480000325, 28.49869999971288], [77.08891000082201, 28.498337000121634], [77.08908099962792, 28.498209000555185], [77.08950499995044, 28.497925999494814], [77.09018900056395, 28.49748899990399], [77.09033300050402, 28.49740000013588], [77.09069500090226, 28.49717700025422], [77.09095100009701, 28.4970099999033], [77.09214500034844, 28.496281000443965], [77.09239099949741, 28.496129000447535], [77.09265400016147, 28.495925000004405], [77.09273799982705, 28.495792999553984], [77.09279500062678, 28.4956040003083], [77.09279899992643, 28.495479999345275], [77.09270600004001, 28.495205999845943], [77.09248500010706, 28.49476000060339], [77.09199100036265, 28.49384600018284], [77.09173500026961, 28.493378999905968], [77.09124763997346, 28.492481912277505], [77.09101300002126, 28.492049999882635], [77.09090870741342, 28.49185767875814], [77.09090400024132, 28.491848999611136], [77.09064899997318, 28.49137000006881], [77.09002199926107, 28.49019199976355], [77.08998299980134, 28.48995799992346], [77.09002600035733, 28.48973899987659], [77.09012099989357, 28.489549000506134], [77.0904310004133, 28.48921599943002], [77.09073199981388, 28.488977999999403]]]}}, {"type": "Feature", "properties": {"OBJECTID_1": 2, "OBJECTID": 2, "Ward_No": "2", "SHAPE_Leng": 15863.6593118, "Shape_Length": 18080.53649314866, "Shape_Area": 14320127.830191558}, "geometry": {"type": "Polygon", "coordinates": [[[77.07513386252786, 28.51865629043549], [77.07507616912707, 28.518686741423416], [77.07497067996324, 28.518742421267717], [77.0749584511973, 28.518748875492882], [77.07494709469546, 28.51875486875802], [77.07495017501857, 28.518704575205067], [77.0749562646979, 28.518624219763414], [77.07496092785254, 28.51856267287154], [77.07494427308718, 28.518514620885288], [77.0748420007904, 28.51831800043497], [77.0747959998613, 28.518248000555147], [77.0746750003858, 28.518101000182682], [77.07462899945673, 28.518031000158807], [77.07448200004195, 28.51793499987009], [77.0739559996122, 28.517256999683955], [77.07423599999466, 28.517082999792486], [77.07466299979193, 28.516554000187085], [77.0746749994875, 28.51620799954695], [77.07540199975872, 28.516216000231577], [77.07506399964994, 28.515774000173025], [77.07495200039524, 28.515628000389537], [77.07525900054189, 28.515478000033816], [77.07566899972241, 28.515276000091248], [77.07580599998975, 28.5152090000561], [77.07605100021213, 28.51508900041691], [77.07622699993924, 28.51500199990246], [77.07627999964268, 28.514976000533164], [77.07647700018448, 28.514879999831344], [77.07645200007013, 28.514850000038088], [77.07617700060885, 28.514521000272023], [77.07533800018462, 28.514790999735677], [77.07489200012078, 28.51506399958688], [77.0746489995482, 28.515211000246254], [77.07418699959086, 28.514600000376657], [77.07407699998599, 28.514605000091535], [77.07359999996002, 28.51460199978905], [77.07341099981414, 28.514594000560635], [77.0734079994411, 28.51307900017368], [77.07341199963903, 28.512938999727275], [77.07336800015645, 28.51292000066722], [77.07286600001609, 28.512728000169197], [77.07275700023615, 28.51254500040527], [77.07241900012735, 28.512158999814453], [77.0723220009413, 28.511836000310158], [77.07249400047041, 28.511433000426347], [77.07267800059343, 28.51103599981083], [77.07277999980236, 28.511033000196147], [77.07320300030001, 28.510894000327436], [77.07318499985834, 28.51077599999978], [77.07349600020297, 28.5108359995273], [77.07406699994027, 28.510960999946303], [77.07440099985111, 28.511210000206884], [77.07435399999545, 28.511102999339506], [77.07429100024623, 28.510961999292284], [77.07417999991816, 28.510750999726117], [77.0739430000917, 28.51037900006892], [77.07383500013665, 28.510208999661533], [77.07381299949704, 28.510176000479376], [77.07335699938746, 28.509506999906673], [77.0727940000461, 28.50871199989333], [77.07261400012102, 28.508459000204162], [77.07255100037182, 28.50837099958658], [77.07230100012659, 28.508023000192694], [77.07200599967548, 28.50762300045118], [77.07188100000202, 28.50745300033859], [77.07158700027414, 28.507074999858673], [77.07145199965659, 28.506914999811414], [77.07132299978518, 28.506765999869884], [77.07072100008574, 28.50606899942554], [77.07061000065598, 28.50594000037179], [77.07039700022065, 28.50569799923086], [77.070049999891, 28.505291000401883], [77.06997399972303, 28.505203000299286], [77.06949199967416, 28.50464800076883], [77.06935299975702, 28.5044949999966], [77.06885600053786, 28.503945999532064], [77.06876199992818, 28.503845999821493], [77.0685729997823, 28.503623000141314], [77.06840900064911, 28.503436000332922], [77.06810200050245, 28.503086000028837], [77.06782999961754, 28.502777000198385], [77.06751100067366, 28.50241600006523], [77.06741399969096, 28.50231099939665], [77.0669600001295, 28.501816999796056], [77.0662549995996, 28.50104500000475], [77.06570399995377, 28.500400000076816], [77.0656279997858, 28.500310999605844], [77.06555200051612, 28.500221999849312], [77.06537800043884, 28.500019000451925], [77.06514700046014, 28.499742000169746], [77.06459300044128, 28.499072999747256], [77.0644679998695, 28.498922999534212], [77.0643330001503, 28.49876600050917], [77.06353800010699, 28.497868000249433], [77.06299800033186, 28.49726199993898], [77.06233800000774, 28.496506000395236], [77.06171899969156, 28.495807000303365], [77.06135600036673, 28.49538699990901], [77.06130799978781, 28.495329999551863], [77.06079499977685, 28.4947569997365], [77.06041699948507, 28.49432299974598], [77.05994899967992, 28.493793999694653], [77.0598199998085, 28.493655000009944], [77.05952000023282, 28.493330000095273], [77.05892999933064, 28.49269400000529], [77.05814935885718, 28.491837803486767], [77.05728199951773, 28.490742000260543], [77.05689699955327, 28.490256000479732], [77.05656299964242, 28.48987700043494], [77.05599199990512, 28.489228000369042], [77.05662500046502, 28.488791000296008], [77.05699380649988, 28.488540705182455], [77.05740300078986, 28.48826300050657], [77.05796600013126, 28.4878820004942], [77.05843700030944, 28.48756299995068], [77.05901899991741, 28.48716800025622], [77.05934129388179, 28.48694953052799], [77.06009253608927, 28.486440291652098], [77.06032899962153, 28.486279999765383], [77.06048000013257, 28.486177000364982], [77.06059000063574, 28.486104999735556], [77.06136857857732, 28.485572245978954], [77.06155599948494, 28.485444000380912], [77.06207200076729, 28.485104999866344], [77.0621360003414, 28.485062000079626], [77.06253700019938, 28.484796999887568], [77.06262199968988, 28.484740999723115], [77.0630159998752, 28.48448000027097], [77.06494666267707, 28.4831509553365], [77.06505700004848, 28.483074999999154], [77.06523900052169, 28.48295000049966], [77.06575899930706, 28.482592000091042], [77.06626821561407, 28.482242244922602], [77.06633700051368, 28.482194999934695], [77.06691300027387, 28.48179899948723], [77.06781200007421, 28.481180999829775], [77.06804899990067, 28.48101799953844], [77.07004800024116, 28.479643999771255], [77.07012799970882, 28.47958899967571], [77.0703224481369, 28.479441851479386], [77.07038700017489, 28.479392999963718], [77.07057099939959, 28.47922700034213], [77.07070194592023, 28.479348977675947], [77.07123297691561, 28.479219009486602], [77.0713488515024, 28.479190649051162], [77.07187655513799, 28.479061492387558], [77.07218192035083, 28.478991969446593], [77.07225329778835, 28.47895560070327], [77.07295542820093, 28.478804430123713], [77.07350617362356, 28.478651613771223], [77.0738577185302, 28.478554045010412], [77.07426699995679, 28.478638000026734], [77.07486300070677, 28.47874900004108], [77.07582400043142, 28.478895000316253], [77.07654438640722, 28.479004661668387], [77.07655979520929, 28.478925639652633], [77.07657575557693, 28.477808069180238], [77.07743464829483, 28.47779017163352], [77.07810679204489, 28.477894494721404], [77.07888492801537, 28.477892146391003], [77.07884626003396, 28.478952764416103], [77.07977773033859, 28.47905311382029], [77.08041025658804, 28.47853415460091], [77.08044786725235, 28.478503295637804], [77.08091500018323, 28.47851899951188], [77.08172500029514, 28.477772999745536], [77.08200600050252, 28.47801899958602], [77.08307899948186, 28.47865900061461], [77.08384399938794, 28.478966999544756], [77.08415899993051, 28.479093999895767], [77.08524966966978, 28.47936512597423], [77.08538399834748, 28.479417923967514], [77.08581797176629, 28.479506394855612], [77.08585662627297, 28.479513896921997], [77.08592830644275, 28.479527809025388], [77.08600092535198, 28.479530954033795], [77.08606968869204, 28.479533933224445], [77.08610603542677, 28.479535506913003], [77.08619264290164, 28.479539257550407], [77.08658870921207, 28.479488841865862], [77.08663128127172, 28.479477075123214], [77.08678635654088, 28.47943421201599], [77.08699786038297, 28.47941743993732], [77.08707714479162, 28.47941115307208], [77.08716052641631, 28.479404540887614], [77.08726427284846, 28.479398798062117], [77.08754238137895, 28.479383404635218], [77.08759299964858, 28.479535999628315], [77.08855300044662, 28.479360999476636], [77.08894900028176, 28.479290000162642], [77.09014299963489, 28.478983999892815], [77.0909669999905, 28.478704999594086], [77.09145362636306, 28.478526823021877], [77.09154600012373, 28.478492999839375], [77.09324199961722, 28.47791500036533], [77.09386900032935, 28.478534999489387], [77.09395158784329, 28.478653118776418], [77.09395639921995, 28.478736359903067], [77.09396099949252, 28.478994000328512], [77.09396600041373, 28.47925100054138], [77.09409699993496, 28.479772000528747], [77.0942609999665, 28.480363999744206], [77.09432299989076, 28.480586999609926], [77.09442400017312, 28.480950999859193], [77.09437100046968, 28.48123400063081], [77.0943470001802, 28.481366999961434], [77.09432799991365, 28.481475999436398], [77.09435100037818, 28.481574999398088], [77.09435710263391, 28.481581866485076], [77.09442299944989, 28.481655999728385], [77.09472100027405, 28.48197399954708], [77.0948309998789, 28.482256000328245], [77.09490600022197, 28.482573999919364], [77.0950009997582, 28.48324599951067], [77.09497600054215, 28.483542999666383], [77.09508800069517, 28.484918000409365], [77.09530422428573, 28.485598443667932], [77.09527768266236, 28.48560443802671], [77.0952892349969, 28.485628555210983], [77.09512864137692, 28.48595114778034], [77.09496159605659, 28.486249764447564], [77.09467500024327, 28.48653300051842], [77.0945779992606, 28.486627999802025], [77.09328673482004, 28.487416922440215], [77.09200500060635, 28.488199999722813], [77.09073199981388, 28.488977999999403], [77.0904310004133, 28.48921599943002], [77.09012099989357, 28.489549000506134], [77.09002600035733, 28.48973899987659], [77.08998299980134, 28.48995799992346], [77.09002199926107, 28.49019199976355], [77.09064899997318, 28.49137000006881], [77.09090400024132, 28.491848999611136], [77.09090870741342, 28.49185767875814], [77.09101300002126, 28.492049999882635], [77.09173500026961, 28.493378999905968], [77.09199100036265, 28.49384600018284], [77.09248500010706, 28.49476000060339], [77.09270600004001, 28.495205999845943], [77.09279899992643, 28.495479999345275], [77.09279500062678, 28.4956040003083], [77.09273799982705, 28.495792999553984], [77.09265400016147, 28.495925000004405], [77.09239099949741, 28.496129000447535], [77.09214500034844, 28.496281000443965], [77.09095100009701, 28.4970099999033], [77.09069500090226, 28.49717700025422], [77.09033300050402, 28.49740000013588], [77.09018900056395, 28.49748899990399], [77.08950499995044, 28.497925999494814], [77.08908099962792, 28.498209000555185], [77.08891000082201, 28.498337000121634], [77.0892480000325, 28.49869999971288], [77.08968700042365, 28.49917200057632], [77.09120100034222, 28.50086600063416], [77.09131000012218, 28.500988000335138], [77.09137999954406, 28.501067000312155], [77.09210400034057, 28.501884999875163], [77.09234799983972, 28.502184000132495], [77.09238100034999, 28.502221999748077], [77.09397599956115, 28.504129000004323], [77.09425099992077, 28.50446099961944], [77.09465899945144, 28.50503700021096], [77.09475899990888, 28.505194000168046], [77.09487100006186, 28.505439999268972], [77.09494600040492, 28.50562099993552], [77.09501184152538, 28.505852337099654], [77.09502000002479, 28.505880999821855], [77.09510400058868, 28.506188999853975], [77.09515100044435, 28.506468000144917], [77.09515800011702, 28.507113999463385], [77.09513000052796, 28.507327999709542], [77.09512499960675, 28.507400000070998], [77.09507169088286, 28.50758010772314], [77.09494800005476, 28.50799800005593], [77.09444099989156, 28.509014999574358], [77.09430899964707, 28.509236000184004], [77.0939100003372, 28.509896999733286], [77.09351999945157, 28.510548000063114], [77.09317599949496, 28.511152000369854], [77.09303499992798, 28.5116500001908], [77.09295000043748, 28.51230300020824], [77.09295607035385, 28.512407469953068], [77.09297061587495, 28.512657800028155], [77.09298800007231, 28.512957000246143], [77.093042000499, 28.513307000164705], [77.09306585885462, 28.513398368787154], [77.09313468777168, 28.51399942665041], [77.0925699133593, 28.514104975334014], [77.09215011355904, 28.51422001503807], [77.09187816028489, 28.514286947028268], [77.09174696672751, 28.514357557334954], [77.09118571011778, 28.514491628696394], [77.09049279282675, 28.514711449600828], [77.09034264122363, 28.51476583386207], [77.09002226785734, 28.514832388988825], [77.08980149519817, 28.514878253803463], [77.08911042574168, 28.515037510840695], [77.08877313530193, 28.515096068184366], [77.0885224137095, 28.515192552555657], [77.08841866009085, 28.515219467507045], [77.08784916233668, 28.515451632949855], [77.08772387789726, 28.515499845778326], [77.08760035235917, 28.51557085231013], [77.08737463267774, 28.51570060287516], [77.08702631272295, 28.51587107671549], [77.08692710008802, 28.51593687417191], [77.08668683039393, 28.51601050652714], [77.08633268216958, 28.51611357547775], [77.08599546000183, 28.51620105577937], [77.08575595297738, 28.516285113460665], [77.08563997508432, 28.516325817775968], [77.0855464335138, 28.516357057980002], [77.08494656910976, 28.516560754491977], [77.08462504769652, 28.51670178415277], [77.08453740266751, 28.5167360126473], [77.0842522324806, 28.516825972504094], [77.08355874386103, 28.51706343395274], [77.08312547561972, 28.51719826041656], [77.08286679854714, 28.517250401710225], [77.08254910216037, 28.5173596964336], [77.08217291466885, 28.517500467706245], [77.08203142462172, 28.517550764990805], [77.08170368327345, 28.51769727517178], [77.08147791508298, 28.517786872699162], [77.08103934767982, 28.517973205349694], [77.08078281847905, 28.518076303165454], [77.08058114490115, 28.51815837263609], [77.08023547138318, 28.51805247439417], [77.08009658465375, 28.518076656780618], [77.07963893793224, 28.518175159081107], [77.07943099052038, 28.518219735063465], [77.07940617905224, 28.518212987968713], [77.07871785844051, 28.51828132477868], [77.07841505522286, 28.518331268865694], [77.0780281391519, 28.518395085179588], [77.07740609085194, 28.518482754603095], [77.0773393514162, 28.518478558596346], [77.07718464176135, 28.51848863185386], [77.07683548188176, 28.51852674872942], [77.07665102631292, 28.518546884973116], [77.07637256654115, 28.518555332233113], [77.0759622358823, 28.51863035037654], [77.0753785995439, 28.518684907055334], [77.07531506260216, 28.51869084665066], [77.07529514515568, 28.518655746597254], [77.07527624999199, 28.51862244932882], [77.07524266378014, 28.51859886300084], [77.07513386252786, 28.51865629043549]]]}}, {"type": "Feature", "properties": {"OBJECTID_1": 3, "OBJECTID": 3, "Ward_No": "4", "SHAPE_Leng": 16049.5012577, "Shape_Length": 18289.55172231287, "Shape_Area": 7151350.846351056}, "geometry": {"type": "Polygon", "coordinates": [[[77.05443178346177, 28.51430306077582], [77.05383692087726, 28.51453151041596], [77.05306827740442, 28.514776973088935], [77.05270676299472, 28.514892419361185], [77.05238633572951, 28.51499474347585], [77.05220719369558, 28.515051948700055], [77.05211700463765, 28.515080748636002], [77.05192341589729, 28.51514256830428], [77.05178889677677, 28.515164009975535], [77.05170400957569, 28.515172705359717], [77.05121287186377, 28.51527623215734], [77.05102158820041, 28.5153410401525], [77.05067291430942, 28.515482884463562], [77.05034020797258, 28.515618229964545], [77.05030995361211, 28.51563025394919], [77.04965875947278, 28.515889068051198], [77.04957910405989, 28.515932890395078], [77.04897651776058, 28.51607702140164], [77.04891815152163, 28.51609390526604], [77.04864328231602, 28.51617341883806], [77.04862280971071, 28.51617934120956], [77.04829440360916, 28.516278558839407], [77.04818824070888, 28.516306449918332], [77.0477460234507, 28.516422626226937], [77.04761196965747, 28.516446877659], [77.04759551611474, 28.51644929617152], [77.04692888352892, 28.51654725535379], [77.0463942763404, 28.516648227318655], [77.04631435682282, 28.51667473144689], [77.04625272700444, 28.51669375429976], [77.0462777917975, 28.516757098796305], [77.04629571857731, 28.516802401560902], [77.046395192622, 28.51705379468911], [77.0464358593549, 28.517156565833307], [77.04651083005356, 28.517346035586026], [77.04672696021936, 28.51777005777679], [77.04678763333196, 28.51788909139354], [77.04685140653059, 28.518008273268148], [77.0469264446029, 28.518148509305973], [77.04692854845732, 28.518152441693324], [77.04695122283341, 28.518194817854106], [77.04707814759651, 28.518432022060203], [77.04715185795884, 28.518573117888785], [77.04720144316589, 28.518668032288208], [77.04730856187363, 28.51887308037688], [77.04736181220706, 28.518975012287093], [77.04759406982714, 28.519518484353323], [77.04775926461798, 28.519878361183224], [77.04784346730281, 28.520061794178837], [77.04791657848885, 28.520210780862772], [77.0481100028375, 28.520604943344594], [77.04823047230698, 28.520887525225405], [77.04824321580762, 28.520917415956447], [77.04740375005608, 28.521384516922865], [77.04737133794231, 28.521400636689513], [77.04704297945148, 28.52156394558036], [77.04698906166978, 28.52159076182242], [77.04692860864445, 28.521620828366434], [77.04687941959442, 28.521645291712037], [77.04679795497456, 28.521694766155257], [77.04672437307131, 28.521739452729147], [77.04624295153754, 28.522023512277276], [77.0460656977623, 28.522128097889407], [77.0460457857057, 28.52213984882696], [77.045462114333, 28.522419128952553], [77.04536599280098, 28.522471439728992], [77.04519880285186, 28.522561642528284], [77.04480084379111, 28.52276185972745], [77.0447994325378, 28.522762569294173], [77.04468648196722, 28.522819396183664], [77.04459254334134, 28.52288384041872], [77.0445648985868, 28.52290280453368], [77.04427501224461, 28.523113085218448], [77.04401051229235, 28.523371323722113], [77.04372610387676, 28.523640121342968], [77.04350823547092, 28.523846030333864], [77.0436003981275, 28.524000132488048], [77.04366535620397, 28.524108745385245], [77.04362756318164, 28.524147462445136], [77.04334348265118, 28.52443848793375], [77.04330973653923, 28.524469114048564], [77.04331392089179, 28.524501309226153], [77.04349788508219, 28.524860976466126], [77.04344083218021, 28.52488756140311], [77.04316498201433, 28.525016099238197], [77.04277817284284, 28.525210061577265], [77.04267223092816, 28.525263183912536], [77.04216067720478, 28.525435833290462], [77.04206475959029, 28.525468204967982], [77.04182477196723, 28.52555117160241], [77.04181408201534, 28.525554866934563], [77.04168598315412, 28.525390467937093], [77.04165790451329, 28.525349681880506], [77.0416340371745, 28.525315011825843], [77.04156559543135, 28.525233814539874], [77.04151818953716, 28.525177571430444], [77.0413819995502, 28.52501600057977], [77.04123944410115, 28.524846219506703], [77.04056734077521, 28.524045743114907], [77.0403820003658, 28.523825000062622], [77.04026856111173, 28.523692112645413], [77.03940800022235, 28.522683999940202], [77.03894868083783, 28.522133225901484], [77.03872999945662, 28.52187100002346], [77.03861900002686, 28.521738000431583], [77.03701700024472, 28.519831000439616], [77.03592700064863, 28.518548000276684], [77.03572826276506, 28.518316822772846], [77.03509999991996, 28.51758599959695], [77.03429686832673, 28.516649135048464], [77.03395299952417, 28.516248000596068], [77.03350700035864, 28.515716999778817], [77.03349800013783, 28.515709999935957], [77.03349100046512, 28.51569900052031], [77.03275499997308, 28.51482199964448], [77.0319339999905, 28.513860000494656], [77.03080599986129, 28.51253699944213], [77.02949299978413, 28.510992000191454], [77.02934599947102, 28.510819999709252], [77.02839700034026, 28.50970299975282], [77.0270199997907, 28.508091000218926], [77.0269639997142, 28.508025999892958], [77.02685400010937, 28.507897000074642], [77.02625000076007, 28.507189999866103], [77.02597499950217, 28.506867000144624], [77.02482854707867, 28.505490635437624], [77.0245140001853, 28.50511300053111], [77.02422399975708, 28.504771000238115], [77.02298199982505, 28.503304000593687], [77.02208200019977, 28.5022380000807], [77.02138400024084, 28.501418999870673], [77.02116199958469, 28.50115700037382], [77.02010499960056, 28.49990000035137], [77.01804699970883, 28.49740200066371], [77.01796300004325, 28.497304000807464], [77.01795399982242, 28.497293000262093], [77.01793799992889, 28.497275000228385], [77.01654200090941, 28.49564900030979], [77.01618061495881, 28.49523618365029], [77.0165038027469, 28.495134306960043], [77.01680893529607, 28.494982254784706], [77.01724791412762, 28.494793788574505], [77.01729951245923, 28.494771636165954], [77.01738629241065, 28.494734031772683], [77.01805853946698, 28.494447316287854], [77.01818259770603, 28.494397938804124], [77.01828927264602, 28.494355479660356], [77.01830299980188, 28.49434941000671], [77.01834079641748, 28.49433269556203], [77.0185492423943, 28.494203086089293], [77.01880789970396, 28.494178676380884], [77.01914463139157, 28.49406203977173], [77.01924235282313, 28.494012088141563], [77.01971566706149, 28.49377014333216], [77.01973345729738, 28.49376104827513], [77.01998012209799, 28.49363495928149], [77.02002524177976, 28.49361189554368], [77.02014600050678, 28.49385100009181], [77.02033300010454, 28.49431499976942], [77.02036800026463, 28.494389999624516], [77.02038499998305, 28.494426999386008], [77.02050200015891, 28.494629000565162], [77.02060500009107, 28.494771000623306], [77.02072100044204, 28.494932000424775], [77.02114900006423, 28.495485999458907], [77.02119099989702, 28.495541999450236], [77.0213729994719, 28.495782000430044], [77.02167999961854, 28.49618900040995], [77.02178300044903, 28.496324999882706], [77.02257599994418, 28.497329999795387], [77.02265599941182, 28.497431000418448], [77.02304599939916, 28.497882999403984], [77.02318000019176, 28.498029000063433], [77.02331200043625, 28.49813799970492], [77.02349300018622, 28.49826399963546], [77.02382400062233, 28.498493999784888], [77.02471300037695, 28.499114999895], [77.02498300071368, 28.49930200025599], [77.02509200049361, 28.49937799997027], [77.02607799943429, 28.500061999672415], [77.02612300053846, 28.50009299996246], [77.0262320003184, 28.50016899989653], [77.0265330006173, 28.500377999630306], [77.02719399986799, 28.500865000403095], [77.02817200020937, 28.501584999335737], [77.02889593093727, 28.50209156079028], [77.02892799989459, 28.50211399980761], [77.02934299999629, 28.50250000005119], [77.02963699972418, 28.50277799962187], [77.029830000068, 28.502871000439285], [77.03008500033614, 28.502956999696124], [77.03051600033137, 28.503103000440365], [77.03056700038498, 28.503120000059695], [77.03113399992435, 28.50330100075918], [77.03117600065545, 28.50331399951519], [77.03153499978234, 28.50339000028704], [77.03178700057573, 28.503421999806243], [77.0323080000843, 28.503489000223617], [77.03303300070573, 28.50356400066395], [77.03333700047932, 28.503581000208996], [77.03359799969691, 28.50359499992514], [77.03372599974344, 28.503590999893678], [77.03382499947766, 28.503588000067296], [77.03410499986015, 28.503581000208996], [77.03429700037908, 28.503574999766187], [77.03431099972444, 28.503575000555614], [77.03461299984825, 28.503577999592924], [77.03622599950106, 28.503654000174617], [77.03632299958544, 28.503770000167517], [77.03813799980293, 28.503769000753383], [77.03824099973508, 28.503875000173608], [77.03886000005127, 28.503845000408074], [77.04081900020881, 28.503829000319133], [77.04094377171019, 28.503832544053274], [77.04112999965511, 28.504065999217563], [77.04125799970161, 28.504288000131055], [77.041543000107, 28.504283999336423], [77.0416850003972, 28.50455200013995], [77.04200800043739, 28.50512300007058], [77.0414860002056, 28.505331000065436], [77.04149599935302, 28.50551499990122], [77.04164000019136, 28.505520999444286], [77.04167100015351, 28.505932999880127], [77.04168399967398, 28.50623299989794], [77.04169700009277, 28.50711599980706], [77.04206499944048, 28.507066999270013], [77.04210499962348, 28.507364000291116], [77.04212499971496, 28.507454999886438], [77.0421709997457, 28.507711000113968], [77.04205399956983, 28.507713000446305], [77.04205699994291, 28.507765999767237], [77.04206100014085, 28.50796600034587], [77.04205600011797, 28.508085000032636], [77.04253899999175, 28.508093999917282], [77.0425499998624, 28.508147999998194], [77.04258699967232, 28.50863500042971], [77.04328400070465, 28.50839100041513], [77.04334699955551, 28.508562000753024], [77.0434729999522, 28.508846000281657], [77.0435139999601, 28.508856999622637], [77.04378799959647, 28.509077999773915], [77.04413899922577, 28.508985000481054], [77.04426700017058, 28.508938999697055], [77.04421799976679, 28.50828599937783], [77.04426999964531, 28.508266999479698], [77.04434199961534, 28.508239999867797], [77.04419400037564, 28.507918999742703], [77.04546200024697, 28.507430999783914], [77.04580899967827, 28.50732599936986], [77.04592900022718, 28.507303999578127], [77.04594599994562, 28.50733800061787], [77.0460149995426, 28.50733500010864], [77.04607900001501, 28.50747400072021], [77.04668499991243, 28.50744800028469], [77.04687600060646, 28.50739399984541], [77.04689999999758, 28.50735900023299], [77.04689399925148, 28.507133999740848], [77.04760299997936, 28.506910999905813], [77.0475629997964, 28.506019999981014], [77.04686299928935, 28.50604700016105], [77.0468650007358, 28.50619300057637], [77.04631400019167, 28.506336000252023], [77.0461699993533, 28.506401000040483], [77.04552100069651, 28.505829999922007], [77.04530600061136, 28.5056390001244], [77.04535000009395, 28.505588000107544], [77.04533000000248, 28.50529800014675], [77.04579999945746, 28.505735999949103], [77.04588999986912, 28.50569299988317], [77.04640199915691, 28.505569999909962], [77.04663099948576, 28.505514000503638], [77.0462949999251, 28.50481700047133], [77.04603699928393, 28.504829999829976], [77.0457889995868, 28.50484699996046], [77.04579399960964, 28.504914000262357], [77.04581000040152, 28.504967000200036], [77.045642000172, 28.505038000402486], [77.04555199976033, 28.505057000092748], [77.04556699982895, 28.505158000424792], [77.04532900017757, 28.50516500017848], [77.0452179998495, 28.505178000283678], [77.0452470001618, 28.505536000668656], [77.04523000044335, 28.505572999679995], [77.04483700008298, 28.505208999860088], [77.04382199993165, 28.50521200042979], [77.04304500033005, 28.505212999830245], [77.04276400012265, 28.505163999988163], [77.04254099964155, 28.505340999584245], [77.04219900023311, 28.50481300048616], [77.04217800031671, 28.504783000197936], [77.04186999944682, 28.504351999404463], [77.04167800072453, 28.50408400046119], [77.04156599967321, 28.503951999953777], [77.04155227521228, 28.50395558868104], [77.04144399947447, 28.503845000408074], [77.04120699964801, 28.50343699975021], [77.04092200014097, 28.502993000190386], [77.04141900025844, 28.502987999925132], [77.04141999918502, 28.502640000142375], [77.0437269994971, 28.502644999634676], [77.0453949994015, 28.50263599928524], [77.04554000006475, 28.502678999807642], [77.04691300041638, 28.502673000102966], [77.04716899961109, 28.502671999889024], [77.0476049996292, 28.50266200011726], [77.0476039998043, 28.502595999389403], [77.05179000080626, 28.502559000123558], [77.05178846468714, 28.502630007472497], [77.05233300005615, 28.502625000085093], [77.0568079998648, 28.502583999970316], [77.05742499963289, 28.502996000033672], [77.05751499914625, 28.503107999910736], [77.05786600057216, 28.503542999503985], [77.05805900001769, 28.50378299965517], [77.05948000004986, 28.505557000642494], [77.05980399991495, 28.505963999234698], [77.06015399971935, 28.50640899989024], [77.06049299965304, 28.50684099955945], [77.06087899944242, 28.507333000558514], [77.06122499994716, 28.507771000595472], [77.06136099949127, 28.5079369995395], [77.06178199944074, 28.508453000038813], [77.06206000017343, 28.508723000037655], [77.06230399967257, 28.508960000572287], [77.06246500022937, 28.509128999682325], [77.0626560000251, 28.509291999982754], [77.06281699968356, 28.50938500058375], [77.06281300038391, 28.50954399989345], [77.06209600015843, 28.509509000204954], [77.0613760004582, 28.509494000334954], [77.06137199936192, 28.50986900039291], [77.0613630000394, 28.5108539996157], [77.06131897540396, 28.512159447383763], [77.06131700000867, 28.512217999221207], [77.06127877579502, 28.512227443954096], [77.06125181286177, 28.512211754566977], [77.06103187114421, 28.512182303411873], [77.06097822016221, 28.51221283125873], [77.06082930194597, 28.51224619370014], [77.06081271006268, 28.512249910022042], [77.06071936522319, 28.51227082261879], [77.06070520597767, 28.51227399427937], [77.06064445650826, 28.51228763683925], [77.06056869978374, 28.512304649976446], [77.06054111791126, 28.5123349401898], [77.06051525002431, 28.51236334618657], [77.06047043846469, 28.512335179366648], [77.0604190296776, 28.51230286206978], [77.06021494861474, 28.512174570804916], [77.05988441889582, 28.51227676336475], [77.0597004529088, 28.512337774790662], [77.0594839706034, 28.512397557144563], [77.05941805582115, 28.512415759832503], [77.05920232450734, 28.512475333750764], [77.05892876594376, 28.51256104416584], [77.05852037025603, 28.512688997903915], [77.05788239841934, 28.51285793262688], [77.05783820400231, 28.512880746667623], [77.05776153548777, 28.512887820108567], [77.05729959212425, 28.513064861999947], [77.05715645816016, 28.51311637148384], [77.05681204947012, 28.51327785795343], [77.0564755118186, 28.513435653944498], [77.0559553935573, 28.51370865572544], [77.05581358101497, 28.5137830908284], [77.05579492839641, 28.51379288115718], [77.05531157009486, 28.513983069736593], [77.05511387246037, 28.51410145641479], [77.05494370998602, 28.514085757834266], [77.05443178346177, 28.51430306077582]]]}}, {"type": "Feature", "properties": {"OBJECTID_1": 4, "OBJECTID": 4, "Ward_No": "5", "SHAPE_Leng": 16208.1139104, "Shape_Length": 18476.206970024963, "Shape_Area": 11498926.59037546}, "geometry": {"type": "Polygon", "coordinates": [[[77.02084506137604, 28.535561505156085], [77.02080944856492, 28.535582515723434], [77.02076003673271, 28.53561647370965], [77.02024418277408, 28.535910625063842], [77.02009004085446, 28.535976387126542], [77.0199066551791, 28.536066061452473], [77.01958741458837, 28.53622216762881], [77.01948543244744, 28.53627648081556], [77.01945140606108, 28.536292079811414], [77.01937519748397, 28.536353788393694], [77.01921359236098, 28.536431343718245], [77.01913396928747, 28.53646668802349], [77.01880608600538, 28.536686209780804], [77.0187524916172, 28.53673221029704], [77.01834559881097, 28.537045644458825], [77.01788471186623, 28.537288001390216], [77.01773377154231, 28.5373879117781], [77.01758920027376, 28.53752743387474], [77.0169742810039, 28.53836759771342], [77.0168551518208, 28.538537480903656], [77.01677664175992, 28.538614661345466], [77.01669975675138, 28.538719011896067], [77.01664376655634, 28.538795004512366], [77.01654111696715, 28.53893432271988], [77.01635867542115, 28.539094267866403], [77.01609949439369, 28.53921243931398], [77.01541759673623, 28.539464678639874], [77.01473532268469, 28.539701948620845], [77.01441663545617, 28.539792391571428], [77.01409254036965, 28.54000432577322], [77.01405413469632, 28.54002944064002], [77.01401169918063, 28.540060242151533], [77.01390007272677, 28.540154369355758], [77.01376597491613, 28.540267444840016], [77.01371513835588, 28.5403106067873], [77.01363040925827, 28.540382543589924], [77.01342630843244, 28.54054458410208], [77.0133755697886, 28.540552340670192], [77.01332538360862, 28.54052938820307], [77.01284034186419, 28.54030755276483], [77.0125977509234, 28.54019660093697], [77.01249137063083, 28.540147947218294], [77.0123624641842, 28.540088990273407], [77.01219431932594, 28.540014896508936], [77.01199554281483, 28.5400352188341], [77.0119259476348, 28.54003896811014], [77.01182331062203, 28.540048290399074], [77.01148108124487, 28.540074263855818], [77.01134394892516, 28.540090188999454], [77.0113096377729, 28.54009229130765], [77.01115534763129, 28.540110019666816], [77.010624163024, 28.540194492317635], [77.01002934625355, 28.540274591412942], [77.00993597805785, 28.540131252657833], [77.00963696213745, 28.539774538472006], [77.00948502648019, 28.539860669409485], [77.00931476698776, 28.53996898186563], [77.00924647705988, 28.540000254520624], [77.00898116053901, 28.54014786988121], [77.00891826679103, 28.540205480496613], [77.00869779596579, 28.540407374271656], [77.00850414703832, 28.54056869582894], [77.0084068514082, 28.54061734461837], [77.00788355311077, 28.540829303991718], [77.00752722826851, 28.54104720443071], [77.00720150902794, 28.541217582040524], [77.00657526559563, 28.541451947178246], [77.00651490779168, 28.5413275384698], [77.00626984917878, 28.540974727515525], [77.00604071949253, 28.540741204917232], [77.00575107749212, 28.540323922166397], [77.00556675667055, 28.54028662678998], [77.00542680274252, 28.540209671692747], [77.00511638181126, 28.540034252119085], [77.00491439831458, 28.53996989255126], [77.00490375148182, 28.539676235494333], [77.00486584257683, 28.539465862378982], [77.00485129346252, 28.53923490120979], [77.00474813363024, 28.53859335465634], [77.00474070725777, 28.53856780935173], [77.0043944507332, 28.538056275357224], [77.00423954704223, 28.53777554749745], [77.00398023755568, 28.537519943035587], [77.0035934795882, 28.537086652483094], [77.00353995437032, 28.536983759505883], [77.00324611633921, 28.53644489870977], [77.00317428255751, 28.536278767868755], [77.00301259119625, 28.535904818232847], [77.00297603066252, 28.535784522530072], [77.00284330008769, 28.535462574787935], [77.0025798035536, 28.534823437561176], [77.00252190443861, 28.53460253635467], [77.00225961883352, 28.53428404958131], [77.00212286650121, 28.534171981796327], [77.00132217922383, 28.53375402903849], [77.00095588757347, 28.533551000266442], [77.00066143239975, 28.53346314449458], [77.00047465738083, 28.533403591116294], [77.00048322641032, 28.533222049387703], [77.0004333016401, 28.532677607000675], [77.0003891683085, 28.53213290530614], [77.00035277935298, 28.531816392002753], [77.00090929734958, 28.531553805863222], [77.0011705579769, 28.531404879406626], [77.00186679094968, 28.531019750499016], [77.00288617577787, 28.530443978634146], [77.00290072219728, 28.530435761991754], [77.00318998870193, 28.530136639784498], [77.00342184387675, 28.52990569604938], [77.00351586514766, 28.52982728907659], [77.00420224360172, 28.529379426818245], [77.00425104637618, 28.529348026311887], [77.00428974400197, 28.529291276340764], [77.00493326113892, 28.52879253665976], [77.00513729548942, 28.528617526636342], [77.00561695183367, 28.52833257722719], [77.0063016064207, 28.527939366266278], [77.00698597624185, 28.527535607107833], [77.00722705262308, 28.527375276626106], [77.00767248225668, 28.52727666058734], [77.00807262512191, 28.527156871995217], [77.00822269497831, 28.527036044610703], [77.00835856426674, 28.527001100450715], [77.0087188902053, 28.526892764404582], [77.00904553201565, 28.526794555169573], [77.00934976714787, 28.52671197545946], [77.00966656881258, 28.526543493865884], [77.00973071930365, 28.526481985535106], [77.0101182381442, 28.526050453846207], [77.01017171664967, 28.525990901014758], [77.01031609927202, 28.525830119093637], [77.01051284379399, 28.525741003537206], [77.01053851944141, 28.52572937454745], [77.01091347803766, 28.525435118216787], [77.01095664298535, 28.525401243769085], [77.01159169978897, 28.52525925810452], [77.01178099637889, 28.525241563553113], [77.011986625239, 28.525163018146134], [77.01200257752181, 28.525157262025257], [77.01246651155199, 28.52498987108266], [77.01251796166159, 28.52497402731934], [77.01303132549025, 28.524739196958524], [77.01315142844709, 28.524707927667187], [77.01383745565988, 28.524516966003223], [77.0141761133355, 28.524428958263858], [77.01437663078163, 28.524297674621398], [77.01514398517206, 28.523787484163556], [77.01520357491643, 28.52374123963537], [77.01567163490871, 28.523221814264588], [77.0157208401284, 28.52318887598251], [77.01588248477724, 28.52305796333697], [77.01630685879894, 28.522635630960835], [77.0163871196763, 28.52259132204542], [77.01655866735284, 28.522170021768414], [77.01659195622233, 28.52208618820095], [77.01675256152042, 28.521736628641797], [77.01682549933159, 28.52153731402619], [77.01700748633004, 28.52098898555593], [77.01700603734749, 28.520833837915088], [77.01673059411844, 28.520588174651092], [77.01671218673998, 28.52057175719375], [77.01650010797613, 28.520382606590253], [77.01570986541059, 28.51968836083021], [77.01456551414653, 28.518731253255], [77.01448775507724, 28.51866615135023], [77.013463791536, 28.517808856096625], [77.01305898371952, 28.517462321254694], [77.01300949463221, 28.517419421477417], [77.01324958735819, 28.517200043504317], [77.01329857338894, 28.517147880873942], [77.01372561091543, 28.516693154408966], [77.0149399993306, 28.515400000680167], [77.01568799951824, 28.514602999889892], [77.01789199989815, 28.512345999947872], [77.01399799987253, 28.50775800002039], [77.00962599999603, 28.502784000110008], [77.00820999998673, 28.501081999801492], [77.00685999920132, 28.499576000173782], [77.00542399999884, 28.49794299994816], [77.00543099967153, 28.497929999741068], [77.00541799925277, 28.497936000504872], [77.00541700032616, 28.497936999974243], [77.005244106075, 28.497782585790787], [77.00558945350453, 28.497642750570648], [77.00619823009447, 28.49752406200096], [77.00622387789413, 28.497521104633687], [77.00635312390395, 28.497506204901377], [77.00698031775386, 28.4974855491147], [77.00728928161773, 28.49749097358805], [77.0073252959758, 28.49749067437753], [77.00804884491971, 28.497484661746316], [77.00903766367207, 28.49757706801894], [77.00916686027456, 28.49756599013364], [77.00957432530763, 28.497531049629494], [77.01014398475854, 28.49756835065806], [77.01070330819377, 28.497607114566414], [77.01072524864628, 28.497609111932466], [77.01122751289131, 28.497654835025212], [77.01176219823326, 28.497684533393304], [77.01185116109077, 28.497632342164984], [77.01268522976409, 28.497194605566715], [77.01270946631048, 28.497179748420024], [77.0127133425409, 28.497177372886874], [77.01282298641291, 28.497110161619116], [77.0130594229957, 28.497002275657973], [77.01319037939783, 28.496942520106504], [77.01360006147304, 28.49662997094205], [77.01361856317462, 28.49661703057368], [77.01399780403979, 28.496351775962196], [77.01448710290035, 28.49607616738879], [77.01449858965788, 28.496069696776136], [77.01501601656658, 28.495776101387545], [77.01538161920911, 28.495592250361785], [77.01540703883671, 28.49557946697425], [77.01604752505787, 28.4952781363766], [77.01618061495881, 28.49523618365029], [77.01654200090941, 28.49564900030979], [77.01793799992889, 28.497275000228385], [77.01795399982242, 28.497293000262093], [77.01796300004325, 28.497304000807464], [77.01804699970883, 28.49740200066371], [77.02010499960056, 28.49990000035137], [77.02116199958469, 28.50115700037382], [77.02138400024084, 28.501418999870673], [77.02208200019977, 28.5022380000807], [77.02298199982505, 28.503304000593687], [77.02422399975708, 28.504771000238115], [77.0245140001853, 28.50511300053111], [77.02455863387851, 28.505166586905034], [77.02482854707867, 28.505490635437624], [77.02597499950217, 28.506867000144624], [77.02625000076007, 28.507189999866103], [77.02685400010937, 28.507897000074642], [77.0269639997142, 28.508025999892958], [77.0270199997907, 28.508091000218926], [77.02839700034026, 28.50970299975282], [77.02934599947102, 28.510819999709252], [77.02949299978413, 28.510992000191454], [77.03080599986129, 28.51253699944213], [77.0319339999905, 28.513860000494656], [77.03275499997308, 28.51482199964448], [77.03349100046512, 28.51569900052031], [77.03349800013783, 28.515709999935957], [77.03350700035864, 28.515716999778817], [77.03395299952417, 28.516248000596068], [77.03429686832673, 28.516649135048464], [77.03509999991996, 28.51758599959695], [77.03510965770761, 28.517597234034053], [77.03572826276506, 28.518316822772846], [77.03592700064863, 28.518548000276684], [77.03701700024472, 28.519831000439616], [77.03780574801362, 28.520769927571973], [77.03861900002686, 28.521738000431583], [77.03872999945662, 28.52187100002346], [77.03894868083783, 28.522133225901484], [77.03940800022235, 28.522683999940202], [77.04026856111173, 28.523692112645413], [77.0403820003658, 28.523825000062622], [77.04056734077521, 28.524045743114907], [77.04123944410115, 28.524846219506703], [77.0413819995502, 28.52501600057977], [77.04151818953716, 28.525177571430444], [77.04156559543135, 28.525233814539874], [77.0416340371745, 28.525315011825843], [77.04165790451329, 28.525349681880506], [77.04168598315412, 28.525390467937093], [77.04167237727083, 28.525397774161206], [77.04135028003752, 28.525570731920702], [77.0407461666022, 28.525911603211235], [77.0406273958469, 28.52594906310608], [77.0405169695423, 28.525979654843827], [77.04054172082333, 28.526026961523364], [77.04059627640885, 28.526131229827875], [77.04076811154626, 28.526428738322174], [77.04071513250408, 28.52645423921413], [77.04066219568269, 28.526479720368513], [77.04030241591984, 28.526652897344256], [77.03995690050536, 28.52681920989264], [77.03988899505642, 28.526853992315903], [77.03939573821874, 28.5271066479583], [77.03927734655251, 28.52716729090497], [77.03916883725272, 28.5272357434557], [77.03907717316109, 28.52728529420035], [77.03859828397809, 28.52754416256404], [77.03854138378968, 28.527577730883966], [77.03797652852892, 28.52791095262685], [77.03791962744221, 28.527944520830008], [77.03752121203726, 28.528143658379634], [77.03723991358919, 28.528284259772672], [77.03681962780038, 28.528503780422742], [77.03656045665439, 28.528639147881844], [77.03623495750108, 28.528829022398998], [77.03611163498223, 28.52890096072642], [77.03596665408189, 28.528981123653566], [77.03520211950314, 28.52938285999017], [77.03513138975094, 28.529455659783526], [77.03501765674777, 28.52952985962742], [77.03491567820006, 28.52958769308752], [77.03452389685354, 28.52980987389076], [77.0341777077026, 28.529975114418274], [77.03395379632984, 28.530081986432084], [77.03384389913293, 28.530134441780955], [77.03358928603868, 28.53027495449242], [77.03316441704527, 28.530489314978784], [77.03248545777711, 28.53087449159979], [77.03205593371392, 28.531093824544644], [77.0319966880243, 28.531124075423747], [77.03196025235638, 28.53114268211727], [77.0318051833754, 28.53118389684711], [77.03112281140746, 28.5313720628538], [77.03044043764292, 28.53156022536766], [77.02991730283892, 28.53170131783151], [77.02990016927147, 28.531705938700238], [77.02985488699467, 28.53172728545368], [77.02979026578636, 28.531713486776386], [77.02972220942046, 28.53172239388438], [77.0289973237834, 28.53181726487643], [77.02877618640821, 28.531830312995222], [77.02831691912596, 28.531948010378684], [77.02778584680806, 28.532061816012334], [77.02763645967129, 28.532093828140653], [77.0269556363989, 28.53222464906429], [77.02677405094738, 28.532267579910002], [77.0262749281109, 28.532385582230315], [77.02579785352475, 28.532504790333764], [77.02559451267366, 28.532591676964433], [77.02491441613839, 28.532842943261347], [77.02423414443157, 28.533093618632233], [77.02419306896523, 28.53310875404558], [77.02326304494821, 28.533480132117226], [77.02320603786026, 28.533536538107466], [77.02315131428982, 28.533586579142], [77.02247264697412, 28.53428080439819], [77.02220018525351, 28.53451036218698], [77.02163280123521, 28.534937046737106], [77.02152298039509, 28.535062698867055], [77.02084506137604, 28.535561505156085]]]}}, {"type": "Feature", "properties": {"OBJECTID_1": 5, "OBJECTID": 5, "Ward_No": "3", "SHAPE_Leng": 17642.1697313, "Shape_Length": 20105.2095640812, "Shape_Area": 6301919.187478866}, "geometry": {"type": "Polygon", "coordinates": [[[77.07466299979193, 28.516554000187085], [77.07423599999466, 28.517082999792486], [77.0739559996122, 28.517256999683955], [77.07448200004195, 28.51793499987009], [77.07462899945673, 28.518031000158807], [77.0746750003858, 28.518101000182682], [77.0747959998613, 28.518248000555147], [77.0748420007904, 28.51831800043497], [77.07494427308718, 28.518514620885288], [77.07496092785254, 28.51856267287154], [77.0749562646979, 28.518624219763414], [77.07495017501857, 28.518704575205067], [77.07494709469546, 28.51875486875802], [77.07473694461456, 28.518865790276184], [77.07458046168529, 28.51893355598966], [77.0744238871279, 28.51900419791485], [77.07438116864289, 28.519023101161217], [77.07423257292186, 28.51908885481734], [77.07419485984961, 28.519136185900418], [77.0741874550367, 28.519145480044575], [77.07417843954454, 28.519156795614638], [77.07413728682303, 28.519171132667474], [77.07388421883108, 28.51925929555428], [77.07355893078186, 28.51943545929829], [77.0733259374416, 28.519561638223323], [77.07326479989996, 28.519602716195177], [77.07318540679516, 28.51966846475404], [77.0724852005739, 28.52012276005703], [77.07232450813923, 28.520251261079185], [77.0723019065267, 28.520269335333694], [77.07221098085026, 28.520113738309036], [77.07212518635073, 28.51994771353943], [77.07217473293024, 28.519923660238884], [77.07223146154045, 28.51989612135787], [77.07226083645023, 28.5198818609663], [77.0722022070049, 28.519567760099477], [77.07213236388988, 28.519322936079604], [77.07210473530498, 28.519211855601515], [77.07202386536984, 28.51905338313042], [77.07200456955756, 28.519015570330545], [77.07200101492397, 28.519008452309787], [77.07184296443455, 28.518691934326686], [77.07179039143088, 28.518604452934202], [77.07178035185926, 28.518573603318018], [77.07175570747775, 28.51846169405731], [77.07155266396904, 28.5180098526976], [77.071506811262, 28.51790781487474], [77.07150396629748, 28.51789983168352], [77.07136467802111, 28.517509028712755], [77.07122348801127, 28.51735280246936], [77.07119935027957, 28.517306534596347], [77.07084495861179, 28.51687442860683], [77.07078506972842, 28.5168014070062], [77.07077771791613, 28.516792441805755], [77.07073515663629, 28.516745689827843], [77.0705952368443, 28.516589382731162], [77.07058370786591, 28.516573844755086], [77.070536653213, 28.516541979465142], [77.07031462201415, 28.51623151142299], [77.07016619068479, 28.516037133162506], [77.0701472955211, 28.516017856025385], [77.0698258118371, 28.51566973030803], [77.06951378741306, 28.515309408134712], [77.06937112506448, 28.515109070223], [77.0692140806882, 28.514922003947888], [77.06908269399305, 28.514761396957375], [77.06905972407124, 28.514733318395145], [77.06896800608072, 28.514621202986508], [77.0689082348767, 28.514548138779737], [77.06887459746088, 28.51450410747296], [77.06874457800158, 28.514333905326588], [77.06855234392069, 28.514127152889596], [77.06842972208776, 28.51398669127527], [77.06828166355928, 28.51379926464368], [77.06805329384773, 28.51352262654504], [77.06797350817915, 28.513425976460198], [77.0678908514949, 28.513324711716802], [77.0676341058002, 28.513048214457754], [77.06759323604803, 28.512932227035165], [77.06757380728507, 28.512877086412345], [77.06757025354979, 28.512867002357208], [77.06748399372296, 28.5126462382697], [77.06747554686432, 28.512609872438265], [77.06740727041115, 28.512315942599695], [77.06738484666505, 28.5122090983589], [77.06736253969989, 28.512156911157653], [77.06694741203744, 28.512229593390504], [77.06672444479405, 28.512268631346956], [77.06646839080207, 28.512314798813136], [77.06612698248507, 28.512376358823868], [77.06604148442959, 28.51237665088783], [77.06559816853182, 28.512456581677384], [77.06557764202762, 28.51246028378343], [77.06535867049057, 28.512499764486204], [77.06467570563456, 28.512607777475495], [77.06433126460519, 28.51269602952165], [77.0639921559753, 28.51265539800522], [77.06381700335953, 28.51262897101355], [77.06366663795738, 28.51260628400542], [77.06357189084773, 28.51259198789616], [77.06330714026552, 28.512552042294274], [77.06283480878407, 28.512480772451294], [77.06262212814897, 28.51244868174586], [77.06259367580897, 28.512442511305302], [77.06207376775343, 28.51232975644583], [77.0619366776546, 28.512300025889225], [77.06171179699962, 28.51227934142422], [77.06166074753865, 28.512274646293182], [77.06130340490516, 28.512241775634124], [77.06127877579502, 28.512227443954096], [77.06131700000867, 28.512217999221207], [77.06131897540396, 28.512159447383763], [77.0613630000394, 28.5108539996157], [77.06137199936192, 28.50986900039291], [77.0613760004582, 28.509494000334954], [77.06209600015843, 28.509509000204954], [77.06281300038391, 28.50954399989345], [77.06281699968356, 28.50938500058375], [77.0626560000251, 28.509291999982754], [77.06246500022937, 28.509128999682325], [77.06230399967257, 28.508960000572287], [77.06206000017343, 28.508723000037655], [77.06178199944074, 28.508453000038813], [77.06136099949127, 28.5079369995395], [77.06122499994716, 28.507771000595472], [77.06087899944242, 28.507333000558514], [77.06049299965304, 28.50684099955945], [77.06015399971935, 28.50640899989024], [77.05980399991495, 28.505963999234698], [77.05948000004986, 28.505557000642494], [77.0583952079875, 28.504202734544], [77.05805900001769, 28.50378299965517], [77.05786600057216, 28.503542999503985], [77.05751499914625, 28.503107999910736], [77.05742499963289, 28.502996000033672], [77.0568079998648, 28.502583999970316], [77.05233300005615, 28.502625000085093], [77.05178846468714, 28.502630007472497], [77.05179000080626, 28.502559000123558], [77.0476039998043, 28.502595999389403], [77.0476049996292, 28.50266200011726], [77.04716899961109, 28.502671999889024], [77.04691300041638, 28.502673000102966], [77.04554000006475, 28.502678999807642], [77.0453949994015, 28.50263599928524], [77.0437269994971, 28.502644999634676], [77.04141999918502, 28.502640000142375], [77.04141900025844, 28.502987999925132], [77.04092200014097, 28.502993000190386], [77.04120699964801, 28.50343699975021], [77.04144399947447, 28.503845000408074], [77.04155227521228, 28.50395558868104], [77.04156599967321, 28.503951999953777], [77.04167800072453, 28.50408400046119], [77.04186999944682, 28.504351999404463], [77.04217800031671, 28.504783000197936], [77.04219900023311, 28.50481300048616], [77.04254099964155, 28.505340999584245], [77.04276400012265, 28.505163999988163], [77.04304500033005, 28.505212999830245], [77.04382199993165, 28.50521200042979], [77.04483700008298, 28.505208999860088], [77.04523000044335, 28.505572999679995], [77.0452470001618, 28.505536000668656], [77.0452179998495, 28.505178000283678], [77.04532900017757, 28.50516500017848], [77.04556699982895, 28.505158000424792], [77.04555199976033, 28.505057000092748], [77.045642000172, 28.505038000402486], [77.04581000040152, 28.504967000200036], [77.04579399960964, 28.504914000262357], [77.0457889995868, 28.50484699996046], [77.04603699928393, 28.504829999829976], [77.0462949999251, 28.50481700047133], [77.04663099948576, 28.505514000503638], [77.04640199915691, 28.505569999909962], [77.04588999986912, 28.50569299988317], [77.04579999945746, 28.505735999949103], [77.04533000000248, 28.50529800014675], [77.04535000009395, 28.505588000107544], [77.04530600061136, 28.5056390001244], [77.04552100069651, 28.505829999922007], [77.0461699993533, 28.506401000040483], [77.04631400019167, 28.506336000252023], [77.0468650007358, 28.50619300057637], [77.04686299928935, 28.50604700016105], [77.0475629997964, 28.506019999981014], [77.04760299997936, 28.506910999905813], [77.04689399925148, 28.507133999740848], [77.04689999999758, 28.50735900023299], [77.04687600060646, 28.50739399984541], [77.04668499991243, 28.50744800028469], [77.04607900001501, 28.50747400072021], [77.0460149995426, 28.50733500010864], [77.04594599994562, 28.50733800061787], [77.04592900022718, 28.507303999578127], [77.04580899967827, 28.50732599936986], [77.04546200024697, 28.507430999783914], [77.04419400037564, 28.507918999742703], [77.04434199961534, 28.508239999867797], [77.04426999964531, 28.508266999479698], [77.04421799976679, 28.50828599937783], [77.04426700017058, 28.508938999697055], [77.04413899922577, 28.508985000481054], [77.04378799959647, 28.509077999773915], [77.0435139999601, 28.508856999622637], [77.0434729999522, 28.508846000281657], [77.04334699955551, 28.508562000753024], [77.04328400070465, 28.50839100041513], [77.04258699967232, 28.50863500042971], [77.0425499998624, 28.508147999998194], [77.04253899999175, 28.508093999917282], [77.04205600011797, 28.508085000032636], [77.04206100014085, 28.50796600034587], [77.04205699994291, 28.507765999767237], [77.04205399956983, 28.507713000446305], [77.0421709997457, 28.507711000113968], [77.04212499971496, 28.507454999886438], [77.04210499962348, 28.507364000291116], [77.04206499944048, 28.507066999270013], [77.04169700009277, 28.50711599980706], [77.04168399967398, 28.50623299989794], [77.04167100015351, 28.505932999880127], [77.04164000019136, 28.505520999444286], [77.04149599935302, 28.50551499990122], [77.0414860002056, 28.505331000065436], [77.04200800043739, 28.50512300007058], [77.0416850003972, 28.50455200013995], [77.041543000107, 28.504283999336423], [77.04125799970161, 28.504288000131055], [77.04112999965511, 28.504065999217563], [77.04094377171019, 28.503832544053274], [77.04081900020881, 28.503829000319133], [77.03886000005127, 28.503845000408074], [77.03824099973508, 28.503875000173608], [77.03813799980293, 28.503769000753383], [77.03632299958544, 28.503770000167517], [77.03622599950106, 28.503654000174617], [77.03461299984825, 28.503577999592924], [77.03431099972444, 28.503575000555614], [77.03429700037908, 28.503574999766187], [77.03410499986015, 28.503581000208996], [77.03382499947766, 28.503588000067296], [77.03372599974344, 28.503590999893678], [77.03359799969691, 28.50359499992514], [77.03333700047932, 28.503581000208996], [77.03303300070573, 28.50356400066395], [77.0323080000843, 28.503489000223617], [77.03178700057573, 28.503421999806243], [77.03153499978234, 28.50339000028704], [77.03117600065545, 28.50331399951519], [77.03113399992435, 28.50330100075918], [77.03056700038498, 28.503120000059695], [77.03051600033137, 28.503103000440365], [77.03008500033614, 28.502956999696124], [77.029830000068, 28.502871000439285], [77.02963699972418, 28.50277799962187], [77.02934299999629, 28.50250000005119], [77.02892799989459, 28.50211399980761], [77.02931899970686, 28.50093400053666], [77.02947199986774, 28.50047400010964], [77.02954300001282, 28.50026000017145], [77.02990899971074, 28.498965999990766], [77.03019949960225, 28.498088455790906], [77.0305330000498, 28.497080999933495], [77.03092899988492, 28.49572600056605], [77.0316800004456, 28.493676999489452], [77.03157095035998, 28.493609393609802], [77.03184529674608, 28.493508989352243], [77.03216541319422, 28.493404154301782], [77.03234579490325, 28.493318578329607], [77.0327308406818, 28.493170734763307], [77.03302791803785, 28.493129661498813], [77.03370980671212, 28.492916128268043], [77.0340037597276, 28.492854804018737], [77.03439226042674, 28.492762982585386], [77.03460515665749, 28.492707479300048], [77.03476008999289, 28.49268509670633], [77.03507499711067, 28.492640028332893], [77.03553751629428, 28.492565391198706], [77.035571124964, 28.492559967261727], [77.03565738658747, 28.49257674593749], [77.03575801586558, 28.49254726640559], [77.03623866125497, 28.492379989505725], [77.03643975811447, 28.49231919944479], [77.03647921122347, 28.49230339814446], [77.03712134405653, 28.49207487668615], [77.03775881463328, 28.491876212638754], [77.03780378609304, 28.491921713992692], [77.03811170431793, 28.49228522435658], [77.03848978905133, 28.49214598898903], [77.03861631047089, 28.492211038573014], [77.03882456061501, 28.49212351390314], [77.03917322821779, 28.492098503683245], [77.03942105184512, 28.492085396171834], [77.0398542410347, 28.49179435483889], [77.03992219858593, 28.4917488415873], [77.04053382014038, 28.491339226177242], [77.04068640348297, 28.491202852363823], [77.04121296625813, 28.490838801396833], [77.04128757673234, 28.49077694459118], [77.04140879539682, 28.490892903471938], [77.04141291776563, 28.490896847139062], [77.04142818193895, 28.49091144857524], [77.04172929003566, 28.49119948979535], [77.04190168482351, 28.491349913903914], [77.04202784422203, 28.491440986523514], [77.04202977739654, 28.491442571087877], [77.04216696181851, 28.491556485964868], [77.04225919634028, 28.491647234704153], [77.04233906285727, 28.491725813755167], [77.04251487483647, 28.491834647002168], [77.04259346305078, 28.491883295383087], [77.04275192407027, 28.491986390274377], [77.04318885833625, 28.492306933580995], [77.04322159204689, 28.4923196628885], [77.04327885605299, 28.492341931869944], [77.04353791760451, 28.492500303147033], [77.0435835942418, 28.49252822656641], [77.04395631154136, 28.492756074381585], [77.0439667337953, 28.492762446508774], [77.04405513790071, 28.492808766990677], [77.0445492059171, 28.49306763629164], [77.04463625266811, 28.493113245294378], [77.04465404470062, 28.49312256699555], [77.04489335679065, 28.493274555531485], [77.0450324680989, 28.493362905068633], [77.04531729602773, 28.493528731672395], [77.04534193232439, 28.493543074576994], [77.04544486488291, 28.49360830488567], [77.04575192162343, 28.493802890268046], [77.04591080215619, 28.49390357451873], [77.04599841215088, 28.493947741533074], [77.04602982713467, 28.493963578114734], [77.04627039866271, 28.494150233908023], [77.04664991351406, 28.494444692001828], [77.04668117129268, 28.494453687523453], [77.04671849180116, 28.49446442862053], [77.04713973070253, 28.494691365916513], [77.04736112769079, 28.494810639528602], [77.04740591858918, 28.49483476961018], [77.04763645773211, 28.494984995902197], [77.0478146780946, 28.495090308603935], [77.04804216745715, 28.49522473445874], [77.04805392191264, 28.4952316803965], [77.04809382956914, 28.49525526168605], [77.04812226304452, 28.495272154409445], [77.04844932077485, 28.495466454877022], [77.04855670628224, 28.495525508619608], [77.04872274638778, 28.49561419654181], [77.0487739764101, 28.49564155939083], [77.04878145668147, 28.495645554986744], [77.04887602143312, 28.495698272206432], [77.04900699130994, 28.495771283151683], [77.04934650238505, 28.495960547364785], [77.04940344030271, 28.496009430689547], [77.04946937754289, 28.496066040674524], [77.04984640765417, 28.49631293896037], [77.05008536131636, 28.49646941584019], [77.05015759215341, 28.496516716020054], [77.05021063138273, 28.49654140703237], [77.05026873531362, 28.496606937858935], [77.05056656186461, 28.496814878061574], [77.05062501703678, 28.496855690153613], [77.05069234397071, 28.49690269726402], [77.05076785635347, 28.49695948677077], [77.0510185186571, 28.49714799490337], [77.05113834133957, 28.4971831036927], [77.05144925724257, 28.497391289865625], [77.05145844790624, 28.49739744381807], [77.05153432769997, 28.497448252004247], [77.05191278253928, 28.497688569174944], [77.05194465476555, 28.4977087654492], [77.05213142529293, 28.497863449739675], [77.05222294655238, 28.497939249175037], [77.05222447817992, 28.497940414433124], [77.05255587926466, 28.49819246119423], [77.05260188558361, 28.498229816462295], [77.05281511688598, 28.49841582524275], [77.05289455221161, 28.498485119080257], [77.05291224453114, 28.498500552353427], [77.05318344411879, 28.498737125067183], [77.05322260437694, 28.49877128597103], [77.05323339224523, 28.498785359745465], [77.05325723353286, 28.498816466198704], [77.05336727086694, 28.498914233337796], [77.05349636236653, 28.498838480391623], [77.05362196391124, 28.498744303665752], [77.05399424013801, 28.498465168478592], [77.05407793257979, 28.498416998390216], [77.054160740181, 28.498369336696644], [77.05482556715312, 28.497924157660446], [77.05489161847929, 28.49787611285101], [77.05500671961666, 28.497792389446584], [77.05537624789702, 28.497523595422212], [77.05548967008309, 28.497441092264893], [77.0556128156338, 28.497323637417644], [77.05561449099181, 28.49732204030997], [77.0557503423139, 28.497260217303676], [77.05607286804363, 28.497004820143168], [77.05615344512798, 28.49694101457251], [77.05632581925458, 28.49681684386346], [77.05636995617944, 28.496774529377944], [77.05649265257252, 28.4966568993138], [77.05663799190064, 28.496519663152213], [77.0568155295435, 28.496352021491145], [77.05699033361297, 28.49620863012222], [77.05702186807271, 28.496182761122842], [77.0572335273233, 28.495996220241288], [77.05747794364078, 28.49578080672664], [77.05763973830827, 28.495614676550307], [77.05800488281002, 28.495314147385404], [77.05813964806896, 28.495172478854723], [77.05819785710273, 28.49509837089157], [77.05823825344275, 28.495046941033525], [77.0587113035764, 28.494539289418192], [77.05876609631717, 28.494480486973075], [77.0587990429285, 28.494442764841104], [77.05920649358856, 28.49409531400243], [77.0598199998085, 28.493655000009944], [77.05994899967992, 28.493793999694653], [77.06041699948507, 28.49432299974598], [77.06079499977685, 28.4947569997365], [77.06130799978781, 28.495329999551863], [77.06135600036673, 28.49538699990901], [77.06171899969156, 28.495807000303365], [77.06233800000774, 28.496506000395236], [77.06299800033186, 28.49726199993898], [77.06353800010699, 28.497868000249433], [77.0643330001503, 28.49876600050917], [77.0644679998695, 28.498922999534212], [77.06459300044128, 28.499072999747256], [77.06514700046014, 28.499742000169746], [77.06537800043884, 28.500019000451925], [77.06555200051612, 28.500221999849312], [77.0656279997858, 28.500310999605844], [77.06570399995377, 28.500400000076816], [77.0662549995996, 28.50104500000475], [77.0669600001295, 28.501816999796056], [77.06741399969096, 28.50231099939665], [77.06751100067366, 28.50241600006523], [77.06782999961754, 28.502777000198385], [77.06810200050245, 28.503086000028837], [77.06840900064911, 28.503436000332922], [77.0685729997823, 28.503623000141314], [77.06876199992818, 28.503845999821493], [77.06885600053786, 28.503945999532064], [77.06935299975702, 28.5044949999966], [77.06949199967416, 28.50464800076883], [77.06997399972303, 28.505203000299286], [77.070049999891, 28.505291000401883], [77.07039700022065, 28.50569799923086], [77.07061000065598, 28.50594000037179], [77.07072100008574, 28.50606899942554], [77.07132299978518, 28.506765999869884], [77.07145199965659, 28.506914999811414], [77.07158700027414, 28.507074999858673], [77.07188100000202, 28.50745300033859], [77.07200599967548, 28.50762300045118], [77.07230100012659, 28.508023000192694], [77.07255100037182, 28.50837099958658], [77.07261400012102, 28.508459000204162], [77.0727940000461, 28.50871199989333], [77.07335699938746, 28.509506999906673], [77.07381299949704, 28.510176000479376], [77.07383500013665, 28.510208999661533], [77.0739430000917, 28.51037900006892], [77.07417999991816, 28.510750999726117], [77.07429100024623, 28.510961999292284], [77.07435399999545, 28.511102999339506], [77.07440099985111, 28.511210000206884], [77.07406699994027, 28.510960999946303], [77.07349600020297, 28.5108359995273], [77.07318499985834, 28.51077599999978], [77.07320300030001, 28.510894000327436], [77.07277999980236, 28.511033000196147], [77.07267800059343, 28.51103599981083], [77.07249400047041, 28.511433000426347], [77.0723220009413, 28.511836000310158], [77.07241900012735, 28.512158999814453], [77.07275700023615, 28.51254500040527], [77.07286600001609, 28.512728000169197], [77.07336800015645, 28.51292000066722], [77.07341199963903, 28.512938999727275], [77.0734079994411, 28.51307900017368], [77.07341099981414, 28.514594000560635], [77.07359999996002, 28.51460199978905], [77.07407699998599, 28.514605000091535], [77.07418699959086, 28.514600000376657], [77.0746489995482, 28.515211000246254], [77.07489200012078, 28.51506399958688], [77.07533800018462, 28.514790999735677], [77.07617700060885, 28.514521000272023], [77.07645200007013, 28.514850000038088], [77.07647700018448, 28.514879999831344], [77.07627999964268, 28.514976000533164], [77.07622699993924, 28.51500199990246], [77.07605100021213, 28.51508900041691], [77.07580599998975, 28.5152090000561], [77.07566899972241, 28.515276000091248], [77.07525900054189, 28.515478000033816], [77.07495200039524, 28.515628000389537], [77.07506399964994, 28.515774000173025], [77.07540199975872, 28.516216000231577], [77.0746749994875, 28.51620799954695], [77.07466299979193, 28.516554000187085]]]}}, {"type": "Feature", "properties": {"OBJECTID_1": 6, "OBJECTID": 6, "Ward_No": "6", "SHAPE_Leng": 26731.5024093, "Shape_Length": 30475.153691220432, "Shape_Area": 37345628.72976594}, "geometry": {"type": "Polygon", "coordinates": [[[76.95975657766542, 28.45444043353048], [76.95996032006344, 28.45409018473897], [76.96034272569335, 28.453432797447924], [76.96092689742767, 28.452428537679797], [76.96102324533516, 28.452262901659235], [76.96140312310587, 28.452474404332783], [76.96156921980526, 28.452566880789803], [76.96163671741911, 28.452604867457246], [76.96174760905105, 28.4526672749982], [76.96198281494185, 28.45279964053141], [76.96195401046229, 28.452839621378928], [76.96202800199728, 28.452897651671282], [76.96217570748787, 28.453021984589068], [76.96233119149052, 28.453150404601974], [76.96252199994505, 28.453308207537134], [76.96284099260076, 28.453539375775076], [76.96299132386693, 28.453647185295125], [76.96309268706865, 28.453719878587197], [76.96359302532571, 28.454078694756337], [76.96370623730604, 28.454175917282498], [76.96377379241204, 28.454233931045483], [76.9639084202287, 28.45434954383295], [76.96415061860573, 28.454557532485516], [76.96418737946378, 28.454589398321765], [76.96435851211868, 28.454690501423954], [76.96452739090051, 28.454739349354885], [76.96465931119494, 28.45477750820645], [76.9647054127353, 28.454790842279408], [76.96469125708305, 28.45482064352752], [76.96465023910888, 28.45490699467561], [76.96457856971888, 28.455057874052258], [76.96459677856969, 28.455163196554697], [76.96461618846803, 28.455260453624113], [76.96462982399571, 28.455328781434165], [76.96468227662517, 28.455591608602884], [76.96470592118176, 28.455710087618513], [76.96481161336483, 28.456142670662494], [76.96492624109003, 28.456255565302857], [76.96511538047478, 28.4565822154219], [76.9651767372053, 28.45668818165487], [76.96523070798759, 28.45679996212601], [76.96524680310252, 28.456860659692126], [76.9652700002981, 28.45690290961294], [76.96551249062759, 28.457344562276692], [76.96551867373168, 28.457357325019515], [76.96550120599098, 28.457366682257213], [76.96570572183848, 28.457875007738117], [76.96571178726327, 28.457890084442035], [76.96582572777726, 28.458173278878377], [76.96583583741749, 28.458198405329874], [76.96588788760167, 28.458285185721362], [76.96602503878599, 28.45851384978875], [76.96604284968312, 28.458543544948668], [76.9660558015929, 28.458565138695043], [76.96607149875418, 28.45859130833222], [76.96608130656045, 28.458605360609678], [76.96634149459932, 28.458978147664887], [76.96640030909762, 28.45906241518685], [76.9664081145591, 28.459076839379012], [76.96642923305313, 28.45911586935031], [76.96641774629558, 28.45913539775653], [76.9664614331645, 28.459214218180144], [76.96655178751242, 28.45937722841963], [76.96662311374595, 28.459493065401915], [76.96672759679666, 28.459662745494306], [76.9668537705682, 28.45986765391641], [76.96687643775778, 28.459893662121164], [76.96695477713875, 28.459983548013295], [76.96716211549285, 28.460221447718663], [76.96725963031186, 28.46033333501882], [76.96745982705947, 28.460583382654786], [76.96747583773278, 28.460603379900988], [76.96757689820224, 28.460729604680903], [76.96780716515566, 28.461056201487555], [76.96789886158658, 28.46118625835944], [76.96797106457586, 28.461288666917728], [76.96823651314907, 28.46165660418391], [76.96852228700386, 28.461991428786575], [76.96869487942111, 28.4622185882841], [76.96896675813511, 28.462521248361263], [76.96898303650637, 28.462544289668884], [76.96909000968702, 28.4626957093791], [76.96981595443779, 28.46350373659829], [76.96987628978385, 28.46356266764368], [76.97025980932472, 28.463888506247187], [76.9702688041557, 28.463904626899176], [76.97027885181214, 28.46392263262133], [76.97035920072442, 28.464066625376585], [76.97038380558004, 28.464118424908513], [76.97043795512705, 28.464167490394917], [76.97052902183897, 28.46425001007317], [76.97066708840657, 28.46437511699115], [76.97150289531996, 28.465132459284305], [76.97179688875963, 28.46541782577107], [76.97226568806535, 28.46587286239956], [76.97255213835157, 28.466171693774605], [76.97287215239177, 28.46650553747375], [76.9732298309952, 28.466878675721798], [76.97345155856353, 28.467109983278917], [76.97354656438795, 28.46721665521534], [76.97408363206203, 28.467704896361493], [76.9743400561599, 28.46796196826214], [76.97444349267329, 28.468064118342525], [76.97455737120355, 28.468188384460483], [76.97474557544209, 28.46839467331678], [76.97507724781802, 28.468745164525636], [76.97513569670197, 28.46883259248815], [76.97527487807884, 28.469031164061086], [76.97559062691805, 28.469481644452518], [76.97570045404638, 28.469704475399833], [76.97574967543575, 28.469804339249603], [76.97580120908864, 28.46993304053113], [76.97581920773368, 28.469974404733886], [76.97585159738955, 28.470048844622422], [76.9758881749913, 28.470144768442793], [76.97590486389265, 28.47018724521864], [76.97596671559491, 28.47034466894446], [76.9761745938365, 28.47066017033235], [76.97644274274543, 28.471076589216676], [76.97667032912602, 28.471434619180467], [76.97674503482168, 28.47156981980833], [76.97683835899993, 28.47174950295333], [76.97738599984488, 28.472228999752648], [76.9779951375576, 28.472753517559493], [76.97832900002618, 28.473040999485093], [76.98025899987141, 28.474700999845194], [76.98111500001407, 28.475440000631956], [76.98402100055087, 28.478075000156565], [76.98574499963341, 28.479689000258823], [76.98797899925223, 28.481768000141244], [76.9914204567838, 28.48500455988553], [76.99211544918315, 28.485658136949255], [76.99212700061939, 28.48566899974424], [76.992127999546, 28.48567000011936], [76.99213900031495, 28.485674999625946], [76.99297000034328, 28.486451000403164], [76.99409700513914, 28.487465910783687], [76.99427699967433, 28.48762799945897], [76.99491077278535, 28.488817103231252], [76.99511999939818, 28.489209653932967], [76.99514070826044, 28.489248507760006], [76.99515218064494, 28.48924459956037], [76.99515163626586, 28.489294744513987], [76.99543853481143, 28.48965184818493], [76.9954734226821, 28.489708681069413], [76.99556093116719, 28.48985123094373], [76.99645095500122, 28.49110745533037], [76.99896799939303, 28.49517099934867], [76.99986047742445, 28.49723537961709], [77.00043041355646, 28.49789255120932], [77.00073347908216, 28.498311201117065], [77.00092730497776, 28.498578947093662], [77.00095168615287, 28.498612627264404], [77.00108678468679, 28.498798726947896], [77.00112390397263, 28.49884985735], [77.00116541961349, 28.49890704606671], [77.00128938352944, 28.499077805990478], [77.00136937850552, 28.499187999003038], [77.00150042563745, 28.499126310508814], [77.00231911155986, 28.498740921600895], [77.0023432995972, 28.498732839854934], [77.00324550907807, 28.498431383261764], [77.00328833176766, 28.49842067414707], [77.00330867501557, 28.49841558761324], [77.00422009671968, 28.498170778443303], [77.0042848715399, 28.498160325879464], [77.00430868497975, 28.498151408041704], [77.00491745617981, 28.49792342424246], [77.00523039329218, 28.49778813814322], [77.005244106075, 28.497782585790787], [77.00541700032616, 28.497936999974243], [77.00541799925277, 28.497936000504872], [77.00543099967153, 28.497929999741068], [77.00542399999884, 28.49794299994816], [77.00685999920132, 28.499576000173782], [77.00820999998673, 28.501081999801492], [77.00962599999603, 28.502784000110008], [77.01399799987253, 28.50775800002039], [77.01789199989815, 28.512345999947872], [77.01568799951824, 28.514602999889892], [77.0149399993306, 28.515400000680167], [77.01372561091543, 28.516693154408966], [77.01329857338894, 28.517147880873942], [77.01324958735819, 28.517200043504317], [77.01300949463221, 28.517419421477417], [77.01265447953361, 28.517111665777506], [77.01224564546803, 28.516759299446747], [77.01212665013391, 28.516595121954545], [77.01170273604966, 28.516055614646802], [77.01147947326051, 28.51580591936995], [77.01119125778476, 28.515487993854737], [77.01064908857816, 28.514947258979973], [77.01020388801494, 28.514503623603634], [77.00941247943616, 28.514724082273606], [77.00941349543075, 28.514726543450266], [77.00876424524567, 28.514995938540594], [77.00866414956683, 28.515027782196153], [77.0085797833886, 28.51505462141276], [77.00807023200997, 28.515173376299824], [77.00760275322772, 28.5152788740801], [77.00737781597887, 28.51533541215781], [77.00668640426426, 28.51552716637141], [77.0064102028571, 28.51560675930453], [77.00627924016679, 28.515646863984948], [77.0059962421062, 28.515733526131164], [77.00530657581815, 28.51602933374469], [77.00499667590978, 28.51616895752323], [77.00461835491944, 28.516339408505107], [77.00393174559834, 28.51664875301263], [77.0037684732022, 28.51672585318543], [77.00367105540118, 28.516771856098607], [77.003246622989, 28.516972278466906], [77.00256365633638, 28.517220599922783], [77.00226528001646, 28.51728443585262], [77.0018828258775, 28.51736625809159], [77.00179217508554, 28.51739132625777], [77.00124696598003, 28.517542091903724], [77.00120333211176, 28.51750770896332], [77.00115748569293, 28.51748926246384], [77.00099627133709, 28.51753801110079], [77.0005249962744, 28.517680514698355], [77.0003982781238, 28.51771167951547], [77.00030530159358, 28.51769740067405], [77.0000069468332, 28.517755123016716], [76.99984818128485, 28.517808518266975], [76.99975461096822, 28.517854257074546], [76.99964517191209, 28.51790775251841], [76.99917199152272, 28.5181582542383], [76.99899903169454, 28.518252947212737], [76.99894177577328, 28.51828302418037], [76.99871747363333, 28.518400848773524], [76.99849742501628, 28.518516437891382], [76.99782451769822, 28.518869907336107], [76.99766455289894, 28.51894562142987], [76.99715326687353, 28.519187618223636], [76.99664990937879, 28.519485151838403], [76.99650999407834, 28.51928621341426], [76.9962825819709, 28.518962864761672], [76.99625078430479, 28.518879495128424], [76.9960814087546, 28.51843540112587], [76.99593604696858, 28.51801953923307], [76.99589680047212, 28.517907257614205], [76.99581293196059, 28.51774616894782], [76.99562834254273, 28.51737984552933], [76.99540087384145, 28.516938775441492], [76.99514258214612, 28.517047328520253], [76.99489026334912, 28.517178986648997], [76.99467461018874, 28.517393528473654], [76.99452186335279, 28.517545485205684], [76.99447540248627, 28.517484829620354], [76.99440839086103, 28.517397347226428], [76.99400624026114, 28.51687233136075], [76.99380514789324, 28.51662037579667], [76.9935872633177, 28.516347377606472], [76.99321816892366, 28.51582143377908], [76.99313420608898, 28.51568977316607], [76.99299530768144, 28.515706975984806], [76.99290776146711, 28.515742621662287], [76.99258227578855, 28.51529974266249], [76.99243364772815, 28.515020453151763], [76.99241664800971, 28.514988508458124], [76.99235841202648, 28.514940710590302], [76.9923366898646, 28.514892131250857], [76.99165303510246, 28.514340218528385], [76.99160116008973, 28.514251372689483], [76.99124066975949, 28.51372461405894], [76.99112330037602, 28.513596906276746], [76.99106905111604, 28.513537878435308], [76.9909220427181, 28.51356502666822], [76.99084461333048, 28.51344200587843], [76.99032705077619, 28.513700723524227], [76.98965845537144, 28.51393510880682], [76.98938737525972, 28.514018151611523], [76.98907854524485, 28.514183517138733], [76.98899210306, 28.514229803747618], [76.98884896460433, 28.5143547141056], [76.98832847174556, 28.51460013772283], [76.98766101360799, 28.514926161418334], [76.98699144353117, 28.51523776995424], [76.9869289333638, 28.51526113286123], [76.98631768550851, 28.515489581215345], [76.98610511895946, 28.515583604859412], [76.98564488688659, 28.5157871742035], [76.98551099748506, 28.515864916736543], [76.98542407739647, 28.5159120329887], [76.9843412643227, 28.516498974332304], [76.98430120574922, 28.516520688047002], [76.9836255576712, 28.51685063192639], [76.98346151721549, 28.51693212377351], [76.98337405634109, 28.51697337089659], [76.98335602984832, 28.51699192483494], [76.98295700269068, 28.51740261202171], [76.98279177915374, 28.51755021325362], [76.98228934872037, 28.518040455421595], [76.98221418937548, 28.518110478329497], [76.98162779431085, 28.51867266320005], [76.98121824518631, 28.519061295985505], [76.98052099532066, 28.51960025513237], [76.98049023880195, 28.519625055191987], [76.9804396034643, 28.519665882928653], [76.98026648283772, 28.519805471109116], [76.98009679557214, 28.51994757698955], [76.98001213474647, 28.520026418325095], [76.97958689295224, 28.52037459911803], [76.97939151656446, 28.52052814909973], [76.97917011957618, 28.52069308293211], [76.97890249977495, 28.520852226999946], [76.9789033504795, 28.520883346678858], [76.97888888760343, 28.52089199107634], [76.97879617607623, 28.520947403762687], [76.97872974745759, 28.520987107816545], [76.97845465367318, 28.52115152709884], [76.97825293338288, 28.520956393867433], [76.97820544753863, 28.52091045671305], [76.9780317609734, 28.520714821040755], [76.97775637074498, 28.520404624965167], [76.97748834760016, 28.520139420689905], [76.97741693423004, 28.520068756635467], [76.9772216135378, 28.519854973252063], [76.97681734021891, 28.519412479341902], [76.97677379348718, 28.51936481529407], [76.9767202979137, 28.519306261899466], [76.97627385048885, 28.518758157831446], [76.97615147030277, 28.518580865023615], [76.97606130010948, 28.518561413912657], [76.97536186104948, 28.518326457185108], [76.97499060261393, 28.518224766179472], [76.97466378922536, 28.51813524716673], [76.97428455464836, 28.518031367981877], [76.97396614050773, 28.517939379810173], [76.97326893286288, 28.517737955262287], [76.97314254080074, 28.51770144042605], [76.97295039655134, 28.517645928157847], [76.9725722875634, 28.51753966868036], [76.97187618394805, 28.517344040961614], [76.97128977900195, 28.517179239233382], [76.97118059147412, 28.517148552590832], [76.97088977537561, 28.51706682016622], [76.97048424711026, 28.516712972902933], [76.97040435274552, 28.51664325927386], [76.96978871302682, 28.51610606890864], [76.96917118864263, 28.515567223721803], [76.9690952091359, 28.515500924015228], [76.96871344130983, 28.51516779407801], [76.96855506383366, 28.515031309767263], [76.96840372555604, 28.514900890594284], [76.96793488492779, 28.51449685574812], [76.96771423174458, 28.514306700458516], [76.96731630232823, 28.51396377012216], [76.96711282493321, 28.513788414216204], [76.96702674656605, 28.513705952193888], [76.96674021453313, 28.513431456947554], [76.966341593414, 28.51304957925636], [76.96618569618636, 28.512900228032613], [76.96582499924358, 28.51255467560227], [76.96581667365751, 28.51254541245168], [76.96552233436648, 28.51268632592064], [76.96496575348779, 28.512967204275103], [76.96489694343535, 28.512995905321333], [76.96464308762089, 28.512699612425937], [76.96427058681527, 28.512468749686324], [76.96378144785486, 28.5121621241166], [76.96357620976191, 28.51201296897747], [76.96294330711838, 28.511564273247973], [76.96288148326391, 28.511524058871572], [76.96218752123217, 28.5110772563443], [76.96170182910753, 28.51076454302185], [76.96149325736654, 28.510600211741625], [76.96090031987167, 28.51011888970412], [76.96037272583058, 28.509688696145606], [76.9600950880173, 28.50949151930161], [76.9596687394986, 28.509151421415208], [76.95940865566429, 28.50897778310982], [76.95930746224417, 28.508901311940942], [76.95893040698006, 28.508614676786742], [76.95871426962776, 28.508447854784233], [76.95847780160393, 28.508285011057993], [76.9581939654152, 28.508078028101487], [76.95802028783312, 28.507935580995838], [76.9576621277327, 28.50768874700595], [76.95745598413794, 28.507541518777924], [76.9573267417214, 28.507444008293273], [76.95686672165091, 28.507109630914726], [76.95671989471269, 28.5070051069799], [76.95663305098088, 28.50693043185161], [76.95604118517616, 28.506492433061123], [76.95600886738552, 28.506468517206127], [76.95593961087036, 28.5064239252053], [76.95528084662813, 28.505932249150778], [76.95524612674238, 28.505902392064137], [76.95509879674759, 28.505797971135507], [76.95455477251994, 28.505532262796038], [76.95417847902719, 28.50533898578685], [76.95401778479591, 28.505256447690375], [76.95386372821628, 28.505177316649313], [76.95321571231639, 28.504867295910223], [76.95317288244027, 28.50482944881571], [76.95306592453096, 28.504789103196508], [76.95248539277019, 28.504739807914685], [76.95179821032394, 28.504672316482985], [76.95148012137338, 28.504654590057942], [76.95111142583134, 28.504635072435583], [76.95042447425209, 28.504582702288772], [76.94984365503043, 28.50453670511109], [76.94973772569212, 28.50454545347316], [76.94905188802386, 28.504583818529422], [76.94872579777908, 28.504609713888513], [76.94836577367447, 28.50459888935606], [76.94767984976791, 28.50463029091752], [76.94713901545784, 28.504714960936695], [76.94699407947327, 28.504675602837953], [76.94630661315938, 28.504570885451756], [76.94604346337498, 28.504540213297545], [76.94561900580997, 28.504450140337163], [76.94493102655807, 28.504291745941995], [76.94425823152937, 28.504010580819052], [76.94221872076284, 28.504989949358972], [76.94154042265471, 28.505322850934512], [76.94116548741471, 28.505514648612188], [76.94086239404123, 28.505668850180857], [76.94052520061955, 28.505832574191977], [76.94035332865117, 28.5055563691119], [76.94034657781182, 28.505528374934684], [76.9402495983887, 28.505069286578383], [76.94024149738145, 28.50501392870255], [76.94021469165338, 28.5048307442518], [76.94019548567262, 28.504699501732144], [76.94015106577844, 28.504478190849365], [76.94008207516463, 28.504176481476126], [76.94002546692866, 28.503928926629282], [76.94002320497077, 28.503919035917363], [76.93999771168134, 28.503770410669382], [76.93997888928119, 28.503657565229187], [76.93993362676729, 28.503386184974293], [76.93993239517702, 28.50337880380812], [76.93982185658302, 28.50284373024962], [76.93982082262212, 28.502838720504062], [76.93970802835841, 28.50229857680654], [76.93970355564659, 28.50228406536271], [76.93970439377475, 28.50227112805598], [76.93973772217014, 28.501756844355622], [76.93973772576338, 28.501756811199076], [76.93979845546986, 28.50121470571661], [76.93979868274363, 28.501211884237446], [76.93984214772865, 28.500672671657405], [76.93984258700479, 28.50066721340125], [76.93987616692844, 28.50025062147058], [76.93988584537732, 28.500130562184157], [76.93988623883942, 28.5001225563322], [76.93989739322028, 28.49989571913363], [76.93991249659518, 28.499588558081697], [76.93991300773656, 28.499578149867947], [76.93993915140629, 28.49904647856491], [76.93993979190509, 28.4990337516476], [76.93995351906092, 28.49876080425651], [76.94019519012687, 28.498501859709194], [76.9402029794187, 28.498492867690494], [76.9407585793371, 28.497851474256017], [76.94076595091232, 28.497843056127277], [76.94078012812415, 28.497826868023612], [76.94078361628236, 28.49782288514181], [76.94118924515904, 28.49740718040434], [76.94121161680286, 28.497383980911742], [76.94155885159277, 28.49702390575399], [76.94173986302084, 28.496832695804223], [76.94175576320136, 28.496816853337187], [76.94229105580445, 28.496301746467417], [76.94231008122388, 28.49628088360055], [76.94267843810108, 28.4958769519164], [76.94269242127676, 28.495764345933768], [76.94269711677076, 28.495731662765344], [76.94277046151878, 28.49522113990814], [76.94281814319574, 28.494948696616262], [76.94286557693769, 28.494677672132553], [76.94286872822771, 28.494662403304762], [76.94287302666633, 28.49464157011467], [76.94289626608273, 28.49452894070813], [76.94297777112676, 28.49413393944512], [76.94299450763882, 28.494028259461363], [76.94300151629467, 28.493984010372742], [76.9430029230564, 28.493975125341095], [76.94300430556363, 28.49396639505071], [76.94301393460516, 28.493939886006594], [76.94314118006685, 28.49358956998596], [76.94332421539923, 28.493044907970283], [76.94349537859685, 28.49250029367291], [76.94352104076957, 28.49239771562416], [76.94363154522763, 28.49195598210795], [76.94374382924826, 28.491411852483807], [76.94381245514606, 28.491079290731093], [76.94382776603175, 28.491005093836247], [76.94385504966355, 28.49087287879906], [76.94386220923639, 28.490821705845907], [76.94393597259932, 28.490307692426576], [76.94397245497962, 28.48995878155814], [76.94399150824681, 28.48983939666656], [76.944058904351, 28.489417104196136], [76.94409065979629, 28.48923567623212], [76.94409766306225, 28.489182102296656], [76.94411850307851, 28.48902268858996], [76.94414829300996, 28.488794809030555], [76.94418593601364, 28.488691343097003], [76.94432933947235, 28.4882134874868], [76.94436047238513, 28.488096578210335], [76.94447032736123, 28.48770997023642], [76.94446822710009, 28.487693154467983], [76.9444448466482, 28.487601686210066], [76.94428394670273, 28.487059954908144], [76.94416629614659, 28.486672094063128], [76.9441196124979, 28.486518190033987], [76.94401573940328, 28.4861569124225], [76.94389512710167, 28.485816301913342], [76.943835302897, 28.485433956340444], [76.94378206154673, 28.485033090885253], [76.94376110474948, 28.484911330141664], [76.94376094934094, 28.484908626661817], [76.94374090074041, 28.484891200900854], [76.94338177584939, 28.484351321450557], [76.94330609458332, 28.484185965229052], [76.94326086710372, 28.48412608872398], [76.9432318075026, 28.484080979586743], [76.94306185074244, 28.48381093943841], [76.94278257799533, 28.48335632669781], [76.94273808443928, 28.483283897771887], [76.94272993043147, 28.48327062414392], [76.9427155852347, 28.483241176755], [76.94246632430291, 28.48272947860081], [76.94220268852997, 28.482188264748757], [76.94218350321043, 28.482163258491987], [76.9417986164337, 28.481661333422444], [76.9417893080907, 28.481648660470142], [76.94159108224687, 28.481322796889764], [76.94145315042658, 28.481108124869266], [76.94143404595543, 28.481062977331845], [76.94129003433729, 28.480865260610944], [76.9410697728195, 28.48056805315547], [76.940734893458, 28.480116588027155], [76.94066926433996, 28.48002810896455], [76.94051254964538, 28.479818123781225], [76.94039308988226, 28.47965240197988], [76.94017566254924, 28.47935077166821], [76.93988521026841, 28.478947833287496], [76.93979499066778, 28.478832891733358], [76.93959224360312, 28.478574591586334], [76.93948499104638, 28.47843795018827], [76.9394593827726, 28.478407978725777], [76.93942898558002, 28.478372401766823], [76.93899842036939, 28.47786845541416], [76.93899369253606, 28.477861908671585], [76.93871936231965, 28.47748199160639], [76.93858059865937, 28.477328382136918], [76.9384590242621, 28.477160612877874], [76.93842371058997, 28.47711188190948], [76.93834868419574, 28.47698550377005], [76.93823111808125, 28.47678746988168], [76.93804519376688, 28.476497054408807], [76.93795523737265, 28.476356541128048], [76.93793615715603, 28.47631933920521], [76.93789869740867, 28.47624629901555], [76.93772377655826, 28.475965190267658], [76.93756623990517, 28.475705062205922], [76.93746256084667, 28.475514061591397], [76.93723374557077, 28.475163757872576], [76.9370243114471, 28.474863284993297], [76.9369161848296, 28.47475042760186], [76.93630477976915, 28.474112268040685], [76.93627794260001, 28.474084255258774], [76.93626801262288, 28.474071928053057], [76.93626448493873, 28.474067547871456], [76.93584271872635, 28.473543923368673], [76.93578322150844, 28.47346370015324], [76.93567936817675, 28.47332366768534], [76.93553222143827, 28.47310974932147], [76.93545875362108, 28.47300294277568], [76.93525312565929, 28.472561097327272], [76.93516026052016, 28.472460922587853], [76.935150464392, 28.47245246453095], [76.93513808381073, 28.472441773312283], [76.93509060066145, 28.472400772529998], [76.93520043317966, 28.472405373885874], [76.93828079491648, 28.472409245594616], [76.94974592192077, 28.47227176865527], [76.95238250602576, 28.467220189912354], [76.95374369173473, 28.4646120228214], [76.95395598339933, 28.464167752582874], [76.95665041092377, 28.45977984814184], [76.95723889097819, 28.45876831097633], [76.95828674611269, 28.45696710583015], [76.95842723723325, 28.456725603729605], [76.9592372535148, 28.455333176608725], [76.95971796627788, 28.454506808707645], [76.95975657766542, 28.45444043353048]]]}}, {"type": "Feature", "properties": {"OBJECTID_1": 7, "OBJECTID": 7, "Ward_No": "7", "SHAPE_Leng": 21279.5167203, "Shape_Length": 24252.610264921506, "Shape_Area": 14095991.896054175}, "geometry": {"type": "Polygon", "coordinates": [[[76.98386993536111, 28.453294998066248], [76.983828000207, 28.453707000094298], [76.98337900066844, 28.4539719992928], [76.98334800070629, 28.453938999908644], [76.98250399936089, 28.454410000338672], [76.98263100048082, 28.45454199959479], [76.98275299978123, 28.454669999960604], [76.98284900004072, 28.45476999964494], [76.98300399985139, 28.4549319994857], [76.98316299986006, 28.455098000157086], [76.98339500056196, 28.45534300000091], [76.98359600040341, 28.455560999619912], [76.98345999996098, 28.455690000200786], [76.9834540001132, 28.45569700007475], [76.9834469995422, 28.455707000345186], [76.98344300024254, 28.455717999693853], [76.9834409996944, 28.455727000093468], [76.9834409996944, 28.455738000229818], [76.98344200041764, 28.455747000627714], [76.98344499989234, 28.45575600023509], [76.98345099974016, 28.455766000499946], [76.98357500048702, 28.455944000633416], [76.98375400058717, 28.456198999530404], [76.98380300009265, 28.456268000417747], [76.98388299956028, 28.45638099996513], [76.98390500019991, 28.45641100057954], [76.98406100073382, 28.456620999903166], [76.98420500067388, 28.456823999800587], [76.98432600014937, 28.456998000305013], [76.98451299974714, 28.457262999942003], [76.98460499980862, 28.457398999786857], [76.984785000632, 28.457657000254464], [76.98510799977389, 28.45765000051027], [76.98615399988732, 28.45761500020289], [76.98760199968369, 28.457567999297986], [76.98840399939968, 28.457539999505148], [76.9886510001702, 28.457531999901462], [76.99014099979937, 28.45749200029432], [76.99038400037193, 28.457477999993866], [76.99039299969446, 28.457477999993866], [76.99037399942787, 28.457608000455917], [76.99037000012824, 28.457674000082566], [76.99037299960294, 28.457826000142937], [76.99040000026547, 28.457980999527372], [76.9904170008822, 28.458030000732553], [76.99049499980168, 28.458178000108667], [76.99060299975672, 28.45837400047901], [76.99071900010767, 28.458575999537562], [76.990769999263, 28.458681000260192], [76.99080100012344, 28.458744999536297], [76.9909020004058, 28.458948999931952], [76.99097100000274, 28.459128000070976], [76.99097799967547, 28.459144999662506], [76.99104000049807, 28.459335000021426], [76.99105499966834, 28.459396000188963], [76.9910720002851, 28.459468999902953], [76.99112300033872, 28.459766000567235], [76.99113500003428, 28.459966999506257], [76.99113399931107, 28.46001999989363], [76.99112099979058, 28.460198999798514], [76.99101399966048, 28.460892999559547], [76.99100100013997, 28.46097800001932], [76.9909459998884, 28.461259000170084], [76.99091099972831, 28.46141700028367], [76.9908899998119, 28.461468000314888], [76.99076800051148, 28.461718999273803], [76.99073599982613, 28.46178400047079], [76.990636000267, 28.4620239999879], [76.99048699940577, 28.462344999882074], [76.99030999985376, 28.462669999593547], [76.9899940003846, 28.46331400039497], [76.98987300001076, 28.46357899999224], [76.98960199984913, 28.464168000555812], [76.9893059995731, 28.464879999557567], [76.98912399999823, 28.465318000420236], [76.9890090003705, 28.465578999838502], [76.9885020002073, 28.466732999991226], [76.98831099951327, 28.467230000354338], [76.98822300054803, 28.467377999483247], [76.99072199958243, 28.468762999640028], [76.99091999994913, 28.468875000299036], [76.99125399985998, 28.469065000539043], [76.99248599974626, 28.469731999740727], [76.9929939997344, 28.470018999497416], [76.99390000010575, 28.470522000151128], [76.99466899931147, 28.47098000054894], [76.99556500053544, 28.47157499923691], [76.99628000021276, 28.472120000211046], [76.99751000044924, 28.473252999916525], [76.99807999946333, 28.473888000540544], [76.99885699996328, 28.474812999736887], [76.99892547494414, 28.474892329631505], [76.9993741870218, 28.475421762349743], [76.99963237810583, 28.47572639818274], [77.00036038359183, 28.47658988097331], [77.00049413016126, 28.476748514345246], [77.00212784586283, 28.47868617677147], [77.00243827577722, 28.479054351141503], [77.00316199360442, 28.479903984689138], [77.00348223851165, 28.48027994187237], [77.00375387018894, 28.480598825448904], [77.00374876326654, 28.480630778974525], [77.00552143127457, 28.4829641387605], [77.00557672527525, 28.483031373247478], [77.00477399972053, 28.48336799983789], [77.00410600079714, 28.483642999663765], [77.00416299980024, 28.483768000711702], [77.00419999961015, 28.483830000589116], [77.00337199995491, 28.484162999702754], [77.00352900031375, 28.484503000469466], [77.00283199928143, 28.484769999797898], [77.00336799975696, 28.485977999920316], [77.00334099999277, 28.486079999933214], [77.00333500014499, 28.486100999830754], [77.00329699961183, 28.486150999419603], [77.00319700005271, 28.48621100031612], [77.00274499924281, 28.48639599990505], [77.00251499998731, 28.486478000063027], [77.00170499987541, 28.48583599987758], [77.00136099991884, 28.485563999785224], [77.00095100073833, 28.485239999817363], [77.00058599996704, 28.48493900053798], [77.00001100003176, 28.484500999697154], [76.99982400043402, 28.484361000022265], [76.99956700051608, 28.48416899967003], [76.99930499967692, 28.48396700058396], [76.9990419999112, 28.48376799992211], [76.99860000004531, 28.483429999950175], [76.99857725739727, 28.483412626057408], [76.99832379953648, 28.48347849586735], [76.99823981334565, 28.483500322970677], [76.99803234922739, 28.483529669221383], [76.99753823180369, 28.483599563434936], [76.99716509319424, 28.48363902651132], [76.99683795551385, 28.48371417607481], [76.99649492304283, 28.483795965919512], [76.99614063827457, 28.48390612040464], [76.99593761542708, 28.484019670734273], [76.99550730533798, 28.484260340622185], [76.99547195213998, 28.484265153066843], [76.9946839993801, 28.48475399997545], [76.99373600007425, 28.485154000336394], [76.99370973333534, 28.485162557651105], [76.99364099874138, 28.485184948156235], [76.9935845953213, 28.48520335214039], [76.99213900031495, 28.485674999625946], [76.992127999546, 28.48567000011936], [76.99212700061939, 28.48566899974424], [76.99211544918315, 28.485658136949255], [76.9914204567838, 28.48500455988553], [76.98797899925223, 28.481768000141244], [76.98574499963341, 28.479689000258823], [76.98480798852013, 28.47881178300305], [76.98402100055087, 28.478075000156565], [76.98111500001407, 28.475440000631956], [76.98025899987141, 28.474700999845194], [76.97832900002618, 28.473040999485093], [76.97799513665926, 28.472753518349162], [76.97738599984488, 28.472228999752648], [76.97683835899993, 28.47174950295333], [76.97674503482168, 28.47156981980833], [76.97667032912602, 28.471434619180467], [76.97644274274543, 28.471076589216676], [76.9761745938365, 28.47066017033235], [76.97596671559491, 28.47034466894446], [76.97590486389265, 28.47018724521864], [76.9758881749913, 28.470144768442793], [76.97585159738955, 28.470048844622422], [76.97581920773368, 28.469974404733886], [76.97580120908864, 28.46993304053113], [76.97574967543575, 28.469804339249603], [76.97570045404638, 28.469704475399833], [76.97559062691805, 28.469481644452518], [76.97527487807884, 28.469031164061086], [76.97513569670197, 28.46883259248815], [76.97507724781802, 28.468745164525636], [76.97474557544209, 28.46839467331678], [76.97455737120355, 28.468188384460483], [76.97444349267329, 28.468064118342525], [76.9743400561599, 28.46796196826214], [76.97408363206203, 28.467704896361493], [76.97354656438795, 28.46721665521534], [76.97345155856353, 28.467109983278917], [76.9732298309952, 28.466878675721798], [76.97287215239177, 28.46650553747375], [76.97255213835157, 28.466171693774605], [76.97226568806535, 28.46587286239956], [76.97179688875963, 28.46541782577107], [76.97150289531996, 28.465132459284305], [76.97066708840657, 28.46437511699115], [76.97052902183897, 28.46425001007317], [76.97043795512705, 28.464167490394917], [76.97038380558004, 28.464118424908513], [76.97035920072442, 28.464066625376585], [76.97027885181214, 28.46392263262133], [76.9702688041557, 28.463904626899176], [76.97025980932472, 28.463888506247187], [76.96987628978385, 28.46356266764368], [76.96981595443779, 28.46350373659829], [76.96909000968702, 28.4626957093791], [76.96898303650637, 28.462544289668884], [76.96896675813511, 28.462521248361263], [76.96869487942111, 28.4622185882841], [76.96852228700386, 28.461991428786575], [76.96823651314907, 28.46165660418391], [76.96797106457586, 28.461288666917728], [76.96789886158658, 28.46118625835944], [76.96780716515566, 28.461056201487555], [76.96757689820224, 28.460729604680903], [76.96747583773278, 28.460603379900988], [76.96745982705947, 28.460583382654786], [76.96725963031186, 28.46033333501882], [76.96716211549285, 28.460221447718663], [76.96695477713875, 28.459983548013295], [76.96687643775778, 28.459893662121164], [76.9668537705682, 28.45986765391641], [76.96672759679666, 28.459662745494306], [76.96662311374595, 28.459493065401915], [76.96655178751242, 28.45937722841963], [76.9664614331645, 28.459214218180144], [76.96641774629558, 28.45913539775653], [76.96642923305313, 28.45911586935031], [76.9664081145591, 28.459076839379012], [76.96640030909762, 28.45906241518685], [76.96634149459932, 28.458978147664887], [76.96608130656045, 28.458605360609678], [76.96607149875418, 28.45859130833222], [76.9660558015929, 28.458565138695043], [76.96604284968312, 28.458543544948668], [76.96602503878599, 28.45851384978875], [76.96588788760167, 28.458285185721362], [76.96583583741749, 28.458198405329874], [76.96582572777726, 28.458173278878377], [76.96571178726327, 28.457890084442035], [76.96570572183848, 28.457875007738117], [76.96550120599098, 28.457366682257213], [76.96551867373168, 28.457357325019515], [76.96551249062759, 28.457344562276692], [76.9652700002981, 28.45690290961294], [76.96524680310252, 28.456860659692126], [76.96523070798759, 28.45679996212601], [76.9651767372053, 28.45668818165487], [76.96511538047478, 28.4565822154219], [76.96492624109003, 28.456255565302857], [76.96481161336483, 28.456142670662494], [76.96470592118176, 28.455710087618513], [76.96468227662517, 28.455591608602884], [76.96462982399571, 28.455328781434165], [76.96461618846803, 28.455260453624113], [76.96459677856969, 28.455163196554697], [76.96457856971888, 28.455057874052258], [76.96465023910888, 28.45490699467561], [76.96469125708305, 28.45482064352752], [76.9647054127353, 28.454790842279408], [76.96465931119494, 28.45477750820645], [76.96452739090051, 28.454739349354885], [76.96435851211868, 28.454690501423954], [76.96418737946378, 28.454589398321765], [76.96415061860573, 28.454557532485516], [76.9639084202287, 28.45434954383295], [76.96377379241204, 28.454233931045483], [76.96370623730604, 28.454175917282498], [76.96359302532571, 28.454078694756337], [76.96309268706865, 28.453719878587197], [76.96299132386693, 28.453647185295125], [76.96284099260076, 28.453539375775076], [76.96252199994505, 28.453308207537134], [76.96233119149052, 28.453150404601974], [76.96217570748787, 28.453021984589068], [76.96202800199728, 28.452897651671282], [76.96195401046229, 28.452839621378928], [76.96191434804585, 28.452808515600058], [76.96189498216496, 28.452792889255083], [76.96186086954037, 28.452765365241557], [76.96174991322971, 28.452669029953082], [76.96174760635608, 28.452667272628798], [76.96163671741911, 28.452604867457246], [76.96156921980526, 28.452566880789803], [76.96140312310587, 28.452474404332783], [76.96102324533516, 28.452262901659235], [76.96106636267217, 28.45218877780527], [76.96111293942131, 28.4521817500556], [76.9611583887848, 28.452174892904946], [76.96116770521263, 28.452100277725698], [76.96117076397617, 28.45207578167533], [76.9612399782705, 28.451521419887168], [76.96127819619595, 28.451215324193996], [76.9614405810566, 28.449914728283424], [76.96142515249159, 28.44984000725173], [76.96136008032904, 28.449524848896633], [76.96101585489531, 28.447857677797305], [76.96064318161318, 28.446052660537987], [76.96023408613785, 28.442150609065383], [76.96025199135809, 28.439239849612747], [76.96026327509637, 28.437405640627926], [76.96044514172057, 28.436064535417202], [76.96098125538383, 28.43211101367135], [76.96106128898742, 28.431520790993826], [76.96126760056715, 28.42999929493568], [76.96126822938785, 28.429995558339943], [76.96127482661531, 28.429956369105575], [76.965208223156, 28.432843731073756], [76.96785574155464, 28.434333503893708], [76.97178399434202, 28.43642542975815], [76.97514132464723, 28.438310647979463], [76.976034000308, 28.43858500042233], [76.97603099993496, 28.438459999641974], [76.97601700058955, 28.438170999446168], [76.9790854452758, 28.438173061919294], [76.97915473143537, 28.43817310694455], [76.98051799943917, 28.43817400034059], [76.98057499934058, 28.43786899955155], [76.98066900084854, 28.437888999513692], [76.98094099993678, 28.438340000460087], [76.98117399956531, 28.438277999960558], [76.98283354003466, 28.437511408058402], [76.98369599996253, 28.43711299994824], [76.98468199980154, 28.433955999283352], [76.9846929996722, 28.433921999898526], [76.98473299985515, 28.43391699952339], [76.99071499990971, 28.43317699985515], [76.99136299963992, 28.434052000089643], [76.9918470002369, 28.434734999296342], [76.9918495496557, 28.43473870807672], [76.99127680988167, 28.43506052228781], [76.9907700001613, 28.435329999760995], [76.98980299969057, 28.43590599976238], [76.98723433361096, 28.437498652399412], [76.98718700048033, 28.4375279995759], [76.9876799995015, 28.438205999869957], [76.98820635566413, 28.439066259077993], [76.98778346655762, 28.43910120786143], [76.98778726014307, 28.439136341472242], [76.98774300014901, 28.43913999954412], [76.98792190323113, 28.440797049661125], [76.9879260004471, 28.440835000271537], [76.98473163082268, 28.44089523385363], [76.98469100002237, 28.440895999263425], [76.98469300057049, 28.441364000109765], [76.98469799969504, 28.441582000111058], [76.98472563636479, 28.44266646972441], [76.98375312023818, 28.442323811444265], [76.98365383753467, 28.442302294159482], [76.98333683015575, 28.44291894537396], [76.98125928472005, 28.44696006693728], [76.98131383581402, 28.447671000230287], [76.98116899954243, 28.447953000150207], [76.98113800047858, 28.447951999418002], [76.98115099999909, 28.448477000245227], [76.98069700043764, 28.448505000068714], [76.98070521373427, 28.448918974026725], [76.98083652317429, 28.44938730190763], [76.98086700031695, 28.449495999483556], [76.98021200001573, 28.449760000622387], [76.97949533486184, 28.451224490839017], [76.97949604632755, 28.451225253014773], [76.97948199937147, 28.451254000069383], [76.97876200056956, 28.452722999934853], [76.98056875874431, 28.452904907627527], [76.98111599983898, 28.452959999803948], [76.98374314175202, 28.45327957556263], [76.98386993536111, 28.453294998066248]]]}}, {"type": "Feature", "properties": {"OBJECTID_1": 8, "OBJECTID": 8, "Ward_No": "8", "SHAPE_Leng": 8223.20900738, "Shape_Length": 9368.618521990677, "Shape_Area": 3258323.6018970003}, "geometry": {"type": "Polygon", "coordinates": [[[76.99556500053544, 28.47157499923691], [76.99466899931147, 28.47098000054894], [76.99390000010575, 28.470522000151128], [76.9929939997344, 28.470018999497416], [76.99248599974626, 28.469731999740727], [76.99125399985998, 28.469065000539043], [76.99091999994913, 28.468875000299036], [76.99072199958243, 28.468762999640028], [76.98822300054803, 28.467377999483247], [76.98831099951327, 28.467230000354338], [76.9885020002073, 28.466732999991226], [76.9890090003705, 28.465578999838502], [76.98912399999823, 28.465318000420236], [76.9893059995731, 28.464879999557567], [76.98960199984913, 28.464168000555812], [76.98987300001076, 28.46357899999224], [76.9899940003846, 28.46331400039497], [76.99030999985376, 28.462669999593547], [76.99048699940577, 28.462344999882074], [76.990636000267, 28.4620239999879], [76.99073599982613, 28.46178400047079], [76.99076800051148, 28.461718999273803], [76.9908899998119, 28.461468000314888], [76.99091099972831, 28.46141700028367], [76.9909459998884, 28.461259000170084], [76.99100100013997, 28.46097800001932], [76.99101399966048, 28.460892999559547], [76.99112099979058, 28.460198999798514], [76.99113399931107, 28.46001999989363], [76.99113500003428, 28.459966999506257], [76.99112300033872, 28.459766000567235], [76.9910720002851, 28.459468999902953], [76.99105499966834, 28.459396000188963], [76.99104000049807, 28.459335000021426], [76.99097799967547, 28.459144999662506], [76.99097100000274, 28.459128000070976], [76.9909020004058, 28.458948999931952], [76.99080100012344, 28.458744999536297], [76.990769999263, 28.458681000260192], [76.99071900010767, 28.458575999537562], [76.99060299975672, 28.45837400047901], [76.99049499980168, 28.458178000108667], [76.9904170008822, 28.458030000732553], [76.99040000026547, 28.457980999527372], [76.99037299960294, 28.457826000142937], [76.99037000012824, 28.457674000082566], [76.99037399942787, 28.457608000455917], [76.99039299969446, 28.457477999993866], [76.9904379999003, 28.457240000130977], [76.99046500056278, 28.457142000124595], [76.99048200028122, 28.45707700002191], [76.99065100033563, 28.456541999845516], [76.99071099971177, 28.456370999758455], [76.99078000020705, 28.456173999758654], [76.99081100016919, 28.456096000022118], [76.990860000573, 28.45600600025458], [76.99090900007847, 28.455936000119152], [76.99092999999489, 28.45590899976121], [76.99095199973617, 28.4558830000535], [76.99097600092396, 28.455858000207023], [76.99100600016286, 28.45582800022549], [76.9910379999499, 28.455799000103625], [76.99107099956187, 28.455771999710656], [76.99110499989708, 28.45574699983793], [76.99113099983634, 28.455731000358565], [76.99123100029375, 28.45567700032082], [76.99138099918326, 28.455606999967554], [76.99201700011622, 28.45532499992532], [76.99347099976036, 28.456568000180937], [76.99436200006312, 28.455460999893987], [76.99486699967818, 28.455564000020928], [76.99490600003627, 28.455762000236145], [76.99510800060095, 28.455771999710656], [76.99519700028938, 28.455940000376373], [76.99550899956061, 28.45644900008187], [76.9962030002199, 28.457121999854245], [76.99636800007633, 28.457301000717646], [76.99778599973546, 28.457262999942003], [76.99825199989077, 28.457244000338836], [76.99847799984657, 28.45723200050457], [76.9985220002275, 28.457109000150343], [76.99911700025427, 28.45654999952412], [76.99938500004286, 28.456774999615924], [76.99985000037327, 28.457178000443747], [77.00002699992531, 28.457172999588426], [77.00039500017132, 28.457164000101695], [77.00040999934163, 28.457164000101695], [77.00059400036297, 28.45715999989082], [77.0008510002809, 28.457153000113724], [77.00127300005528, 28.457140000413624], [77.00151099970668, 28.45713199998988], [77.00182299987621, 28.45712200064404], [77.0019690003644, 28.45711799964178], [77.00223299995503, 28.457108999360585], [77.00265500062774, 28.457099000012533], [77.00289799940367, 28.457092999297572], [77.00334899949038, 28.457081999302186], [77.00348299938469, 28.457077999878003], [77.00370099984286, 28.457072999807718], [77.004024999708, 28.45706400031246], [77.00477000042089, 28.45704400081715], [77.00527300038611, 28.4570339998834], [77.00579000059507, 28.457023999738492], [77.00610100004135, 28.45701699995239], [77.00626500007289, 28.45701399959262], [77.00638699937333, 28.457011000022543], [77.0066869998473, 28.457004000235585], [77.00686800049557, 28.457000000018642], [77.00763100075181, 28.456994999944694], [77.00789599926904, 28.45699300023095], [77.00791735940989, 28.456992792519774], [77.00789294140382, 28.457063925283762], [77.00755112974328, 28.45800712587187], [77.00751722552782, 28.458100444910635], [77.00743182089714, 28.458284128223763], [77.0073156175269, 28.458534053555113], [77.00723177326988, 28.45875615731128], [77.00706193508731, 28.45883535868326], [77.00674207376072, 28.45898451946071], [77.00664200053976, 28.459055999958835], [77.0064359997771, 28.45921000007313], [77.00651900051612, 28.45932299963479], [77.00658499974004, 28.4593209999651], [77.00664199964143, 28.45937499972097], [77.0066230002732, 28.459393999730892], [77.00611500028505, 28.45985399984328], [77.00621900004215, 28.459962000362392], [77.00637499967775, 28.459829000146136], [77.00652100016592, 28.459943000454565], [77.00663399924552, 28.45985400063305], [77.0069130007014, 28.46002099972187], [77.00695899983384, 28.460001999824655], [77.00705699974313, 28.459928999689], [77.00715399982751, 28.46004500033533], [77.00719800020845, 28.460011000649267], [77.00747499931956, 28.459828999356404], [77.00770299982354, 28.459987999856633], [77.00792499958136, 28.460101999993544], [77.00858900010341, 28.46050800024462], [77.00862699973824, 28.460513000152403], [77.00895399997638, 28.46056499965316], [77.00899300033444, 28.460586999707633], [77.00887299978555, 28.46068300003528], [77.00882599992988, 28.460720000549607], [77.00870400062944, 28.46080799982115], [77.00827199991102, 28.461118000674027], [77.00798999987872, 28.461317000569117], [77.00776899994575, 28.461504999764696], [77.00748199989057, 28.46173399961432], [77.00731899968399, 28.46186500018117], [77.0070170004585, 28.462102000088752], [77.00677699936067, 28.462299000097293], [77.0075039996319, 28.463045999944676], [77.00734499962323, 28.46317100009486], [77.0072230003228, 28.463263999472602], [77.00726099995765, 28.46330300025725], [77.00744200060592, 28.463495999635565], [77.00749199993633, 28.463548000037907], [77.00756013086243, 28.46362189796266], [77.0075147488726, 28.463655502413644], [77.00737992073157, 28.463755339601267], [77.0072110033222, 28.463885158603514], [77.00709853604526, 28.46397159316527], [77.00696628337417, 28.46407323299303], [77.00696667234469, 28.464074183030338], [77.00692717162501, 28.464103290653476], [77.00668980528594, 28.46428571340519], [77.00668695403321, 28.464287940420878], [77.00646840739932, 28.4644586370833], [77.00610131085845, 28.46474190710762], [77.00560306747263, 28.46509199425188], [77.00539100038691, 28.4652410001026], [77.0048230001243, 28.465641000125977], [77.00475788035105, 28.465584296438184], [77.00475433290401, 28.465586479202596], [77.00381243944713, 28.466177687656515], [77.00373400035315, 28.466206000254477], [77.00365700036026, 28.46623999952712], [77.00343300005426, 28.466337000016427], [77.00324999975616, 28.46644299990386], [77.00294400033275, 28.466620000454835], [77.00254199975151, 28.466848999487453], [77.00223200013012, 28.467031000537208], [77.0019990005016, 28.46716999973066], [77.00156000011046, 28.467440000294637], [77.00132800030687, 28.46758199979964], [77.0014683485953, 28.46763236825715], [77.00161500036204, 28.467684999960742], [77.0016240005829, 28.46768800001761], [77.00248600057331, 28.467989999250943], [77.00249800026889, 28.46799399984165], [77.00256399949284, 28.468017000471338], [77.00273600081859, 28.46807799957638], [77.00271665380232, 28.468082091768196], [77.00231999999366, 28.468165999828553], [77.00256400039112, 28.468696000084496], [77.00294199978461, 28.46859399986635], [77.00370300039101, 28.47027800047692], [77.00322099944387, 28.47043400028179], [77.00303300002118, 28.470494999570874], [77.00295199983033, 28.470519999903658], [77.00312000005984, 28.47109699984425], [77.00323900078384, 28.47150899960477], [77.00300600025702, 28.471597999876753], [77.00269300026255, 28.471701000071313], [77.00242499957565, 28.471787999958124], [77.00224999967347, 28.47186100058843], [77.0014550005285, 28.47202499972197], [77.00147300007183, 28.472378999988425], [77.0012242996888, 28.472372604520622], [77.0007730004631, 28.472361000445158], [77.00033199952381, 28.472362999868135], [77.00033499989685, 28.4725370000591], [77.00024899968312, 28.4725370000591], [77.00025900062721, 28.472762999779427], [77.00027200014767, 28.4727780001316], [77.0002679999497, 28.472783999956018], [77.00030799923437, 28.47329400036806], [76.99975699958856, 28.473305000255372], [76.99977699968004, 28.473674999315392], [76.99990899992451, 28.473670999729432], [77.00016500001755, 28.473670000030346], [77.00057400027146, 28.473670000030346], [77.00059499928953, 28.47411099986529], [77.00012500073288, 28.47412499954163], [77.00005099931643, 28.474027999884797], [76.99898299946167, 28.47472599997231], [76.99897599978895, 28.47472700045108], [76.99885776981947, 28.47481244382808], [76.99885699996328, 28.474812999736887], [76.99807999946333, 28.473888000540544], [76.99751000044924, 28.473252999916525], [76.99628000021276, 28.472120000211046], [76.99556500053544, 28.47157499923691]]]}}, {"type": "Feature", "properties": {"OBJECTID_1": 9, "OBJECTID": 9, "Ward_No": "17", "SHAPE_Leng": 29937.161358, "Shape_Length": 34091.70342820388, "Shape_Area": 27183003.471633967}, "geometry": {"type": "Polygon", "coordinates": [[[76.97603099993496, 28.438459999641974], [76.976034000308, 28.43858500042233], [76.97514132464723, 28.438310647979463], [76.97178399434202, 28.43642542975815], [76.96785574155464, 28.434333503893708], [76.965208223156, 28.432843731073756], [76.96127482661531, 28.429956369105575], [76.96127781800521, 28.42993860486291], [76.96184012384721, 28.42659880237912], [76.96232506587857, 28.42382394253887], [76.9625205554541, 28.422705301310774], [76.96270767991768, 28.421634513659082], [76.962715709958, 28.421588568851348], [76.96271956283225, 28.421566521972924], [76.9629863382171, 28.42091331495001], [76.96433736757349, 28.417605154463494], [76.96438150719331, 28.417497069612253], [76.96505275981463, 28.416328831434637], [76.96819929864178, 28.410852267971627], [76.97004628427328, 28.40839597826589], [76.97127861653622, 28.40704875086051], [76.97301494230115, 28.40536135644684], [76.97426261150093, 28.40414880359699], [76.97467530203402, 28.403747720032538], [76.97568384240016, 28.402767527803675], [76.97581335700622, 28.402675954464403], [76.97703623000926, 28.401811317415042], [76.977230364027, 28.401674052935018], [76.97900997870711, 28.4004157196171], [76.98050642734171, 28.399268853848014], [76.98331616531095, 28.397115390097838], [76.98431950892315, 28.39808582249925], [76.98459101663292, 28.398354841723105], [76.9847711126777, 28.398533284543262], [76.98496605787415, 28.39873382848226], [76.98534600032355, 28.39911700040992], [76.98565300047025, 28.39943300030374], [76.98589900051752, 28.39968499985381], [76.98597700033534, 28.39976400047993], [76.98614499966651, 28.399937999990826], [76.98641019491481, 28.40021203465456], [76.98684381080412, 28.400651852838415], [76.98701191254322, 28.4008293467167], [76.98734399994085, 28.40116900067669], [76.98744900042115, 28.401275999872034], [76.98765232420423, 28.40148029755776], [76.98831952632196, 28.400648959927555], [76.98894940254131, 28.399908218055145], [76.98948849771295, 28.39939609451698], [76.99041536684672, 28.39859752565503], [76.99089098526379, 28.398156995652872], [76.99135878384631, 28.39776050902499], [76.99189553800834, 28.39735537194002], [76.99214181204181, 28.397139484002512], [76.99236307877436, 28.39694551645611], [76.99302912026876, 28.39640860098747], [76.99379039845459, 28.39576714762577], [76.99436364218347, 28.3952354054027], [76.99588652015204, 28.39387877977844], [76.99688536050968, 28.39300701240374], [76.99806180318895, 28.391960730043547], [76.99487802470169, 28.384548373308416], [76.99487332022453, 28.38453741872458], [76.99346616862078, 28.38258478420594], [76.99404960373657, 28.382223628136092], [76.99427844326696, 28.382081972476843], [76.99486957155487, 28.381465695643495], [76.99500269828668, 28.381373069344107], [76.99528408566798, 28.381141699246573], [76.99551628938916, 28.380965516775444], [76.9956376086649, 28.38087957951353], [76.99590715175914, 28.380725996537212], [76.99593588886509, 28.38070684646544], [76.996025297287, 28.38064726861791], [76.99631459163943, 28.380454491981663], [76.99637100044937, 28.38041690304958], [76.9965910302018, 28.380287440848587], [76.99683663499034, 28.380168022252743], [76.99684872451746, 28.380162143632266], [76.99693966636359, 28.38011192322337], [76.99709776805693, 28.38004125958546], [76.99721145883929, 28.38019417333707], [76.997404515777, 28.380453832831883], [76.99760460293014, 28.380715209902085], [76.99762983121656, 28.380748165724516], [76.99809314271425, 28.381582389269752], [76.9982545699708, 28.38185776991184], [76.99832525301062, 28.38197835156036], [76.99914503757262, 28.38316873964065], [76.99922984841692, 28.38329604073345], [76.99995993619775, 28.384305002826537], [77.0000928284693, 28.384488655361995], [77.00022836897432, 28.385393211652953], [77.00025791366569, 28.385590382123702], [77.00030222666035, 28.385870732872718], [77.00039850719419, 28.386479852414986], [77.00058525256873, 28.38705453516773], [77.00069404214288, 28.38738931289069], [77.00075287820076, 28.38752583639838], [77.00078567479345, 28.387601941756472], [77.0008389925005, 28.387737549830856], [77.00093584885445, 28.38771257182161], [77.00141513060125, 28.387522295087525], [77.00181316332382, 28.387330935306128], [77.00210687109926, 28.387191493770036], [77.00241815890476, 28.387041119063408], [77.00249173631641, 28.386999133663746], [77.00256357279308, 28.38696960019773], [77.00267183056458, 28.386925092924873], [77.00273565766216, 28.386901776723896], [77.00279854152868, 28.38687811041508], [77.00303741883407, 28.386788209057016], [77.0034280701, 28.386641185446503], [77.00349000354895, 28.386619637877892], [77.00350827887507, 28.386613277531097], [77.00366899466596, 28.386557358939044], [77.00403052524527, 28.386437027491414], [77.0041198680902, 28.386407289180312], [77.00418137753432, 28.38638393809211], [77.00453608810405, 28.386249275070913], [77.00462855349285, 28.386214171329808], [77.00481282311046, 28.386151872395143], [77.00487282338491, 28.38612746224176], [77.00531244271531, 28.38595414659278], [77.00556432672771, 28.38585484295702], [77.00573444069305, 28.38578090653001], [77.0062559315801, 28.385554250762148], [77.00672892242498, 28.385322282828422], [77.00684025063813, 28.385271962913038], [77.0069476424337, 28.38522342433684], [77.00750107112405, 28.384942133773585], [77.00763940628792, 28.384877479744638], [77.00833122044779, 28.384516416047273], [77.00877145242919, 28.3842920842752], [77.00902319810105, 28.384110004136534], [77.00954217101037, 28.38372560907155], [77.00960753961694, 28.383680970033645], [77.00971544704552, 28.383628015190084], [77.00985378490431, 28.383561846098548], [77.01040713544124, 28.383297170900033], [77.01109881844707, 28.382966325577733], [77.01113550205001, 28.382953414766583], [77.01116794740145, 28.382944123660323], [77.01137549955459, 28.382831761749323], [77.01179055355522, 28.382620360186095], [77.01248222757788, 28.3822895080102], [77.01271045086403, 28.382182338694257], [77.0127614356463, 28.382170962617593], [77.01277645188458, 28.38216361092422], [77.01276177970104, 28.38214637609343], [77.01248803338954, 28.381918155593603], [77.01248817442506, 28.381872645633923], [77.01222120859735, 28.381635242390814], [77.01220177354618, 28.381617959263455], [77.012180264285, 28.381598831482258], [77.01215074474646, 28.38154903537555], [77.01186502568888, 28.381067047434293], [77.0118560524175, 28.381051910785978], [77.01180491222671, 28.380949387440886], [77.01171066098708, 28.38076043820524], [77.01158894645262, 28.38051642675228], [77.01158330323598, 28.380505115305365], [77.01135595490895, 28.37996601344485], [77.01135275331329, 28.379958422122225], [77.0112258330417, 28.379624364661083], [77.01120898334194, 28.379589325116523], [77.0111254445121, 28.379415610716872], [77.01112357871123, 28.37941173165344], [77.01110234523287, 28.379354869530783], [77.01101089763526, 28.37910998545061], [77.01098937939095, 28.37905236521295], [77.01091953268266, 28.378865326847798], [77.01091944913934, 28.378865100805015], [77.01072890299284, 28.37839435543303], [77.01069816893205, 28.37831842841146], [77.01069672623771, 28.378314960296887], [77.01065380114017, 28.378211809918277], [77.01061241306007, 28.37810583388461], [77.01044229370483, 28.377865478883635], [77.01037578154288, 28.377771507395916], [77.01030738920703, 28.37770349309286], [77.01038302106575, 28.37768911946007], [77.01044292971204, 28.377662082545605], [77.01044713203093, 28.377660186452104], [77.01067526368892, 28.377557229867488], [77.0109746003079, 28.37738002265434], [77.01113020917634, 28.377287901785582], [77.0112417188492, 28.37722749291774], [77.01181782461059, 28.376804128781956], [77.01250529361944, 28.376365863543004], [77.01261262612621, 28.376318269344367], [77.01288918955441, 28.3761392421882], [77.01319270872933, 28.37594276548809], [77.01339564623686, 28.37588111258399], [77.01387975642832, 28.375636358800598], [77.01399994921668, 28.37559580580297], [77.01426721508173, 28.37536191995162], [77.01456695953583, 28.37527860223095], [77.01494505774399, 28.375036791252075], [77.01521994401755, 28.374891326594245], [77.01525431176368, 28.37487066424509], [77.01559559611316, 28.37466708195526], [77.01572694597739, 28.374507716961553], [77.01594250032305, 28.374189659671686], [77.01623896412974, 28.374033303786135], [77.01629317386389, 28.374108678227586], [77.01662938542695, 28.373930141339763], [77.0170649299992, 28.373698853805458], [77.01715372846505, 28.373651067133824], [77.01731659122942, 28.37356391226403], [77.01748653990477, 28.37347296577635], [77.01759923086222, 28.373419956831057], [77.01773713034315, 28.373355088692872], [77.01801323922385, 28.37322992239784], [77.01825170599916, 28.37308693317377], [77.01846755858553, 28.37298191315007], [77.01867973885899, 28.372878679335294], [77.01874665077125, 28.372846124173826], [77.01888540544836, 28.37277737321704], [77.01891769539122, 28.372761794339873], [77.01908323962674, 28.37268192706774], [77.01937794632873, 28.372544033645674], [77.01981074834443, 28.372341524216793], [77.02006501199403, 28.37221854536799], [77.02007346064926, 28.372214458954236], [77.02021730877401, 28.372144883981584], [77.020223813475, 28.37214173736174], [77.02065164151894, 28.371934808767836], [77.02072092947512, 28.37189839927167], [77.0207521064054, 28.371881739773112], [77.02092473745017, 28.371789498729246], [77.02104315067598, 28.37172622622734], [77.02143919273192, 28.371546178801175], [77.02150837019529, 28.371514729020088], [77.02170855795974, 28.371433740791574], [77.02202057070569, 28.37132184409743], [77.02212606885264, 28.37127925492012], [77.02243225782063, 28.371155646458657], [77.02243993482305, 28.37115293295791], [77.02253711906204, 28.371118595666896], [77.02255571059517, 28.371112026510747], [77.02268201641907, 28.371067015410283], [77.02277228722365, 28.371030237281698], [77.0229894387739, 28.370941765002655], [77.02334588488877, 28.370796541340518], [77.0235629762519, 28.37067657220229], [77.02390762569043, 28.370494616497737], [77.02397406598715, 28.370459539949156], [77.02432954461642, 28.37030899607988], [77.02447629160464, 28.370251273839337], [77.02452886011676, 28.37023059556839], [77.02476370398651, 28.370106277664753], [77.02484353726582, 28.37007092829119], [77.0248739928489, 28.370057442852264], [77.02490388878157, 28.370044205605062], [77.02551773007308, 28.370462604414964], [77.02560585031085, 28.37053152206985], [77.02563573905701, 28.37055489798985], [77.02575835729665, 28.370650795011603], [77.02583252579979, 28.370708801586016], [77.02588504310792, 28.37074284023097], [77.0262433676, 28.370975088244492], [77.0263174112373, 28.3710133555394], [77.02631941627702, 28.371014804375235], [77.02642039050824, 28.371087815242486], [77.02665416538282, 28.371256848209732], [77.02692818029058, 28.371394586802715], [77.02701190596999, 28.371454838538142], [77.0271144387782, 28.371528626079495], [77.02723545172846, 28.371620275330628], [77.02740105794769, 28.371745695666284], [77.02741175598443, 28.37175379818306], [77.0274792266488, 28.371804896744898], [77.02758893609781, 28.37190094281495], [77.02761267946906, 28.371921729837076], [77.02770680494453, 28.3720212654629], [77.02783416808553, 28.372155949712344], [77.02801982739686, 28.37235228008718], [77.02826221172515, 28.3726275645525], [77.02831930594968, 28.372692407052185], [77.02835504452493, 28.372732996727954], [77.0284151696652, 28.37280128216522], [77.02848266278745, 28.372842153183267], [77.0288928173765, 28.373229356470524], [77.02910218951641, 28.37344637673425], [77.02941613903009, 28.373766145882026], [77.02971322986086, 28.374117358342367], [77.0298710710428, 28.374303952184686], [77.03005627400998, 28.374530800350914], [77.03006639892153, 28.3745415220125], [77.03007195410325, 28.374550006074788], [77.03010937522305, 28.374607161637254], [77.0301208251497, 28.37460986477456], [77.03040766350811, 28.374677603634264], [77.03042065584206, 28.37469595966194], [77.03047740331688, 28.37470145524609], [77.03049440393362, 28.37470310162914], [77.03053209903958, 28.374733881004605], [77.03060421938386, 28.374709469803776], [77.03063104217992, 28.374766976213394], [77.03065560122147, 28.37481962881033], [77.03076120626795, 28.37504603167585], [77.03081883319342, 28.375169575535004], [77.03085238077773, 28.375241496761717], [77.0309072516719, 28.37536066877152], [77.03091376535602, 28.375405618771342], [77.031095494538, 28.375649176446906], [77.03123816586974, 28.37584038737669], [77.03127313369049, 28.375900423974517], [77.03148200996036, 28.376176492773205], [77.03162196478668, 28.376440368492663], [77.0319707994761, 28.376980312633393], [77.03198909995507, 28.376996124841526], [77.03208150875005, 28.377181038031573], [77.03221962921654, 28.37745742122588], [77.03225141430624, 28.377521023054882], [77.032411454564, 28.37785473068552], [77.03251084506536, 28.37806197257171], [77.03263749584234, 28.378280738346135], [77.03282366988832, 28.378602319445353], [77.03288111715074, 28.37871066369326], [77.03293648930486, 28.37881509475975], [77.03298427338976, 28.378905213113104], [77.03311033397358, 28.379142959950084], [77.03322845524691, 28.379447060526584], [77.03323132805922, 28.37945445745851], [77.03327001939682, 28.379554069003362], [77.03328830999433, 28.379684825117423], [77.03334193762015, 28.379835086961403], [77.03337272198661, 28.379921342791008], [77.03339343084886, 28.379979367216293], [77.0334780916745, 28.380216580530657], [77.03348163732493, 28.380226516010474], [77.03360664508321, 28.380557016595528], [77.03365939774997, 28.38069648661504], [77.03369695182043, 28.380767959129756], [77.03382374003962, 28.38100926544917], [77.03398103414756, 28.38130862732151], [77.03401952246591, 28.381381878480276], [77.03404703876136, 28.381434246432416], [77.0340731599732, 28.381483960397674], [77.03423312117921, 28.38180078659834], [77.03426435739829, 28.381849302240795], [77.03432853304218, 28.381948977924495], [77.03434004495253, 28.381966859282382], [77.0342114205769, 28.38207466977807], [77.03406614413083, 28.38219643747202], [77.0340579793432, 28.38220322249335], [77.0339879017679, 28.38226145352799], [77.03375663588791, 28.382453627017128], [77.03356446558736, 28.382608613490994], [77.03355031263007, 28.382620028246944], [77.03344726957877, 28.38268800936444], [77.03338310830792, 28.38273033947467], [77.0333669907351, 28.38274097258072], [77.03335020032411, 28.38275204985136], [77.0333440756105, 28.382756090019985], [77.03333866775252, 28.38276320141191], [77.03326546314167, 28.382859463593704], [77.0330686512461, 28.383089205819754], [77.03291432876513, 28.38322419451732], [77.03286194261099, 28.383270018446932], [77.03284378047258, 28.38328590558865], [77.03259939020629, 28.383499677589754], [77.03255947536327, 28.383534591761354], [77.03255692414787, 28.383536823637716], [77.03252629518994, 28.383563615634635], [77.03252061693901, 28.383568582822704], [77.0325183298283, 28.383570583133377], [77.0324267753312, 28.383653005226105], [77.03238074565601, 28.38369444346641], [77.03236386092195, 28.383703351200168], [77.0322948460536, 28.383739758224813], [77.03223900318227, 28.38383065165116], [77.03221295293737, 28.38387305401485], [77.03207613592635, 28.38399329037243], [77.03195543379319, 28.384099365635524], [77.03169274304788, 28.3843302211051], [77.03154697702001, 28.3843751941743], [77.0312882864727, 28.384520630808787], [77.0312285017939, 28.38455424220197], [77.03100557856796, 28.384677356908345], [77.03060160348974, 28.384881550654573], [77.03052754727602, 28.3849189831025], [77.03048132176815, 28.3849423479487], [77.03030796937617, 28.385037189539847], [77.02998009956886, 28.385216567590405], [77.02991486570953, 28.385252257282758], [77.0294261058382, 28.385519654960053], [77.02922809648831, 28.385627984237836], [77.02874043166328, 28.385905498476216], [77.02864659903858, 28.385958895544253], [77.02854124372374, 28.38601884817383], [77.02852293515997, 28.3860293679364], [77.02799174156951, 28.386334565464324], [77.02785436939963, 28.386412737529717], [77.02763309009065, 28.386527992103726], [77.0273289834175, 28.386690257617136], [77.02716764868744, 28.38677634269794], [77.02692728916179, 28.386904687396605], [77.02670635211092, 28.387022661643318], [77.02653062547168, 28.387118793510574], [77.02648089114427, 28.38714600108924], [77.0263221480538, 28.387218753489645], [77.02630727734261, 28.387224080091638], [77.02627414208504, 28.387247464187244], [77.02623763365358, 28.3872490250235], [77.0261865428701, 28.387267325925443], [77.02616367984778, 28.387312556175782], [77.02615986649941, 28.387320101134783], [77.02609068993434, 28.387339430199756], [77.02602900891199, 28.387356664186488], [77.02597216172417, 28.38737262421345], [77.02586551014038, 28.387402566940345], [77.02580999245919, 28.387415790957128], [77.02579463126781, 28.387419450815905], [77.02569987158176, 28.38744202244477], [77.02556809322115, 28.38747590003164], [77.02553533525601, 28.387481568818455], [77.02550799952192, 28.387486298734487], [77.0254903889491, 28.387485657805176], [77.02547811526735, 28.387491774688765], [77.02541723194898, 28.38753048965384], [77.02541327037856, 28.38753367612213], [77.02539098497301, 28.387551603165605], [77.0253122557232, 28.38761493103102], [77.02528556497947, 28.38763640094858], [77.02528422648969, 28.387637478909486], [77.025170916593, 28.38770764671323], [77.02510808752375, 28.3877465536407], [77.02493345952409, 28.38785469097304], [77.02492752615163, 28.387858366622492], [77.02482051973331, 28.387924629448424], [77.02473482045518, 28.387956457655076], [77.02445909425684, 28.38805885884295], [77.02442154018638, 28.388073252408073], [77.02432908378071, 28.38810868666536], [77.02422909679801, 28.388147006260073], [77.02421731090148, 28.388151190846237], [77.02413358073048, 28.388180916023558], [77.02412039256379, 28.388188297330746], [77.02395517441673, 28.3882807683122], [77.02390932081138, 28.388306431368093], [77.02383410127936, 28.388348530841938], [77.02344631833415, 28.388543390549156], [77.02299794671796, 28.388747323958512], [77.02296578882743, 28.3887619505644], [77.02282605319003, 28.38883535542163], [77.0228149841491, 28.388841170338484], [77.02275915834576, 28.38887049543826], [77.02262314263199, 28.38892122143252], [77.02238625778986, 28.38900956570357], [77.02224326935283, 28.38906289166337], [77.02210733089416, 28.389153734690066], [77.02210722668956, 28.38915380423494], [77.02208917773888, 28.389165865527673], [77.02207205495124, 28.389177308027882], [77.02195659628443, 28.38922292786274], [77.02167545863479, 28.389351979272092], [77.02113440783074, 28.38957686143687], [77.02098898855253, 28.3896601418451], [77.02086270518654, 28.389715330163973], [77.02089660041881, 28.390513036589606], [77.02082189382487, 28.394544279795387], [77.015961168213, 28.394501713377906], [77.01557248246091, 28.39450746634501], [77.01462813660332, 28.394878694062708], [77.01471800047106, 28.39593199965095], [77.01501399984875, 28.396928999971816], [77.01583500072965, 28.39976399968973], [77.01616700009234, 28.400731999318555], [77.01624300026033, 28.40094000011561], [77.01623711988847, 28.40093496025338], [77.01623600058765, 28.400934000166718], [77.01540500055934, 28.400951000416114], [77.01365800011389, 28.40099000046666], [77.01049899985715, 28.401055999850925], [77.00944299969792, 28.40115800039879], [77.009446000071, 28.401164000335], [77.00943500020034, 28.401158999993072], [77.0048640001322, 28.401600999911476], [77.00051399999703, 28.402522000071347], [77.00051178295489, 28.402524956145722], [77.00050800014924, 28.402529999883242], [77.00073699957979, 28.40349300008751], [77.00155200061286, 28.406687999732803], [77.00163799992826, 28.40685699965238], [77.00220399964269, 28.407969999966912], [77.00298199996756, 28.40796700058665], [77.00296699989897, 28.408471999895642], [77.00296499935082, 28.408954000711272], [77.00294700070579, 28.409052000317004], [77.0029569998532, 28.409604000095303], [77.00360200010869, 28.409609000038657], [77.00356799977347, 28.4101869999569], [77.00431099993824, 28.410235000087134], [77.00434299972531, 28.41134899996209], [77.0046790001843, 28.41179500037958], [77.00619800012575, 28.413722999524865], [77.00633899969277, 28.413725000056523], [77.00712700006335, 28.413738000351042], [77.00712399969028, 28.413436999747542], [77.0075189997005, 28.413430999716326], [77.00752799992135, 28.413181999700914], [77.00774099945835, 28.413179000468205], [77.00774600037953, 28.412917000256716], [77.00841599985107, 28.412912000469554], [77.00841000000328, 28.41204300021376], [77.00913899992432, 28.41203700010356], [77.00913999974925, 28.411292000108222], [77.01256799961953, 28.411268000285336], [77.0125669997946, 28.41242699944851], [77.01318000026303, 28.41242699944851], [77.01401100029132, 28.412395000026354], [77.01470099985433, 28.412396999792996], [77.01477399964926, 28.4125339999152], [77.01499299993239, 28.412945000798807], [77.0150020001532, 28.412961999910916], [77.01528099981246, 28.413485000775218], [77.01528500001044, 28.4140450000958], [77.01529000003327, 28.414865000671696], [77.01528599983534, 28.41534299983555], [77.01526099972098, 28.41565699982118], [77.01455699991428, 28.415653999868507], [77.01390099978815, 28.415649000210536], [77.01354900033395, 28.415647999962868], [77.01341499954135, 28.4158180000541], [77.01343699928265, 28.416174999594393], [77.01344299913046, 28.416197999643018], [77.01358799979371, 28.416204999759888], [77.0135889996186, 28.41647999969567], [77.0132130007733, 28.416482999624975], [77.01321599934971, 28.416728999857515], [77.01255499920074, 28.416977999433858], [77.01180099916532, 28.417136999561404], [77.01180300061176, 28.41730099982048], [77.01047899976564, 28.417289999637617], [77.00982699983749, 28.41728400061476], [77.0098200001648, 28.418385000097363], [77.00909600026661, 28.418390000416217], [77.00908399967271, 28.418390000416217], [77.00908899969559, 28.4192849999623], [77.00988899976178, 28.42033499987989], [77.00695800000894, 28.42203299979157], [77.0064980005997, 28.42164000048932], [77.00051200034719, 28.42441199924369], [77.00049542104031, 28.424415717076055], [77.00023999946231, 28.424472999802845], [76.99832600040894, 28.425148000315144], [76.99763699977252, 28.425441000357726], [76.99742900025839, 28.425548999678124], [76.9965369992324, 28.426031000188217], [76.99567399941705, 28.426608999741536], [76.99530300059462, 28.426860999417112], [76.99468899940295, 28.427222000195524], [76.99446399927204, 28.42735000044284], [76.99329500003327, 28.428014000130247], [76.99327799941653, 28.42806099994908], [76.99299799993233, 28.42819899968313], [76.99281499963423, 28.428295000181954], [76.99237199994347, 28.428538000240827], [76.9919800003063, 28.428755000475277], [76.99159000031896, 28.428975999961892], [76.99120199998143, 28.429150999792768], [76.99065100033563, 28.42941999936582], [76.9897989994926, 28.42986800052035], [76.98841299962054, 28.430597999354625], [76.99002100014876, 28.43236799990537], [76.99062200092163, 28.433050999712034], [76.99071499990971, 28.43317699985515], [76.98473299985515, 28.43391699952339], [76.9846929996722, 28.433921999898526], [76.98468199980154, 28.433955999283352], [76.98369599996253, 28.43711299994824], [76.98283354003466, 28.437511408058402], [76.98117399956531, 28.438277999960558], [76.98094099993678, 28.438340000460087], [76.98066900084854, 28.437888999513692], [76.98057499934058, 28.43786899955155], [76.98051799943917, 28.43817400034059], [76.97601700058955, 28.438170999446168], [76.97603099993496, 28.438459999641974]]]}}, {"type": "Feature", "properties": {"OBJECTID_1": 10, "OBJECTID": 10, "Ward_No": "18", "SHAPE_Leng": 17609.4120386, "Shape_Length": 20033.82643983485, "Shape_Area": 16035713.670869334}, "geometry": {"type": "Polygon", "coordinates": [[[77.02086270518654, 28.389715330163973], [77.02098898855253, 28.3896601418451], [77.02113440783074, 28.38957686143687], [77.02167545863479, 28.389351979272092], [77.02195659628443, 28.38922292786274], [77.02207205495124, 28.389177308027882], [77.02208917773888, 28.389165865527673], [77.02210722668956, 28.38915380423494], [77.02210733089416, 28.389153734690066], [77.02224326935283, 28.38906289166337], [77.02238625778986, 28.38900956570357], [77.02262314263199, 28.38892122143252], [77.02275915834576, 28.38887049543826], [77.0228149841491, 28.388841170338484], [77.02282605319003, 28.38883535542163], [77.02296578882743, 28.3887619505644], [77.02299794671796, 28.388747323958512], [77.02344631833415, 28.388543390549156], [77.02383410127936, 28.388348530841938], [77.02390932081138, 28.388306431368093], [77.02395517441673, 28.3882807683122], [77.02412039256379, 28.388188297330746], [77.02413358073048, 28.388180916023558], [77.02421731090148, 28.388151190846237], [77.02422909679801, 28.388147006260073], [77.02432908378071, 28.38810868666536], [77.02442154018638, 28.388073252408073], [77.02445909425684, 28.38805885884295], [77.02473482045518, 28.387956457655076], [77.02482051973331, 28.387924629448424], [77.02492752615163, 28.387858366622492], [77.02493345952409, 28.38785469097304], [77.02510808752375, 28.3877465536407], [77.025170916593, 28.38770764671323], [77.02528422648969, 28.387637478909486], [77.02528556497947, 28.38763640094858], [77.0253122557232, 28.38761493103102], [77.02539098497301, 28.387551603165605], [77.02541327037856, 28.38753367612213], [77.02541723194898, 28.38753048965384], [77.02547811526735, 28.387491774688765], [77.0254903889491, 28.387485657805176], [77.02550799952192, 28.387486298734487], [77.02553533525601, 28.387481568818455], [77.02556809322115, 28.38747590003164], [77.02569987158176, 28.38744202244477], [77.02579463126781, 28.387419450815905], [77.02580999245919, 28.387415790957128], [77.02586551014038, 28.387402566940345], [77.02597216172417, 28.38737262421345], [77.02602900891199, 28.387356664186488], [77.02609068993434, 28.387339430199756], [77.02615986649941, 28.387320101134783], [77.02616367984778, 28.387312556175782], [77.0261865428701, 28.387267325925443], [77.02623763365358, 28.3872490250235], [77.02627414208504, 28.387247464187244], [77.02630727734261, 28.387224080091638], [77.0263221480538, 28.387218753489645], [77.02648089114427, 28.38714600108924], [77.02653062547168, 28.387118793510574], [77.02670635211092, 28.387022661643318], [77.02692728916179, 28.386904687396605], [77.02716764868744, 28.38677634269794], [77.0273289834175, 28.386690257617136], [77.02763309009065, 28.386527992103726], [77.02785436939963, 28.386412737529717], [77.02799174156951, 28.386334565464324], [77.02852293515997, 28.3860293679364], [77.02854124372374, 28.38601884817383], [77.02864659903858, 28.385958895544253], [77.02874043166328, 28.385905498476216], [77.02922809648831, 28.385627984237836], [77.0294261058382, 28.385519654960053], [77.02991486570953, 28.385252257282758], [77.02998009956886, 28.385216567590405], [77.03030796937617, 28.385037189539847], [77.03048132176815, 28.3849423479487], [77.03052754727602, 28.3849189831025], [77.03060160348974, 28.384881550654573], [77.03100557856796, 28.384677356908345], [77.0312285017939, 28.38455424220197], [77.0312882864727, 28.384520630808787], [77.03154697702001, 28.3843751941743], [77.03169274304788, 28.3843302211051], [77.03195543379319, 28.384099365635524], [77.03207613592635, 28.38399329037243], [77.03221295293737, 28.38387305401485], [77.03223900318227, 28.38383065165116], [77.0322948460536, 28.383739758224813], [77.03236386092195, 28.383703351200168], [77.03238074565601, 28.38369444346641], [77.0324267753312, 28.383653005226105], [77.0325183298283, 28.383570583133377], [77.03252061693901, 28.383568582822704], [77.03252629518994, 28.383563615634635], [77.03255692414787, 28.383536823637716], [77.03255947536327, 28.383534591761354], [77.03259939020629, 28.383499677589754], [77.03284378047258, 28.38328590558865], [77.03286194261099, 28.383270018446932], [77.03291432876513, 28.38322419451732], [77.0330686512461, 28.383089205819754], [77.03326546314167, 28.382859463593704], [77.03333866775252, 28.38276320141191], [77.0333440756105, 28.382756090019985], [77.03335020032411, 28.38275204985136], [77.0333669907351, 28.38274097258072], [77.03338310830792, 28.38273033947467], [77.03344726957877, 28.38268800936444], [77.03355031263007, 28.382620028246944], [77.03356446558736, 28.382608613490994], [77.03375663588791, 28.382453627017128], [77.0339879017679, 28.38226145352799], [77.0340579793432, 28.38220322249335], [77.03406614413083, 28.38219643747202], [77.0342114205769, 28.38207466977807], [77.03434004495253, 28.381966859282382], [77.03432853304218, 28.381948977924495], [77.03426435739829, 28.381849302240795], [77.03423312117921, 28.38180078659834], [77.0340731599732, 28.381483960397674], [77.03404703876136, 28.381434246432416], [77.03401952246591, 28.381381878480276], [77.03398103414756, 28.38130862732151], [77.03382374003962, 28.38100926544917], [77.03369695182043, 28.380767959129756], [77.03365939774997, 28.38069648661504], [77.03360664508321, 28.380557016595528], [77.03348163732493, 28.380226516010474], [77.0334780916745, 28.380216580530657], [77.03339343084886, 28.379979367216293], [77.03337272198661, 28.379921342791008], [77.03334193762015, 28.379835086961403], [77.03328830999433, 28.379684825117423], [77.03327001939682, 28.379554069003362], [77.03323132805922, 28.37945445745851], [77.03322845524691, 28.379447060526584], [77.03311033397358, 28.379142959950084], [77.03298427338976, 28.378905213113104], [77.03293648930486, 28.37881509475975], [77.03288111715074, 28.37871066369326], [77.03282366988832, 28.378602319445353], [77.03263749584234, 28.378280738346135], [77.03251084506536, 28.37806197257171], [77.032411454564, 28.37785473068552], [77.03225141430624, 28.377521023054882], [77.03221962921654, 28.37745742122588], [77.03208150875005, 28.377181038031573], [77.03198909995507, 28.376996124841526], [77.0319707994761, 28.376980312633393], [77.03162196478668, 28.376440368492663], [77.03148200996036, 28.376176492773205], [77.03127313369049, 28.375900423974517], [77.03123816586974, 28.37584038737669], [77.031095494538, 28.375649176446906], [77.03091376535602, 28.375405618771342], [77.0309072516719, 28.37536066877152], [77.03085238077773, 28.375241496761717], [77.03081883319342, 28.375169575535004], [77.03076120626795, 28.37504603167585], [77.03065560122147, 28.37481962881033], [77.03063104217992, 28.374766976213394], [77.03060421938386, 28.374709469803776], [77.03088609005874, 28.374614064912375], [77.03109799095617, 28.37456550881183], [77.03117558832875, 28.374547727376207], [77.03141370296447, 28.37447761804799], [77.03151616300914, 28.374454911664113], [77.03161773551832, 28.374414189070823], [77.03167300526447, 28.37439220034991], [77.03189919027324, 28.374340459654373], [77.03197916368974, 28.37432216758703], [77.03226102268653, 28.374257691245347], [77.03257929758831, 28.37418488648132], [77.03325940131016, 28.37402930675696], [77.03336643018638, 28.37400482346802], [77.03393950413364, 28.37387372680445], [77.03461960336392, 28.37371814267174], [77.03496345330184, 28.373646740494202], [77.03518423763911, 28.37358620229854], [77.0359786789303, 28.373328544674056], [77.03614058049732, 28.373262501943984], [77.03741193018632, 28.372729974219208], [77.03785427859852, 28.372527554461183], [77.03792647799455, 28.372495887609173], [77.03797736216549, 28.37247356968131], [77.03864931996432, 28.372163736034086], [77.03865551115325, 28.372160881075853], [77.03865598456542, 28.37216068505436], [77.03885694937259, 28.37207770390522], [77.03887597928357, 28.372067004126077], [77.038893061647, 28.372096358367212], [77.0388977993618, 28.372104498796876], [77.03890795661272, 28.37212195499329], [77.03893878948823, 28.372174940084474], [77.03894672700207, 28.37219102728088], [77.038921961348, 28.372122671104364], [77.03891601360252, 28.372106253506363], [77.03934783914947, 28.371905950069802], [77.03957090430926, 28.371802371378795], [77.03962240652112, 28.371773809839706], [77.03986455189752, 28.371665762815375], [77.04025724683072, 28.371485642568476], [77.04094357767408, 28.371170428831704], [77.04102939732645, 28.371125348199353], [77.04162992289051, 28.37085142409933], [77.04196147309555, 28.370689873394646], [77.04231630224291, 28.370524845380075], [77.04300266542563, 28.370200537333776], [77.04313808286145, 28.37013556210064], [77.04445436717927, 28.3695037700825], [77.0450932642807, 28.369200750765653], [77.04511036191552, 28.36919264094004], [77.04512984906899, 28.369211357562957], [77.04518968585005, 28.3692688305931], [77.0452389710198, 28.369284746706683], [77.04534393646577, 28.369335437014797], [77.04541040101702, 28.3693671435412], [77.04543636951529, 28.369382342720087], [77.04565190858959, 28.36950850712375], [77.0456700824061, 28.369519144717003], [77.04574471533823, 28.369568846877428], [77.04647746842052, 28.370056824739947], [77.04661176745383, 28.370146260493684], [77.04707515081671, 28.37044591149319], [77.04710959581799, 28.37047040666939], [77.04767443311245, 28.3708720706325], [77.0476932438345, 28.370886721835596], [77.04782039227814, 28.370985758888278], [77.04793088685469, 28.371070660815345], [77.04807775511544, 28.371183511807185], [77.04811936867269, 28.37121548731329], [77.04826965681968, 28.371328366606036], [77.048456894471, 28.371468997232547], [77.04847394808836, 28.37148180510702], [77.04867229250983, 28.371630777551488], [77.04874551329031, 28.371700925910556], [77.04915560050571, 28.372093802182082], [77.04926963354619, 28.372203049401698], [77.04935919647833, 28.372132936152656], [77.04984151003923, 28.37185760455999], [77.05004012215866, 28.371744224708902], [77.05010921518041, 28.371706273842673], [77.05052814181823, 28.371476173404822], [77.05072114126375, 28.371370165348477], [77.05083091000158, 28.371328128690994], [77.05087484750044, 28.37136032863142], [77.05102942600129, 28.37147361167181], [77.05106729627869, 28.371512034498473], [77.05121291588121, 28.371465628486252], [77.05140490382371, 28.37140444643863], [77.05189864754828, 28.371262900424885], [77.05208711768816, 28.371208869947754], [77.05224093351931, 28.37116954988842], [77.05258426962091, 28.371081782777804], [77.05276947079146, 28.371034439932462], [77.0528256738872, 28.3710170238684], [77.05285018082648, 28.37100909676812], [77.05296398030498, 28.3709722870027], [77.05301405868711, 28.370968055104], [77.0532696608265, 28.370946452183343], [77.05360605205263, 28.37086271444398], [77.05387031754458, 28.37079061240421], [77.05395525774627, 28.370769463148292], [77.05413443661115, 28.370724849483718], [77.05414210463042, 28.37072276988879], [77.05464079627556, 28.370603553938235], [77.05471403412405, 28.37057797196383], [77.05532673275852, 28.370357079875003], [77.0559000456577, 28.370171169130884], [77.0560125461723, 28.370134688681713], [77.05613426519835, 28.370094071927806], [77.05669826795793, 28.36993020886469], [77.05698454756423, 28.369848266172237], [77.0571705617101, 28.36979502223991], [77.05738378672429, 28.36976631551225], [77.05758125439, 28.369718238563213], [77.05766366313924, 28.369704563376832], [77.05774345779098, 28.36969132292391], [77.05808384921508, 28.36964370280829], [77.05822986677124, 28.36962327498465], [77.0583274408791, 28.369609624289307], [77.05875435084481, 28.369533218303452], [77.05882708024686, 28.369520201520505], [77.05891082299426, 28.369505213405937], [77.0589985111424, 28.36948922934853], [77.05943936026641, 28.369471434415182], [77.0598982053405, 28.369432632233735], [77.06012428614468, 28.369426391791958], [77.06019168045226, 28.36942453112056], [77.06027729079713, 28.369422167735898], [77.0604535824767, 28.369407493408097], [77.06080911590323, 28.36940099844645], [77.0611616264988, 28.369408738334997], [77.0613396366555, 28.36942650166169], [77.06149365820087, 28.369433905615796], [77.06210961412656, 28.36949077147581], [77.06217805407312, 28.369497089375862], [77.0622243388698, 28.369503291082477], [77.06275967099876, 28.369575017753107], [77.06286229723176, 28.369591208099447], [77.0630064328174, 28.36961394872226], [77.06349516214604, 28.369691052597638], [77.06354647571172, 28.36969914815746], [77.06408604609217, 28.36988046814269], [77.06423003076087, 28.369934918221997], [77.06491419756269, 28.370045846527393], [77.0651500466473, 28.370083418583693], [77.06544443444739, 28.370130312892353], [77.06559826914315, 28.370176319534107], [77.06628281772898, 28.370209203540707], [77.0666269066188, 28.37022573051073], [77.0669673645182, 28.370242082004157], [77.06714080135181, 28.370261925585766], [77.06718126416713, 28.370266555095565], [77.06765169301681, 28.370320378171318], [77.0681457259989, 28.370341382078955], [77.06814845148746, 28.370341812859415], [77.06819886763616, 28.37034978269237], [77.06848638062938, 28.370425391344625], [77.06917118613337, 28.370611785380806], [77.06943124571319, 28.370690720725126], [77.0697036292804, 28.3707733970667], [77.06971955551207, 28.370778230482472], [77.06975297373893, 28.37078837393624], [77.06982582890512, 28.370859792265144], [77.06983107955796, 28.370864938682825], [77.06997558524951, 28.37112299987048], [77.069998853412, 28.371164551293404], [77.07002427573453, 28.37120995123732], [77.07019489275643, 28.371118556936455], [77.07032616536556, 28.37104823667174], [77.07034582230057, 28.37103770751899], [77.07054281835082, 28.37127620233414], [77.07064964959767, 28.371404248044485], [77.0708956945607, 28.371736129305116], [77.0709917424309, 28.371946209654734], [77.0710132723533, 28.37199427927088], [77.0710918228384, 28.372169658570364], [77.0711646088343, 28.37233216578664], [77.07118786352204, 28.37238408688422], [77.07123472952873, 28.372488724152387], [77.07131374444282, 28.372609535394986], [77.07136525833278, 28.37268829694452], [77.07145270213917, 28.372821994712943], [77.07164806684885, 28.372870399853955], [77.07192137298584, 28.372938114531472], [77.07230476586426, 28.373026617552217], [77.07260603296277, 28.373100470394174], [77.07323550134696, 28.373235867796236], [77.07329059053177, 28.373247716700803], [77.07339337935984, 28.37328490981153], [77.07352870157423, 28.373315594750412], [77.07379931007044, 28.37340187248021], [77.0741833694988, 28.373530896510193], [77.07429494025708, 28.373568377226803], [77.07441813701178, 28.373609764079497], [77.07448288578082, 28.3736424660207], [77.07486632716825, 28.373836121313015], [77.07494318432903, 28.373874938482267], [77.07508544692733, 28.373982010279512], [77.07516570421146, 28.374042414672534], [77.07523945589628, 28.374097921744855], [77.07546365742486, 28.37427296402059], [77.07553898385642, 28.374331774815463], [77.07566702971698, 28.37443174447665], [77.07570708110394, 28.374463013973962], [77.07558388614585, 28.374528919218857], [77.07516230857965, 28.37475445169516], [77.0747966987506, 28.37494661823672], [77.07447585197217, 28.375115255394686], [77.07378954179003, 28.375444263062395], [77.07364102691736, 28.375521079742906], [77.07346349196946, 28.37561110051628], [77.07310306811453, 28.375806574045463], [77.0728123741869, 28.37595296140358], [77.07241666989752, 28.376152228124575], [77.07234800806707, 28.376191336096227], [77.07204634211658, 28.376367573920852], [77.07192997525298, 28.376435557465452], [77.07173000488083, 28.376552383876966], [77.071720275228, 28.3765572676135], [77.07147651288409, 28.376679624939506], [77.07144857977032, 28.37669364541124], [77.07139908888637, 28.37671936027469], [77.07104964603748, 28.376900930665485], [77.07104356983291, 28.376903854258675], [77.07104242088766, 28.376904407520414], [77.0707470108048, 28.377046546690163], [77.07063221689127, 28.377116278103223], [77.0705578157245, 28.377165281177028], [77.07026849621926, 28.377355836527713], [77.07020030869927, 28.377400746953942], [77.06997562387706, 28.37754873181907], [77.06991119580655, 28.377593662713185], [77.06980435916982, 28.377668168381142], [77.0696699352707, 28.377761914705637], [77.06966628811065, 28.377764198077404], [77.06966480139884, 28.377765129130335], [77.0696458963537, 28.37777696330233], [77.0694943586501, 28.377865245725427], [77.06913655787582, 28.37832009528784], [77.06874441899977, 28.378814394501088], [77.06872307862189, 28.378863585686243], [77.06870728983246, 28.378922846021148], [77.06868001518379, 28.37902521562479], [77.0686348937054, 28.379194570265195], [77.06853901921006, 28.379276578450995], [77.06851008267813, 28.379301330034558], [77.06838611696554, 28.379407364940686], [77.06837217511236, 28.379419110409668], [77.06834211299135, 28.379444435757677], [77.06832741385838, 28.37945675185883], [77.0678522769383, 28.379854853665112], [77.06775523732804, 28.379936158718017], [77.0677387541409, 28.37994996931623], [77.06731214690741, 28.38028945939918], [77.06712874146912, 28.380478895537507], [77.06711541316524, 28.38049266180557], [77.06710085776271, 28.3805090583469], [77.0670220422746, 28.38059783957547], [77.06701126608445, 28.380609977714716], [77.06705943285169, 28.380663429612245], [77.06710052179277, 28.38070902623854], [77.06716631440418, 28.38078203912729], [77.06710939445283, 28.380892635210145], [77.06704253554118, 28.381022540845244], [77.06703488279328, 28.38103740957142], [77.0667828882881, 28.381565892521294], [77.06622580255623, 28.38195833708686], [77.06642284981042, 28.382652864927792], [77.06642778695124, 28.382670266436097], [77.06655743630462, 28.38319688239946], [77.06656210035754, 28.383215827326918], [77.06658574401582, 28.383296118185438], [77.06658490858263, 28.383379872980587], [77.06658443696712, 28.383427159735067], [77.0665837084334, 28.383500199204093], [77.06655330674924, 28.383514912679214], [77.06637567119003, 28.38360088574111], [77.06638933726045, 28.383647943993484], [77.0663906236479, 28.383652372176883], [77.06639072336093, 28.38365271517734], [77.06640079706851, 28.383675566592274], [77.0664251701588, 28.383706472976954], [77.06635402538494, 28.38376009086217], [77.06628902778255, 28.383817082606658], [77.06628525396005, 28.383820391686537], [77.06569857592609, 28.38420022626421], [77.06564497255476, 28.38423493077055], [77.0656444865662, 28.384235244527282], [77.06564409669735, 28.38423549663914], [77.0656837177913, 28.38430260104778], [77.0657142461379, 28.38434720900158], [77.06595405499625, 28.38469761586654], [77.06601607917503, 28.38478824608718], [77.06604064091154, 28.384849007080327], [77.06606747179245, 28.384915380850376], [77.06610735609276, 28.384971849576498], [77.06626649803525, 28.385197162268433], [77.06627434122596, 28.385208266943405], [77.06627579739506, 28.38521068213698], [77.06638718759196, 28.38539537315256], [77.06641832948793, 28.38544647699717], [77.0666106147728, 28.385762024495158], [77.0666731518896, 28.38586464829818], [77.06670851766404, 28.385922684487298], [77.06671691691196, 28.385941673975232], [77.06674545908346, 28.386006205648098], [77.06684841769314, 28.386238978986306], [77.06694379182683, 28.386445095693173], [77.06706948320308, 28.386739971489163], [77.06714901914003, 28.386926559720255], [77.06717122998543, 28.38701518304824], [77.06730515172629, 28.38746580638172], [77.06740233057542, 28.38784983462669], [77.06740460151646, 28.387858810766765], [77.06743238820484, 28.387968609177257], [77.0674407982325, 28.388001842508515], [77.06744299102012, 28.388010507261], [77.06749504569589, 28.38855550090913], [77.06752272907801, 28.388987860559528], [77.06752994434635, 28.389100551817172], [77.06753108071518, 28.389118290508403], [77.06753369121942, 28.389159073049058], [77.06753727819232, 28.389215089054197], [77.06754551933678, 28.389343803023035], [77.06755182281509, 28.389442249097705], [77.06755813617492, 28.38954084286329], [77.06756257564905, 28.38959764815576], [77.06757092099805, 28.389659849441912], [77.06757883874897, 28.389718871401573], [77.06760834660943, 28.389886871024206], [77.06761121223516, 28.389903183133782], [77.06755688751666, 28.38991812490071], [77.06698195585335, 28.390076260776425], [77.06696474503083, 28.390080995318318], [77.06687113967992, 28.390106740917364], [77.0668270216197, 28.390118874807023], [77.06655314774744, 28.390194203044008], [77.06632534217792, 28.390262018879653], [77.06629586755511, 28.390270792505273], [77.06618533165603, 28.390307766272116], [77.0656098142912, 28.390500268156185], [77.06549941673266, 28.390529881246408], [77.06493915904952, 28.39068016565529], [77.06492370982326, 28.390684309837624], [77.06481363925148, 28.390723293909495], [77.06465180775308, 28.3907806114539], [77.06458022010975, 28.390805966489506], [77.0645019004917, 28.390809840394486], [77.06423755504967, 28.390822916995994], [77.06412820672341, 28.39084500583555], [77.06355139847946, 28.390961521602314], [77.06344267897389, 28.39098588243631], [77.06310787596921, 28.391060901852534], [77.06286525448567, 28.39111526519262], [77.06279815572384, 28.391133262754607], [77.06275706588444, 28.391144283829718], [77.0621791410346, 28.391299293162117], [77.06207130008139, 28.39133297985244], [77.06193988374183, 28.391374030231567], [77.06189715088378, 28.39138737861495], [77.0615254334091, 28.391503491540657], [77.06149305453299, 28.391513605353044], [77.06138541929397, 28.391544850847282], [77.0608069509634, 28.391712770920595], [77.06074947854813, 28.391730722545827], [77.06069958701555, 28.39174630653921], [77.06012085907189, 28.391927075953465], [77.06001365322756, 28.391967663009197], [77.05979411395526, 28.392050779535673], [77.05943480940118, 28.392186808659698], [77.0593275721158, 28.39221849571075], [77.0590741124584, 28.39229339018397], [77.05895947844499, 28.392299326611056], [77.05874862138992, 28.392310246411782], [77.05847162048217, 28.39231219440042], [77.05842275123241, 28.39231253816313], [77.05840547123961, 28.392312659863034], [77.05838839875764, 28.392402306814684], [77.05837262793449, 28.392452796412307], [77.0583412767311, 28.39255316782756], [77.05833613477441, 28.392569628885486], [77.05832376676958, 28.392609224713084], [77.05832085982134, 28.3926185331483], [77.05831028665042, 28.392652383792743], [77.05830853852888, 28.39265798038944], [77.05830883407462, 28.392697985536742], [77.05829698709263, 28.39273949215517], [77.05821735952756, 28.39294804838291], [77.05820827217012, 28.39299488832771], [77.05811151912246, 28.393493572193247], [77.0580988510803, 28.393539521285344], [77.05796106748203, 28.394039243342732], [77.05796089141224, 28.39408404397101], [77.05796027426965, 28.394240445366876], [77.05796005328408, 28.394296600930826], [77.0579599948936, 28.394311463844307], [77.0577720879974, 28.394380679728396], [77.05737816866046, 28.394525778637792], [77.05703499335733, 28.3945117747482], [77.05669181625754, 28.394497770066494], [77.05664034099513, 28.39449794075894], [77.05600549709227, 28.39447135382738], [77.05598915763557, 28.39447066947697], [77.0559905518209, 28.394480871513437], [77.05600557883893, 28.39459090724994], [77.05601043872463, 28.394621580492224], [77.05604873839678, 28.39486334997258], [77.05609189885294, 28.39513579278516], [77.05609806039746, 28.395166973202453], [77.0561271505413, 28.395314193611213], [77.05613430292759, 28.395350390396967], [77.05600634150865, 28.395378375035875], [77.05588748541338, 28.395422493914804], [77.05536194402272, 28.395617566625713], [77.05518303734736, 28.39568397316544], [77.05517074480102, 28.395684014257622], [77.0551487208052, 28.395684086959136], [77.0550979525169, 28.39570816301385], [77.05506356141458, 28.39572447185693], [77.05463420174306, 28.395928086421556], [77.05442838872834, 28.39601962766109], [77.05406649253466, 28.396128053680737], [77.05405522496604, 28.396131429545953], [77.053989313777, 28.39615117661667], [77.05403394747022, 28.39623294094026], [77.05404366634328, 28.396249135909546], [77.05404464281199, 28.39625076299252], [77.05390300005125, 28.396312999886113], [77.05373103286146, 28.396365506655634], [77.05354234712593, 28.396423119065176], [77.05328399973503, 28.396502000427848], [77.05317800032817, 28.39656799944636], [77.05175200027311, 28.396597999633176], [77.05175200027311, 28.398495000311673], [77.04807300033264, 28.39845600013309], [77.04814400047776, 28.39787899984574], [77.0467619999053, 28.39791799944648], [77.04675300058278, 28.398412999878985], [77.0461629996806, 28.39844399995366], [77.0457320005837, 28.39837500008099], [77.04493400016736, 28.401349000176793], [77.04315700048303, 28.401233999565648], [77.04157200041932, 28.401131000286576], [77.03686893722461, 28.400995085367352], [77.03686599973365, 28.400995000026366], [77.03684599964217, 28.40099399964034], [77.03359899952186, 28.40097400060976], [77.03091100034159, 28.400950000029685], [77.03005000017603, 28.40094399929115], [77.02313799946066, 28.400808999968937], [77.01905600001238, 28.400887000160246], [77.01624300026033, 28.40094000011561], [77.01616700009234, 28.400731999318555], [77.01583500072965, 28.39976399968973], [77.01501399984875, 28.396928999971816], [77.01471800047106, 28.39593199965095], [77.01462813660332, 28.394878694062708], [77.01557248246091, 28.39450746634501], [77.015961168213, 28.394501713377906], [77.02082189382487, 28.394544279795387], [77.02089660041881, 28.390513036589606], [77.02086270518654, 28.389715330163973]]]}}, {"type": "Feature", "properties": {"OBJECTID_1": 11, "OBJECTID": 11, "Ward_No": "16", "SHAPE_Leng": 19671.5092682, "Shape_Length": 22388.612113307387, "Shape_Area": 14235054.978660304}, "geometry": {"type": "Polygon", "coordinates": [[[77.04153899990902, 28.413403000092856], [77.04147862683372, 28.413414866630937], [77.04090299987439, 28.41352799965274], [77.0405020000164, 28.413620000536625], [77.04018099962605, 28.4137020002609], [77.039567000231, 28.41394900010654], [77.03900199944319, 28.41420099989276], [77.03876499961672, 28.414308000147372], [77.03863599974531, 28.414375000185295], [77.03835199916483, 28.414500000178133], [77.03825799945352, 28.414544000481808], [77.03712699984956, 28.415078000268075], [77.03639200008072, 28.415431999973823], [77.03612400029212, 28.415564000458435], [77.03610299947741, 28.41557500003052], [77.0357410008758, 28.415764000184833], [77.03544100040183, 28.415919999819828], [77.03495099995703, 28.416103999721958], [77.03456200069293, 28.416348999803827], [77.0341600001117, 28.416562000365744], [77.0340389997379, 28.416571000146373], [77.03384967619849, 28.416849148374947], [77.03362000033657, 28.417666999579083], [77.03314587761443, 28.4187538956362], [77.03255300030668, 28.420112999528364], [77.03174200036987, 28.42183999979988], [77.029722000113, 28.423250999760114], [77.02795999959896, 28.424134999823938], [77.02763599973385, 28.426445000470544], [77.02707100074265, 28.426336000337614], [77.02671900039012, 28.426288999752813], [77.02633100005264, 28.426303000231748], [77.02577900058189, 28.426307000029684], [77.02462999963797, 28.426356000109518], [77.02422100028235, 28.426544999979175], [77.02353599984392, 28.42690399997271], [77.02268300007431, 28.42737700019134], [77.02219300052785, 28.427667999325713], [77.02184600019821, 28.427981999888704], [77.02161299967139, 28.42827499998645], [77.02131899994355, 28.428623999971975], [77.02117799947823, 28.428742999778624], [77.02080699975747, 28.428994999903395], [77.02031300091136, 28.429329000479555], [77.01923900031049, 28.430034000240916], [77.01866100000217, 28.430414000153373], [77.0172260006246, 28.431363999889925], [77.01680599960173, 28.43164300033376], [77.01664499994322, 28.431749000244476], [77.0148170002053, 28.432959000703978], [77.01473000016662, 28.43301700082638], [77.0141990006123, 28.433372999955107], [77.01333299952557, 28.433951999774514], [77.01275599994048, 28.434343000619123], [77.01233600071424, 28.43462799993853], [77.0113559998247, 28.435215000502883], [77.01050800007796, 28.435731000042825], [77.01033800019864, 28.43583399963747], [77.01018800041082, 28.435937000711682], [77.010059999466, 28.435782999881393], [77.00960199970659, 28.435231999988932], [77.00951600039119, 28.435130999935467], [77.00881000003635, 28.434293000215913], [77.00828799980454, 28.433656000152133], [77.00783999919254, 28.43313300018583], [77.00746599909874, 28.43269599958664], [77.00730699998839, 28.432505000254718], [77.00693499954443, 28.43205699999359], [77.00593299981188, 28.430850999906408], [77.00587399936232, 28.430781000501202], [77.0052860008049, 28.43007600018607], [77.00482899997209, 28.429528000156193], [77.00410099987596, 28.428656000019416], [77.00378599933336, 28.42828399956141], [77.00319800077594, 28.427585999357397], [77.00303300002118, 28.427390999736346], [77.00203700013645, 28.426218000342605], [77.00130599966725, 28.425366999911237], [77.00065799993703, 28.424582999647345], [77.00051200034719, 28.42441199924369], [77.0064980005997, 28.42164000048932], [77.00695800000894, 28.42203299979157], [77.00988899976178, 28.42033499987989], [77.00908899969559, 28.4192849999623], [77.00908399967271, 28.418390000416217], [77.00909600026661, 28.418390000416217], [77.0098200001648, 28.418385000097363], [77.00982699983749, 28.41728400061476], [77.01047899976564, 28.417289999637617], [77.01180300061176, 28.41730099982048], [77.01180099916532, 28.417136999561404], [77.01255499920074, 28.416977999433858], [77.01321599934971, 28.416728999857515], [77.0132130007733, 28.416482999624975], [77.0135889996186, 28.41647999969567], [77.01358799979371, 28.416204999759888], [77.01344299913046, 28.416197999643018], [77.01343699928265, 28.416174999594393], [77.01341499954135, 28.4158180000541], [77.01354900033395, 28.415647999962868], [77.01390099978815, 28.415649000210536], [77.01455699991428, 28.415653999868507], [77.01526099972098, 28.41565699982118], [77.01528599983534, 28.41534299983555], [77.01529000003327, 28.414865000671696], [77.01528500001044, 28.4140450000958], [77.01528099981246, 28.413485000775218], [77.0150020001532, 28.412961999910916], [77.01499299993239, 28.412945000798807], [77.01477399964926, 28.4125339999152], [77.01470099985433, 28.412396999792996], [77.01401100029132, 28.412395000026354], [77.01318000026303, 28.41242699944851], [77.0125669997946, 28.41242699944851], [77.01256799961953, 28.411268000285336], [77.00913999974925, 28.411292000108222], [77.00913899992432, 28.41203700010356], [77.00841000000328, 28.41204300021376], [77.00841599985107, 28.412912000469554], [77.00774600037953, 28.412917000256716], [77.00774099945835, 28.413179000468205], [77.00752799992135, 28.413181999700914], [77.0075189997005, 28.413430999716326], [77.00712399969028, 28.413436999747542], [77.00712700006335, 28.413738000351042], [77.00633899969277, 28.413725000056523], [77.00619800012575, 28.413722999524865], [77.0046790001843, 28.41179500037958], [77.00434299972531, 28.41134899996209], [77.00431099993824, 28.410235000087134], [77.00356799977347, 28.4101869999569], [77.00360200010869, 28.409609000038657], [77.0029569998532, 28.409604000095303], [77.00294700070579, 28.409052000317004], [77.00296499935082, 28.408954000711272], [77.00296699989897, 28.408471999895642], [77.00298199996756, 28.40796700058665], [77.00220399964269, 28.407969999966912], [77.00163799992826, 28.40685699965238], [77.00155200061286, 28.406687999732803], [77.00073699957979, 28.40349300008751], [77.00050800014924, 28.402529999883242], [77.00051178295489, 28.402524956145722], [77.00051399999703, 28.402522000071347], [77.0048640001322, 28.401600999911476], [77.00943500020034, 28.401158999993072], [77.009446000071, 28.401164000335], [77.00944299969792, 28.40115800039879], [77.01049899985715, 28.401055999850925], [77.01244829461635, 28.401015282732704], [77.01365800011389, 28.40099000046666], [77.01540500055934, 28.400951000416114], [77.01623600058765, 28.400934000166718], [77.01623711988847, 28.40093496025338], [77.01624300026033, 28.40094000011561], [77.01905600001238, 28.400887000160246], [77.02313799946066, 28.400808999968937], [77.03005000017603, 28.40094399929115], [77.03091100034159, 28.400950000029685], [77.03359899952186, 28.40097400060976], [77.03684599964217, 28.40099399964034], [77.03686599973365, 28.400995000026366], [77.03686893722461, 28.400995085367352], [77.04157200041932, 28.401131000286576], [77.04315700048303, 28.401233999565648], [77.04488019737003, 28.40134551780191], [77.04493400016736, 28.401349000176793], [77.04636799972003, 28.401804999859802], [77.04761800004799, 28.402187999484294], [77.04840700024347, 28.402434000520383], [77.04968900035851, 28.402896999691098], [77.05116499974395, 28.403574999749743], [77.0513466732304, 28.40365457983421], [77.05163299954908, 28.403780000208034], [77.0526679997919, 28.40417399977084], [77.05490499978379, 28.405020000479404], [77.05491081008705, 28.405845214855038], [77.05491131494023, 28.40591682370473], [77.0549209996773, 28.40729199958919], [77.05424000033514, 28.407298999504565], [77.05422300061669, 28.407874000002334], [77.05365500035413, 28.407863999951644], [77.05365600017903, 28.40847100037034], [77.05258499995125, 28.408504000502987], [77.05258199957817, 28.408346000373257], [77.05238400010975, 28.408341000370285], [77.05201700058697, 28.408348000216336], [77.05142399931172, 28.408356999904818], [77.05142400021005, 28.408385999598224], [77.05142299948682, 28.408435000070234], [77.05141299944107, 28.409381000644263], [77.05141800036226, 28.409662999885708], [77.05141899928884, 28.409740999879592], [77.05141900018717, 28.409922999641896], [77.05141900018717, 28.410132000077198], [77.05228299982743, 28.41011699953044], [77.05228399965235, 28.410025000344426], [77.05284699989207, 28.410023000532988], [77.05285399956475, 28.410024000043645], [77.05284500024223, 28.411099999792537], [77.05351699936357, 28.411099000292033], [77.05351300006392, 28.41166100015743], [77.05281099990705, 28.411662000442753], [77.0528080004323, 28.412203000129942], [77.05280399933604, 28.413067000083167], [77.05279700056164, 28.413856000033963], [77.05175354178213, 28.413847133549222], [77.05138600057519, 28.413799000739182], [77.05139099969978, 28.413554000288496], [77.05139400007282, 28.413254999702616], [77.05139800027077, 28.413045999899033], [77.0514130003394, 28.412182000564588], [77.05041800027958, 28.412180000003772], [77.05003899926456, 28.412180000003772], [77.04799200014179, 28.412157000662756], [77.04378899942138, 28.412105999770116], [77.04202830595608, 28.41170940731873], [77.04153899990902, 28.413403000092856]]]}}, {"type": "Feature", "properties": {"OBJECTID_1": 12, "OBJECTID": 12, "Ward_No": "14", "SHAPE_Leng": 15124.9590517, "Shape_Length": 17227.893473743166, "Shape_Area": 7570235.814685266}, "geometry": {"type": "Polygon", "coordinates": [[[77.0538210000355, 28.42471799947987], [77.05379400027131, 28.42445500000414], [77.0542800696884, 28.424452324208655], [77.05470200029251, 28.42444999997173], [77.0547030001174, 28.42472300028962], [77.05534700054797, 28.424713999621883], [77.05533999997695, 28.424705999905495], [77.05473400007955, 28.42397500055612], [77.05400800053154, 28.423058000408833], [77.05398000004416, 28.4229819995198], [77.05395699957961, 28.42275799961751], [77.0553579995203, 28.422754000475543], [77.0561159997537, 28.422765000090727], [77.05621799986092, 28.422776999885095], [77.05621799986092, 28.422806000370077], [77.05647000065431, 28.422813000050077], [77.05646999975602, 28.422871999591738], [77.05676100000913, 28.4228730005612], [77.05675700070948, 28.422948999948392], [77.05764491350261, 28.422963578381324], [77.05815800065021, 28.422972000105627], [77.05817600019355, 28.42155599941794], [77.05880299910902, 28.421568000139363], [77.05881599952782, 28.420984000319873], [77.05887200050265, 28.420559000168478], [77.0588690001296, 28.420435999832367], [77.05955000037005, 28.42044000064201], [77.0595459992738, 28.420614000163365], [77.05965499995206, 28.420614000163365], [77.06025500000167, 28.420620999988284], [77.06024899925559, 28.420726999876404], [77.06023399918696, 28.421003000115782], [77.06091600015068, 28.42101600030683], [77.06091199995271, 28.419317999885692], [77.06120900005364, 28.41932000031168], [77.06120999987853, 28.419341000041694], [77.06157399992661, 28.419334999554916], [77.06157100045188, 28.419401000150323], [77.06231299989341, 28.419397000091454], [77.06230299984767, 28.420869999892744], [77.06159800021607, 28.420868999694402], [77.06159300019318, 28.421545999869068], [77.06231399971833, 28.421556999609795], [77.06232399976406, 28.42185200048914], [77.06293500058264, 28.42136599992771], [77.06543100014228, 28.419454000323338], [77.06504100015495, 28.41946100022495], [77.06505799987339, 28.41832100010356], [77.06592999990957, 28.418346999562523], [77.06594099978022, 28.418361999733698], [77.06609299921787, 28.4185750001967], [77.06649000067455, 28.41857299975667], [77.06649600052233, 28.416574000073055], [77.06684500050179, 28.416565000292707], [77.06683499955773, 28.416031999557863], [77.06651300024077, 28.416029999859866], [77.06650999986773, 28.415742000288727], [77.06717900041262, 28.415743000535503], [77.06717800058772, 28.415527999408837], [77.07060500063311, 28.41555400034368], [77.0710610007427, 28.415143999566435], [77.07119999976153, 28.414993999521418], [77.07137300001389, 28.414836000381936], [77.07170500027493, 28.41467799942656], [77.07297599962097, 28.413621000013364], [77.07337400000422, 28.413302999232567], [77.07406600011534, 28.412743999424038], [77.07455500073519, 28.412359000269817], [77.07580328797592, 28.412811803989424], [77.07612201383198, 28.412782139448044], [77.07618269233448, 28.41279995002545], [77.07625051963, 28.41276866181187], [77.07648392080546, 28.4127392445618], [77.07673718013855, 28.412707322664478], [77.07680539999785, 28.412698723929875], [77.076933219483, 28.412682612855924], [77.07708524946337, 28.41266007267641], [77.07729506716765, 28.412628965356102], [77.0774192367978, 28.412610555848282], [77.07754208410786, 28.412592341493927], [77.07761562199364, 28.412581438795318], [77.07810094940231, 28.412487889186437], [77.07829743341281, 28.412450016113294], [77.07839716707059, 28.41242857018531], [77.07848027920069, 28.412410698707028], [77.07878239880041, 28.41234573274896], [77.0789789465913, 28.41230346740364], [77.07940813468463, 28.41221117619557], [77.07946378801141, 28.412199208388422], [77.07966045797322, 28.41215691533075], [77.07992917461739, 28.4121110951988], [77.08014546288668, 28.41207421358111], [77.0803425586499, 28.41204060538445], [77.08056135860872, 28.41200357678135], [77.0807626027919, 28.41196951898827], [77.08082725813615, 28.411958351537837], [77.0810078608308, 28.41192715630892], [77.08102465752998, 28.411924291359902], [77.08150918543802, 28.41185255620256], [77.08154093549342, 28.411847855027993], [77.08170705105746, 28.41182309682201], [77.08219188708765, 28.411804958183136], [77.08232255602887, 28.411800069749493], [77.08239092231356, 28.411797511361165], [77.0823991993906, 28.411797384942936], [77.08297212691251, 28.411788620210576], [77.0830750882171, 28.411787044723567], [77.08375984700874, 28.411806818900903], [77.08384538818333, 28.4118209311207], [77.08397531601447, 28.412010619841507], [77.08399136082376, 28.41218005215108], [77.08407014487081, 28.412595636243534], [77.08412998883841, 28.412851261095565], [77.0841317333667, 28.412945267854347], [77.08413249064645, 28.413042439688308], [77.0842631649776, 28.41380117825157], [77.08426376145894, 28.41383126363007], [77.08426893485665, 28.414092057472505], [77.08427285061298, 28.41412005296333], [77.08430393591506, 28.41434227367441], [77.0843064574861, 28.41436029889522], [77.08431062926226, 28.414390122593634], [77.08452956666329, 28.41476654898141], [77.08454280783059, 28.414880507784304], [77.08454866484625, 28.414930906872144], [77.08472489274541, 28.415419561638938], [77.08474363160227, 28.415471520100745], [77.08474117560826, 28.415496580056818], [77.08474365316182, 28.415501018760818], [77.08476083254332, 28.415604904765644], [77.08476654942179, 28.41563947494496], [77.08480722334122, 28.415885427361832], [77.08481953565051, 28.415959877672094], [77.08498430284327, 28.416499181227827], [77.08503946568992, 28.41662565062816], [77.08504833116349, 28.416674263310608], [77.08511299998247, 28.41667400021483], [77.08510699923636, 28.4167569993917], [77.08513699937359, 28.41701700069471], [77.0851570003634, 28.41708700051101], [77.08519699964806, 28.417156999490963], [77.08524899952657, 28.417201000270833], [77.08539900021275, 28.41725000061502], [77.0854129995581, 28.418087999379622], [77.08542000012912, 28.41816200017373], [77.0854213970094, 28.418176247438048], [77.08547834301187, 28.4183490979749], [77.08549960433801, 28.418413636775618], [77.0855313112743, 28.41850987921738], [77.08557988138506, 28.41865730894895], [77.08559853759688, 28.418713938249816], [77.08575023520059, 28.419174796308216], [77.08575739657006, 28.41919642574372], [77.08577661961881, 28.419254481601257], [77.08588968697038, 28.419736197118844], [77.08589938338554, 28.41977750590228], [77.08590344736388, 28.419794821519385], [77.08590029517558, 28.41991757847392], [77.08589814550709, 28.419919604960313], [77.08583771404128, 28.419956149653334], [77.08571864055374, 28.42002815820987], [77.08567596159462, 28.420053966847078], [77.08556277656376, 28.42012387221966], [77.08535895601229, 28.42023422262539], [77.08524127760839, 28.420312143728975], [77.08520999377863, 28.42033190841393], [77.08504074578923, 28.42043884163972], [77.08501773454488, 28.420453380915873], [77.08469405178509, 28.420662399281944], [77.08460188643356, 28.420713256215418], [77.08436267764984, 28.420836853504444], [77.08433169206072, 28.420852863791985], [77.08430807804686, 28.420868164615698], [77.08410151314222, 28.42100200781916], [77.08368510178722, 28.421264247161258], [77.08368499668433, 28.421264294563866], [77.08344530909851, 28.421372191489624], [77.08338802353288, 28.42140434225728], [77.08320764721368, 28.42150557820204], [77.0831673389086, 28.421530363375847], [77.08307310833023, 28.42158830576781], [77.08300237678137, 28.421614626761006], [77.08294414888297, 28.42163629678017], [77.08289958525836, 28.421664159129794], [77.08284263745924, 28.421691599590734], [77.08244622080582, 28.421882615276203], [77.08232722637004, 28.421939953096256], [77.08207722792142, 28.4220493069522], [77.0820284269436, 28.42206709384993], [77.08188435962992, 28.422133671839074], [77.08187275698972, 28.42213903381765], [77.08187098102039, 28.422139523640336], [77.08164731039612, 28.42220119071938], [77.08152326293683, 28.42223539058841], [77.08120374746166, 28.422401700122236], [77.08119536887499, 28.422406061113364], [77.08115377867398, 28.422427709639628], [77.08096821727898, 28.42252429367735], [77.08053946666521, 28.422747459010232], [77.08039123027031, 28.42283203506918], [77.08038066698089, 28.422836655962932], [77.08028941072443, 28.422869179970576], [77.07995830069385, 28.423010161726683], [77.07961016219876, 28.423181199946086], [77.07952336787433, 28.423227847187988], [77.07948226905177, 28.423249935591976], [77.07893161076575, 28.423545884525435], [77.07866465841276, 28.423704215119134], [77.07825355340613, 28.42394804102109], [77.0780024733859, 28.424081991723963], [77.07782679615399, 28.424225183923845], [77.07757429320235, 28.424260216610925], [77.07689462965502, 28.424542396645585], [77.07680936426321, 28.424544630028358], [77.07669058991466, 28.42461655172209], [77.07621496251443, 28.424824572768006], [77.07553469260428, 28.425061757595277], [77.07538153254328, 28.425125493599655], [77.0753800000174, 28.42526999976007], [77.07462900035506, 28.42561800002018], [77.07422500012402, 28.425770000328722], [77.0741472527328, 28.425679882325728], [77.07399063505628, 28.425903609812465], [77.07390960342437, 28.426019360216184], [77.0737769977154, 28.426239209635995], [77.07364248757801, 28.426462214666543], [77.0735780873553, 28.426568982119516], [77.07327356116892, 28.42711819273921], [77.07318349518023, 28.427280624400687], [77.07311413446051, 28.427347525379957], [77.07282950955096, 28.42766952717669], [77.07279132486318, 28.427699848773162], [77.07276191851236, 28.42777968406834], [77.07268965982753, 28.427834980509537], [77.07256112258845, 28.428041010769256], [77.07251870234411, 28.428109006196905], [77.07247388629291, 28.428180840149718], [77.0724647288669, 28.428219654005698], [77.07237961529034, 28.42858040288381], [77.07235441844496, 28.428728819505277], [77.07233883626803, 28.428766141664607], [77.07225730068126, 28.42896143499677], [77.07226084453507, 28.429028253545166], [77.07226405331727, 28.42908875296367], [77.07227466601401, 28.42931168958186], [77.07227659290032, 28.429352160406996], [77.07226884223603, 28.429584498825115], [77.07228024455193, 28.429856175325217], [77.0722837812192, 28.429940417073354], [77.07227046010188, 28.43011254295288], [77.07180186381538, 28.43025676028331], [77.07173715008062, 28.430276448063857], [77.07127843256731, 28.430415997999738], [77.07112140256406, 28.430463768556965], [77.07111730265311, 28.430466997972587], [77.07112277698646, 28.43047936344193], [77.07118747634816, 28.430573632620074], [77.07125225296497, 28.43066801310038], [77.07129404888019, 28.430728909727673], [77.07134506061193, 28.430835553590892], [77.07134542083637, 28.430836308013856], [77.07160778459487, 28.43138478946931], [77.07169092996263, 28.43155860668746], [77.07171900141692, 28.43159893445949], [77.07179128884786, 28.431702780179158], [77.07186238780763, 28.431804919473723], [77.07187111494063, 28.43181592604801], [77.07196497810801, 28.431934302144324], [77.07215645940072, 28.432175788180253], [77.07217766682797, 28.432209431063573], [77.07235083147202, 28.432484127159746], [77.0723929292212, 28.432550908725865], [77.07249752366297, 28.432716829982095], [77.07255862437364, 28.43280802581447], [77.07255922983816, 28.43280892952523], [77.07269535694304, 28.433012107842394], [77.07270979556459, 28.433033658614907], [77.07278517679336, 28.433146169517315], [77.07293185461128, 28.433369512313607], [77.07307220918788, 28.43358322592394], [77.07308995001642, 28.433610238301355], [77.07322393463936, 28.43380010285069], [77.07325410725315, 28.43384285965243], [77.07345889349352, 28.434133055011056], [77.07353374920783, 28.434239130632193], [77.07359792664836, 28.434335274951692], [77.07375143705232, 28.434565251556783], [77.07380837047839, 28.43466524260299], [77.07382216051631, 28.434682629249437], [77.07386047366317, 28.434730930301978], [77.07413366032421, 28.435231637406996], [77.07420551386885, 28.43536387783291], [77.074236496763, 28.435420897904624], [77.07443740497632, 28.435780562142664], [77.07446909843785, 28.435856686550565], [77.07466437601092, 28.436237092117317], [77.07467642601215, 28.43626056650542], [77.07471294702005, 28.436329178327377], [77.07503208340619, 28.436878267993226], [77.0750822668912, 28.436984906449148], [77.07512385080405, 28.437053314790628], [77.07535122338561, 28.43742735638931], [77.07558698353698, 28.437738609879908], [77.07558844958751, 28.437741809846457], [77.0756414690539, 28.437857522814983], [77.07568350931086, 28.43792505299248], [77.07569213313761, 28.4379389057971], [77.07570455593967, 28.43797681477721], [77.0758141243532, 28.438277692683187], [77.07588214658315, 28.43852436345845], [77.07593278551403, 28.43870799230641], [77.07593933962232, 28.438731759203918], [77.07594114523606, 28.438738305210705], [77.07586480191162, 28.43877996519838], [77.07574685311482, 28.438844328820192], [77.0756003792145, 28.438924257606438], [77.0751760635833, 28.43915580089662], [77.07505908676364, 28.439219632680977], [77.07504806802834, 28.43922564546893], [77.07498305066301, 28.43926735186932], [77.07495129791268, 28.439287721244327], [77.07490760655223, 28.439317698271424], [77.07458074285798, 28.439541967239887], [77.07451311768338, 28.439588366349312], [77.0743703655033, 28.43968631232223], [77.07434287975055, 28.43970516973749], [77.07421505846875, 28.43984449949397], [77.07418610486883, 28.439898007607344], [77.07417439802406, 28.439909958064945], [77.07410932316655, 28.439980071496397], [77.07398094852257, 28.44014055131509], [77.0738405858611, 28.440272802983248], [77.07367881095655, 28.440425230116528], [77.07353024667654, 28.440557843202566], [77.07349416135158, 28.440590053703822], [77.0734026104477, 28.440679877806158], [77.07334971674545, 28.440727962058542], [77.0731528725105, 28.440856787999508], [77.0731329424876, 28.440867641182145], [77.07298980493023, 28.440917882556317], [77.07289128759135, 28.4409429404377], [77.07230410200923, 28.441092289963922], [77.07227068827393, 28.44109038236717], [77.07227590838407, 28.44106501172215], [77.07218794804638, 28.44087932296529], [77.07202509246851, 28.440535524600705], [77.07199748634154, 28.440442536826414], [77.0716611696756, 28.440390744652074], [77.07162756549742, 28.440385570014666], [77.07130282721715, 28.44033555903868], [77.07094506686705, 28.440252316102598], [77.07062269205431, 28.44017730703935], [77.07044126740121, 28.440156824879622], [77.07026209751946, 28.440164298143223], [77.0702473759286, 28.440164911897124], [77.07019878335994, 28.44016001134469], [77.06973999937128, 28.43969599972434], [77.06965400005588, 28.43960999951243], [77.06957799988788, 28.439531000174664], [77.06827800022954, 28.438192000175807], [77.06816600007653, 28.438057999398218], [77.06798100012861, 28.437835999882235], [77.0679170005545, 28.4377519998158], [77.06782299994487, 28.437629000500962], [77.06763700017206, 28.437348999998957], [77.06753000004191, 28.437212000391735], [77.0674239997367, 28.43710999981368], [77.06729299931712, 28.436983999614345], [77.06661600017294, 28.43750100004747], [77.06545099933547, 28.438388999708028], [77.06486100022991, 28.438839000074324], [77.06403699987428, 28.439468000350555], [77.06367500037437, 28.439741999864097], [77.06335707671384, 28.439982691606048], [77.06325100005182, 28.44006299947547], [77.06311899980737, 28.439931999542544], [77.0622579996418, 28.439076999487142], [77.06191999953302, 28.438740999602885], [77.06125300043456, 28.43806300036757], [77.06121999992429, 28.43802899993268], [77.05962800018786, 28.439234999571646], [77.05895899964297, 28.438553000217656], [77.05875099923051, 28.438330999370585], [77.05820700015569, 28.438752999955668], [77.05691299944681, 28.439729000393292], [77.05689000077889, 28.440783000546283], [77.05598799970717, 28.4415760000953], [77.05481899957006, 28.44037299953892], [77.05471399998805, 28.440265000338492], [77.05296400006792, 28.438474000090604], [77.05263300053012, 28.438130999624747], [77.05194800009168, 28.437421999924755], [77.05157200034805, 28.43703200023459], [77.05152399976915, 28.436981999522192], [77.05125800052868, 28.436705999872537], [77.04974399971177, 28.435134000126148], [77.04930100002098, 28.434677000115602], [77.05045299954135, 28.433861000045482], [77.0510890004743, 28.433382999966607], [77.05145599999709, 28.433106000325846], [77.052266000109, 28.432496000248754], [77.05389499965534, 28.431255000083038], [77.05396000085098, 28.431205999901312], [77.05726200032458, 28.42871499946439], [77.05843700030944, 28.427819000507732], [77.05805800019276, 28.427444999995547], [77.05527500057794, 28.42838299957525], [77.05419099993132, 28.42874799960823], [77.05373600054497, 28.426801999728674], [77.05366500039989, 28.426448000117464], [77.05384399960171, 28.425781000420542], [77.05390499970105, 28.425502000323906], [77.0538210000355, 28.42471799947987]]]}}, {"type": "Feature", "properties": {"OBJECTID_1": 13, "OBJECTID": 13, "Ward_No": "15", "SHAPE_Leng": 24048.0454033, "Shape_Length": 27384.378388655634, "Shape_Area": 17149806.765831187}, "geometry": {"type": "Polygon", "coordinates": [[[77.05815800065021, 28.422972000105627], [77.05764491350261, 28.422963578381324], [77.05675700070948, 28.422948999948392], [77.05676100000913, 28.4228730005612], [77.05646999975602, 28.422871999591738], [77.05647000065431, 28.422813000050077], [77.05621799986092, 28.422806000370077], [77.05621799986092, 28.422776999885095], [77.0561159997537, 28.422765000090727], [77.05612400014961, 28.422274999820196], [77.05553999999351, 28.42226399936405], [77.05553899927027, 28.42172799988489], [77.05463400052045, 28.421713000190582], [77.05463100014741, 28.421473000052643], [77.05465000041394, 28.42038800037543], [77.0554339996883, 28.42038399956381], [77.05543799988624, 28.420136999716924], [77.05629599967872, 28.42014099974783], [77.05626300006679, 28.419815999707414], [77.05362799969164, 28.41982300037513], [77.05362899951655, 28.420352999589042], [77.052891000273, 28.420333999676483], [77.05288099932893, 28.419852999507068], [77.05254999979114, 28.419822999585104], [77.0524350001634, 28.420080000642788], [77.05209000038191, 28.42080199981515], [77.05202300043476, 28.42097700051896], [77.05201400021394, 28.42105699968344], [77.05203099993237, 28.421140999570646], [77.05131700007992, 28.420738999901793], [77.05130399966112, 28.42073399969384], [77.05130499948606, 28.420604999936312], [77.05130800075739, 28.420450999707583], [77.05132700012567, 28.419670999428323], [77.05065800047907, 28.419670000008722], [77.05064700060842, 28.418679999543993], [77.04998200026147, 28.418676999676954], [77.04997999971333, 28.41981100024595], [77.04960399996969, 28.419805999994207], [77.0495830000533, 28.420052000407214], [77.04957000053281, 28.42020599963621], [77.04956100031198, 28.420306000298133], [77.0479090003011, 28.420295000427462], [77.04793900043833, 28.419691000459373], [77.04713000015136, 28.419700999393367], [77.04590400011283, 28.41971699958196], [77.04591399926025, 28.41909200049165], [77.0453519997438, 28.418924000559606], [77.04470199946545, 28.418701000191014], [77.04508400085349, 28.419346999738064], [77.0446349995183, 28.419567000484378], [77.04280799960526, 28.420463999966405], [77.04229299994442, 28.41963099972504], [77.04227100020314, 28.419595000058166], [77.0436200299097, 28.418983504746738], [77.0444439997226, 28.4186099999907], [77.04428999973679, 28.418555999965093], [77.04424199915792, 28.418537999950455], [77.04399099998605, 28.41844900005249], [77.04363699998373, 28.418323999980675], [77.04289700019201, 28.418063000081904], [77.04268200010686, 28.41798200000977], [77.04174999979622, 28.417657000453012], [77.04094199933415, 28.417374999584442], [77.04092600033894, 28.417368999776336], [77.04041199960474, 28.41719599989585], [77.040917999943, 28.41552499945249], [77.04140400018981, 28.413869999786723], [77.04153899990902, 28.413403000092856], [77.04202830595608, 28.41170940731873], [77.04378899942138, 28.412105999770116], [77.04799200014179, 28.412157000662756], [77.05003899926456, 28.412180000003772], [77.05041800027958, 28.412180000003772], [77.0514130003394, 28.412182000564588], [77.05139800027077, 28.413045999899033], [77.05139400007282, 28.413254999702616], [77.05139099969978, 28.413554000288496], [77.05138600057519, 28.413799000739182], [77.05175354178213, 28.413847133549222], [77.05279700056164, 28.413856000033963], [77.05280399933604, 28.413067000083167], [77.0528080004323, 28.412203000129942], [77.05281099990705, 28.411662000442753], [77.05351300006392, 28.41166100015743], [77.05351699936357, 28.411099000292033], [77.05284500024223, 28.411099999792537], [77.05285399956475, 28.410024000043645], [77.05284699989207, 28.410023000532988], [77.05228399965235, 28.410025000344426], [77.05228299982743, 28.41011699953044], [77.05141900018717, 28.410132000077198], [77.05141900018717, 28.409922999641896], [77.05141899928884, 28.409740999879592], [77.05141800036226, 28.409662999885708], [77.05141299944107, 28.409381000644263], [77.05142299948682, 28.408435000070234], [77.05142400021005, 28.408385999598224], [77.05142399931172, 28.408356999904818], [77.05201700058697, 28.408348000216336], [77.05238400010975, 28.408341000370285], [77.05258199957817, 28.408346000373257], [77.05258499995125, 28.408504000502987], [77.05365600017903, 28.40847100037034], [77.05365500035413, 28.407863999951644], [77.05422300061669, 28.407874000002334], [77.05424000033514, 28.407298999504565], [77.0549209996773, 28.40729199958919], [77.05491131494023, 28.40591682370473], [77.05491081008705, 28.405845214855038], [77.05490499978379, 28.405020000479404], [77.0526679997919, 28.40417399977084], [77.05163299954908, 28.403780000208034], [77.0513466732304, 28.40365457983421], [77.05116499974395, 28.403574999749743], [77.04968900035851, 28.402896999691098], [77.04840700024347, 28.402434000520383], [77.04761800004799, 28.402187999484294], [77.04636799972003, 28.401804999859802], [77.04493400016736, 28.401349000176793], [77.0457320005837, 28.39837500008099], [77.0461629996806, 28.39844399995366], [77.04675300058278, 28.398412999878985], [77.0467619999053, 28.39791799944648], [77.04814400047776, 28.39787899984574], [77.04807300033264, 28.39845600013309], [77.05175200027311, 28.398495000311673], [77.05175200027311, 28.396597999633176], [77.05317800032817, 28.39656799944636], [77.05328399973503, 28.396502000427848], [77.05354234712593, 28.396423119065176], [77.05373103286146, 28.396365506655634], [77.05390300005125, 28.396312999886113], [77.05404464281199, 28.39625076299252], [77.05404366634328, 28.396249135909546], [77.05403394747022, 28.39623294094026], [77.053989313777, 28.39615117661667], [77.05405522496604, 28.396131429545953], [77.05406649253466, 28.396128053680737], [77.05442838872834, 28.39601962766109], [77.05463420174306, 28.395928086421556], [77.05506356141458, 28.39572447185693], [77.0550979525169, 28.39570816301385], [77.0551487208052, 28.395684086959136], [77.05517074480102, 28.395684014257622], [77.05518303734736, 28.39568397316544], [77.05536194402272, 28.395617566625713], [77.05588748541338, 28.395422493914804], [77.05600634150865, 28.395378375035875], [77.05613430292759, 28.395350390396967], [77.0561271505413, 28.395314193611213], [77.05609806039746, 28.395166973202453], [77.05609189885294, 28.39513579278516], [77.05604873839678, 28.39486334997258], [77.05601043872463, 28.394621580492224], [77.05600557883893, 28.39459090724994], [77.0559905518209, 28.394480871513437], [77.05598915763557, 28.39447066947697], [77.05600549709227, 28.39447135382738], [77.05664034099513, 28.39449794075894], [77.05669181625754, 28.394497770066494], [77.05703499335733, 28.3945117747482], [77.05737816866046, 28.394525778637792], [77.0577720879974, 28.394380679728396], [77.0579599948936, 28.394311463844307], [77.05796005328408, 28.394296600930826], [77.05796027426965, 28.394240445366876], [77.05796089141224, 28.39408404397101], [77.05796106748203, 28.394039243342732], [77.0580988510803, 28.393539521285344], [77.05811151912246, 28.393493572193247], [77.05820827217012, 28.39299488832771], [77.05821735952756, 28.39294804838291], [77.05829698709263, 28.39273949215517], [77.05830883407462, 28.392697985536742], [77.05830853852888, 28.39265798038944], [77.05831028665042, 28.392652383792743], [77.05832085982134, 28.3926185331483], [77.05832376676958, 28.392609224713084], [77.05833613477441, 28.392569628885486], [77.0583412767311, 28.39255316782756], [77.05837262793449, 28.392452796412307], [77.05838839875764, 28.392402306814684], [77.05840547123961, 28.392312659863034], [77.05842275123241, 28.39231253816313], [77.05847162048217, 28.39231219440042], [77.05874862138992, 28.392310246411782], [77.05895947844499, 28.392299326611056], [77.0590741124584, 28.39229339018397], [77.0593275721158, 28.39221849571075], [77.05943480940118, 28.392186808659698], [77.05979411395526, 28.392050779535673], [77.06001365322756, 28.391967663009197], [77.06012085907189, 28.391927075953465], [77.06069958701555, 28.39174630653921], [77.06074947854813, 28.391730722545827], [77.0608069509634, 28.391712770920595], [77.06138541929397, 28.391544850847282], [77.06149305453299, 28.391513605353044], [77.0615254334091, 28.391503491540657], [77.06189715088378, 28.39138737861495], [77.06193988374183, 28.391374030231567], [77.06207130008139, 28.39133297985244], [77.0621791410346, 28.391299293162117], [77.06275706588444, 28.391144283829718], [77.06279815572384, 28.391133262754607], [77.06286525448567, 28.39111526519262], [77.06310787596921, 28.391060901852534], [77.06344267897389, 28.39098588243631], [77.06355139847946, 28.390961521602314], [77.06412820672341, 28.39084500583555], [77.06423755504967, 28.390822916995994], [77.0645019004917, 28.390809840394486], [77.06458022010975, 28.390805966489506], [77.06465180775308, 28.3907806114539], [77.06481363925148, 28.390723293909495], [77.06492370982326, 28.390684309837624], [77.06493915904952, 28.39068016565529], [77.06549941673266, 28.390529881246408], [77.0656098142912, 28.390500268156185], [77.06618533165603, 28.390307766272116], [77.06629586755511, 28.390270792505273], [77.06632534217792, 28.390262018879653], [77.06655314774744, 28.390194203044008], [77.0668270216197, 28.390118874807023], [77.06687113967992, 28.390106740917364], [77.06696474503083, 28.390080995318318], [77.06698195585335, 28.390076260776425], [77.06755688751666, 28.38991812490071], [77.06761121223516, 28.389903183133782], [77.06760834660943, 28.389886871024206], [77.06757883874897, 28.389718871401573], [77.06757092099805, 28.389659849441912], [77.06756257564905, 28.38959764815576], [77.06755813617492, 28.38954084286329], [77.06755182281509, 28.389442249097705], [77.06754551933678, 28.389343803023035], [77.06753727819232, 28.389215089054197], [77.06753369121942, 28.389159073049058], [77.06753108071518, 28.389118290508403], [77.06752994434635, 28.389100551817172], [77.06752272907801, 28.388987860559528], [77.06749504569589, 28.38855550090913], [77.06744299102012, 28.388010507261], [77.0674407982325, 28.388001842508515], [77.06743238820484, 28.387968609177257], [77.06740460151646, 28.387858810766765], [77.06740233057542, 28.38784983462669], [77.06730515172629, 28.38746580638172], [77.06717122998543, 28.38701518304824], [77.06714901914003, 28.386926559720255], [77.06706948320308, 28.386739971489163], [77.06694379182683, 28.386445095693173], [77.06684841769314, 28.386238978986306], [77.06674545908346, 28.386006205648098], [77.06671691691196, 28.385941673975232], [77.06670851766404, 28.385922684487298], [77.0666731518896, 28.38586464829818], [77.0666106147728, 28.385762024495158], [77.06641832948793, 28.38544647699717], [77.06638718759196, 28.38539537315256], [77.06627579739506, 28.38521068213698], [77.06627434122596, 28.385208266943405], [77.06626649803525, 28.385197162268433], [77.06610735609276, 28.384971849576498], [77.06606747179245, 28.384915380850376], [77.06604064091154, 28.384849007080327], [77.06601607917503, 28.38478824608718], [77.06595405499625, 28.38469761586654], [77.0657142461379, 28.38434720900158], [77.0656837177913, 28.38430260104778], [77.06564409669735, 28.38423549663914], [77.0656444865662, 28.384235244527282], [77.06564497255476, 28.38423493077055], [77.06569857592609, 28.38420022626421], [77.06628525396005, 28.383820391686537], [77.06628902778255, 28.383817082606658], [77.06635402538494, 28.38376009086217], [77.0664251701588, 28.383706472976954], [77.06640079706851, 28.383675566592274], [77.06639072336093, 28.38365271517734], [77.0663906236479, 28.383652372176883], [77.06638933726045, 28.383647943993484], [77.06637567119003, 28.38360088574111], [77.06655330674924, 28.383514912679214], [77.0665837084334, 28.383500199204093], [77.06658443696712, 28.383427159735067], [77.06658490858263, 28.383379872980587], [77.06658574401582, 28.383296118185438], [77.06656210035754, 28.383215827326918], [77.06655743630462, 28.38319688239946], [77.06642778695124, 28.382670266436097], [77.06642284981042, 28.382652864927792], [77.06622580255623, 28.38195833708686], [77.0667828882881, 28.381565892521294], [77.06703488279328, 28.38103740957142], [77.06704253554118, 28.381022540845244], [77.06710939445283, 28.380892635210145], [77.06716631440418, 28.38078203912729], [77.06710052179277, 28.38070902623854], [77.06705943285169, 28.380663429612245], [77.06701126608445, 28.380609977714716], [77.0670220422746, 28.38059783957547], [77.06710085776271, 28.3805090583469], [77.06711541316524, 28.38049266180557], [77.06712874146912, 28.380478895537507], [77.06731214690741, 28.38028945939918], [77.0677387541409, 28.37994996931623], [77.06775523732804, 28.379936158718017], [77.0678522769383, 28.379854853665112], [77.06832741385838, 28.37945675185883], [77.06834211299135, 28.379444435757677], [77.06837217511236, 28.379419110409668], [77.06838611696554, 28.379407364940686], [77.06851008267813, 28.379301330034558], [77.06853901921006, 28.379276578450995], [77.0686348937054, 28.379194570265195], [77.06868001518379, 28.37902521562479], [77.06870728983246, 28.378922846021148], [77.06872307862189, 28.378863585686243], [77.06874441899977, 28.378814394501088], [77.06913655787582, 28.37832009528784], [77.0694943586501, 28.377865245725427], [77.0696458963537, 28.37777696330233], [77.06966480139884, 28.377765129130335], [77.06966628811065, 28.377764198077404], [77.0696699352707, 28.377761914705637], [77.06980435916982, 28.377668168381142], [77.06991119580655, 28.377593662713185], [77.06997562387706, 28.37754873181907], [77.07020030869927, 28.377400746953942], [77.07026849621926, 28.377355836527713], [77.0705578157245, 28.377165281177028], [77.07063221689127, 28.377116278103223], [77.0707470108048, 28.377046546690163], [77.07104242088766, 28.376904407520414], [77.07104356983291, 28.376903854258675], [77.07104964603748, 28.376900930665485], [77.07139908888637, 28.37671936027469], [77.07144857977032, 28.37669364541124], [77.07147651288409, 28.376679624939506], [77.071720275228, 28.3765572676135], [77.07173000488083, 28.376552383876966], [77.07192997525298, 28.376435557465452], [77.07204634211658, 28.376367573920852], [77.07234800806707, 28.376191336096227], [77.07241666989752, 28.376152228124575], [77.0728123741869, 28.37595296140358], [77.07310306811453, 28.375806574045463], [77.07346349196946, 28.37561110051628], [77.07364102691736, 28.375521079742906], [77.07378954179003, 28.375444263062395], [77.07447585197217, 28.375115255394686], [77.0747966987506, 28.37494661823672], [77.07516230857965, 28.37475445169516], [77.07558388614585, 28.374528919218857], [77.07570708110394, 28.374463013973962], [77.0757074143789, 28.374463274012946], [77.0760336249979, 28.374524327833846], [77.07666049096274, 28.374368242755924], [77.07671597989784, 28.374353782518345], [77.07749099062944, 28.374094677964422], [77.07811434597812, 28.3743273675835], [77.07866263001685, 28.374522895644155], [77.07876715079678, 28.37443154766895], [77.07924314021807, 28.374075398651357], [77.0794472536203, 28.373939879019037], [77.07988921126535, 28.373605020898186], [77.08071619133277, 28.374379044263605], [77.0808179731494, 28.37445929913095], [77.08128107533959, 28.374717117619777], [77.0812797646976, 28.374764352909448], [77.0812733273703, 28.374996215103966], [77.0812889158354, 28.375064138667657], [77.08133951613874, 28.37528461469735], [77.08142643443067, 28.375244579268294], [77.082248872616, 28.374865755138426], [77.08231745988627, 28.374904175946128], [77.08232823427979, 28.37491021135501], [77.08259363883553, 28.375058881009007], [77.08264377021827, 28.37509551389046], [77.08264370464127, 28.375094933746116], [77.0827154171504, 28.37513005855646], [77.08274858115405, 28.375149913869993], [77.08319522710657, 28.375417321212332], [77.08321863001636, 28.375431332366286], [77.0832836321103, 28.375417012171777], [77.08343505842282, 28.375383649225192], [77.0836518883762, 28.37533587753944], [77.08379899738544, 28.3753034654015], [77.08384705545653, 28.37533148062423], [77.08412138387631, 28.375491396068696], [77.08459469272476, 28.375767299161264], [77.08480811267336, 28.375926539753525], [77.08502770674285, 28.37609670315806], [77.08488644037624, 28.376423181735195], [77.08481988419682, 28.376576997780397], [77.08468509109012, 28.376668204011548], [77.08454242514829, 28.376764737291627], [77.08455840887214, 28.376809969650584], [77.08456521810197, 28.376829238982168], [77.0845981090178, 28.37692231502082], [77.08464243099559, 28.377047740943524], [77.08473422713955, 28.377307514841668], [77.08436948687967, 28.377593865837962], [77.08425836707568, 28.37768110433715], [77.08417163024339, 28.377736600811392], [77.083847712125, 28.377943853203142], [77.08378764717185, 28.377982284751372], [77.08362151004826, 28.37808858337744], [77.083631840674, 28.378141621604293], [77.08368240684136, 28.378401220524232], [77.08369839505679, 28.378506018623394], [77.08372592303034, 28.378686457320697], [77.08372996185587, 28.378712928075945], [77.08373494031918, 28.378745558101816], [77.08376412388782, 28.378760442164054], [77.08376410502319, 28.37876203632034], [77.0837149644822, 28.378774401503023], [77.08370712488473, 28.378934294368882], [77.08370182482454, 28.379011491845567], [77.08371585201769, 28.379110610623393], [77.08373297300871, 28.379231599267698], [77.0837680495256, 28.379479462704413], [77.08381572760932, 28.37977647443494], [77.08383140410933, 28.379874127975942], [77.08385550501009, 28.38002426862808], [77.08387244903298, 28.380160536851434], [77.0838925748886, 28.380321370513258], [77.08391254264073, 28.38048094174661], [77.08394239545424, 28.380684640123253], [77.08394339887242, 28.380691486097923], [77.08395232543138, 28.380782131597655], [77.08396061508483, 28.38086629856712], [77.08398506093869, 28.381114498821013], [77.08400588388697, 28.381411305226024], [77.08401907744354, 28.381599366541703], [77.08402887177509, 28.381659900163942], [77.08403672574562, 28.381704860139575], [77.08408063809163, 28.38195620871132], [77.08412403390638, 28.382204600046247], [77.08412965107186, 28.3822548613519], [77.08415717275722, 28.382501105445026], [77.08416809716937, 28.382598855268604], [77.08418496303885, 28.382749767377334], [77.084188422451, 28.38294688665016], [77.08418975195764, 28.3830227020831], [77.08419016428434, 28.383046155073515], [77.0841945408764, 28.383295636086398], [77.08421772998715, 28.38352218208515], [77.08423705993545, 28.383591156061705], [77.08430682489703, 28.383840101534496], [77.08436782499639, 28.38413586183035], [77.08440831925276, 28.38433220322407], [77.08441910801933, 28.38438456734827], [77.0844345168214, 28.38444177530419], [77.08447835909885, 28.384604554554798], [77.08451919561334, 28.38475617114135], [77.08456562863208, 28.384928565661646], [77.08460138786857, 28.385061326495897], [77.0846291296412, 28.385225273666734], [77.08466635492825, 28.385445263870935], [77.08467106928686, 28.385473124675162], [77.08472669835915, 28.385770095909532], [77.08477308646209, 28.386017729890852], [77.084811049266, 28.386229544332533], [77.08482572055122, 28.386314912191587], [77.08482703298985, 28.38632255126772], [77.08486825937318, 28.38656242872611], [77.08490149973365, 28.386859810236228], [77.0849291965905, 28.38710759419994], [77.08502556156596, 28.38730199702572], [77.08494070760253, 28.387311980840057], [77.08494483985284, 28.387404822444193], [77.08495589721568, 28.387653228676], [77.08495523515731, 28.387821557962823], [77.0849703744648, 28.387949898235025], [77.08497998733664, 28.388031378848133], [77.08499971793356, 28.388198628789073], [77.08502272378799, 28.388668732391874], [77.08502642035538, 28.388744263182133], [77.08502411617665, 28.388911274122833], [77.08502234020737, 28.38904004615121], [77.08502076995224, 28.389153891956294], [77.0850188870834, 28.389290364984546], [77.08502406407439, 28.389585205207215], [77.08502714080421, 28.389760417119856], [77.08502847210748, 28.38983623321281], [77.08501116247028, 28.39013041440823], [77.08499813240708, 28.390351890422696], [77.08500382053947, 28.390382568052765], [77.08506421607262, 28.390675392416835], [77.08507072796012, 28.390706965330388], [77.0851161171365, 28.390927032670533], [77.08512297936696, 28.390966308262456], [77.08516734356557, 28.39122019376502], [77.08521129723412, 28.39147172999094], [77.08522844247963, 28.391516995589967], [77.08526275992011, 28.391607601014897], [77.085192506275, 28.39166244455508], [77.08525440918122, 28.391765052373238], [77.08540524709721, 28.39201507790721], [77.08546241049198, 28.392120463149727], [77.08558505927436, 28.392309050749766], [77.08563334102595, 28.392383286873613], [77.0857261190285, 28.392511190142663], [77.0857267424593, 28.39252634886277], [77.08574403772346, 28.39255644502448], [77.08592581451614, 28.39285301156326], [77.0861562243017, 28.393228919417616], [77.08618021650628, 28.393315833694633], [77.08621688124462, 28.393397148972245], [77.08622130365076, 28.39340695598658], [77.08623234035232, 28.39344252359389], [77.08624852979038, 28.393494694348625], [77.08629390728866, 28.39364092373699], [77.08635068710281, 28.393796797110753], [77.08640345324429, 28.39394165263318], [77.08647749598327, 28.394144914222124], [77.08648107037979, 28.39415472827948], [77.08649181153565, 28.394184214699838], [77.08653272800022, 28.394320154949384], [77.08657347378487, 28.394456097395288], [77.08665476502986, 28.39472560708959], [77.08665547919053, 28.394727974651865], [77.08665990249497, 28.394739145499003], [77.08667814458346, 28.394785217328653], [77.0867959029374, 28.395082618445176], [77.08687050622511, 28.395271030874007], [77.08689098422035, 28.395312722190475], [77.08701978915738, 28.395574964288475], [77.08704809686861, 28.39563259925428], [77.08713689353779, 28.395813384957467], [77.08726770531116, 28.396119251301414], [77.08736904515665, 28.396356204871342], [77.08742506050453, 28.396480096100042], [77.0875080136328, 28.396663563177025], [77.08753836590964, 28.396730693698782], [77.08757913774542, 28.396760620348555], [77.08761746885861, 28.396788756338434], [77.08768679634068, 28.396897854842845], [77.08786184295525, 28.397166982181954], [77.08788811777897, 28.397207378368034], [77.08799859888083, 28.39737723815627], [77.08803879130326, 28.397439033445085], [77.08817111494126, 28.39767988853666], [77.08822174668559, 28.39775135829487], [77.08826681067185, 28.397814968496416], [77.08838394200171, 28.39798030648049], [77.08858542513681, 28.398295229540686], [77.08861355408328, 28.398339195484244], [77.0887085518229, 28.398521858067056], [77.08889356614387, 28.398839297918567], [77.08895459229439, 28.398944005487806], [77.08895988786297, 28.398953088947145], [77.08907027284512, 28.3991415766767], [77.08895486268729, 28.39915421289463], [77.0889031763208, 28.399159870784203], [77.08845536255838, 28.399208897649206], [77.08803710965708, 28.399497518232238], [77.08791527564667, 28.39958084536993], [77.08772220343756, 28.399726977858254], [77.08771076069748, 28.399735655875954], [77.08758303014555, 28.399832513473363], [77.0875706845986, 28.39984187579817], [77.08748574260031, 28.399934625037066], [77.08734365786842, 28.40008976612052], [77.08730216917704, 28.400135890147986], [77.08716341090668, 28.400283466355827], [77.08715268502216, 28.400294893432257], [77.08697495963142, 28.400484232979366], [77.08678211649276, 28.400689675606152], [77.0867711696227, 28.40070133258596], [77.08642865188634, 28.40097359603019], [77.08638350974665, 28.401009479546424], [77.08637772100299, 28.40101408005712], [77.08636090903245, 28.401028935706982], [77.08620230428252, 28.40116908048618], [77.085891463838, 28.40131165571058], [77.08590722837293, 28.401404826415348], [77.08595920489526, 28.401712010460173], [77.08605190115111, 28.40210668067918], [77.08625571271942, 28.402883848721974], [77.08627237467131, 28.40299697560748], [77.08627498876876, 28.40301967903979], [77.0862829604186, 28.40308893348632], [77.0863320605354, 28.403496626993935], [77.08629891898964, 28.403566773236474], [77.08628575507744, 28.403594635599084], [77.08642341560655, 28.403708724157717], [77.08650551892856, 28.403777746632997], [77.0867352936052, 28.403970912291502], [77.08702387739022, 28.40423930972377], [77.08708748619716, 28.404313397630766], [77.08725683569621, 28.404510640370372], [77.08749428468033, 28.404851730903026], [77.08753547962262, 28.404910905596257], [77.08763392240134, 28.405052316614846], [77.08769964674077, 28.405165308437553], [77.08773710738643, 28.405232409868493], [77.08781095069945, 28.405391445012775], [77.08794862470324, 28.40561045070247], [77.0880193571504, 28.40573748700651], [77.08808923619804, 28.405931746620688], [77.08816367958565, 28.406138695784424], [77.08819991043768, 28.406217374746365], [77.08826136328796, 28.406413168749676], [77.08829179012494, 28.40651011190076], [77.08836983216358, 28.4066198175052], [77.08845256969619, 28.406819268373315], [77.0885333794442, 28.40701407278725], [77.08870410246732, 28.407408020025187], [77.08862102716813, 28.407557297559016], [77.08860264584081, 28.40758860785582], [77.08841458892597, 28.40777560818561], [77.08838863659741, 28.407796309950257], [77.08812272269688, 28.40810950977296], [77.08793651451491, 28.40832883143037], [77.08780050149605, 28.408464425627013], [77.08773187919151, 28.408532835017265], [77.08776142657783, 28.408659619713795], [77.08778039540337, 28.40874101487325], [77.08780854141783, 28.4088742768522], [77.08780918371329, 28.408877318083967], [77.08782179156829, 28.408937018338833], [77.08781009909657, 28.408953686237556], [77.08765442824432, 28.409175576450878], [77.08763297288208, 28.40920615855679], [77.08747693372062, 28.409428571308272], [77.08725917760415, 28.409756459544557], [77.08714486518764, 28.40992858347456], [77.08712723395354, 28.40995513176219], [77.08711052798421, 28.409980285468457], [77.08690433408378, 28.410278878903227], [77.08684446855662, 28.41036557060294], [77.08652630953749, 28.41053354065573], [77.08647324605367, 28.410578378557286], [77.08613664013018, 28.41086280344208], [77.08585203318691, 28.41105838500838], [77.08583505412975, 28.411070051909014], [77.08583185343238, 28.411072252390948], [77.08579870919168, 28.411079757732743], [77.08517320776777, 28.41135428900592], [77.08512017841991, 28.41137756348194], [77.08500033238121, 28.41142478006716], [77.08499375761164, 28.41142737006915], [77.08447595520715, 28.411631370058785], [77.08444105116679, 28.411645121219415], [77.08391801158419, 28.411832912402495], [77.08384538818333, 28.4118209311207], [77.08375984700874, 28.411806818900903], [77.0830750882171, 28.411787044723567], [77.08297212691251, 28.411788620210576], [77.0823991993906, 28.411797384942936], [77.08239092231356, 28.411797511361165], [77.08232255602887, 28.411800069749493], [77.08219188708765, 28.411804958183136], [77.08170705105746, 28.41182309682201], [77.08154093549342, 28.411847855027993], [77.08150918543802, 28.41185255620256], [77.08102465752998, 28.411924291359902], [77.0810078608308, 28.41192715630892], [77.08082725813615, 28.411958351537837], [77.0807626027919, 28.41196951898827], [77.08056135860872, 28.41200357678135], [77.0803425586499, 28.41204060538445], [77.08014546288668, 28.41207421358111], [77.07992917461739, 28.4121110951988], [77.07966045797322, 28.41215691533075], [77.07946378801141, 28.412199208388422], [77.07940813468463, 28.41221117619557], [77.0789789465913, 28.41230346740364], [77.07878239880041, 28.41234573274896], [77.07848027920069, 28.412410698707028], [77.07839716707059, 28.41242857018531], [77.07829743341281, 28.412450016113294], [77.07810094940231, 28.412487889186437], [77.07761562199364, 28.412581438795318], [77.07754208410786, 28.412592341493927], [77.0774192367978, 28.412610555848282], [77.07729506716765, 28.412628965356102], [77.07708524946337, 28.41266007267641], [77.076933219483, 28.412682612855924], [77.07680539999785, 28.412698723929875], [77.07673718013855, 28.412707322664478], [77.07648392080546, 28.4127392445618], [77.07625051963, 28.41276866181187], [77.07618269233448, 28.41279995002545], [77.07612201383198, 28.412782139448044], [77.07580328797592, 28.412811803989424], [77.07455500073519, 28.412359000269817], [77.07406600011534, 28.412743999424038], [77.07337400000422, 28.413302999232567], [77.07297599962097, 28.413621000013364], [77.07170500027493, 28.41467799942656], [77.07137300001389, 28.414836000381936], [77.07119999976153, 28.414993999521418], [77.0710610007427, 28.415143999566435], [77.07060500063311, 28.41555400034368], [77.06717800058772, 28.415527999408837], [77.06717900041262, 28.415743000535503], [77.06650999986773, 28.415742000288727], [77.06651300024077, 28.416029999859866], [77.06683499955773, 28.416031999557863], [77.06684500050179, 28.416565000292707], [77.06649600052233, 28.416574000073055], [77.06649000067455, 28.41857299975667], [77.06609299921787, 28.4185750001967], [77.06594099978022, 28.418361999733698], [77.06592999990957, 28.418346999562523], [77.06505799987339, 28.41832100010356], [77.06504100015495, 28.41946100022495], [77.06543100014228, 28.419454000323338], [77.06293500058264, 28.42136599992771], [77.06232399976406, 28.42185200048914], [77.06231399971833, 28.421556999609795], [77.06159300019318, 28.421545999869068], [77.06159800021607, 28.420868999694402], [77.06230299984767, 28.420869999892744], [77.06231299989341, 28.419397000091454], [77.06157100045188, 28.419401000150323], [77.06157399992661, 28.419334999554916], [77.06120999987853, 28.419341000041694], [77.06120900005364, 28.41932000031168], [77.06091199995271, 28.419317999885692], [77.06091600015068, 28.42101600030683], [77.06023399918696, 28.421003000115782], [77.06024899925559, 28.420726999876404], [77.06025500000167, 28.420620999988284], [77.05965499995206, 28.420614000163365], [77.0595459992738, 28.420614000163365], [77.05955000037005, 28.42044000064201], [77.0588690001296, 28.420435999832367], [77.05887200050265, 28.420559000168478], [77.05881599952782, 28.420984000319873], [77.05880299910902, 28.421568000139363], [77.05817600019355, 28.42155599941794], [77.05815800065021, 28.422972000105627]]]}}, {"type": "Feature", "properties": {"OBJECTID_1": 14, "OBJECTID": 14, "Ward_No": "19", "SHAPE_Leng": 24262.5962118, "Shape_Length": 27610.330726521508, "Shape_Area": 29293947.932251196}, "geometry": {"type": "Polygon", "coordinates": [[[77.07566702971698, 28.37443174447665], [77.07553898385642, 28.374331774815463], [77.07546365742486, 28.37427296402059], [77.07523945589628, 28.374097921744855], [77.07516570421146, 28.374042414672534], [77.07508544692733, 28.373982010279512], [77.07494318432903, 28.373874938482267], [77.07486632716825, 28.373836121313015], [77.07448288578082, 28.3736424660207], [77.07441813701178, 28.373609764079497], [77.07429494025708, 28.373568377226803], [77.0741833694988, 28.373530896510193], [77.07379931007044, 28.37340187248021], [77.07352870157423, 28.373315594750412], [77.07339337935984, 28.37328490981153], [77.07329059053177, 28.373247716700803], [77.07323550134696, 28.373235867796236], [77.07260603296277, 28.373100470394174], [77.07230476586426, 28.373026617552217], [77.07192137298584, 28.372938114531472], [77.07164806684885, 28.372870399853955], [77.07145270213917, 28.372821994712943], [77.07136525833278, 28.37268829694452], [77.07131374444282, 28.372609535394986], [77.07123472952873, 28.372488724152387], [77.07118786352204, 28.37238408688422], [77.0711646088343, 28.37233216578664], [77.0710918228384, 28.372169658570364], [77.0710132723533, 28.37199427927088], [77.0709917424309, 28.371946209654734], [77.0708956945607, 28.371736129305116], [77.07064964959767, 28.371404248044485], [77.07054281835082, 28.37127620233414], [77.07034582230057, 28.37103770751899], [77.07032616536556, 28.37104823667174], [77.07019489275643, 28.371118556936455], [77.07002427573453, 28.37120995123732], [77.069998853412, 28.371164551293404], [77.06997558524951, 28.37112299987048], [77.06983107955796, 28.370864938682825], [77.06982582890512, 28.370859792265144], [77.06975297373893, 28.37078837393624], [77.06971955551207, 28.370778230482472], [77.0697036292804, 28.3707733970667], [77.06943124571319, 28.370690720725126], [77.06917118613337, 28.370611785380806], [77.06848638062938, 28.370425391344625], [77.06819886763616, 28.37034978269237], [77.06814845148746, 28.370341812859415], [77.0681457259989, 28.370341382078955], [77.06765169301681, 28.370320378171318], [77.06718126416713, 28.370266555095565], [77.06714080135181, 28.370261925585766], [77.0669673645182, 28.370242082004157], [77.0666269066188, 28.37022573051073], [77.06628281772898, 28.370209203540707], [77.06559826914315, 28.370176319534107], [77.06544443444739, 28.370130312892353], [77.0651500466473, 28.370083418583693], [77.06491419756269, 28.370045846527393], [77.06423003076087, 28.369934918221997], [77.06408604609217, 28.36988046814269], [77.06354647571172, 28.36969914815746], [77.06349516214604, 28.369691052597638], [77.0630064328174, 28.36961394872226], [77.06286229723176, 28.369591208099447], [77.06275967099876, 28.369575017753107], [77.0622243388698, 28.369503291082477], [77.06217805407312, 28.369497089375862], [77.06210961412656, 28.36949077147581], [77.06149365820087, 28.369433905615796], [77.0613396366555, 28.36942650166169], [77.0611616264988, 28.369408738334997], [77.06080911590323, 28.36940099844645], [77.0604535824767, 28.369407493408097], [77.06027729079713, 28.369422167735898], [77.06019168045226, 28.36942453112056], [77.06012428614468, 28.369426391791958], [77.0598982053405, 28.369432632233735], [77.05943936026641, 28.369471434415182], [77.0589985111424, 28.36948922934853], [77.05891082299426, 28.369505213405937], [77.05882708024686, 28.369520201520505], [77.05875435084481, 28.369533218303452], [77.0583274408791, 28.369609624289307], [77.05822986677124, 28.36962327498465], [77.05808384921508, 28.36964370280829], [77.05774345779098, 28.36969132292391], [77.05766366313924, 28.369704563376832], [77.05758125439, 28.369718238563213], [77.05738378672429, 28.36976631551225], [77.0571705617101, 28.36979502223991], [77.05698454756423, 28.369848266172237], [77.05669826795793, 28.36993020886469], [77.05613426519835, 28.370094071927806], [77.0560125461723, 28.370134688681713], [77.0559000456577, 28.370171169130884], [77.05532673275852, 28.370357079875003], [77.05471403412405, 28.37057797196383], [77.05464079627556, 28.370603553938235], [77.05414210463042, 28.37072276988879], [77.05413443661115, 28.370724849483718], [77.05395525774627, 28.370769463148292], [77.05387031754458, 28.37079061240421], [77.05360605205263, 28.37086271444398], [77.0532696608265, 28.370946452183343], [77.05301405868711, 28.370968055104], [77.05296398030498, 28.3709722870027], [77.05285018082648, 28.37100909676812], [77.0528256738872, 28.3710170238684], [77.05276947079146, 28.371034439932462], [77.05258426962091, 28.371081782777804], [77.05224093351931, 28.37116954988842], [77.05208711768816, 28.371208869947754], [77.05189864754828, 28.371262900424885], [77.05140490382371, 28.37140444643863], [77.05121291588121, 28.371465628486252], [77.05106729627869, 28.371512034498473], [77.05102942600129, 28.37147361167181], [77.05087484750044, 28.37136032863142], [77.05083091000158, 28.371328128690994], [77.05072114126375, 28.371370165348477], [77.05052814181823, 28.371476173404822], [77.05010921518041, 28.371706273842673], [77.05004012215866, 28.371744224708902], [77.04984151003923, 28.37185760455999], [77.04935919647833, 28.372132936152656], [77.04926963354619, 28.372203049401698], [77.04915560050571, 28.372093802182082], [77.04874551329031, 28.371700925910556], [77.04867229250983, 28.371630777551488], [77.04847394808836, 28.37148180510702], [77.048456894471, 28.371468997232547], [77.04826965681968, 28.371328366606036], [77.04811936867269, 28.37121548731329], [77.04807775511544, 28.371183511807185], [77.04793088685469, 28.371070660815345], [77.04782039227814, 28.370985758888278], [77.0476932438345, 28.370886721835596], [77.04767443311245, 28.3708720706325], [77.04710959581799, 28.37047040666939], [77.04707515081671, 28.37044591149319], [77.04661176745383, 28.370146260493684], [77.04647746842052, 28.370056824739947], [77.04574471533823, 28.369568846877428], [77.0456700824061, 28.369519144717003], [77.04565190858959, 28.36950850712375], [77.04543636951529, 28.369382342720087], [77.04541040101702, 28.3693671435412], [77.04534393646577, 28.369335437014797], [77.0452389710198, 28.369284746706683], [77.04518968585005, 28.3692688305931], [77.04512984906899, 28.369211357562957], [77.04511036191552, 28.36919264094004], [77.04511689536257, 28.369188520421158], [77.044911239553, 28.36882595523843], [77.04465809879753, 28.368422557214654], [77.04460260177758, 28.368313955842265], [77.0445872037553, 28.36828382434434], [77.04454827346582, 28.368207640307475], [77.0444773541691, 28.368068859729792], [77.04425313018258, 28.367741744430415], [77.04412573560057, 28.36755588996788], [77.04408980478584, 28.367500900375354], [77.04389306295883, 28.367199804817897], [77.04385769089622, 28.367145671884973], [77.0437733498708, 28.367016595034247], [77.04357817380735, 28.36665762135019], [77.04356213348963, 28.366628118580536], [77.04333548135693, 28.366478580262694], [77.04316880165089, 28.366336057792147], [77.0429638195778, 28.36616078346574], [77.0429124161806, 28.366117321136148], [77.04275215763224, 28.365981817423663], [77.04210458639845, 28.365434269208805], [77.04208362061802, 28.36540818246533], [77.04206008475757, 28.365386234562692], [77.04178014186726, 28.365125165944068], [77.04176544632755, 28.36486836913901], [77.04172082790566, 28.364324456863528], [77.04169330711862, 28.363780288058972], [77.04168288306808, 28.363235862721407], [77.04167829806686, 28.363145203809534], [77.04165536317937, 28.3626916946589], [77.04157655308117, 28.362148293737505], [77.04154580285066, 28.361877404062497], [77.0415148415161, 28.361604637077797], [77.04145312995104, 28.361060980004794], [77.04145690467185, 28.361059735770453], [77.0414532988343, 28.361048517108028], [77.04176590985821, 28.360926420008724], [77.04197261579836, 28.360859634400388], [77.04185302128795, 28.36051040884038], [77.04170582783708, 28.35996803230626], [77.04155863618284, 28.359425656162674], [77.04141104567658, 28.358943904463644], [77.04112884082842, 28.358413572857057], [77.0405165653004, 28.357262934206698], [77.04050182933648, 28.357235240698284], [77.04046287569085, 28.357178610170525], [77.03989622649445, 28.35633143957646], [77.03915220135197, 28.3551196398871], [77.03895588263146, 28.354563377637874], [77.0383974179856, 28.354571729696175], [77.03854958001834, 28.354307505511024], [77.03812550603395, 28.35371680280063], [77.03852620765127, 28.352866398098936], [77.03837859738209, 28.35181800821642], [77.03895592754722, 28.35098009665857], [77.03912203502641, 28.350403181183943], [77.03928150485395, 28.350375202861617], [77.03934565175174, 28.350363948284862], [77.03964535218842, 28.350311366564014], [77.04020565119407, 28.350213062053392], [77.0403281571443, 28.350221322747487], [77.04101186041545, 28.350267420238932], [77.04121030724488, 28.350280799884064], [77.04169358290144, 28.350014391732174], [77.04204855038934, 28.3498187125776], [77.04206728834782, 28.34980551786899], [77.04237416273035, 28.349589412974588], [77.04284553301444, 28.349257467201948], [77.04284809321301, 28.349255663889302], [77.04294075443457, 28.348907661926297], [77.04305563278972, 28.348476214120815], [77.04319829424, 28.3476753011863], [77.0432099319145, 28.347114131447942], [77.04319761870691, 28.34662050600341], [77.04312336486385, 28.345748086181658], [77.04300418986666, 28.345174695285593], [77.04277206789222, 28.344358398150916], [77.04272923621944, 28.34410540853654], [77.04279261505769, 28.344076131940835], [77.04304719940583, 28.34398827522417], [77.04373890576787, 28.343669901936895], [77.04410464136106, 28.343405304331664], [77.04450664014567, 28.34312780464166], [77.04487844206197, 28.342876972880727], [77.04513154149495, 28.342685645636607], [77.04522613319608, 28.342339896791543], [77.04537715885994, 28.341798784165302], [77.04537907496645, 28.341789107578656], [77.04546355073913, 28.34136260476243], [77.04556232409789, 28.34125837166095], [77.04616912529251, 28.340726609208417], [77.04620566516502, 28.340686667480526], [77.04665783126495, 28.34019242155063], [77.04687499898489, 28.339983114070467], [77.0470908596561, 28.33965709187809], [77.04715399145765, 28.339606200013506], [77.04742965297729, 28.33911982793704], [77.0476577208549, 28.338795029405436], [77.04776844180692, 28.33858256444155], [77.04812429862695, 28.338045648492834], [77.04819336829252, 28.337920466652825], [77.04867978715424, 28.337709344862446], [77.04912883699845, 28.337522028063017], [77.04936782659328, 28.337526925455492], [77.05005065400704, 28.337540913937893], [77.05016673430806, 28.3375432914737], [77.050729473138, 28.337705987695394], [77.0509914353496, 28.33779851453244], [77.05140999008488, 28.337807085342142], [77.05154241163922, 28.33782242029009], [77.05209432666832, 28.337764166452107], [77.0521796648237, 28.33776643249909], [77.05277995772408, 28.337672381229922], [77.05317115067413, 28.337592493881175], [77.0534751953635, 28.337217983675124], [77.0541544169397, 28.33736793165948], [77.05483404096117, 28.337502766617824], [77.05547645676356, 28.337107746901186], [77.05552886807051, 28.337063468565862], [77.05578676630374, 28.336904000463853], [77.05621768994216, 28.33685079693634], [77.05669027564682, 28.33678653977889], [77.05681993308505, 28.336591002295314], [77.0569109081688, 28.336471925915287], [77.05709927859569, 28.3362254350679], [77.05713479888036, 28.336178955910295], [77.05712456886587, 28.336127136496145], [77.05710987871603, 28.33605272026894], [77.05707279536279, 28.335848605723765], [77.05731544738902, 28.33579372542605], [77.05749851775573, 28.33575624560353], [77.05776480355877, 28.33570172976194], [77.05799780228897, 28.335654027191563], [77.05849803723976, 28.335540520115842], [77.05868005478095, 28.335499218836773], [77.05876457367276, 28.335476322257836], [77.05936214467783, 28.335320991002277], [77.05947920234587, 28.33529938557146], [77.06012655888235, 28.3350628854783], [77.06052562646418, 28.334867420728532], [77.06110140523877, 28.334975582694433], [77.0611988257347, 28.334882403454426], [77.06129281646291, 28.334921502911275], [77.06143943768693, 28.334738829651112], [77.0615252510511, 28.33463191515097], [77.06173097153936, 28.33481169546993], [77.0617374798336, 28.334796572782366], [77.06185777862316, 28.33451704225319], [77.06188539642825, 28.334452869869594], [77.06196483265222, 28.334463862041847], [77.0624226204092, 28.33452720498556], [77.06242773092485, 28.334528667761077], [77.06259049936614, 28.33457428025464], [77.06310933842649, 28.33458791885057], [77.06338377374578, 28.334590539193965], [77.06359528477437, 28.33459255703228], [77.0637923401134, 28.334594437290676], [77.06404223974734, 28.334616437418543], [77.06414051813437, 28.334631357715455], [77.06435890307151, 28.334666928422227], [77.06481087423704, 28.334663345022154], [77.06482409384476, 28.334672910770795], [77.06519451415217, 28.33480966340339], [77.06550808188189, 28.33477488817617], [77.06558295466418, 28.33476242140349], [77.06559695221296, 28.334753063613825], [77.0656630421667, 28.334708877598402], [77.0656647229146, 28.334707754030564], [77.06570869634609, 28.334686055173854], [77.06579391682213, 28.33463776308445], [77.06583815256167, 28.334612695088328], [77.06584154999005, 28.334606014558087], [77.06600955560945, 28.334275663434575], [77.06601946941691, 28.33426651276318], [77.06617369667649, 28.334124151840623], [77.0661868623853, 28.334115365665426], [77.06624399523736, 28.334077236092046], [77.06627127797087, 28.334060631541398], [77.06666903131742, 28.333818559828057], [77.06669717823021, 28.33380143021555], [77.06686731555178, 28.333701685591077], [77.0670946288445, 28.333597070973916], [77.06715251628142, 28.333570429246056], [77.06722301786156, 28.33353798300621], [77.06723101646085, 28.333534302312344], [77.06723622758783, 28.33353154752441], [77.06785429185949, 28.333204876928647], [77.06822961876497, 28.33307975580412], [77.06873240942274, 28.332895485323245], [77.06891051480086, 28.33273254610603], [77.06895464723416, 28.332709502650847], [77.06917127147332, 28.33259639331653], [77.06913962831744, 28.33255022252751], [77.06910575644135, 28.332500797969203], [77.06911194583365, 28.332488026508432], [77.06918968244509, 28.33232763511141], [77.06932030377558, 28.332243439138136], [77.06941397021198, 28.33218306393758], [77.06958923960873, 28.332070088463233], [77.06972933277561, 28.331956386207583], [77.07001651968035, 28.331723299286924], [77.07003905661419, 28.3317050085737], [77.0702689049527, 28.3315455553603], [77.07031613477706, 28.331513114037143], [77.07042586398902, 28.331426353137758], [77.0705362938869, 28.331339708402396], [77.070714367824, 28.331284202693602], [77.07066711823667, 28.331157645742127], [77.07057446869322, 28.330885172274762], [77.07054669907285, 28.330803507035096], [77.07063068885698, 28.330780608653612], [77.07094631642362, 28.33069455643027], [77.07123898933983, 28.33061118230122], [77.0716304913103, 28.330826718535572], [77.07164194483016, 28.33083480124458], [77.07200692314359, 28.33109235484008], [77.07204657927181, 28.331121052257085], [77.07208592997284, 28.331149751247736], [77.07231713656402, 28.331316806973582], [77.07264540522335, 28.33169050694254], [77.07284433265147, 28.331908332462444], [77.07289920354565, 28.331994091140896], [77.07300552365108, 28.332058151938188], [77.07326545117854, 28.33223092225396], [77.07355097979328, 28.332500851737105], [77.07369233688978, 28.332570383901032], [77.07406215981752, 28.332733242715225], [77.07406241853231, 28.332733355785738], [77.07422550677383, 28.332809313834954], [77.07427413886835, 28.332781632135863], [77.07429029596707, 28.332792791319196], [77.07437680462722, 28.33274269398569], [77.07467790284248, 28.33256832727981], [77.07479951496902, 28.332470360583606], [77.075035028982, 28.332221039212126], [77.07514156737807, 28.33210825592007], [77.07554486422825, 28.33173288190514], [77.07560682283001, 28.331673970020024], [77.07570931790897, 28.331576513298934], [77.0758706247913, 28.331360891606828], [77.07589238737737, 28.331331800479422], [77.07618029113772, 28.33149041823086], [77.07618874428454, 28.33149507552489], [77.07641779941063, 28.331469174958126], [77.07681154627103, 28.331424651524337], [77.07687223375667, 28.33143251120696], [77.07740516199394, 28.33143297377377], [77.07751656925883, 28.3314330710314], [77.07763674587753, 28.33141904299996], [77.07766867020612, 28.33141531716208], [77.07778382973396, 28.33139655513104], [77.07823881384896, 28.331322429736197], [77.07846643706048, 28.331301591275164], [77.0785221577609, 28.331296490382403], [77.07892230062615, 28.331259855828065], [77.07914933454283, 28.33124878820654], [77.07948390847716, 28.331232476568797], [77.07960539124628, 28.331212334709313], [77.07973518972001, 28.331174487170006], [77.07974730889148, 28.331173147699758], [77.07983213500714, 28.331181929373948], [77.08030053546089, 28.331208152622096], [77.0803112272094, 28.33121157878656], [77.08037648172997, 28.33123249159235], [77.08049814506046, 28.331405842842894], [77.08051110415676, 28.331424309145806], [77.08051708424159, 28.331423438571235], [77.080965279788, 28.331358208717443], [77.0811408213743, 28.331310285169533], [77.081199449023, 28.331294279547368], [77.0814586848477, 28.331223505918143], [77.08165269489793, 28.33114504254211], [77.0817328389943, 28.3311131269221], [77.0817770891069, 28.331095505839485], [77.08185900647764, 28.331293401064627], [77.0819007556805, 28.331278860632317], [77.08203916630283, 28.331625790424116], [77.08223128989096, 28.332170177786086], [77.08236406627984, 28.332556676254903], [77.08205164300381, 28.332721360032444], [77.08192310576473, 28.332784586200255], [77.08166446642139, 28.332945612631377], [77.08163026127035, 28.333070673029933], [77.08131733583603, 28.333245937936326], [77.08124952830347, 28.333283915203143], [77.08121349867405, 28.33330655764959], [77.08117965105245, 28.333327829020185], [77.0807603857498, 28.333591309959804], [77.08077606135147, 28.333627722315452], [77.080866933129, 28.33383880398386], [77.08095682304793, 28.334089862665067], [77.08106417172436, 28.334383099358234], [77.0812784657337, 28.334927083576755], [77.08148594063172, 28.335471190728818], [77.08161777109464, 28.33578838991694], [77.08169938842809, 28.336015189143666], [77.08190431031406, 28.336559343698816], [77.08194825499943, 28.33668221205075], [77.08204438551464, 28.33690878007473], [77.08211103781377, 28.337076124829466], [77.08212572526864, 28.3371031950123], [77.082405235171, 28.337618333655417], [77.0824183766253, 28.337645743686576], [77.08246524353031, 28.337743503200773], [77.08266527139459, 28.338160734217162], [77.08267876588678, 28.338188881796256], [77.08292531031314, 28.33870313438171], [77.08293868802438, 28.338732028989092], [77.08317646938512, 28.33924558475089], [77.08318941231174, 28.339275341814403], [77.08341128810206, 28.339785468271216], [77.08341244153891, 28.339788119321785], [77.08342816115808, 28.33981887403379], [77.0836375297047, 28.340228498781624], [77.08399441060415, 28.340124261404725], [77.08406478372518, 28.340098431727778], [77.08406589943279, 28.340100762558105], [77.08417452641187, 28.340327675919955], [77.08442672124137, 28.3408701172033], [77.08447044583953, 28.34097596833825], [77.08474741889948, 28.341412169094625], [77.08489112688706, 28.3417136848846], [77.08492257780347, 28.341779671344312], [77.08495542560017, 28.341848587856358], [77.08500594056352, 28.34195457321474], [77.08505493018757, 28.342042098756835], [77.08514080643376, 28.342195528202343], [77.0853093914665, 28.3424967223542], [77.08531328117168, 28.342503325697162], [77.08540038990648, 28.342651221654744], [77.08558624684719, 28.342964787032145], [77.0856300999044, 28.34303877147951], [77.08575726451771, 28.343267593457774], [77.0858506920022, 28.343391815504887], [77.08599266444465, 28.34358058223332], [77.08599303904214, 28.34358135941486], [77.08606981355787, 28.34374085702449], [77.0862335665527, 28.344069451215013], [77.08635085329114, 28.34406878551428], [77.08675545000355, 28.344066487186375], [77.08703255062427, 28.344064912274344], [77.08713127547402, 28.34406435093522], [77.08722550515405, 28.344100749423433], [77.08743962129695, 28.34418345675468], [77.08772066911506, 28.344288152659157], [77.08805278885201, 28.344411871471603], [77.08812475288941, 28.34443665648693], [77.08840968322617, 28.344542964205687], [77.08854480421796, 28.34459337696453], [77.08856333556398, 28.344600527282356], [77.08859598303633, 28.344613124933193], [77.08869696894564, 28.344652092729266], [77.08893836692373, 28.34471545094502], [77.08899788300626, 28.34505040021557], [77.08905628248286, 28.345451914496167], [77.08906247546844, 28.345494504549773], [77.08907740457015, 28.345597147536516], [77.08913024167852, 28.34585153929368], [77.08899177805557, 28.346146981719393], [77.08893406489182, 28.346274596034743], [77.08893150379497, 28.346283207271863], [77.08890730318123, 28.34633377020958], [77.08885756076897, 28.346443760229192], [77.08874172570805, 28.346699891647837], [77.08862739083361, 28.34699981834963], [77.0885833967409, 28.34711522879489], [77.08853123426731, 28.347252061072798], [77.08845727776657, 28.347438844457002], [77.08842641614498, 28.347526022362537], [77.08830368202268, 28.34780454939726], [77.08827857680544, 28.347865650178566], [77.08822672155566, 28.34817113932724], [77.08819554552372, 28.348354804602764], [77.08811779633587, 28.34846331334328], [77.08801623819974, 28.348605051834134], [77.08779739063023, 28.34891048035268], [77.08773554252123, 28.349009357659753], [77.08766751490141, 28.34911811476443], [77.08747656720799, 28.34942338448218], [77.08745041096185, 28.34946520054808], [77.08746494749978, 28.349508745591564], [77.08763228926416, 28.350010034877624], [77.08777011328664, 28.350337611969827], [77.08782821901416, 28.35044709978286], [77.0878290436676, 28.35044827299021], [77.08790277558946, 28.350553213329487], [77.08792460644752, 28.350584282733536], [77.08796351697403, 28.350639662144907], [77.08808590883822, 28.350814281422277], [77.08834320609854, 28.35118136771468], [77.0884831276872, 28.351371190231145], [77.08865370697988, 28.351602605484324], [77.08873998297638, 28.351722973281838], [77.08886066893987, 28.351877459951268], [77.08917093176764, 28.352264383980923], [77.08936341558021, 28.352510216232382], [77.08942954146659, 28.35259466888427], [77.08961008577069, 28.352805745276644], [77.08977550873362, 28.35301164155353], [77.08977878399115, 28.353010793291364], [77.08992904069716, 28.352971909989247], [77.09023464755681, 28.35289282311926], [77.09060784815003, 28.35278391967552], [77.0907981751076, 28.352728380109454], [77.09081550181277, 28.352723323725986], [77.09088043383814, 28.35272295216557], [77.0909168937606, 28.35272984974936], [77.09120336380975, 28.352784044582986], [77.09129243087187, 28.352876147988272], [77.09137029414575, 28.352953962872043], [77.09167294644642, 28.353337823552376], [77.09178504361745, 28.35349785435901], [77.09228934883483, 28.353526484851265], [77.0929730296481, 28.35356529680096], [77.09320355621463, 28.35357812659986], [77.09321440786326, 28.35387285896399], [77.09321827421223, 28.354416703054472], [77.09322214145955, 28.354960546730744], [77.09324992096138, 28.355055928184623], [77.0935589225545, 28.355072904958195], [77.09366720188558, 28.355078852954964], [77.09386389340695, 28.355089658797755], [77.09415991434422, 28.355253712369098], [77.09435295511224, 28.355407279253285], [77.09498055589896, 28.356038182841207], [77.09518082900335, 28.356235465582127], [77.09522055609847, 28.356274485240757], [77.09528271232963, 28.356335533716596], [77.09538490377801, 28.356443705442484], [77.09551270529687, 28.356578988127666], [77.09573083241752, 28.356955418228754], [77.09574897030144, 28.3569851118316], [77.0959876634522, 28.357375887630035], [77.0960840661569, 28.357527059336118], [77.09617010050663, 28.35766197067864], [77.09617071315765, 28.35766293194759], [77.09632220594546, 28.357956841903103], [77.09642128652806, 28.357939464799504], [77.09660706801027, 28.35790853272594], [77.09686060941439, 28.358039120260205], [77.09690108390781, 28.358059966124248], [77.09717493083062, 28.35820101117245], [77.09722047182224, 28.35825537396402], [77.0973855255776, 28.35845239803983], [77.09746845804463, 28.35855139452361], [77.09750652684977, 28.358596838598903], [77.09755064850323, 28.358649504753462], [77.09767429082234, 28.358741996743777], [77.0977945411029, 28.358832807241853], [77.098012977244, 28.358966950132544], [77.09815428762808, 28.359080338892877], [77.09840516103579, 28.359281642023216], [77.09848153400462, 28.359329257302686], [77.09901473263477, 28.359821985733646], [77.09916839215907, 28.35980598994118], [77.09985167861194, 28.359784273287406], [77.10014165478566, 28.359775056040043], [77.10023169741817, 28.360358810562026], [77.1003021172516, 28.36044800153054], [77.1005397126611, 28.360423499297795], [77.10122265236426, 28.36035307076186], [77.10128239033067, 28.36034691041687], [77.10182455594398, 28.360893444590232], [77.10200070928298, 28.361060913603463], [77.1020505810526, 28.36143599662704], [77.10211685336441, 28.36193443048808], [77.10212283883912, 28.3619794415101], [77.10219509662562, 28.362522884401017], [77.10225685310648, 28.362794563698085], [77.10225027115038, 28.363066428061785], [77.10223710095, 28.36361036812763], [77.10222393164796, 28.36415430777704], [77.10221666068401, 28.364259861409217], [77.10261832529534, 28.364348412773133], [77.10325372076376, 28.36452584174186], [77.10330318379995, 28.364540828188353], [77.1036581665592, 28.36468983725394], [77.1039888076692, 28.364838986812853], [77.10400509053206, 28.364843561226817], [77.104673723666, 28.365038645926028], [77.10499297593482, 28.3651211069233], [77.10535853635653, 28.36522380049669], [77.10604307685755, 28.36537088146221], [77.10672775480081, 28.36553673482707], [77.10704779040054, 28.365614745158684], [77.10741255132167, 28.365718662672695], [77.10762612937374, 28.36579645944729], [77.1080964881548, 28.365781891329725], [77.10864184907558, 28.365760888890893], [77.10878009081468, 28.3657990418692], [77.10921841028282, 28.365957158377384], [77.10946536344262, 28.36604580871281], [77.10994955627908, 28.36623495726827], [77.11002413351565, 28.366284249931464], [77.11015106187206, 28.366350733335146], [77.11083693547295, 28.36667924016263], [77.1110806115786, 28.36682191314804], [77.11152302646614, 28.367036858946655], [77.11167264446998, 28.3670962816065], [77.11200121496323, 28.367242480210425], [77.11217653646229, 28.36692828145037], [77.11220534184018, 28.366876658053346], [77.11223906729091, 28.366815105800697], [77.11238339152276, 28.366540288429416], [77.11252556518784, 28.36626956094155], [77.11267417977349, 28.365986570431257], [77.11272642040053, 28.365887093961522], [77.11281206128814, 28.36572401564907], [77.11285473934898, 28.365633679788665], [77.11294635672816, 28.365433202879107], [77.11306267238778, 28.365178680186105], [77.11320926486573, 28.364880010295646], [77.11325069157338, 28.364795606150206], [77.1132919233466, 28.364633470766535], [77.11339063382329, 28.364328357030793], [77.11346820783963, 28.364088572362263], [77.11350149940407, 28.363925018584595], [77.11353273023325, 28.363777445522725], [77.11358212589579, 28.363544041101836], [77.11364688005472, 28.363340429173405], [77.11371552571545, 28.36322576518373], [77.11385152346297, 28.36299859483636], [77.11402569152519, 28.362708421210193], [77.114047997592, 28.362671257592122], [77.11406959129481, 28.362635280471874], [77.11412386750428, 28.36254485265787], [77.11426192598701, 28.362667216658522], [77.11434970845828, 28.36274501804151], [77.11463063320718, 28.36299400295238], [77.11474083403468, 28.36310943158339], [77.11491481973889, 28.363536187747766], [77.11506528485405, 28.36396940350038], [77.11510332850632, 28.36407893574941], [77.115341046985, 28.364621393245912], [77.11537377710238, 28.364723100012533], [77.1156087233801, 28.364961236713167], [77.11606072957994, 28.365373267860452], [77.11618859757411, 28.365528925886164], [77.11633180969164, 28.36570326298331], [77.11661567732145, 28.3660247415089], [77.11672878240223, 28.366244775489623], [77.11677965938667, 28.36634288651241], [77.11681422925373, 28.366409551683358], [77.11676561422719, 28.366569007886653], [77.11669859990701, 28.36678881387986], [77.11657934406148, 28.36722960542674], [77.11654001492002, 28.36733361067962], [77.11634776826268, 28.367878607035244], [77.11627387374571, 28.368078935464805], [77.11614671901388, 28.368423654341356], [77.11595626539386, 28.368939975297355], [77.11594566796848, 28.36896870121897], [77.11574461602473, 28.369513748458456], [77.11564420773216, 28.369802568445152], [77.11546837958328, 28.37005923869767], [77.11511671520067, 28.37055757198484], [77.11496725619867, 28.37069670025389], [77.11436484147755, 28.371153470441307], [77.113707617846, 28.37165345608499], [77.11364176594581, 28.371701593018848], [77.11297934196708, 28.372249353128645], [77.11243652238024, 28.37279640853102], [77.11233139433915, 28.372912102349986], [77.11225005189019, 28.373001617898684], [77.11197913437356, 28.37334295920814], [77.11157300423696, 28.37388920671879], [77.11145521084869, 28.37403761460209], [77.11135228817164, 28.3741672859822], [77.11089093679793, 28.374089608371715], [77.11020688408213, 28.37401808788487], [77.1099940669031, 28.373989262950182], [77.10935003503153, 28.373902255371927], [77.108839002331, 28.37390524939303], [77.1087417004127, 28.373902359704232], [77.10833624221593, 28.373885976368708], [77.10815528199183, 28.3738790382688], [77.1080953419045, 28.37387822732201], [77.10757912502649, 28.37387124970178], [77.10757422112337, 28.37387118251807], [77.1074717035865, 28.373872462960417], [77.10710686990186, 28.37387217683689], [77.10678816919861, 28.373871925490782], [77.10654904844976, 28.373865582558583], [77.10642201139724, 28.373868537060886], [77.10610466715008, 28.373875916993107], [77.10573781854423, 28.373902394481664], [77.10553390187305, 28.373917112449945], [77.10542149388492, 28.373925225076], [77.1050543820727, 28.373978942753794], [77.10473868443748, 28.37402513742145], [77.10444182447371, 28.374055096563477], [77.10437168221968, 28.374097037293055], [77.1040570320201, 28.374285177180674], [77.10405398762958, 28.374287048041918], [77.10374203956233, 28.374478872400083], [77.1036939958643, 28.374498174561197], [77.1036556917006, 28.374513563489355], [77.10337573982714, 28.37459582031568], [77.10301326691507, 28.37472793964209], [77.10281457304893, 28.37480036069447], [77.10269398679846, 28.374843011689357], [77.10267056771899, 28.374852127248513], [77.10233299341164, 28.37498352621206], [77.10201236043223, 28.375108328440575], [77.10178096878808, 28.375194795195508], [77.10165278099366, 28.375242696568133], [77.10133065591255, 28.375363067591266], [77.10120119790035, 28.375418377166703], [77.10097281381577, 28.375515952520306], [77.1008144596958, 28.37558360623033], [77.10029353923895, 28.375828637559483], [77.10010401088367, 28.375917787071693], [77.09996801583111, 28.37598130288202], [77.09996780472703, 28.37598136216059], [77.09961320195515, 28.37608146226061], [77.09928585227236, 28.37617386792337], [77.09916901469157, 28.376219900397857], [77.09895491292168, 28.376304252774894], [77.09893248737893, 28.376313088414552], [77.09860423129601, 28.37644241636044], [77.09832860391235, 28.376549921853986], [77.09825238725038, 28.376579647912283], [77.09807887765325, 28.376647323074412], [77.09792244413136, 28.376688074844644], [77.09757103756525, 28.37677568872652], [77.09724010989268, 28.37685819671841], [77.09705330702597, 28.376911440267328], [77.0968893914361, 28.37695510762414], [77.09655788345184, 28.37704342234619], [77.09620707516372, 28.377096672125127], [77.09607381278627, 28.377116900126246], [77.09593113606464, 28.37713855711641], [77.09552653575898, 28.377339037200215], [77.09503514562049, 28.37754625401184], [77.0948468344824, 28.377629106795357], [77.09416645857107, 28.37788111391768], [77.09403336328023, 28.37793205777768], [77.09343624502606, 28.378160614856693], [77.09335755081052, 28.378190736436096], [77.09329303111186, 28.378222083071364], [77.09319967010272, 28.37825838211718], [77.09314890810263, 28.378278117500198], [77.09304652890633, 28.37834775800219], [77.09280665716592, 28.378439745169523], [77.09257207290925, 28.378529705769424], [77.0924511704518, 28.378580813713096], [77.09203701027488, 28.378755889689835], [77.09188903439137, 28.37882235500354], [77.09188062795694, 28.37882613134177], [77.09178598235695, 28.37886864240503], [77.09172672948081, 28.37889919690015], [77.0917204062395, 28.37890180034284], [77.09165895698253, 28.378927098151813], [77.09164214141873, 28.378934020114386], [77.09162844839882, 28.378940456005868], [77.09144732198641, 28.379025577608807], [77.09123885444998, 28.379112145497594], [77.0907674608097, 28.37930789473177], [77.0904200634247, 28.379421724114202], [77.09041001936153, 28.379426947571343], [77.09036402472067, 28.379450868456768], [77.09026121163808, 28.379483858657345], [77.09018576034073, 28.3795080687997], [77.08996466159313, 28.37957901099746], [77.08974083017041, 28.379650830440134], [77.08963428099456, 28.37967266474237], [77.08962249779296, 28.37967507848131], [77.08921307892413, 28.37975897286734], [77.08905824889503, 28.379790699988927], [77.08882069840129, 28.379841510942928], [77.08872271556001, 28.379862468705728], [77.08865959723319, 28.379875969495615], [77.08837491662808, 28.379824817916322], [77.08815276505494, 28.379826325908233], [77.088036348784, 28.37977543591173], [77.08775451673665, 28.379652234107844], [77.08772290861509, 28.37964248588802], [77.08760309671237, 28.37962515106292], [77.08734850248277, 28.379604108685395], [77.08715317370569, 28.379587965707795], [77.08700600630594, 28.37957580216023], [77.08666402037223, 28.379547535935544], [77.08666267110269, 28.379547425285967], [77.0863220335402, 28.379519269703323], [77.08631975541265, 28.379519081598957], [77.08615188903214, 28.379505206135608], [77.08597684062092, 28.37949073632371], [77.08563806167277, 28.37946273247416], [77.08558677505656, 28.379457982441387], [77.08529145211027, 28.379459190893993], [77.0850912508711, 28.379460009701678], [77.08503458693963, 28.379422986311386], [77.08482056691645, 28.379303179467716], [77.08466265566591, 28.379223736009813], [77.0846019286544, 28.379191988959686], [77.08426777782655, 28.379017300978315], [77.08409464282691, 28.378929003706993], [77.08404576100072, 28.37890407499611], [77.08376412388782, 28.378760442164054], [77.08373494031918, 28.378745558101816], [77.08372996185587, 28.378712928075945], [77.08372592303034, 28.378686457320697], [77.08369839505679, 28.378506018623394], [77.08368240684136, 28.378401220524232], [77.083631840674, 28.378141621604293], [77.08362151004826, 28.37808858337744], [77.08378764717185, 28.377982284751372], [77.083847712125, 28.377943853203142], [77.08417163024339, 28.377736600811392], [77.08425836707568, 28.37768110433715], [77.08436948687967, 28.377593865837962], [77.08473422713955, 28.377307514841668], [77.08464243099559, 28.377047740943524], [77.0845981090178, 28.37692231502082], [77.08456521810197, 28.376829238982168], [77.08455840887214, 28.376809969650584], [77.08454242514829, 28.376764737291627], [77.08468509109012, 28.376668204011548], [77.08481988419682, 28.376576997780397], [77.08488644037624, 28.376423181735195], [77.08502770674285, 28.37609670315806], [77.08480811267336, 28.375926539753525], [77.08459469272476, 28.375767299161264], [77.08412138387631, 28.375491396068696], [77.08384705545653, 28.37533148062423], [77.08379899738544, 28.3753034654015], [77.0836518883762, 28.37533587753944], [77.08343505842282, 28.375383649225192], [77.0832836321103, 28.375417012171777], [77.08321863001636, 28.375431332366286], [77.08319522710657, 28.375417321212332], [77.08274858115405, 28.375149913869993], [77.0827154171504, 28.37513005855646], [77.08264370464127, 28.375094933746116], [77.08264377021827, 28.37509551389046], [77.08259363883553, 28.375058881009007], [77.08232823427979, 28.37491021135501], [77.08231745988627, 28.374904175946128], [77.082248872616, 28.374865755138426], [77.08142643443067, 28.375244579268294], [77.08133951613874, 28.37528461469735], [77.0812889158354, 28.375064138667657], [77.0812733273703, 28.374996215103966], [77.0812797646976, 28.374764352909448], [77.08128107533959, 28.374717117619777], [77.0808179731494, 28.37445929913095], [77.08071619133277, 28.374379044263605], [77.07988921126535, 28.373605020898186], [77.0794472536203, 28.373939879019037], [77.07924314021807, 28.374075398651357], [77.07876715079678, 28.37443154766895], [77.07866263001685, 28.374522895644155], [77.07811434597812, 28.3743273675835], [77.07749099062944, 28.374094677964422], [77.07671597989784, 28.374353782518345], [77.07666049096274, 28.374368242755924], [77.0760336249979, 28.374524327833846], [77.0757074143789, 28.374463274012946], [77.07570708110394, 28.374463013973962], [77.07566702971698, 28.37443174447665]]]}}, {"type": "Feature", "properties": {"OBJECTID_1": 15, "OBJECTID": 15, "Ward_No": "20", "SHAPE_Leng": 33093.44831, "Shape_Length": 37684.34396658607, "Shape_Area": 66549983.93044036}, "geometry": {"type": "Polygon", "coordinates": [[[77.1081736453529, 28.431032893077234], [77.10828452081515, 28.43127733407203], [77.10813586221204, 28.431317921060803], [77.10801584639175, 28.431123613219135], [77.1078781113025, 28.431171833739395], [77.10768874823725, 28.431014775898504], [77.10740233029036, 28.431159061516777], [77.10716415546753, 28.431284553593], [77.10706167565992, 28.4313397873755], [77.1068524741999, 28.43134211304106], [77.10686179691592, 28.43127219532746], [77.10695146045936, 28.431236052685204], [77.1068984347048, 28.43112257519915], [77.10685967958679, 28.431024166275787], [77.10692036617414, 28.430941870298682], [77.10685371836658, 28.430755403821895], [77.1066827563916, 28.430792852452036], [77.10658600783549, 28.430638570014473], [77.10628128312143, 28.430693439166706], [77.10617476358998, 28.430519362206034], [77.1060693049689, 28.43030849501023], [77.1059951265843, 28.43020410441862], [77.1056480561861, 28.430342275152892], [77.10574039401415, 28.430509293196202], [77.1054214345961, 28.430677039330934], [77.10543127743667, 28.430389015615987], [77.10532887218925, 28.430256338436138], [77.10510875080865, 28.429971148017874], [77.104926341602, 28.42973481789015], [77.10461843864847, 28.42935478630972], [77.1046534819277, 28.429319794017925], [77.10400970338101, 28.42834058421337], [77.10271485825575, 28.427733893606703], [77.10127442227407, 28.426592264311445], [77.09889378166831, 28.42570386466208], [77.097733399968, 28.42506520837987], [77.09682713369533, 28.42361686202712], [77.09661405780149, 28.422817716538482], [77.09646260903114, 28.422249693397116], [77.09566291529046, 28.42106828468104], [77.09495352110048, 28.42038373015686], [77.0946840004641, 28.42028300035177], [77.09431299984503, 28.420264000426666], [77.09389800064164, 28.420112999528364], [77.09355799998472, 28.419966000032346], [77.09313471112787, 28.419811494819747], [77.09302626920173, 28.419780707992015], [77.09282477169363, 28.419723502521826], [77.09168051744764, 28.419398638669804], [77.09115948649803, 28.419089346682266], [77.09055340575225, 28.418729560937876], [77.08997503264308, 28.418499697666178], [77.0893391305248, 28.41877804861473], [77.0883831110601, 28.418225699248563], [77.08788666250821, 28.41700974227703], [77.08767518741224, 28.41647170939816], [77.08476654942179, 28.41563947494496], [77.08476083254332, 28.415604904765644], [77.08474365316182, 28.415501018760818], [77.08474117560826, 28.415496580056818], [77.08474363160227, 28.415471520100745], [77.08472489274541, 28.415419561638938], [77.08454866484625, 28.414930906872144], [77.08454280783059, 28.414880507784304], [77.08452956666329, 28.41476654898141], [77.08431062926226, 28.414390122593634], [77.0843064574861, 28.41436029889522], [77.08430393591506, 28.41434227367441], [77.08427285061298, 28.41412005296333], [77.08426893485665, 28.414092057472505], [77.08426376145894, 28.41383126363007], [77.0842631649776, 28.41380117825157], [77.08413249064645, 28.413042439688308], [77.0841317333667, 28.412945267854347], [77.08412998883841, 28.412851261095565], [77.08407014487081, 28.412595636243534], [77.08399136082376, 28.41218005215108], [77.08397531601447, 28.412010619841507], [77.08384538818333, 28.4118209311207], [77.08391625268284, 28.411832622430843], [77.08391801158419, 28.411832912402495], [77.08444105116679, 28.411645121219415], [77.08447595520715, 28.411631370058785], [77.08499375761164, 28.41142737006915], [77.08500033238121, 28.41142478006716], [77.08512017841991, 28.41137756348194], [77.08517320776777, 28.41135428900592], [77.08579870919168, 28.411079757732743], [77.08583185343238, 28.411072252390948], [77.08583505412975, 28.411070051909014], [77.08585203318691, 28.41105838500838], [77.08613664013018, 28.41086280344208], [77.08647324605367, 28.410578378557286], [77.08652630953749, 28.41053354065573], [77.08684446855662, 28.41036557060294], [77.08690433408378, 28.410278878903227], [77.08711052798421, 28.409980285468457], [77.08712723395354, 28.40995513176219], [77.08714486518764, 28.40992858347456], [77.08725917760415, 28.409756459544557], [77.08747693372062, 28.409428571308272], [77.08763297288208, 28.40920615855679], [77.08765442824432, 28.409175576450878], [77.08781009909657, 28.408953686237556], [77.08782179156829, 28.408937018338833], [77.08780918371329, 28.408877318083967], [77.08780854141783, 28.4088742768522], [77.08778039540337, 28.40874101487325], [77.08776142657783, 28.408659619713795], [77.08773187919151, 28.408532835017265], [77.08780050149605, 28.408464425627013], [77.08793651451491, 28.40832883143037], [77.08812272269688, 28.40810950977296], [77.08838863659741, 28.407796309950257], [77.08841458892597, 28.40777560818561], [77.08860264584081, 28.40758860785582], [77.08862102716813, 28.407557297559016], [77.08870410246732, 28.407408020025187], [77.0885333794442, 28.40701407278725], [77.08845256969619, 28.406819268373315], [77.08836983216358, 28.4066198175052], [77.08829179012494, 28.40651011190076], [77.08826136328796, 28.406413168749676], [77.08819991043768, 28.406217374746365], [77.08816367958565, 28.406138695784424], [77.08808923619804, 28.405931746620688], [77.0880193571504, 28.40573748700651], [77.08794862470324, 28.40561045070247], [77.08781095069945, 28.405391445012775], [77.08773710738643, 28.405232409868493], [77.08769964674077, 28.405165308437553], [77.08763392240134, 28.405052316614846], [77.08753547962262, 28.404910905596257], [77.08749428468033, 28.404851730903026], [77.08725683569621, 28.404510640370372], [77.08708748619716, 28.404313397630766], [77.08702387739022, 28.40423930972377], [77.0867352936052, 28.403970912291502], [77.08650551892856, 28.403777746632997], [77.08642341560655, 28.403708724157717], [77.08628575507744, 28.403594635599084], [77.08629891898964, 28.403566773236474], [77.0863320605354, 28.403496626993935], [77.0862829604186, 28.40308893348632], [77.08627498876876, 28.40301967903979], [77.08627237467131, 28.40299697560748], [77.08625571271942, 28.402883848721974], [77.08605190115111, 28.40210668067918], [77.08595920489526, 28.401712010460173], [77.08590722837293, 28.401404826415348], [77.085891463838, 28.40131165571058], [77.08620230428252, 28.40116908048618], [77.08636090903245, 28.401028935706982], [77.08637772100299, 28.40101408005712], [77.08638350974665, 28.401009479546424], [77.08642865188634, 28.40097359603019], [77.0867711696227, 28.40070133258596], [77.08678211649276, 28.400689675606152], [77.08697495963142, 28.400484232979366], [77.08715268502216, 28.400294893432257], [77.08716341090668, 28.400283466355827], [77.08730216917704, 28.400135890147986], [77.08734365786842, 28.40008976612052], [77.08748574260031, 28.399934625037066], [77.0875706845986, 28.39984187579817], [77.08758303014555, 28.399832513473363], [77.08771076069748, 28.399735655875954], [77.08772220343756, 28.399726977858254], [77.08791527564667, 28.39958084536993], [77.08803710965708, 28.399497518232238], [77.08845536255838, 28.399208897649206], [77.0889031763208, 28.399159870784203], [77.08895486268729, 28.39915421289463], [77.08907027284512, 28.3991415766767], [77.08895988786297, 28.398953088947145], [77.08895459229439, 28.398944005487806], [77.08889356614387, 28.398839297918567], [77.0887085518229, 28.398521858067056], [77.08861355408328, 28.398339195484244], [77.08858542513681, 28.398295229540686], [77.08838394200171, 28.39798030648049], [77.08826681067185, 28.397814968496416], [77.08822174668559, 28.39775135829487], [77.08817111494126, 28.39767988853666], [77.08803879130326, 28.397439033445085], [77.08799859888083, 28.39737723815627], [77.08788811777897, 28.397207378368034], [77.08786184295525, 28.397166982181954], [77.08768679634068, 28.396897854842845], [77.08761746885861, 28.396788756338434], [77.08757913774542, 28.396760620348555], [77.08753836590964, 28.396730693698782], [77.0875080136328, 28.396663563177025], [77.08742506050453, 28.396480096100042], [77.08736904515665, 28.396356204871342], [77.08726770531116, 28.396119251301414], [77.08713689353779, 28.395813384957467], [77.08704809686861, 28.39563259925428], [77.08701978915738, 28.395574964288475], [77.08689098422035, 28.395312722190475], [77.08687050622511, 28.395271030874007], [77.0867959029374, 28.395082618445176], [77.08667814458346, 28.394785217328653], [77.08665990249497, 28.394739145499003], [77.08665547919053, 28.394727974651865], [77.08665476502986, 28.39472560708959], [77.08657347378487, 28.394456097395288], [77.08653272800022, 28.394320154949384], [77.08649181153565, 28.394184214699838], [77.08648107037979, 28.39415472827948], [77.08647749598327, 28.394144914222124], [77.08640345324429, 28.39394165263318], [77.08635068710281, 28.393796797110753], [77.08629390728866, 28.39364092373699], [77.08624852979038, 28.393494694348625], [77.08623234035232, 28.39344252359389], [77.08622130365076, 28.39340695598658], [77.08621688124462, 28.393397148972245], [77.08618021650628, 28.393315833694633], [77.0861562243017, 28.393228919417616], [77.08592581451614, 28.39285301156326], [77.08574403772346, 28.39255644502448], [77.0857267424593, 28.39252634886277], [77.0857261190285, 28.392511190142663], [77.08563334102595, 28.392383286873613], [77.08558505927436, 28.392309050749766], [77.08546241049198, 28.392120463149727], [77.08540524709721, 28.39201507790721], [77.08525440918122, 28.391765052373238], [77.085192506275, 28.39166244455508], [77.08526275992011, 28.391607601014897], [77.08522844247963, 28.391516995589967], [77.08521129723412, 28.39147172999094], [77.08516734356557, 28.39122019376502], [77.08512297936696, 28.390966308262456], [77.0851161171365, 28.390927032670533], [77.08507072796012, 28.390706965330388], [77.08506421607262, 28.390675392416835], [77.08500382053947, 28.390382568052765], [77.08499813240708, 28.390351890422696], [77.08501116247028, 28.39013041440823], [77.08502847210748, 28.38983623321281], [77.08502714080421, 28.389760417119856], [77.08502406407439, 28.389585205207215], [77.0850188870834, 28.389290364984546], [77.08502076995224, 28.389153891956294], [77.08502234020737, 28.38904004615121], [77.08502411617665, 28.388911274122833], [77.08502642035538, 28.388744263182133], [77.08502272378799, 28.388668732391874], [77.08499971793356, 28.388198628789073], [77.08497998733664, 28.388031378848133], [77.0849703744648, 28.387949898235025], [77.08495523515731, 28.387821557962823], [77.08495589721568, 28.387653228676], [77.08494483985284, 28.387404822444193], [77.08494070760253, 28.387311980840057], [77.08502556156596, 28.38730199702572], [77.0849291965905, 28.38710759419994], [77.08490149973365, 28.386859810236228], [77.08486825937318, 28.38656242872611], [77.08482703298985, 28.38632255126772], [77.08482572055122, 28.386314912191587], [77.084811049266, 28.386229544332533], [77.08477308646209, 28.386017729890852], [77.08472669835915, 28.385770095909532], [77.08467106928686, 28.385473124675162], [77.08466635492825, 28.385445263870935], [77.0846291296412, 28.385225273666734], [77.08460138786857, 28.385061326495897], [77.08456562863208, 28.384928565661646], [77.08451919561334, 28.38475617114135], [77.08447835909885, 28.384604554554798], [77.0844345168214, 28.38444177530419], [77.08441910801933, 28.38438456734827], [77.08440831925276, 28.38433220322407], [77.08436782499639, 28.38413586183035], [77.08430682489703, 28.383840101534496], [77.08423705993545, 28.383591156061705], [77.08421772998715, 28.38352218208515], [77.0841945408764, 28.383295636086398], [77.08419016428434, 28.383046155073515], [77.08418975195764, 28.3830227020831], [77.084188422451, 28.38294688665016], [77.08418496303885, 28.382749767377334], [77.08416809716937, 28.382598855268604], [77.08415717275722, 28.382501105445026], [77.08412965107186, 28.3822548613519], [77.08412403390638, 28.382204600046247], [77.08408063809163, 28.38195620871132], [77.08403672574562, 28.381704860139575], [77.08402887177509, 28.381659900163942], [77.08401907744354, 28.381599366541703], [77.08400588388697, 28.381411305226024], [77.08398506093869, 28.381114498821013], [77.08396061508483, 28.38086629856712], [77.08395232543138, 28.380782131597655], [77.08394339887242, 28.380691486097923], [77.08394239545424, 28.380684640123253], [77.08391254264073, 28.38048094174661], [77.0838925748886, 28.380321370513258], [77.08387244903298, 28.380160536851434], [77.08385550501009, 28.38002426862808], [77.08383140410933, 28.379874127975942], [77.08381572760932, 28.37977647443494], [77.0837680495256, 28.379479462704413], [77.08373297300871, 28.379231599267698], [77.08371585201769, 28.379110610623393], [77.08370182482454, 28.379011491845567], [77.08370712488473, 28.378934294368882], [77.0837149644822, 28.378774401503023], [77.08376410502319, 28.37876203632034], [77.08376412388782, 28.378760442164054], [77.08404576100072, 28.37890407499611], [77.08409464282691, 28.378929003706993], [77.08426777782655, 28.379017300978315], [77.0846019286544, 28.379191988959686], [77.08466265566591, 28.379223736009813], [77.08482056691645, 28.379303179467716], [77.08503458693963, 28.379422986311386], [77.0850912508711, 28.379460009701678], [77.08529145211027, 28.379459190893993], [77.08558677505656, 28.379457982441387], [77.08563806167277, 28.37946273247416], [77.08597684062092, 28.37949073632371], [77.08615188903214, 28.379505206135608], [77.08631975541265, 28.379519081598957], [77.0863220335402, 28.379519269703323], [77.08666267110269, 28.379547425285967], [77.08666402037223, 28.379547535935544], [77.08700600630594, 28.37957580216023], [77.08715317370569, 28.379587965707795], [77.08734850248277, 28.379604108685395], [77.08760309671237, 28.37962515106292], [77.08772290861509, 28.37964248588802], [77.08775451673665, 28.379652234107844], [77.088036348784, 28.37977543591173], [77.08815276505494, 28.379826325908233], [77.08837491662808, 28.379824817916322], [77.08865959723319, 28.379875969495615], [77.08872271556001, 28.379862468705728], [77.08882069840129, 28.379841510942928], [77.08905824889503, 28.379790699988927], [77.08921307892413, 28.37975897286734], [77.08962249779296, 28.37967507848131], [77.08963428099456, 28.37967266474237], [77.08974083017041, 28.379650830440134], [77.08996466159313, 28.37957901099746], [77.09018576034073, 28.3795080687997], [77.09026121163808, 28.379483858657345], [77.09036402472067, 28.379450868456768], [77.09041001936153, 28.379426947571343], [77.0904200634247, 28.379421724114202], [77.0907674608097, 28.37930789473177], [77.09123885444998, 28.379112145497594], [77.09144732198641, 28.379025577608807], [77.09162844839882, 28.378940456005868], [77.09164214141873, 28.378934020114386], [77.09165895698253, 28.378927098151813], [77.0917204062395, 28.37890180034284], [77.09172672948081, 28.37889919690015], [77.09178598235695, 28.37886864240503], [77.09188062795694, 28.37882613134177], [77.09188903439137, 28.37882235500354], [77.09203701027488, 28.378755889689835], [77.0924511704518, 28.378580813713096], [77.09257207290925, 28.378529705769424], [77.09280665716592, 28.378439745169523], [77.09304652890633, 28.37834775800219], [77.09314890810263, 28.378278117500198], [77.09319967010272, 28.37825838211718], [77.09329303111186, 28.378222083071364], [77.09335755081052, 28.378190736436096], [77.09343624502606, 28.378160614856693], [77.09403336328023, 28.37793205777768], [77.09416645857107, 28.37788111391768], [77.0948468344824, 28.377629106795357], [77.09503514562049, 28.37754625401184], [77.09552653575898, 28.377339037200215], [77.09593113606464, 28.37713855711641], [77.09607381278627, 28.377116900126246], [77.09620707516372, 28.377096672125127], [77.09655788345184, 28.37704342234619], [77.0968893914361, 28.37695510762414], [77.09705330702597, 28.376911440267328], [77.09724010989268, 28.37685819671841], [77.09757103756525, 28.37677568872652], [77.09792244413136, 28.376688074844644], [77.09807887765325, 28.376647323074412], [77.09825238725038, 28.376579647912283], [77.09832860391235, 28.376549921853986], [77.09860423129601, 28.37644241636044], [77.09893248737893, 28.376313088414552], [77.09895491292168, 28.376304252774894], [77.09916901469157, 28.376219900397857], [77.09928585227236, 28.37617386792337], [77.09961320195515, 28.37608146226061], [77.09996780472703, 28.37598136216059], [77.09996801583111, 28.37598130288202], [77.10010401088367, 28.375917787071693], [77.10029353923895, 28.375828637559483], [77.1008144596958, 28.37558360623033], [77.10097281381577, 28.375515952520306], [77.10120119790035, 28.375418377166703], [77.10133065591255, 28.375363067591266], [77.10165278099366, 28.375242696568133], [77.10178096878808, 28.375194795195508], [77.10201236043223, 28.375108328440575], [77.10233299341164, 28.37498352621206], [77.10267056771899, 28.374852127248513], [77.10269398679846, 28.374843011689357], [77.10281457304893, 28.37480036069447], [77.10301326691507, 28.37472793964209], [77.10337573982714, 28.37459582031568], [77.1036556917006, 28.374513563489355], [77.1036939958643, 28.374498174561197], [77.10374203956233, 28.374478872400083], [77.10405398762958, 28.374287048041918], [77.1040570320201, 28.374285177180674], [77.10437168221968, 28.374097037293055], [77.10444182447371, 28.374055096563477], [77.10473868443748, 28.37402513742145], [77.1050543820727, 28.373978942753794], [77.10542149388492, 28.373925225076], [77.10553390187305, 28.373917112449945], [77.10573781854423, 28.373902394481664], [77.10610466715008, 28.373875916993107], [77.10642201139724, 28.373868537060886], [77.10654904844976, 28.373865582558583], [77.10678816919861, 28.373871925490782], [77.10710686990186, 28.37387217683689], [77.1074717035865, 28.373872462960417], [77.10757422112337, 28.37387118251807], [77.10757912502649, 28.37387124970178], [77.1080953419045, 28.37387822732201], [77.10815528199183, 28.3738790382688], [77.10833624221593, 28.373885976368708], [77.1087417004127, 28.373902359704232], [77.108839002331, 28.37390524939303], [77.10935003503153, 28.373902255371927], [77.1099940669031, 28.373989262950182], [77.11020688408213, 28.37401808788487], [77.11089093679793, 28.374089608371715], [77.11135228817164, 28.3741672859822], [77.11145521084869, 28.37403761460209], [77.11157300423696, 28.37388920671879], [77.11197913437356, 28.37334295920814], [77.11225005189019, 28.373001617898684], [77.11233139433915, 28.372912102349986], [77.11243652238024, 28.37279640853102], [77.11297934196708, 28.372249353128645], [77.11364176594581, 28.371701593018848], [77.113707617846, 28.37165345608499], [77.11436484147755, 28.371153470441307], [77.11496725619867, 28.37069670025389], [77.11511671520067, 28.37055757198484], [77.11546837958328, 28.37005923869767], [77.11564420773216, 28.369802568445152], [77.11574461602473, 28.369513748458456], [77.11594566796848, 28.36896870121897], [77.11595626539386, 28.368939975297355], [77.11614671901388, 28.368423654341356], [77.11627387374571, 28.368078935464805], [77.11634776826268, 28.367878607035244], [77.11654001492002, 28.36733361067962], [77.11657934406148, 28.36722960542674], [77.11669859990701, 28.36678881387986], [77.11676561422719, 28.366569007886653], [77.11686268887175, 28.36672858637003], [77.1169967336818, 28.36694746799888], [77.11714046053402, 28.367100848018673], [77.11713687176444, 28.367416871404366], [77.11704833560668, 28.368533664158928], [77.11708511622767, 28.369277300849337], [77.1175183260785, 28.3693543101177], [77.11842644018573, 28.36951573480647], [77.11821455905124, 28.37017366608053], [77.12011903326764, 28.370649631512617], [77.12116889703513, 28.370138977524196], [77.12085813025249, 28.369382838319677], [77.12176591557633, 28.36725194026659], [77.1224919645317, 28.367890738725546], [77.12492038203587, 28.36807489552753], [77.1265711100323, 28.3677793852806], [77.12827040903782, 28.367398489613475], [77.12833172354755, 28.36745850727536], [77.1284724042126, 28.368730876248215], [77.12998039080871, 28.36996929067483], [77.13013708484202, 28.369851390728126], [77.130127115339, 28.36970086417579], [77.13011171282513, 28.369391759111803], [77.13030743147104, 28.369325402501477], [77.13036852230024, 28.36930469006158], [77.13104000848354, 28.368842154393835], [77.13107190316772, 28.368855487433496], [77.13151872698666, 28.369042272330038], [77.1315267282809, 28.36904561744031], [77.13178146803759, 28.36871563982558], [77.13192934151316, 28.36858465677238], [77.13220093905447, 28.368400311150165], [77.1324645550645, 28.368096691109706], [77.13248106070948, 28.36807768024657], [77.13249719535033, 28.36806079487273], [77.1327553190607, 28.367790672790395], [77.13286132026424, 28.367679742917687], [77.13293983930826, 28.36759757321092], [77.13305322646006, 28.36747987140164], [77.13359780674485, 28.366927768449454], [77.13387721603588, 28.36665159495721], [77.13409253322632, 28.366376504456415], [77.13411120291286, 28.36635509426176], [77.13438447132062, 28.3660417030904], [77.1345730133257, 28.36582547868882], [77.13465326881321, 28.36573476349531], [77.13506060987876, 28.365274331490838], [77.13538134436781, 28.36491179008554], [77.13551259631565, 28.364723784554943], [77.13582216025416, 28.364175640949767], [77.13600456676586, 28.363916176379917], [77.13614952341167, 28.363627197295614], [77.13642347813231, 28.363079653531816], [77.13675929713159, 28.36246274300403], [77.13735428637857, 28.36243052613482], [77.1377329424405, 28.362409128582243], [77.13792287593597, 28.362398396208867], [77.13806606110406, 28.36240341576935], [77.13809812377316, 28.36240296598514], [77.1385645407468, 28.362396420003886], [77.13877783403288, 28.36237630223504], [77.13948960875837, 28.362349184741365], [77.14020168352116, 28.36233713937059], [77.14073874760197, 28.362323177078313], [77.14091387506492, 28.362330892187693], [77.14092353285254, 28.36233131825775], [77.14144729557896, 28.362328982381957], [77.14162600013337, 28.36232136054939], [77.1418778437216, 28.362310619471817], [77.14215246409385, 28.362262675898382], [77.14233575364945, 28.36219385800728], [77.1425165458886, 28.36212597679513], [77.14259464272445, 28.362096653786534], [77.1429917250295, 28.361969713799933], [77.1430432470043, 28.36195407088756], [77.14329518850889, 28.36187758034081], [77.14375123802581, 28.361739120327275], [77.14397624174997, 28.361670807218168], [77.14427564753922, 28.3616588313333], [77.14446397394863, 28.36176020102975], [77.1451822542734, 28.36205673195375], [77.1454806934754, 28.362190876303437], [77.14576570915213, 28.362378619928688], [77.1459031289327, 28.362481856054668], [77.14644598984206, 28.362909994126962], [77.14683018042447, 28.3631902230133], [77.14707055522143, 28.363442311862432], [77.14735236570924, 28.363702911918534], [77.14760718451767, 28.36397611854524], [77.1478489085842, 28.36419695751837], [77.14784960208362, 28.36432482205961], [77.14783136358838, 28.364847203683837], [77.14782488493854, 28.36505825097069], [77.14788923216067, 28.365600071885265], [77.14795357848449, 28.366141893195273], [77.1480305389515, 28.366649195150067], [77.14803573031551, 28.366683412948618], [77.14813568406056, 28.367224628778594], [77.14836746377692, 28.36759369134398], [77.14840192674447, 28.367648566274227], [77.14844927245153, 28.367762217671473], [77.14867385037422, 28.368301317529546], [77.14888062548465, 28.368840718965693], [77.14908740418832, 28.369380120030986], [77.14929418648525, 28.369919519144513], [77.14950096878219, 28.37045892104876], [77.1497077555707, 28.370998320210667], [77.14991454235923, 28.371537720582307], [77.14998910342611, 28.371750647599583], [77.15010353082701, 28.372077420938457], [77.15017672016646, 28.372200510608106], [77.15082275258621, 28.373286986194675], [77.15123514757359, 28.373980531449153], [77.15150277006975, 28.37443060235968], [77.15163602166741, 28.37476592973724], [77.15185880475619, 28.37521456750632], [77.1521650952338, 28.375842756151062], [77.15241668370045, 28.37638138814523], [77.1526769103669, 28.376919872765775], [77.15283232340263, 28.377240680265615], [77.15290153051043, 28.37745896244697], [77.15307274042044, 28.37799896067994], [77.1532617558377, 28.378538655826176], [77.15343297023927, 28.379078653304248], [77.15353296710343, 28.379619862806585], [77.15363296666256, 28.380161071918135], [77.15364796852778, 28.380242759265226], [77.15267943642951, 28.380569404489002], [77.15258916113333, 28.380599798844163], [77.15197181461556, 28.38080765657745], [77.15157773807347, 28.380944396419828], [77.15126418920838, 28.38104590575962], [77.15062272202692, 28.381298107880948], [77.1505573336574, 28.38132240296595], [77.15052045152677, 28.381336532681363], [77.15049660664589, 28.381843163692615], [77.15050513165794, 28.382265283486465], [77.15050756788897, 28.382385889962272], [77.15051852823376, 28.382928615034995], [77.15052553149972, 28.383275356311856], [77.15052948857854, 28.383471340491344], [77.15054045071994, 28.38401406633123], [77.15055860657014, 28.384225400309795], [77.15058702387587, 28.384556186381538], [77.15059798601729, 28.38509891220108], [77.15059532341078, 28.3853102179372], [77.15059114265144, 28.385641940301888], [77.15055937193478, 28.38618539238617], [77.1505737144366, 28.386494984336974], [77.15060152897276, 28.386709276999014], [77.15060389962677, 28.38672754638212], [77.15060622716169, 28.387270419146645], [77.15060491382472, 28.387632529298497], [77.15061719020143, 28.387813143717658], [77.15062815503777, 28.388355868671567], [77.15063363655761, 28.38862723208241], [77.1507057748682, 28.388671247872956], [77.15142553920984, 28.389031171267437], [77.15165854332992, 28.389128279683657], [77.15214215226143, 28.38923496939055], [77.1524984052385, 28.389300246665293], [77.1527955697311, 28.38940481982729], [77.1528585218696, 28.389426596011212], [77.15357586075993, 28.38966600729457], [77.15380612232346, 28.389746383360375], [77.15429750886871, 28.390118209395123], [77.15463367821096, 28.39045934309207], [77.15491698708863, 28.390778301493224], [77.15502413364415, 28.39081591836303], [77.1554993747688, 28.39098750485849], [77.15574161985822, 28.39106197029543], [77.15581430254784, 28.391092441460003], [77.15646022896638, 28.39136322966458], [77.15685951124553, 28.391507230284823], [77.15717631380858, 28.391539756800295], [77.15789055800278, 28.391625373267967], [77.15822965764947, 28.391656601343488], [77.15860496030047, 28.391718750054423], [77.1586228601308, 28.391723035653328], [77.15870770241614, 28.39174334700312], [77.15914527358765, 28.392011145566943], [77.15918851129892, 28.39203760904457], [77.15932484681295, 28.392082424743577], [77.15957757883497, 28.39215837905189], [77.16004416918344, 28.39241806377588], [77.16023585978361, 28.392512970593014], [77.16113874300096, 28.392950377262398], [77.16133259584602, 28.393059614060988], [77.16148416678726, 28.393155275785347], [77.16220546814634, 28.393587607982607], [77.16292877005354, 28.394118152557734], [77.1636484023428, 28.394467786670525], [77.16485472747998, 28.39504795463103], [77.16498867167873, 28.39516873701321], [77.16508875927273, 28.395220108778474], [77.16581100655782, 28.39569757072], [77.16588865154107, 28.395746687692867], [77.16652513397102, 28.39577582833842], [77.16723711171576, 28.395748555014574], [77.16736176194456, 28.395746419803714], [77.16794939758262, 28.39573635222877], [77.16839457568797, 28.395728724104053], [77.16899488924963, 28.396095453501353], [77.16911638549351, 28.396183855801933], [77.16935469057208, 28.396341078308104], [77.16938730480676, 28.39636621312024], [77.17011182752447, 28.396954002677028], [77.17017141367556, 28.397000573755776], [77.17064021567626, 28.397366978712444], [77.17064373258059, 28.39736860656851], [77.17083462907006, 28.397456948540544], [77.17112836020164, 28.397585164935812], [77.17155357684305, 28.397770774752473], [77.17165682920184, 28.397816449365042], [77.17193826419383, 28.397940942612593], [77.17195881585089, 28.397956298110387], [77.17230360632493, 28.39821392039162], [77.1723367236162, 28.398266276078562], [77.17235797685748, 28.398299875211467], [77.1725039683625, 28.398719168483076], [77.1725458855503, 28.39883955552716], [77.17266817949813, 28.39917207712683], [77.17268897370035, 28.39922861490884], [77.17274430273534, 28.39937905608818], [77.172796328665, 28.399514635662506], [77.17283865997612, 28.399624949065917], [77.17295127098353, 28.399918408505375], [77.1730336060709, 28.400077672092156], [77.1732294720405, 28.40045653653067], [77.17326724529988, 28.400530165607258], [77.17334012112728, 28.40067222174187], [77.17362266553866, 28.400981928630824], [77.17363233141111, 28.400992523557306], [77.17363339591472, 28.400993516831583], [77.17367549725715, 28.401032751554116], [77.17375945110865, 28.401110986268176], [77.17387931421533, 28.401211471963673], [77.17403187959161, 28.401339374061084], [77.17402857379136, 28.401433386294986], [77.17402522217705, 28.401528680924404], [77.17408478946352, 28.40173560708119], [77.17412827780477, 28.40188668001221], [77.17418073582407, 28.402068914520484], [77.17418152634153, 28.402082858147548], [77.17418913058042, 28.40221719051085], [77.1742561844265, 28.402339805061366], [77.17440285415955, 28.402608005129085], [77.17443370500138, 28.402678441956667], [77.17447224003209, 28.402766424710826], [77.17448358755075, 28.40279233158609], [77.17453995863148, 28.402921039339187], [77.17472737145427, 28.403145334057978], [77.17481173134426, 28.403244254062813], [77.17512455437061, 28.40361107123677], [77.17518367519442, 28.40368039641245], [77.17519571261921, 28.40369583957806], [77.17530693033959, 28.40383851886598], [77.17538784249557, 28.403942318328237], [77.1754964784578, 28.404147924136854], [77.17553313151801, 28.404217294791145], [77.17560877864808, 28.40439226284786], [77.17569885272165, 28.40460059939218], [77.17576612395999, 28.404756194310774], [77.17591977360283, 28.405027410640148], [77.17604892978112, 28.40525539174918], [77.17607072470653, 28.405293863177125], [77.17610218011453, 28.405339905923018], [77.17610712893344, 28.40543388537127], [77.17611092251887, 28.405505904592385], [77.17612829234322, 28.405835777995655], [77.17613199519883, 28.40595966920344], [77.1761353629828, 28.406072351107248], [77.1761410097927, 28.406261307376894], [77.17614555796297, 28.40641347769989], [77.17614821338296, 28.406502308347385], [77.17614841191062, 28.406510789062022], [77.17614978812963, 28.406569293569163], [77.1761545869299, 28.406773462525575], [77.17615760706587, 28.406921084798906], [77.1761589823866, 28.40698832181365], [77.17531135813563, 28.40731100658258], [77.17515514739593, 28.407383700103004], [77.1746056524282, 28.407648718922086], [77.17390022969009, 28.40800045915871], [77.17379745793001, 28.40804746628148], [77.17372701833365, 28.40807938484237], [77.17337796894687, 28.40859757970506], [77.1730047072682, 28.409146896977724], [77.17284087701826, 28.409410194429697], [77.17294658087943, 28.409690801385263], [77.1731346575572, 28.410230476619013], [77.17325687784319, 28.410631342059588], [77.17317299495859, 28.410772724108767], [77.17289432677765, 28.411197008184764], [77.1727944826271, 28.4113221312362], [77.17234030519921, 28.41187283683023], [77.17215707852569, 28.412053376753292], [77.1719148424194, 28.41242304890309], [77.17159664926432, 28.41297141717293], [77.17127788927228, 28.413519794455038], [77.17116567891348, 28.413678444230047], [77.17046303017298, 28.414168615439728], [77.16994282747005, 28.414451458396126], [77.16975627164007, 28.414457685126507], [77.16904402799399, 28.414478045054757], [77.1683316181596, 28.414490259113627], [77.16761920742691, 28.41450247080081], [77.16752237442918, 28.414502042570074], [77.16737803312932, 28.414186152410796], [77.16594689021926, 28.414769538688056], [77.16571149747884, 28.414865490528058], [77.16464189862285, 28.415455978310877], [77.16441920716227, 28.416754396088738], [77.16483352723928, 28.417917750110878], [77.16521645568871, 28.41876274511879], [77.16573682098668, 28.419538114460345], [77.16624852113546, 28.42030055843163], [77.16573265819368, 28.420513634789792], [77.16541702164386, 28.421497413124555], [77.16561892519047, 28.422047281296603], [77.16584374026844, 28.42265954420552], [77.16589285565662, 28.424277861723485], [77.16529161862684, 28.425330204281895], [77.16495186051503, 28.42592487288938], [77.16466262545141, 28.426450258740154], [77.16444630843606, 28.42684318804482], [77.16433466042264, 28.426996031104416], [77.16374191696389, 28.427807477651484], [77.16370351129055, 28.427860052549175], [77.1632645746798, 28.428460941540497], [77.16275632855329, 28.428874425147313], [77.16257362829248, 28.42896557610166], [77.16216097818359, 28.42918359927879], [77.16209622671957, 28.4292177115737], [77.16191405287152, 28.42931368665908], [77.16162177521407, 28.429467667674967], [77.1614889575027, 28.429566152303916], [77.16145417922647, 28.429583282254285], [77.16119297339634, 28.429647659370172], [77.1610560036717, 28.42968141681436], [77.16081304352333, 28.42982865482287], [77.16039606083982, 28.430081349912644], [77.16014101475758, 28.430211200776505], [77.15972693902235, 28.430422017607793], [77.15946509269342, 28.430473696165738], [77.15936194633588, 28.43048672047287], [77.15918313757689, 28.43050929872602], [77.15911548365622, 28.430517841505964], [77.15901393270661, 28.430530665154294], [77.15883457687359, 28.43055331212579], [77.15881749630678, 28.430554246664776], [77.15878430804861, 28.430586129212543], [77.15815475162951, 28.43095597601826], [77.15811226670648, 28.430968665318478], [77.15802753221897, 28.43099397360694], [77.15799660861366, 28.431003210731795], [77.15747496052141, 28.431159011748704], [77.15743439080657, 28.43117112908687], [77.1569631283203, 28.431308718722008], [77.15675636758293, 28.43136908412229], [77.15672361770261, 28.43137864826099], [77.1565718859629, 28.431429795493813], [77.15655220207842, 28.431436432798563], [77.15647152438275, 28.43150219754869], [77.15608640045076, 28.431816137758467], [77.15590923471044, 28.431984289442735], [77.15581474451898, 28.43207396838851], [77.15540921894856, 28.432040349161], [77.15520472555897, 28.43203315576036], [77.15507949052689, 28.432028749347985], [77.15505402059365, 28.43202785195026], [77.15504060335657, 28.4320478229979], [77.15485988567758, 28.432316774129944], [77.15473645176769, 28.432401113454397], [77.15429996216776, 28.432699354537394], [77.15406680892734, 28.43285866204447], [77.15374725392624, 28.433042282556464], [77.15354004672619, 28.433048268837013], [77.15353165646142, 28.4330485121432], [77.15339017629577, 28.433100119902527], [77.1532957283251, 28.433134234094855], [77.15329234437144, 28.433135456944456], [77.15328950210188, 28.4331389975206], [77.15313453642716, 28.43333209777331], [77.1530643555456, 28.43341954712116], [77.15302684100101, 28.43346629570453], [77.15300209960145, 28.433562556059112], [77.15293434596776, 28.433582044946903], [77.1528994230628, 28.43359727046517], [77.15275723232975, 28.433659259488444], [77.1525381610797, 28.433754764475385], [77.15237446647537, 28.433827815857853], [77.15205274563614, 28.434073425838626], [77.15191037883328, 28.434179224248236], [77.15184588338917, 28.43425669666644], [77.15185423592467, 28.434340276886964], [77.15187750408717, 28.4345731051783], [77.15166815710008, 28.434674780375662], [77.15143150492163, 28.43478971781546], [77.15139206079581, 28.434808873121675], [77.1513149889377, 28.434884445269653], [77.15118785666375, 28.435009101120606], [77.15091154745876, 28.435121391109305], [77.15072018204874, 28.435198128984247], [77.15045113841776, 28.435311079160744], [77.15010857217239, 28.435519543669937], [77.15004792690755, 28.435575818747846], [77.14993168850306, 28.43568545711163], [77.1493837080949, 28.436202473369097], [77.14900414203957, 28.43639760368134], [77.14878547592976, 28.436514785018723], [77.1487107702341, 28.436559457091235], [77.14803928315247, 28.43696145591954], [77.1477594723145, 28.43714110389033], [77.14746403438389, 28.437191589541037], [77.14736279964127, 28.437208888880676], [77.14712658584067, 28.437249255575406], [77.1468342273348, 28.437299215085474], [77.14675643502785, 28.437312507916385], [77.14671611863788, 28.43731939762761], [77.14668195570763, 28.43732126342639], [77.14633820817765, 28.437319315475563], [77.14599965650325, 28.4373886170035], [77.14586674896034, 28.437415823520332], [77.14564769747327, 28.437460662675928], [77.14550640775042, 28.437484950412255], [77.14531880897637, 28.437500985038927], [77.14530516626215, 28.437500616935306], [77.14490066656782, 28.437489701003418], [77.14475625609771, 28.437426974066828], [77.1446812261102, 28.437394383439592], [77.14463070126538, 28.437388258378558], [77.14456198373941, 28.437379926272715], [77.14430122437199, 28.437340414324705], [77.14394404343524, 28.437320546176057], [77.14369779545292, 28.437306515557705], [77.14303940311318, 28.43705722650052], [77.14261207093928, 28.43709968971392], [77.14253141749815, 28.437107704292], [77.14145285704888, 28.437214882824744], [77.13984441814277, 28.437544457594043], [77.13916307833912, 28.437641790110845], [77.13848198826713, 28.43774692141957], [77.13836343220919, 28.43776445369483], [77.13808192984355, 28.437838244833248], [77.13745311363623, 28.438028721091616], [77.13742068804773, 28.438039181185253], [77.13665373879752, 28.438272222513778], [77.13610560477743, 28.43843877462971], [77.1352997764417, 28.438536978389074], [77.13508585702984, 28.43856304871427], [77.13502595377345, 28.438560012284757], [77.13494873638825, 28.43855609984049], [77.13486553981653, 28.438556568259504], [77.1344042710878, 28.43865315416701], [77.13386849608942, 28.438765336019877], [77.13372507825768, 28.438817685878032], [77.13360916145005, 28.43888365220757], [77.13305072734694, 28.43913287850793], [77.13237515562571, 28.43941025258521], [77.13174657477703, 28.439654190015286], [77.13169909881427, 28.439672616147753], [77.13118170693984, 28.440044994429307], [77.13103008030302, 28.440154122624453], [77.13086040920712, 28.44019939980488], [77.12967260373783, 28.440512511672512], [77.12900257552026, 28.440688649625365], [77.12899387264177, 28.44069202880954], [77.12831779696567, 28.44095437576497], [77.12802557320713, 28.441087514257877], [77.12764316308562, 28.441261739710214], [77.12729809503217, 28.44142493560524], [77.12701918520443, 28.44155684206481], [77.1269699718999, 28.44161411867309], [77.12659055316831, 28.44205571118202], [77.12639694556334, 28.442262285631582], [77.12595962592007, 28.442496429814824], [77.12562526758146, 28.442371691158918], [77.12498909507028, 28.442245957098883], [77.12493737187285, 28.442266067607537], [77.12422542467081, 28.442542889239373], [77.12416119512801, 28.44256109686066], [77.1238783946968, 28.442641263753167], [77.12341959184354, 28.44078062216511], [77.1233025458536, 28.44033142706764], [77.12309410077506, 28.43952847089311], [77.1230366157834, 28.43930703134819], [77.12281897015971, 28.438468619981617], [77.12159547642084, 28.435910478687205], [77.12100176727319, 28.435114739816793], [77.12064711150066, 28.434506728549934], [77.12009884183502, 28.43399158092342], [77.11808392334765, 28.433795690982254], [77.11796707678373, 28.433793744546424], [77.11789400871682, 28.433798734658023], [77.11525922393736, 28.433780356479467], [77.11386169598524, 28.433371932728928], [77.11330099992423, 28.43331999964146], [77.11308634928372, 28.433145331375638], [77.11286810987365, 28.433081548063672], [77.11180696057126, 28.432404292253423], [77.11157679422914, 28.432454717757423], [77.11108034477896, 28.431940858051185], [77.11108031782952, 28.43194082882255], [77.11062633443775, 28.431470918811662], [77.11018518797137, 28.431542509542876], [77.10997632158296, 28.43165788565588], [77.10981443169405, 28.43137754151633], [77.10944614129221, 28.431534081390787], [77.10935568633298, 28.43139523995016], [77.10945336823865, 28.431354859172647], [77.1094335648782, 28.43131416239251], [77.10937128917112, 28.43118618352875], [77.10926817964452, 28.431203743750014], [77.10918130896327, 28.431129445564157], [77.10899583200994, 28.431318312095], [77.10873726543012, 28.431321173359397], [77.10870591602334, 28.431307442923412], [77.10845930781659, 28.430934217060305], [77.1081736453529, 28.431032893077234]]]}}, {"type": "Feature", "properties": {"OBJECTID_1": 16, "OBJECTID": 16, "Ward_No": "22", "SHAPE_Leng": 20264.2375287, "Shape_Length": 23085.916576032596, "Shape_Area": 12111406.311320582}, "geometry": {"type": "Polygon", "coordinates": [[[77.12392482861384, 28.442924214673187], [77.12391187939902, 28.443304557703122], [77.12389717038454, 28.443736599091228], [77.12387749817815, 28.444314388983347], [77.12386836949823, 28.44441547821361], [77.12379801973337, 28.445247514846546], [77.12370713358284, 28.44632240225836], [77.12361766587212, 28.447112108465355], [77.12349579503076, 28.448187814159397], [77.12343580553609, 28.44866728832127], [77.12335751556245, 28.44915005866001], [77.12334944599625, 28.4499091742041], [77.12333946661177, 28.4508476925796], [77.12333880185845, 28.450910200675224], [77.12333046549263, 28.45169435338922], [77.12332647697274, 28.451785975158533], [77.12328572400158, 28.45272210429227], [77.12324497103039, 28.453658233035956], [77.1232042180592, 28.454594362968738], [77.12319052593764, 28.454908887017087], [77.12299643773399, 28.455517536839164], [77.12270414031357, 28.45643415536789], [77.12243643696901, 28.45727363504282], [77.12241183660497, 28.457350773846947], [77.1222261458526, 28.457933066067607], [77.12184250503914, 28.458245904297435], [77.12122702611889, 28.45874778740063], [77.12079066946959, 28.459103604368977], [77.12007621147637, 28.459686183092895], [77.11989361721679, 28.459835070994007], [77.11974858151922, 28.459962052486162], [77.11955548595392, 28.460131113449144], [77.11897888072926, 28.4606349382819], [77.11891446254023, 28.46072428730445], [77.11883775719474, 28.46083068058754], [77.11819642655722, 28.461720215475015], [77.11790467800745, 28.462124870114597], [77.11771725620153, 28.46208613345755], [77.11726778055586, 28.46199323649918], [77.11666276790696, 28.462839668268064], [77.11646756309739, 28.463112763004318], [77.11638176590294, 28.463227994908365], [77.1158259997962, 28.463133999648825], [77.11547998491845, 28.462968862137796], [77.11334099920889, 28.46194800023927], [77.10844700089723, 28.46064599950799], [77.10536800010806, 28.4603500003517], [77.10554099946211, 28.46059200040141], [77.10562900022397, 28.462736999810776], [77.10557800017035, 28.463396999315133], [77.10550299982728, 28.464173000290444], [77.10464599985971, 28.46410599940414], [77.1039289996342, 28.464047000745477], [77.10321999980467, 28.463992000426938], [77.10246700049247, 28.463938999662137], [77.10163000061637, 28.46387699995557], [77.1014909998009, 28.463868000249914], [77.1008780002308, 28.463825999507332], [77.10011100067491, 28.46377100065322], [77.09984999966066, 28.463752999643614], [77.09941900056377, 28.463722000530016], [77.09886500054489, 28.4636850002769], [77.09877399941, 28.463678999935805], [77.09838599997079, 28.463643999255563], [77.09770599955522, 28.463553000591624], [77.09695700044101, 28.46343600005072], [77.09627099927935, 28.46332599953879], [77.09614399995603, 28.463306000438514], [77.09555700032521, 28.463192000598386], [77.0953380000421, 28.463184000632705], [77.09501599982681, 28.46351200030881], [77.09396199931741, 28.463895000154363], [77.09258300001638, 28.464504999199416], [77.09291899957702, 28.46530299979866], [77.09308700070483, 28.465601000428695], [77.09323199957146, 28.465566999371053], [77.09334700009752, 28.46583399997285], [77.09315700012672, 28.465893000002993], [77.09325700058415, 28.46633499968974], [77.09369600007696, 28.466379999529146], [77.0941639998821, 28.466428000231705], [77.09475999973377, 28.466312000273344], [77.09473799999249, 28.466439000044147], [77.0947249995737, 28.466510000098218], [77.09458300018179, 28.467287000086074], [77.09453399977797, 28.467558000108035], [77.09444799956424, 28.46802800011834], [77.09379499981118, 28.468027999328672], [77.09182800015606, 28.46802800011834], [77.09076500032414, 28.46802800011834], [77.08890100060118, 28.468026999576168], [77.08826800004128, 28.468026999576168], [77.08783100019826, 28.46802300056609], [77.08774499998455, 28.46802200002387], [77.0873700000658, 28.46802200002387], [77.0869549999641, 28.468022999776423], [77.08636499996022, 28.46802200002387], [77.08598099982066, 28.46802499928146], [77.08554199942955, 28.468171000163714], [77.08567499949892, 28.468342999862507], [77.08618400021028, 28.468161000282805], [77.08636400013532, 28.468530000236605], [77.0868559993316, 28.46904399962324], [77.08695800033719, 28.469476999536763], [77.08700699984266, 28.469564999413475], [77.08636399923702, 28.469852000413457], [77.08629599946494, 28.469728999741925], [77.08559299948318, 28.47009099924804], [77.0851580001883, 28.46934400023906], [77.0851309995258, 28.468611999261682], [77.0850749994493, 28.46862700020319], [77.08444299961263, 28.468767999946973], [77.08427199990842, 28.468950000060538], [77.08417399999914, 28.468688000535504], [77.08307399945897, 28.468988000582694], [77.08326800052605, 28.46940800016545], [77.08350000032966, 28.469725999743005], [77.08398999987608, 28.470443000217987], [77.08413800001412, 28.47076800029436], [77.08431700011425, 28.471073999885025], [77.08452800000146, 28.47135999943407], [77.0843979994068, 28.471456999961244], [77.0841439998619, 28.471673999792362], [77.08417599964895, 28.471694000467608], [77.08409199998336, 28.471759999984222], [77.08410100020417, 28.47179300012189], [77.08402699968603, 28.47185099947742], [77.08396899995972, 28.471862000304665], [77.08388999941867, 28.471871000119158], [77.08373899980593, 28.471965999957085], [77.08309100007574, 28.472332000121707], [77.08297700027293, 28.47241599956636], [77.08291699999847, 28.472346000033788], [77.08274700011916, 28.472159999809573], [77.08265900025562, 28.472109999914235], [77.08259899998116, 28.472087000175534], [77.08186599986216, 28.4724859998422], [77.08149099994341, 28.47267800011253], [77.08131900041425, 28.47275400004091], [77.08070000009808, 28.47301400033824], [77.08016699999558, 28.473212000238757], [77.07989100070941, 28.473315000439094], [77.08007900013206, 28.473929999652597], [77.07992599997118, 28.473982000447865], [77.07927321401714, 28.47420294412109], [77.07840821724693, 28.474137607066243], [77.07413913375926, 28.474065476622712], [77.07222525238518, 28.474074573376303], [77.07224199967703, 28.473957000144647], [77.07230100012659, 28.473538999884084], [77.0724379994956, 28.47258300012522], [77.07261700049406, 28.471332000136417], [77.07267199984736, 28.471010999902393], [77.07270899965728, 28.47089800020292], [77.07276900083004, 28.47049200038339], [77.07306699985755, 28.468462999743686], [77.07313700017775, 28.46802300056609], [77.07318499985834, 28.467661000292505], [77.07343899940324, 28.465938000030626], [77.07370899973996, 28.46407200023469], [77.07378999993081, 28.46352100004482], [77.07384000015954, 28.463171999893294], [77.07403099995526, 28.46184500001471], [77.07405800061774, 28.461360999570662], [77.07414600048128, 28.460446999929083], [77.07414700030621, 28.45995999991502], [77.07414800013112, 28.459550999640612], [77.07417199952224, 28.459082000465678], [77.0741820004663, 28.458856999755817], [77.07445000025488, 28.45888499998957], [77.07469600030221, 28.458940999645108], [77.07486899965626, 28.45898000044543], [77.07543199989595, 28.45910699954974], [77.07547900064992, 28.459118000124164], [77.07554900007182, 28.459133999880674], [77.0756969993115, 28.459167999848813], [77.07607399977834, 28.459253000116252], [77.07617700060885, 28.459276000279072], [77.07699600004328, 28.459460999655498], [77.07749700035869, 28.459575000360786], [77.07784600033814, 28.459654000521105], [77.07959900063136, 28.46005100009297], [77.07982500058715, 28.460101999993544], [77.0822569996744, 28.460673000235538], [77.08353599941634, 28.46095399961769], [77.08433899985558, 28.46113099988488], [77.0845469993697, 28.46117700017799], [77.0846854063988, 28.461206872282318], [77.08463699978141, 28.461024999407975], [77.0858770000636, 28.45979399977046], [77.08594499983565, 28.458915999732042], [77.0878750005792, 28.458713999743686], [77.08819899954598, 28.458691000248376], [77.0894229999347, 28.458627000149793], [77.0894109993408, 28.456747000402835], [77.08940700004115, 28.456209000543144], [77.08944999969886, 28.456001999999863], [77.0894109993408, 28.455670000445533], [77.08917400041265, 28.455000000534447], [77.08887299921547, 28.4549420006183], [77.08881000036459, 28.45488900005433], [77.08860100012723, 28.45414300010097], [77.08890499990082, 28.453592000280185], [77.08861700002073, 28.453044000429845], [77.08845299998919, 28.452660000070235], [77.08833800036147, 28.452464000163577], [77.0878470000918, 28.452587999502004], [77.0876720001896, 28.452140999681873], [77.08736426971262, 28.450671687648637], [77.0872770001794, 28.45025499959906], [77.08721100005715, 28.449910999499522], [77.08725899973771, 28.449908999651814], [77.08740100002798, 28.449903000108428], [77.08755500001375, 28.449897000564686], [77.08756199968644, 28.449897000564686], [77.08867399992215, 28.449910999499522], [77.08922600029118, 28.44993299940165], [77.08946099956951, 28.44994300021726], [77.09070300039988, 28.4499919996191], [77.09097600021136, 28.45000299956229], [77.09114600009067, 28.450008999889835], [77.0912629993682, 28.450014000294193], [77.09139200013796, 28.450018999908448], [77.09161300007088, 28.450028000003353], [77.0918599999431, 28.45003800002017], [77.09190500014893, 28.450039999865467], [77.09194600015682, 28.45004300042312], [77.09180599951641, 28.449780999840996], [77.09208000005113, 28.44958400019967], [77.09201899995175, 28.44950400048512], [77.09254299983338, 28.449230999335033], [77.09377700026783, 28.448442000060542], [77.09316600034755, 28.44795999974652], [77.09295899975997, 28.44813799959396], [77.0929529999122, 28.448131999950096], [77.09158600030672, 28.4468749999174], [77.09149599989502, 28.446953000137423], [77.0912330001293, 28.4466770004372], [77.09153699990291, 28.446414000247287], [77.09085499983752, 28.44553099985013], [77.09153699990291, 28.445198999802916], [77.0917260000488, 28.44510000051501], [77.09255099933101, 28.44454099958948], [77.09283499991145, 28.44485799975919], [77.09382499994842, 28.44398999949797], [77.09435600040106, 28.444190999992905], [77.09507399955315, 28.44353300061755], [77.095190999729, 28.443620999976456], [77.09545299966982, 28.44378199953853], [77.09614300013112, 28.44420700042854], [77.09573899990009, 28.444531999817492], [77.09597599972655, 28.444721999581], [77.09582400028891, 28.444848000042413], [77.0955070000965, 28.44519499992922], [77.09586499939847, 28.445620999845143], [77.09582999923836, 28.44566199995791], [77.09659500004273, 28.44681499958748], [77.09655300020994, 28.447049000207723], [77.09638300033066, 28.447133000000303], [77.09679800043234, 28.447729000185618], [77.097386999713, 28.447415999722526], [77.09815700054025, 28.44841300028239], [77.09845500046609, 28.448247000173506], [77.09923600026566, 28.447420999459627], [77.09899100004328, 28.447138000540622], [77.09933099980192, 28.446939000021164], [77.0996899998271, 28.44726799949896], [77.09987300012521, 28.447440000038146], [77.10015400033261, 28.447616000079858], [77.1002650006607, 28.44723599955145], [77.10031499999107, 28.44706500021097], [77.10038899961094, 28.446809999821728], [77.10040999952733, 28.446737000055542], [77.10053899939878, 28.446293999820185], [77.10056899953598, 28.446190000182458], [77.10090099979702, 28.445059000184386], [77.1009719999421, 28.44481900006863], [77.10111099985929, 28.444328000040674], [77.1011479996692, 28.444197000650224], [77.10121500051469, 28.44398599957856], [77.10136100010453, 28.443523999969887], [77.10154900042552, 28.44302199958134], [77.10163199936788, 28.44279700024048], [77.10182899990969, 28.442262999688868], [77.10218600028509, 28.441322000695624], [77.10231099995853, 28.440994000108265], [77.10264599969427, 28.440114999554602], [77.10265924984473, 28.440080091391124], [77.10274999945138, 28.439841000217225], [77.10288900026684, 28.439477999785982], [77.10290199978732, 28.439441999760206], [77.1034620005523, 28.43792500006791], [77.10347493808902, 28.437890078543074], [77.10358499967765, 28.437592999845997], [77.1035960004466, 28.437555999928033], [77.10360999979198, 28.437509999627736], [77.10521899924682, 28.439115000478914], [77.10577499981383, 28.439649000333638], [77.10640099980273, 28.43992100013173], [77.10684299966861, 28.439550000590707], [77.10826799989876, 28.440543000207253], [77.11825200083229, 28.443551000330785], [77.1223767609864, 28.44314615927837], [77.12252099987828, 28.443131999892312], [77.12346900008247, 28.443002999788877], [77.12384026121298, 28.442938831428343], [77.12392482861384, 28.442924214673187]]]}}, {"type": "Feature", "properties": {"OBJECTID_1": 17, "OBJECTID": 17, "Ward_No": "25", "SHAPE_Leng": 12448.8370631, "Shape_Length": 14189.965741427392, "Shape_Area": 6926235.880289804}, "geometry": {"type": "Polygon", "coordinates": [[[77.05536599991622, 28.48849199999332], [77.05512653690924, 28.488213736192854], [77.05450200027595, 28.487487999192876], [77.05215499978091, 28.484804000202114], [77.05155700027944, 28.484126999891878], [77.05119802810202, 28.483721001964707], [77.05109899962173, 28.483608999675283], [77.05052264053543, 28.48296488807407], [77.05046099993727, 28.482896000158476], [77.05008199982059, 28.482465999614405], [77.04994700010135, 28.482274000554135], [77.04992299981191, 28.48224000012488], [77.04949600091298, 28.481525000011228], [77.04922900005094, 28.481381999881382], [77.04879400075612, 28.481049000683754], [77.04850599997769, 28.480730000026647], [77.04798899976875, 28.480138999342273], [77.04777000038396, 28.479887999921516], [77.0473329996426, 28.47938800015966], [77.04706599967892, 28.47908200017378], [77.04611999912457, 28.478010999953316], [77.04580200000561, 28.477651000061506], [77.04536500016259, 28.477158999672668], [77.0449919998937, 28.47673699997852], [77.0446410002644, 28.47633900024895], [77.04366800084419, 28.475235999695087], [77.04349200021878, 28.475037999639905], [77.04311000062735, 28.47461100012816], [77.04271099952086, 28.474151000289275], [77.04256400010611, 28.473976000691483], [77.04199199964556, 28.47332400012983], [77.04151299996975, 28.47277200030685], [77.04032299991627, 28.47140999968436], [77.04027100003772, 28.471342000506876], [77.04014599946593, 28.47117800031313], [77.04000100059932, 28.47100499997728], [77.03985199973808, 28.47082800045426], [77.0376990003101, 28.468414999965486], [77.03630099984412, 28.469440999458378], [77.03514544748683, 28.470198525765007], [77.0342587510126, 28.47072477198255], [77.03378000017013, 28.466957999728564], [77.03376599992643, 28.466855999412125], [77.03362100016146, 28.465514999962135], [77.0335619997119, 28.46510100017104], [77.03354200051876, 28.46496000027254], [77.03348600044227, 28.46456900047717], [77.03347999969616, 28.464475000092513], [77.03344999955893, 28.46397899998849], [77.03345200010706, 28.463886000450195], [77.03345299993195, 28.46384900025451], [77.03344800080741, 28.46361900045485], [77.03307299999037, 28.46334700080123], [77.0329269995022, 28.46321499990406], [77.0328500004076, 28.463146000392538], [77.03296099983739, 28.463046999744268], [77.03338531636689, 28.462595636639357], [77.03376099990355, 28.462195999425074], [77.03394300037675, 28.46231999998435], [77.03405800000448, 28.462184999960737], [77.03451499993896, 28.46158499987544], [77.03535700073624, 28.46060099959632], [77.03538900052328, 28.460572999817092], [77.03537100008161, 28.460365000096782], [77.03562500052483, 28.46052900048752], [77.03588600064076, 28.460235999692493], [77.03602999968248, 28.460330999723897], [77.03605600052006, 28.46029199942205], [77.03618200001846, 28.46037400010075], [77.03643500063674, 28.460531999957766], [77.03663899995294, 28.46061400045025], [77.0371299993243, 28.460979999657663], [77.03726100064219, 28.461169000059783], [77.0373560001784, 28.461461000033342], [77.03747000087957, 28.46195700010842], [77.03754699997414, 28.462465000256415], [77.037692999564, 28.46273200000818], [77.03800600045676, 28.463038999767594], [77.03830199983445, 28.462751000204406], [77.03877900075875, 28.46318700081733], [77.03880899999764, 28.463163999926085], [77.03921200040378, 28.463467000037905], [77.0400430004321, 28.46401000060615], [77.04026299964181, 28.463838999964594], [77.04054599949903, 28.463646999427148], [77.04050700003927, 28.463869999833562], [77.0404610000085, 28.463888000033553], [77.0404380004423, 28.464069000075167], [77.04052500048094, 28.46435600020817], [77.04044300046516, 28.46438799971242], [77.04023000002984, 28.464524999652202], [77.04000699954877, 28.4646409999927], [77.03992400060642, 28.464714000032796], [77.03946800049683, 28.465072000224104], [77.03909900042586, 28.4653050001449], [77.03895399976261, 28.465480000679673], [77.03972200004172, 28.465917000072782], [77.04053800000142, 28.465266999877684], [77.04049600016862, 28.46521799965838], [77.04064699978136, 28.46510199995123], [77.0409669994485, 28.46484399949249], [77.04104800053769, 28.46477999996072], [77.04112899983019, 28.46477900017749], [77.04124699983099, 28.46474099972111], [77.04126600009758, 28.464765999835848], [77.04096300014886, 28.464360999933923], [77.04074300004083, 28.4639860001033], [77.04071500045174, 28.463946000569308], [77.04216999992079, 28.463137000624606], [77.04167799982619, 28.462666000380782], [77.04122800046272, 28.46222899939068], [77.04127100012042, 28.461667999363687], [77.04132800002185, 28.461538999759945], [77.04143500015195, 28.461311000093612], [77.04157299934589, 28.461111999397467], [77.04169200006993, 28.460952999798263], [77.0417374081109, 28.46091451701027], [77.04303596148165, 28.462583283611494], [77.0435901088242, 28.463295393585142], [77.04645316090726, 28.461061711545316], [77.04790135743467, 28.45993180726594], [77.04862585499954, 28.459767118071458], [77.04947800047131, 28.45977199955094], [77.05019899999645, 28.46051899988348], [77.05187799977149, 28.462261999345998], [77.05235499979746, 28.46275699980845], [77.05527700022778, 28.465807999547582], [77.0555550000621, 28.466146999609407], [77.05583200007156, 28.46654899968495], [77.05602800078846, 28.466855000438247], [77.05662999958957, 28.467794999883928], [77.05677699990267, 28.467980999895527], [77.05697899956903, 28.46823700030164], [77.05711700055963, 28.468380000064162], [77.05728800026384, 28.46854900018012], [77.05753500013603, 28.468747999507507], [77.05768900012184, 28.468871999486165], [77.05849957335889, 28.469525660586605], [77.05883807023604, 28.469798625910045], [77.06097399987698, 28.47152099939738], [77.06148699988799, 28.47193399958898], [77.06160499988874, 28.472027999655598], [77.06257200035951, 28.4727990003052], [77.06317700043199, 28.47329400036806], [77.06437099978511, 28.474273000067488], [77.06727699942361, 28.47650699980581], [77.06792599987702, 28.477027000237698], [77.06854500019324, 28.47752300068163], [77.07053799978762, 28.479196000241174], [77.07057099939959, 28.47922700034213], [77.07038700017489, 28.479392999963718], [77.07032244723855, 28.479441852269], [77.07012799970882, 28.47958899967571], [77.07004800024116, 28.479643999771255], [77.06804899990067, 28.48101799953844], [77.06781200007421, 28.481180999829775], [77.06691300027387, 28.48179899948723], [77.06633700051368, 28.482194999934695], [77.06626821561407, 28.482242244922602], [77.06575899930706, 28.482592000091042], [77.06523900052169, 28.48295000049966], [77.06505700004848, 28.483074999999154], [77.06494666267707, 28.4831509553365], [77.06434578048184, 28.483564597778845], [77.0630159998752, 28.48448000027097], [77.06262199968988, 28.484740999723115], [77.06253700019938, 28.484796999887568], [77.0622158578752, 28.48500922543682], [77.0621360003414, 28.485062000079626], [77.06207200076729, 28.485104999866344], [77.06155599948494, 28.485444000380912], [77.06136857857732, 28.485572245978954], [77.06059000063574, 28.486104999735556], [77.06048000013257, 28.486177000364982], [77.06032899962153, 28.486279999765383], [77.06009253608927, 28.486440291652098], [77.05934129388179, 28.48694953052799], [77.05901899991741, 28.48716800025622], [77.05843700030944, 28.48756299995068], [77.05796600013126, 28.4878820004942], [77.05740300078986, 28.48826300050657], [77.05699380649988, 28.488540705182455], [77.05662500046502, 28.488791000296008], [77.05599199990512, 28.489228000369042], [77.05589664822928, 28.48911610813994], [77.05579600008654, 28.48899800055609], [77.05564177462362, 28.488816234738913], [77.05536599991622, 28.48849199999332]]]}}, {"type": "Feature", "properties": {"OBJECTID_1": 18, "OBJECTID": 18, "Ward_No": "26", "SHAPE_Leng": 9115.14994688, "Shape_Length": 10388.257932557508, "Shape_Area": 2495610.8147368263}, "geometry": {"type": "Polygon", "coordinates": [[[77.03328686819829, 28.484076130813296], [77.0322710883093, 28.484277546986146], [77.03025238342303, 28.484976212057724], [77.02959934144916, 28.48361077385577], [77.02889098391499, 28.483817122607316], [77.02850239518096, 28.482996851937944], [77.02940368388867, 28.48264915103036], [77.02916132022168, 28.482127521721953], [77.0288249209107, 28.481492697755957], [77.02878060432278, 28.4814360586371], [77.027889489934, 28.481750179855922], [77.02766792675736, 28.481185262856254], [77.02719300004306, 28.480283000002146], [77.0279890008096, 28.480031000495128], [77.02813600022435, 28.48000799932262], [77.0281669992882, 28.480003999976475], [77.02841000075907, 28.479974999382474], [77.02871499945928, 28.479938000083347], [77.02883699965803, 28.479922999958344], [77.02921999997264, 28.47987199935937], [77.02932399972971, 28.479859000085277], [77.02941499996632, 28.47983500002419], [77.02944599992846, 28.479826000098566], [77.02966400038666, 28.479755000307556], [77.02972100028806, 28.479736999652314], [77.02991299990869, 28.479674000098413], [77.03001400019104, 28.47964500020342], [77.03013200019181, 28.479610999717387], [77.03040599982819, 28.479532000264296], [77.0307230000206, 28.47943900020272], [77.03074499976191, 28.4794329999667], [77.03101500009865, 28.479334000365938], [77.03169174591795, 28.479084819875638], [77.0319899991687, 28.47897499989469], [77.03229899986349, 28.478893000227316], [77.032398000496, 28.478866999857264], [77.03182300056072, 28.47778000052569], [77.03163799971448, 28.477418999393322], [77.03149499959935, 28.477091999914265], [77.0314559992413, 28.47700299953306], [77.03135800023031, 28.476747999507307], [77.03127600021458, 28.476563000388364], [77.03115300019093, 28.476342999733905], [77.03107900057105, 28.47623100067474], [77.03097900011365, 28.476078000562485], [77.03090399977057, 28.475970999609128], [77.03083799964833, 28.475876000214217], [77.0306329996089, 28.475580999969292], [77.03056600056009, 28.47549100021239], [77.03041199967596, 28.475286000479812], [77.03036599964524, 28.47522600048286], [77.03015700030618, 28.474948999897], [77.0300970000317, 28.474865000097502], [77.02977599964136, 28.474419999904384], [77.02962899932825, 28.474174000368258], [77.02958947974395, 28.474189514580857], [77.02959999991427, 28.474122000457157], [77.02897569774125, 28.47284133071687], [77.02852366998187, 28.471809518349158], [77.0281620873002, 28.470561479958846], [77.027851515452, 28.469861801924594], [77.0274850001211, 28.469481000071163], [77.02693300065037, 28.468613000588018], [77.02718200017239, 28.46837300024044], [77.02880900006893, 28.469547999918607], [77.0290979997739, 28.469257999660037], [77.02921599977469, 28.469351999738436], [77.02979800028096, 28.46874699976182], [77.03001399929272, 28.468510999500044], [77.03045199985895, 28.468810000304735], [77.03093999975559, 28.46918299932745], [77.03201900037932, 28.470070000115513], [77.03223800066245, 28.469939999977825], [77.03175800026341, 28.469508999859347], [77.03245299984927, 28.468944999762208], [77.03227799994707, 28.46877700002503], [77.03220900035011, 28.4687080001966], [77.03223100009143, 28.46869300005629], [77.03203200079811, 28.468501000440988], [77.03207600028072, 28.468461999995302], [77.03203299972469, 28.46840500010767], [77.03206299986192, 28.46837300024044], [77.03162000017113, 28.467996000136942], [77.03190599950311, 28.467722999358458], [77.03200400031069, 28.467639000131218], [77.03237500003145, 28.467940999504595], [77.03259599996441, 28.46777999961398], [77.03275800034612, 28.46769799994325], [77.03347200019853, 28.467178000184305], [77.03378000017013, 28.466957999728564], [77.0342587510126, 28.47072477198255], [77.03514544748683, 28.470198525765007], [77.03630099984412, 28.469440999458378], [77.0376990003101, 28.468414999965486], [77.03985199973808, 28.47082800045426], [77.04000100059932, 28.47100499997728], [77.04014599946593, 28.47117800031313], [77.04027100003772, 28.471342000506876], [77.04032299991627, 28.47140999968436], [77.04151299996975, 28.47277200030685], [77.04199199964556, 28.47332400012983], [77.04256400010611, 28.473976000691483], [77.04271099952086, 28.474151000289275], [77.04311000062735, 28.47461100012816], [77.04349200021878, 28.475037999639905], [77.04366800084419, 28.475235999695087], [77.0446410002644, 28.47633900024895], [77.0449919998937, 28.47673699997852], [77.04536500016259, 28.477158999672668], [77.04580200000561, 28.477651000061506], [77.04611999912457, 28.478010999953316], [77.04706599967892, 28.47908200017378], [77.0473329996426, 28.47938800015966], [77.04777000038396, 28.479887999921516], [77.04798899976875, 28.480138999342273], [77.04850599997769, 28.480730000026647], [77.04879400075612, 28.481049000683754], [77.04922900005094, 28.481381999881382], [77.04949600091298, 28.481525000011228], [77.0492240000281, 28.481644999921123], [77.04837600028135, 28.481723999372825], [77.04801699935784, 28.48175799996821], [77.04793099914411, 28.481759000380336], [77.0477590005133, 28.481748000583835], [77.04756600016943, 28.481732000303502], [77.04731399937604, 28.481696000453468], [77.04701200015056, 28.48163299969939], [77.04675500023262, 28.48157799985008], [77.04613099989356, 28.481446999246607], [77.04560100016411, 28.481336000488646], [77.04549100055927, 28.48131299960038], [77.04397600081575, 28.480993999740704], [77.04327799995852, 28.480843999894432], [77.04227699915259, 28.480607000176807], [77.04213099956273, 28.480557999965587], [77.04195699948545, 28.480493999687738], [77.041903999782, 28.480473999889064], [77.04102900027111, 28.480102999738836], [77.04047800062528, 28.479857999655135], [77.04029100012919, 28.47977500024238], [77.0396369996529, 28.47948499963212], [77.03955600036039, 28.47945200031815], [77.03954200011665, 28.479445999293237], [77.03937899991006, 28.47938099948609], [77.03929900044241, 28.479360000620993], [77.0390870007303, 28.47930600002332], [77.03899200029576, 28.479281999836576], [77.03862999989751, 28.479207999950212], [77.03807199968067, 28.479089000077575], [77.03752899953246, 28.478981000156725], [77.03751999931164, 28.47897900006942], [77.037003000001, 28.478871999685968], [77.0369609992699, 28.47886499976778], [77.03694199990161, 28.478862000028307], [77.0362649998591, 28.478737999931052], [77.03535899948776, 28.478572999722314], [77.03544499970148, 28.479689000258823], [77.03562000050196, 28.479740000156532], [77.03466729222738, 28.48320530217316], [77.03328686819829, 28.484076130813296]]]}}, {"type": "Feature", "properties": {"OBJECTID_1": 19, "OBJECTID": 19, "Ward_No": "34", "SHAPE_Leng": 6890.04009153, "Shape_Length": 7851.769502376185, "Shape_Area": 2970711.11139144}, "geometry": {"type": "Polygon", "coordinates": [[[77.01618061495881, 28.49523618365029], [77.01604752505787, 28.4952781363766], [77.01540703883671, 28.49557946697425], [77.01538161920911, 28.495592250361785], [77.01501601656658, 28.495776101387545], [77.01449858965788, 28.496069696776136], [77.01448710290035, 28.49607616738879], [77.01399780403979, 28.496351775962196], [77.01361856317462, 28.49661703057368], [77.01360006147304, 28.49662997094205], [77.01319037939783, 28.496942520106504], [77.0130594229957, 28.497002275657973], [77.01282298641291, 28.497110161619116], [77.0127133425409, 28.497177372886874], [77.01270946631048, 28.497179748420024], [77.01268522976409, 28.497194605566715], [77.01185116109077, 28.497632342164984], [77.01176219823326, 28.497684533393304], [77.01122751289131, 28.497654835025212], [77.01072524864628, 28.497609111932466], [77.01070330819377, 28.497607114566414], [77.01014398475854, 28.49756835065806], [77.00957432530763, 28.497531049629494], [77.00916686027456, 28.49756599013364], [77.00903766367207, 28.49757706801894], [77.00804884491971, 28.497484661746316], [77.0073252959758, 28.49749067437753], [77.00728928161773, 28.49749097358805], [77.00698031775386, 28.4974855491147], [77.00635312390395, 28.497506204901377], [77.00622387789413, 28.497521104633687], [77.00619823009447, 28.49752406200096], [77.00558945350453, 28.497642750570648], [77.005244106075, 28.497782585790787], [77.00523039329218, 28.49778813814322], [77.00491745617981, 28.49792342424246], [77.00430868497975, 28.498151408041704], [77.0042848715399, 28.498160325879464], [77.00422009671968, 28.498170778443303], [77.00330867501557, 28.49841558761324], [77.00328833176766, 28.49842067414707], [77.00324550907807, 28.498431383261764], [77.0023432995972, 28.498732839854934], [77.00231911155986, 28.498740921600895], [77.00150042563745, 28.499126310508814], [77.00136937850552, 28.499187999003038], [77.00128938352944, 28.499077805990478], [77.00116541961349, 28.49890704606671], [77.00112390397263, 28.49884985735], [77.00108678468679, 28.498798726947896], [77.00095168615287, 28.498612627264404], [77.00092730497776, 28.498578947093662], [77.00073347908216, 28.498311201117065], [77.00043041355646, 28.49789255120932], [76.99986047742445, 28.49723537961709], [76.99896799939303, 28.49517099934867], [76.99645095500122, 28.49110745533037], [76.99556093116719, 28.48985123094373], [76.9954734226821, 28.489708681069413], [76.99543853481143, 28.48965184818493], [76.99515163626586, 28.489294744513987], [76.99515218064494, 28.48924459956037], [76.99514070826044, 28.489248507760006], [76.99511999939818, 28.489209653932967], [76.99491077278535, 28.488817103231252], [76.99427699967433, 28.48762799945897], [76.99409700513914, 28.487465910783687], [76.99297000034328, 28.486451000403164], [76.99213900031495, 28.485674999625946], [76.9935845953213, 28.48520335214039], [76.99364099874138, 28.485184948156235], [76.99370973333534, 28.485162557651105], [76.99373600007425, 28.485154000336394], [76.9946839993801, 28.48475399997545], [76.99547195213998, 28.484265153066843], [76.99550730533798, 28.484260340622185], [76.99593761542708, 28.484019670734273], [76.99614063827457, 28.48390612040464], [76.99649492304283, 28.483795965919512], [76.99683795551385, 28.48371417607481], [76.99716509319424, 28.48363902651132], [76.99753823180369, 28.483599563434936], [76.99803234922739, 28.483529669221383], [76.99823981334565, 28.483500322970677], [76.99832379953648, 28.48347849586735], [76.99857725739727, 28.483412626057408], [76.99860000004531, 28.483429999950175], [76.9990419999112, 28.48376799992211], [76.99930499967692, 28.48396700058396], [76.99956700051608, 28.48416899967003], [76.99982400043402, 28.484361000022265], [77.00001100003176, 28.484500999697154], [77.00058599996704, 28.48493900053798], [77.00095100073833, 28.485239999817363], [77.00136099991884, 28.485563999785224], [77.00170499987541, 28.48583599987758], [77.00251499998731, 28.486478000063027], [77.00274499924281, 28.48639599990505], [77.00319700005271, 28.48621100031612], [77.00329699961183, 28.486150999419603], [77.00333500014499, 28.486100999830754], [77.00334099999277, 28.486079999933214], [77.00336799975696, 28.485977999920316], [77.00283199928143, 28.484769999797898], [77.00352900031375, 28.484503000469466], [77.00337199995491, 28.484162999702754], [77.00419999961015, 28.483830000589116], [77.00416299980024, 28.483768000711702], [77.00410600079714, 28.483642999663765], [77.00477399972053, 28.48336799983789], [77.00557672527525, 28.483031373247478], [77.0056109995966, 28.483016999700244], [77.00577499962813, 28.482963999794013], [77.00649699987648, 28.48384500015919], [77.00705299954518, 28.48455500000718], [77.00750500035512, 28.48511099978011], [77.00819799939285, 28.48595800037067], [77.00819900011608, 28.485959999536238], [77.00912200020588, 28.48714800014244], [77.00953899995741, 28.487662000521993], [77.00996499992975, 28.488166999974034], [77.01074999992731, 28.4891119993932], [77.01117299952662, 28.48960900026119], [77.01149899993985, 28.4899859998102], [77.01200500027814, 28.490576000320583], [77.01221600016535, 28.490804999527356], [77.01243400062353, 28.491050999800798], [77.01276599998623, 28.491389000640936], [77.01330900013446, 28.491962000580738], [77.01391700058001, 28.492655000597562], [77.01419599934093, 28.492972000143638], [77.01459600027233, 28.49342599988029], [77.01514078088145, 28.494048338800646], [77.01618061495881, 28.49523618365029]]]}}, {"type": "Feature", "properties": {"OBJECTID_1": 20, "OBJECTID": 20, "Ward_No": "32", "SHAPE_Leng": 9908.76309657, "Shape_Length": 11289.34121748029, "Shape_Area": 2108723.9052863712}, "geometry": {"type": "Polygon", "coordinates": [[[77.00279000034693, 28.47510999991826], [77.00264300003384, 28.475457999650587], [77.00249700044397, 28.475796999546827], [77.0022029998178, 28.476447000502393], [77.00246899995659, 28.47655099958921], [77.0032319993145, 28.47682000019935], [77.00353000013865, 28.476923999708582], [77.00341700016074, 28.476935999675728], [77.0033569998863, 28.47694200005359], [77.00323500058586, 28.476955000476362], [77.00308199952669, 28.476968000107878], [77.00286999981458, 28.47698600044543], [77.00270499995814, 28.477000000530342], [77.00213599987065, 28.47702599978074], [77.00185100036362, 28.47703900019313], [77.00171400009627, 28.477045000565163], [77.00162100020982, 28.477049000023378], [77.0013219995608, 28.477060999976313], [77.00117299959787, 28.477071999471374], [77.00109600050328, 28.477101999739475], [77.00101999943698, 28.477143000276335], [77.00089100046385, 28.47721299978878], [77.00127700025325, 28.477668999493023], [77.00213599987065, 28.478685999897845], [77.00212784586283, 28.47868617677147], [77.00127263713593, 28.477671872137265], [77.00049413016126, 28.476748514345246], [77.00036038359183, 28.47658988097331], [76.99963237810583, 28.47572639818274], [76.9993741870218, 28.475421762349743], [76.99892547494414, 28.474892329631505], [76.99885699996328, 28.474812999736887], [76.99885776981947, 28.47481244382808], [76.99897599978895, 28.47472700045108], [76.99898299946167, 28.47472599997231], [77.00005099931643, 28.474027999884797], [77.00012500073288, 28.47412499954163], [77.00059499928953, 28.47411099986529], [77.00057400027146, 28.473670000030346], [77.00016500001755, 28.473670000030346], [76.99990899992451, 28.473670999729432], [76.99977699968004, 28.473674999315392], [76.99975699958856, 28.473305000255372], [77.00030799923437, 28.47329400036806], [77.0002679999497, 28.472783999956018], [77.00027200014767, 28.4727780001316], [77.00025900062721, 28.472762999779427], [77.00024899968312, 28.4725370000591], [77.00033499989685, 28.4725370000591], [77.00033199952381, 28.472362999868135], [77.0007730004631, 28.472361000445158], [77.0012242996888, 28.472372604520622], [77.00147300007183, 28.472378999988425], [77.0014550005285, 28.47202499972197], [77.00224999967347, 28.47186100058843], [77.00242499957565, 28.471787999958124], [77.00269300026255, 28.471701000071313], [77.00300600025702, 28.471597999876753], [77.00323900078384, 28.47150899960477], [77.00312000005984, 28.47109699984425], [77.00295199983033, 28.470519999903658], [77.00303300002118, 28.470494999570874], [77.00322099944387, 28.47043400028179], [77.00370300039101, 28.47027800047692], [77.00294199978461, 28.46859399986635], [77.00256400039112, 28.468696000084496], [77.00231999999366, 28.468165999828553], [77.00271665380232, 28.468082091768196], [77.00273600081859, 28.46807799957638], [77.00256399949284, 28.468017000471338], [77.00249800026889, 28.46799399984165], [77.00248600057331, 28.467989999250943], [77.0016240005829, 28.46768800001761], [77.00161500036204, 28.467684999960742], [77.0014683485953, 28.46763236825715], [77.00132800030687, 28.46758199979964], [77.00156000011046, 28.467440000294637], [77.0019990005016, 28.46716999973066], [77.00223200013012, 28.467031000537208], [77.00254199975151, 28.466848999487453], [77.00294400033275, 28.466620000454835], [77.00324999975616, 28.46644299990386], [77.00343300005426, 28.466337000016427], [77.00365700036026, 28.46623999952712], [77.00373400035315, 28.466206000254477], [77.00381243944713, 28.466177687656515], [77.00475433290401, 28.465586479202596], [77.00475788035105, 28.465584296438184], [77.0048230001243, 28.465641000125977], [77.00539100038691, 28.4652410001026], [77.00560306747263, 28.46509199425188], [77.00610131085845, 28.46474190710762], [77.00646840739932, 28.4644586370833], [77.00668695403321, 28.464287940420878], [77.00668980528594, 28.46428571340519], [77.00692717162501, 28.464103290653476], [77.00696667234469, 28.464074183030338], [77.00696628337417, 28.46407323299303], [77.00709853604526, 28.46397159316527], [77.0072110033222, 28.463885158603514], [77.00737992073157, 28.463755339601267], [77.0075147488726, 28.463655502413644], [77.00756013086243, 28.46362189796266], [77.00749199993633, 28.463548000037907], [77.00744200060592, 28.463495999635565], [77.00726099995765, 28.46330300025725], [77.0072230003228, 28.463263999472602], [77.00734499962323, 28.46317100009486], [77.0075039996319, 28.463045999944676], [77.00677699936067, 28.462299000097293], [77.0070170004585, 28.462102000088752], [77.00731899968399, 28.46186500018117], [77.00748199989057, 28.46173399961432], [77.00776899994575, 28.461504999764696], [77.00798999987872, 28.461317000569117], [77.00827199991102, 28.461118000674027], [77.00870400062944, 28.46080799982115], [77.00882599992988, 28.460720000549607], [77.00887299978555, 28.46068300003528], [77.00899300033444, 28.460586999707633], [77.00904000019013, 28.460543000383886], [77.00907100015226, 28.46051200032879], [77.00918499995508, 28.46037300027585], [77.00948100023108, 28.460051999920932], [77.00962099997315, 28.459894000136153], [77.00968500044559, 28.45982099992591], [77.00976999993608, 28.45970499982348], [77.00977499995896, 28.459694000099915], [77.01003999937453, 28.45987499942637], [77.01037900020654, 28.46010699992055], [77.01058200059613, 28.460263999561004], [77.01066000041394, 28.4603420001709], [77.0108989998902, 28.46037000001132], [77.0114960004651, 28.460424999845486], [77.01153699957466, 28.460424999845486], [77.01174400016222, 28.46042600045963], [77.01187200020875, 28.46043099958155], [77.01205999963139, 28.46043899975562], [77.01216500011171, 28.460443999666662], [77.0123340001661, 28.46047200026978], [77.01243700009827, 28.460483999736272], [77.0125869998861, 28.4605419997708], [77.01273499912577, 28.460619000353006], [77.01292299944676, 28.460716999505166], [77.01326700030165, 28.460896999629167], [77.01331499998224, 28.460922000653202], [77.0133629996628, 28.460944000633354], [77.01345399989941, 28.46098600015196], [77.01376799971878, 28.46113099988488], [77.01383999968877, 28.461161000730723], [77.01382299997036, 28.461173999936282], [77.01234299948864, 28.462268000557266], [77.0104740006411, 28.46347700036301], [77.01176000005577, 28.464665000346816], [77.01182700000291, 28.464635999490497], [77.01192999993506, 28.46459399984286], [77.01198500018667, 28.464575999763124], [77.01215999919052, 28.464507000350455], [77.01228099956433, 28.464460999927244], [77.01266699935373, 28.464314000449267], [77.01272700052648, 28.464293000168684], [77.01298699991918, 28.464203000272803], [77.01318400046098, 28.464129000090367], [77.01339300069837, 28.464039999845024], [77.01363800002241, 28.4639140001415], [77.01382000049563, 28.463821000546005], [77.01388099969665, 28.463890000406575], [77.01393400029845, 28.46393199954425], [77.01397699995614, 28.463966000338175], [77.01416699992693, 28.46415799950638], [77.01421700015564, 28.464208999794383], [77.01440200010359, 28.464379000050275], [77.01454800059174, 28.464178000024837], [77.01480799998444, 28.46380499991951], [77.0150420003362, 28.463447999970402], [77.01521899988819, 28.4632079997382], [77.01553000023281, 28.462786000390633], [77.01555900054511, 28.462749000599576], [77.01578000047807, 28.462480999506287], [77.01592799971773, 28.462567999876747], [77.01629999926344, 28.46277100019942], [77.01646336957594, 28.462862263307365], [77.01660833161164, 28.462943244027567], [77.01691400045506, 28.463113999722484], [77.01741499987219, 28.46340800023278], [77.01794200012687, 28.46381999996397], [77.01814599944305, 28.463984999522832], [77.01828400043362, 28.463968999710893], [77.01851000038943, 28.463966000338175], [77.0186400000858, 28.463993000217624], [77.01914399987591, 28.464260999845948], [77.01926799972449, 28.464341999237433], [77.01929000036411, 28.46436300029799], [77.01936700035701, 28.464442000038478], [77.01945600004547, 28.464559000255395], [77.01960800038142, 28.464760000345855], [77.01963899944525, 28.464816000047588], [77.0197550006945, 28.46502900017918], [77.01977499988769, 28.465065000181255], [77.01984199983484, 28.465190000312596], [77.01998599977489, 28.465461000184373], [77.0200920000801, 28.465661000363806], [77.02040399935133, 28.466331000615632], [77.02052399990023, 28.466582999636945], [77.02035900004378, 28.46646200022259], [77.02017099972281, 28.466384000180796], [77.02009399972994, 28.466371999804768], [77.01999400017081, 28.4665780000163], [77.01981900026861, 28.466943000129508], [77.01957999989402, 28.467159999755022], [77.01948500035778, 28.46727000022473], [77.01925999932858, 28.46742600052219], [77.0192250000668, 28.467396000665097], [77.01913999967798, 28.467449000485797], [77.0192250000668, 28.467557000351075], [77.01908899962436, 28.467623000082796], [77.01888499940983, 28.46768800001761], [77.01849200084608, 28.46777700034944], [77.01834900073094, 28.46779799993764], [77.01823199965678, 28.467810000151726], [77.01816300005979, 28.467076999841716], [77.01784699969231, 28.46723599970409], [77.01787899947935, 28.467438999746875], [77.01775200015607, 28.467495000398067], [77.01764300037613, 28.46734199947944], [77.01757699935554, 28.467371000382833], [77.01770200082566, 28.467545000108277], [77.01749099914183, 28.467647999515737], [77.01771499944782, 28.4679169998945], [77.01779300016393, 28.468005000280762], [77.0179170000125, 28.468145000313452], [77.01803800038634, 28.468282000120745], [77.01823599985472, 28.468506000760325], [77.01828799973327, 28.46856800012017], [77.01841499995489, 28.468718999771706], [77.01873100032236, 28.46909599966469], [77.01881800036102, 28.469198000187927], [77.01893200016384, 28.469331000459068], [77.01910800078923, 28.469535999901908], [77.01923000008964, 28.469676000275143], [77.01945399949734, 28.469933999991923], [77.01960100070873, 28.470028000258623], [77.01952800001547, 28.470188000150596], [77.0194380005021, 28.47038699954985], [77.01936300015903, 28.470547000477527], [77.01929400056208, 28.47069199972703], [77.01928000031837, 28.470719999983952], [77.01926000022686, 28.47076300008207], [77.01920400015038, 28.47088199985835], [77.01918300023401, 28.470928000645056], [77.01896199940273, 28.471411999914984], [77.01882799950845, 28.47170300029643], [77.01872700012441, 28.471923000348568], [77.01862500001715, 28.47214599987285], [77.01851900061024, 28.472384999835477], [77.01844199971904, 28.472561000199075], [77.01827299966467, 28.47291899986339], [77.01826000014418, 28.47294599982416], [77.01825199974826, 28.472964000057402], [77.01817300010555, 28.47313099975001], [77.01815100036423, 28.473178999754676], [77.01805500010478, 28.47340300027768], [77.01799999985319, 28.473723999561123], [77.0178960000961, 28.473594999671118], [77.01772400056697, 28.4735079996931], [77.01760599966788, 28.473462000029727], [77.01715199920814, 28.47328500067477], [77.01669199979891, 28.473119000140265], [77.01631200075562, 28.472980999792313], [77.01594799980924, 28.472845000257255], [77.01511800050416, 28.47253499984976], [77.01505499985664, 28.472510999703843], [77.01347900001376, 28.471926000285098], [77.0128040005194, 28.47167500030003], [77.01190599964562, 28.47134699990208], [77.01134999997691, 28.471144000260377], [77.01131599964174, 28.471131000701813], [77.01068100033032, 28.470889000305526], [77.01009799999915, 28.470667000224612], [77.00877200040152, 28.470167000247685], [77.00849900059004, 28.470068999592677], [77.00730600016348, 28.46964000026457], [77.00584100064867, 28.46914100069734], [77.00560200027408, 28.469051000192216], [77.00552799975591, 28.469021000006812], [77.00549900034191, 28.469093999390214], [77.00537000047049, 28.469375999812257], [77.00504400005727, 28.47008800004907], [77.00488799952332, 28.470427999534262], [77.00466200046584, 28.470938000264105], [77.00449300041143, 28.47130999994977], [77.00438399973316, 28.471550999662618], [77.00423099957229, 28.471888999745897], [77.00422700027264, 28.471899000063647], [77.00408000085788, 28.47223199968049], [77.00404200032473, 28.472318000207768], [77.00390400023245, 28.472632000087767], [77.00361199925611, 28.473317999546428], [77.00347900008505, 28.473604999827387], [77.0033150000535, 28.473957999841033], [77.00328400009137, 28.474027999884797], [77.00279000034693, 28.47510999991826]]]}}, {"type": "Feature", "properties": {"OBJECTID_1": 21, "OBJECTID": 21, "Ward_No": "33", "SHAPE_Leng": 6122.62981715, "Shape_Length": 6981.273114568007, "Shape_Area": 2499260.8585080323}, "geometry": {"type": "Polygon", "coordinates": [[[77.01366500068491, 28.482910999861208], [77.01357900047118, 28.4830970001042], [77.01344399985365, 28.48338799987809], [77.0133119996092, 28.483672999644508], [77.01328200037025, 28.483743000356018], [77.01318599921248, 28.483966000192734], [77.01312599983633, 28.48410600039132], [77.01307500068103, 28.484225000137805], [77.01306099953904, 28.484256999940634], [77.01305100039161, 28.484280000187663], [77.01292200052015, 28.484567999492835], [77.01291999997203, 28.484573000630743], [77.01271599975753, 28.48502100024834], [77.01268599962029, 28.485083999770705], [77.01266700025205, 28.485127999928686], [77.01233599981592, 28.48588500000843], [77.01226899986877, 28.486036999754017], [77.01224000045477, 28.486104000154153], [77.01189899997293, 28.486861000342596], [77.01178199979705, 28.4871250005201], [77.01163300073244, 28.487456999937894], [77.01148899989408, 28.48777800072237], [77.0113259996875, 28.48814600048742], [77.0112849996796, 28.488237000074843], [77.01122500030347, 28.48837200075861], [77.01118699977032, 28.48845600007933], [77.01116799950374, 28.4884990000629], [77.01108100036342, 28.488690000090422], [77.01074999992731, 28.4891119993932], [77.00996499992975, 28.488166999974034], [77.00953899995741, 28.487662000521993], [77.00912200020588, 28.48714800014244], [77.00819900011608, 28.485959999536238], [77.00819799939285, 28.48595800037067], [77.00750500035512, 28.48511099978011], [77.00705299954518, 28.48455500000718], [77.00649699987648, 28.48384500015919], [77.00577499962813, 28.482963999794013], [77.0056109995966, 28.483016999700244], [77.00557672527525, 28.483031373247478], [77.00552143127457, 28.4829641387605], [77.00408885375501, 28.48107844947358], [77.00374876326654, 28.480630778974525], [77.00375387018894, 28.480598825448904], [77.00348223851165, 28.48027994187237], [77.00316199360442, 28.479903984689138], [77.00243827577722, 28.479054351141503], [77.00212784586283, 28.47868617677147], [77.00213599987065, 28.478685999897845], [77.00127700025325, 28.477668999493023], [77.00089100046385, 28.47721299978878], [77.00101999943698, 28.477143000276335], [77.00109600050328, 28.477101999739475], [77.00117299959787, 28.477071999471374], [77.0013219995608, 28.477060999976313], [77.00162100020982, 28.477049000023378], [77.00171400009627, 28.477045000565163], [77.00185100036362, 28.47703900019313], [77.00213599987065, 28.47702599978074], [77.00270499995814, 28.477000000530342], [77.00286999981458, 28.47698600044543], [77.00308199952669, 28.476968000107878], [77.00323500058586, 28.476955000476362], [77.0033569998863, 28.47694200005359], [77.00341700016074, 28.476935999675728], [77.00353000013865, 28.476923999708582], [77.0032319993145, 28.47682000019935], [77.00246899995659, 28.47655099958921], [77.0022029998178, 28.476447000502393], [77.00249700044397, 28.475796999546827], [77.00264300003384, 28.475457999650587], [77.00279000034693, 28.47510999991826], [77.00328400009137, 28.474027999884797], [77.0033150000535, 28.473957999841033], [77.00347900008505, 28.473604999827387], [77.00361199925611, 28.473317999546428], [77.00390400023245, 28.472632000087767], [77.00404200032473, 28.472318000207768], [77.00408000085788, 28.47223199968049], [77.00422700027264, 28.471899000063647], [77.00423099957229, 28.471888999745897], [77.00438399973316, 28.471550999662618], [77.00449300041143, 28.47130999994977], [77.00466200046584, 28.470938000264105], [77.00488799952332, 28.470427999534262], [77.00504400005727, 28.47008800004907], [77.00537000047049, 28.469375999812257], [77.00549900034191, 28.469093999390214], [77.00552799975591, 28.469021000006812], [77.00560200027408, 28.469051000192216], [77.00584100064867, 28.46914100069734], [77.00730600016348, 28.46964000026457], [77.00849900059004, 28.470068999592677], [77.00877200040152, 28.470167000247685], [77.01009799999915, 28.470667000224612], [77.01068100033032, 28.470889000305526], [77.01131599964174, 28.471131000701813], [77.01134999997691, 28.471144000260377], [77.01190599964562, 28.47134699990208], [77.0128040005194, 28.47167500030003], [77.01347900001376, 28.471926000285098], [77.01505499985664, 28.472510999703843], [77.01511800050416, 28.47253499984976], [77.01594799980924, 28.472845000257255], [77.01631200075562, 28.472980999792313], [77.01669199979891, 28.473119000140265], [77.01715199920814, 28.47328500067477], [77.01760599966788, 28.473462000029727], [77.01772400056697, 28.4735079996931], [77.0178960000961, 28.473594999671118], [77.01799999985319, 28.473723999561123], [77.0179310002562, 28.473810000453128], [77.01781599973016, 28.47393800038404], [77.01774899978301, 28.474038000000046], [77.01767300051335, 28.474211000107193], [77.01757399988085, 28.47453400026551], [77.01743100066402, 28.474829999963895], [77.01736800001652, 28.474956000074695], [77.01708700070742, 28.47552000045831], [77.01703399920734, 28.47563199948166], [77.01678999970818, 28.476146999525795], [77.01667399935722, 28.476390999858353], [77.01641399996456, 28.476935999675728], [77.0163899996751, 28.47698499998805], [77.01608699972638, 28.477597000169304], [77.01592500024303, 28.47794800015951], [77.01571600000563, 28.478403000194756], [77.01536099928006, 28.4791749997601], [77.0152910007565, 28.47933399957631], [77.01504999983376, 28.479879000000434], [77.01483300009879, 28.48033400040264], [77.01468099976285, 28.48068299992761], [77.0146350006304, 28.480790000055496], [77.01461100034096, 28.480835999686047], [77.01457900055388, 28.48089500002398], [77.01447699954834, 28.481095000201506], [77.01438399966192, 28.481278000024197], [77.01401399976606, 28.482136000323074], [77.01392900027557, 28.482324999993146], [77.01384599953658, 28.482510999689083], [77.01375799967302, 28.482706000317595], [77.01371899931497, 28.482792000213102], [77.01366500068491, 28.482910999861208]]]}}, {"type": "Feature", "properties": {"OBJECTID_1": 22, "OBJECTID": 22, "Ward_No": "30", "SHAPE_Leng": 5888.8906734, "Shape_Length": 6708.450865196896, "Shape_Area": 775120.8301506432}, "geometry": {"type": "Polygon", "coordinates": [[[77.01187200020875, 28.46043099958155], [77.01183599932543, 28.460383999928744], [77.01200899957779, 28.460256999199704], [77.01223200005886, 28.460111999847303], [77.01228800013534, 28.460111999847303], [77.01243099935216, 28.460016000580563], [77.01256700069293, 28.459928999689], [77.01233900018899, 28.45956899978638], [77.01220000027182, 28.459313999541333], [77.01236300047844, 28.459239000049035], [77.01240199993816, 28.45934199965406], [77.01243899974808, 28.45943099990667], [77.012551999726, 28.459598000453546], [77.01267599957454, 28.459819000265647], [77.01286600044367, 28.459717999997878], [77.01373699975665, 28.459294999517024], [77.01512400035193, 28.458697999923604], [77.01575399964048, 28.45842100023577], [77.0161519991254, 28.45824900018406], [77.01631099913409, 28.45817200024471], [77.01662400002685, 28.458064000266024], [77.01663999992036, 28.458091000073605], [77.01668499922789, 28.45816500053462], [77.01669155962439, 28.45817600278661], [77.01671600008837, 28.458217000400683], [77.01676799906858, 28.45830200064307], [77.01692400050082, 28.458565000486253], [77.0170009995954, 28.458692999929973], [77.01713799986274, 28.458897000425978], [77.01716000050234, 28.458929000003472], [77.0173580008691, 28.459231000573908], [77.01736600036668, 28.459244000016856], [77.01742099971997, 28.459345000737496], [77.01762299938632, 28.459224999979973], [77.01764999915049, 28.459258999918852], [77.01837199939885, 28.458987999939534], [77.01835499968041, 28.458954999751803], [77.01849600014573, 28.458894000119553], [77.01852400063314, 28.458958000056487], [77.01866399947691, 28.458897999475084], [77.0189439998594, 28.458785000248838], [77.01922400024186, 28.45867100027108], [77.0191699998152, 28.45856399985449], [77.01902400022534, 28.458271999775565], [77.01932000050134, 28.458167000226176], [77.0195990001606, 28.458066999806242], [77.01989899973627, 28.457959999568025], [77.0201970005604, 28.457853999860028], [77.02077099977245, 28.45764900065962], [77.02106799987334, 28.457543000639753], [77.02089999964387, 28.457190000284132], [77.02084199991754, 28.456931000398868], [77.02087100022986, 28.45693200025633], [77.02096999996405, 28.45693200025633], [77.0212170007346, 28.456934999828636], [77.02197000004679, 28.456977000150392], [77.02216400021553, 28.457004000235585], [77.022317999303, 28.457031999380625], [77.0224780000349, 28.4570629996665], [77.0226470000893, 28.45708999972972], [77.02279100002932, 28.45712600006656], [77.0228870002888, 28.457152000258347], [77.02300100009163, 28.457192999849134], [77.02334985634063, 28.45730771695608], [77.02359399957022, 28.457387999823325], [77.02374900027925, 28.45744099992426], [77.02384899983835, 28.457481000340447], [77.02397600005997, 28.457537999801733], [77.02438800068693, 28.457785000007867], [77.0241550001601, 28.45801000063021], [77.02424399984857, 28.458065999959516], [77.02415299961196, 28.45816200020743], [77.02406899994638, 28.458252000508782], [77.0239290002043, 28.458402000050956], [77.02370000077376, 28.45862800078096], [77.02345900074934, 28.458865999888165], [77.02339700082504, 28.458923000182146], [77.02308800013024, 28.459198000462038], [77.02307000058691, 28.459212999580807], [77.02289500068473, 28.459363000128608], [77.02280600009796, 28.45943799953292], [77.02276200061532, 28.459480000439708], [77.02261399957904, 28.459619999919514], [77.02259400038585, 28.459638999885392], [77.02248399988267, 28.45973099938095], [77.02245700011848, 28.459745000172738], [77.0224509993724, 28.459749000285804], [77.0223530003614, 28.45979999954235], [77.02226299994975, 28.459836000535795], [77.02218300048209, 28.459866999999356], [77.02226399977465, 28.46006800032583], [77.0223030001327, 28.460147999944706], [77.02244699917443, 28.46044000036965], [77.02259000018788, 28.460723999836034], [77.02268300007431, 28.46093100060974], [77.0227309997549, 28.460993000465002], [77.02257199974623, 28.461058999557622], [77.02246200014135, 28.461100999820324], [77.02239600091744, 28.46112700061386], [77.02215899929435, 28.461217999787124], [77.02203799981885, 28.461264000042334], [77.02188500055627, 28.46132300025456], [77.0218650004648, 28.461330999571345], [77.02178800047189, 28.46135999975509], [77.0215850000823, 28.461436000716276], [77.02129200017934, 28.46154700063987], [77.0210000001013, 28.461656999844394], [77.02086100018411, 28.461362999991508], [77.02078699966596, 28.461208000038017], [77.02070199927715, 28.46103099989975], [77.02059099984739, 28.460799000643885], [77.02030699926694, 28.46090300012821], [77.02003099998072, 28.461004000053393], [77.01974999977334, 28.461108000125723], [77.01945699987039, 28.461214999546584], [77.01916499979234, 28.46132699951816], [77.01888600013308, 28.461435999926557], [77.01847499933102, 28.461566999283242], [77.01851900061024, 28.461736999840127], [77.01853600032868, 28.461804999670402], [77.01861900016937, 28.462237000218405], [77.01862599984206, 28.46227599980254], [77.01931399975523, 28.461972000415173], [77.01939099974814, 28.4619379997695], [77.01945400039564, 28.461909999554702], [77.01975700034436, 28.461776000398523], [77.01990200010931, 28.462037000666847], [77.01991800000285, 28.462065999867114], [77.02036199951854, 28.46288999949928], [77.02061400031192, 28.462780999800657], [77.0207330001376, 28.463001000265063], [77.02079299951373, 28.463123999291266], [77.02083199987182, 28.463105999750912], [77.02110200020856, 28.463539000304234], [77.02109579105333, 28.463542511432426], [77.02064399955084, 28.463797999792746], [77.02049299993809, 28.463867000458045], [77.02060299954294, 28.464014999558547], [77.02091199933943, 28.464327999844265], [77.02109500053587, 28.46450000027019], [77.02120299959257, 28.46443899988945], [77.02146299988355, 28.464963000406772], [77.02151599958701, 28.464925000016546], [77.02185599934563, 28.465112000121632], [77.02184399965009, 28.4651370001486], [77.02183000030467, 28.465166999857278], [77.02128599943323, 28.46633200038417], [77.02114999988912, 28.46663000048158], [77.02087699917931, 28.46723599970409], [77.02081500015338, 28.467128000300438], [77.02061700068496, 28.466777999661122], [77.02055200038762, 28.466642999804197], [77.02052399990023, 28.466582999636945], [77.02040399935133, 28.466331000615632], [77.0200920000801, 28.465661000363806], [77.01998599977489, 28.465461000184373], [77.01984199983484, 28.465190000312596], [77.01977499988769, 28.465065000181255], [77.0197550006945, 28.46502900017918], [77.01963899944525, 28.464816000047588], [77.01960800038142, 28.464760000345855], [77.01945600004547, 28.464559000255395], [77.01936700035701, 28.464442000038478], [77.01929000036411, 28.46436300029799], [77.01926799972449, 28.464341999237433], [77.01916283844575, 28.46427330529438], [77.01914399987591, 28.464260999845948], [77.0186400000858, 28.463993000217624], [77.01851000038943, 28.463966000338175], [77.01828400043362, 28.463968999710893], [77.01814599944305, 28.463984999522832], [77.01794200012687, 28.46381999996397], [77.01741499987219, 28.46340800023278], [77.01691400045506, 28.463113999722484], [77.01660833161164, 28.462943244027567], [77.01629999926344, 28.46277100019942], [77.01592799971773, 28.462567999876747], [77.01578000047807, 28.462480999506287], [77.01555900054511, 28.462749000599576], [77.01553000023281, 28.462786000390633], [77.01521899988819, 28.4632079997382], [77.0150420003362, 28.463447999970402], [77.01480799998444, 28.46380499991951], [77.01454800059174, 28.464178000024837], [77.01440200010359, 28.464379000050275], [77.01421700015564, 28.464208999794383], [77.01416699992693, 28.46415799950638], [77.01397699995614, 28.463966000338175], [77.01393400029845, 28.46393199954425], [77.01388099969665, 28.463890000406575], [77.01382000049563, 28.463821000546005], [77.01363800002241, 28.4639140001415], [77.01339300069837, 28.464039999845024], [77.01318400046098, 28.464129000090367], [77.01298699991918, 28.464203000272803], [77.01272700052648, 28.464293000168684], [77.01266699935373, 28.464314000449267], [77.01228099956433, 28.464460999927244], [77.01215999919052, 28.464507000350455], [77.01198500018667, 28.464575999763124], [77.01192999993506, 28.46459399984286], [77.01182700000291, 28.464635999490497], [77.01176000005577, 28.464665000346816], [77.01076171485693, 28.463742792436417], [77.0104740006411, 28.46347700036301], [77.01234299948864, 28.462268000557266], [77.01382299997036, 28.461173999936282], [77.01383999968877, 28.461161000730723], [77.01376799971878, 28.46113099988488], [77.01345399989941, 28.46098600015196], [77.0133629996628, 28.460944000633354], [77.01331499998224, 28.460922000653202], [77.01326700030165, 28.460896999629167], [77.01292299944676, 28.460716999505166], [77.01273499912577, 28.460619000353006], [77.0125869998861, 28.4605419997708], [77.01243700009827, 28.460483999736272], [77.0123340001661, 28.46047200026978], [77.01216500011171, 28.460443999666662], [77.01205999963139, 28.46043899975562], [77.01187200020875, 28.46043099958155]]]}}, {"type": "Feature", "properties": {"OBJECTID_1": 23, "OBJECTID": 23, "Ward_No": "36", "SHAPE_Leng": 18846.7255035, "Shape_Length": 21482.333289692626, "Shape_Area": 8119246.145956471}, "geometry": {"type": "Polygon", "coordinates": [[[77.01974543902664, 28.489046128360407], [77.01978689448036, 28.489029285960527], [77.01979899927882, 28.4889690000635], [77.0198100000478, 28.488740999588735], [77.01981600079388, 28.48854300037683], [77.01981600079388, 28.488532000497468], [77.01982099991847, 28.488354999553277], [77.01983000013928, 28.488034000523058], [77.01982800048947, 28.487878999431807], [77.01982199974337, 28.487260999827555], [77.01980800039796, 28.486241999936983], [77.01980400020003, 28.48611099959251], [77.01980199965188, 28.486045999939858], [77.0197979994539, 28.485516000671517], [77.01980900022289, 28.48546900033386], [77.0198780007182, 28.485395999633546], [77.0201189998443, 28.485163999398285], [77.02027737103224, 28.484923000741144], [77.02028000040109, 28.484919000001977], [77.02033200027961, 28.48483999978218], [77.02034300015026, 28.484822999587237], [77.02063899952796, 28.484369999561427], [77.02083299969672, 28.484070999372108], [77.0209160004357, 28.48394299987731], [77.02104699995695, 28.483789000279447], [77.02107100024642, 28.483763000325183], [77.02135799940325, 28.483452999587787], [77.0217189999766, 28.48306399955013], [77.02172799929912, 28.48305500068928], [77.02198299956724, 28.482800000273272], [77.02203899964374, 28.48274400062894], [77.02231999985115, 28.482462000361323], [77.02280799974776, 28.482035999688197], [77.02289499978642, 28.48198100004877], [77.02307300006166, 28.481904000031697], [77.02363000045357, 28.481663000251142], [77.02373000001269, 28.481617999815104], [77.02410400010648, 28.481449999702242], [77.02435700072478, 28.481330999987], [77.02453599992661, 28.481248000152675], [77.02460000039903, 28.48120800004748], [77.02484299917496, 28.481057000086363], [77.02498399964028, 28.480971999987148], [77.02498000034063, 28.48086399962302], [77.02496600009694, 28.480451000392225], [77.02494800055356, 28.480306999961442], [77.02492000006617, 28.480071999894992], [77.02490300034773, 28.47994799963913], [77.02484100042346, 28.479974999382474], [77.02483400075079, 28.479942999861354], [77.02472300042267, 28.479975000172093], [77.02436900042035, 28.479137000533346], [77.02367800013414, 28.479408999808825], [77.02359899959309, 28.479261999808358], [77.02303099933053, 28.47834099950008], [77.02211999983459, 28.478812000146707], [77.02191099959722, 28.478506000071235], [77.02184299982517, 28.47855100025407], [77.02172900002235, 28.478628000346927], [77.02137800039307, 28.47812199983698], [77.02108600031501, 28.477700999703117], [77.02128499960833, 28.47761800017453], [77.02165100020454, 28.477463999249625], [77.0219010004498, 28.477382999652384], [77.02163564799635, 28.476939650912417], [77.02125700001923, 28.476307000415876], [77.02116900015571, 28.476152000272876], [77.02112100047512, 28.476028999829403], [77.02116400013283, 28.476008000297917], [77.02119099989702, 28.47599299961475], [77.02113200034577, 28.475918999792977], [77.02104999943171, 28.475964999965708], [77.02096699959101, 28.475826999387436], [77.02094200037499, 28.475629000440012], [77.02083600006976, 28.475656000497803], [77.02081800052642, 28.475549999587898], [77.02094799932445, 28.47550600017721], [77.02092599958313, 28.475339000290894], [77.02102000019278, 28.475345999653108], [77.02107100024642, 28.475341999340785], [77.02112500067307, 28.47533700013462], [77.02111700027714, 28.475137999793922], [77.02104400048222, 28.47490899977519], [77.02101699981974, 28.474774000041915], [77.02086899968174, 28.47440400009321], [77.02166899974789, 28.474202999396432], [77.02155099974712, 28.474039000485316], [77.02157300038674, 28.474004000078054], [77.02168000051687, 28.473937000687474], [77.02180099999238, 28.473802000501667], [77.02191900089147, 28.473670000030346], [77.02183899962719, 28.473626000626236], [77.02196199965084, 28.4734629997308], [77.02203600016901, 28.473501000209087], [77.02201799972737, 28.47353500029296], [77.02218599995685, 28.473684999464066], [77.02247300001201, 28.473512000074862], [77.02262799982273, 28.473426999431304], [77.02270800018867, 28.473401999786383], [77.02278400035664, 28.473464999922555], [77.02288499974067, 28.47343699960346], [77.02304100027457, 28.47335099998709], [77.02272099970914, 28.472848000167577], [77.02261300065243, 28.47269499989347], [77.02236600078021, 28.47236500008072], [77.02222799978964, 28.472258999816837], [77.02228099949309, 28.472249000322837], [77.0224229997833, 28.472186999964322], [77.02258000014214, 28.472104999765453], [77.02251900004279, 28.47202499972197], [77.0225700000964, 28.47199099994179], [77.02338800060421, 28.471535000206583], [77.02329200034474, 28.47138900002433], [77.02356000013337, 28.471243999362404], [77.02339699992675, 28.470936000024512], [77.02340000029979, 28.47093399978487], [77.0230350004268, 28.470300000088738], [77.0230479999473, 28.470289999619656], [77.02317300051907, 28.470206000064042], [77.02356299960807, 28.469913000038545], [77.0235640003313, 28.469913999773162], [77.02381200002843, 28.47019199986838], [77.02409900008361, 28.47060799970133], [77.02423000050317, 28.47090199989386], [77.02450400013957, 28.47149600009111], [77.02464800007961, 28.47172799955373], [77.0248720003856, 28.47206700036434], [77.024993999686, 28.472248999533182], [77.0252749998934, 28.47214200022902], [77.02510400018919, 28.471748000218746], [77.02525199942889, 28.471691999452673], [77.02511900025782, 28.471387000582954], [77.02506099963315, 28.47126299960751], [77.02505499978538, 28.47124899955192], [77.02501000047788, 28.471139000065886], [77.02495799970099, 28.47102499998952], [77.0256609996828, 28.470832999873792], [77.02568200049751, 28.470499000066738], [77.02573400037606, 28.47011899966426], [77.0257650003382, 28.469807999419245], [77.02576199996511, 28.469838999906248], [77.02638700012912, 28.47105600011942], [77.02596100015677, 28.47117800031313], [77.02611500014254, 28.471432999570435], [77.02680200023082, 28.47219200010922], [77.02690099996501, 28.472307000217686], [77.0271679999287, 28.472180000392814], [77.0271880000202, 28.47211900049729], [77.02723300022603, 28.472071000011024], [77.02738899986166, 28.471903999432506], [77.02744899923779, 28.47186199951497], [77.02751600008324, 28.47181399970162], [77.02765799947517, 28.47173799988668], [77.02801599967545, 28.47218200060887], [77.02790300059587, 28.472274000240557], [77.02797500056586, 28.47234699974542], [77.02759399990106, 28.472635999713088], [77.02796099942387, 28.47313099975001], [77.02800900000274, 28.47317100054506], [77.02803900013997, 28.473161000347737], [77.02813400057455, 28.473255000112268], [77.02819900087187, 28.47323300032609], [77.02829999935756, 28.473428000711987], [77.02836399983, 28.473643000254583], [77.02840900003584, 28.473709999831645], [77.02858300011313, 28.473651000218116], [77.02862499994592, 28.473763000433397], [77.02866500012887, 28.474000000504574], [77.02878999980236, 28.47446499945902], [77.02893399974238, 28.47441600034662], [77.02938699947892, 28.474268999714532], [77.02958947974395, 28.474189514580857], [77.02962899932825, 28.474174000368258], [77.02977599964136, 28.474419999904384], [77.0300970000317, 28.474865000097502], [77.03015700030618, 28.474948999897], [77.03036599964524, 28.47522600048286], [77.03041199967596, 28.475286000479812], [77.03056600056009, 28.47549100021239], [77.0306329996089, 28.475580999969292], [77.0308053063619, 28.475828953735554], [77.03083799964833, 28.475876000214217], [77.03090399977057, 28.475970999609128], [77.03097900011365, 28.476078000562485], [77.03107900057105, 28.47623100067474], [77.03115300019093, 28.476342999733905], [77.03127600021458, 28.476563000388364], [77.03135800023031, 28.476747999507307], [77.0314559992413, 28.47700299953306], [77.03149499959935, 28.477091999914265], [77.03163799971448, 28.477418999393322], [77.03182300056072, 28.47778000052569], [77.032398000496, 28.478866999857264], [77.03229899986349, 28.478893000227316], [77.0319899991687, 28.47897499989469], [77.03169174591795, 28.479084819875638], [77.03101500009865, 28.479334000365938], [77.03074499976191, 28.4794329999667], [77.0307230000206, 28.47943900020272], [77.03040599982819, 28.479532000264296], [77.03013200019181, 28.479610999717387], [77.03001400019104, 28.47964500020342], [77.02991299990869, 28.479674000098413], [77.02972100028806, 28.479736999652314], [77.02966400038666, 28.479755000307556], [77.02944599992846, 28.479826000098566], [77.02941499996632, 28.47983500002419], [77.02932399972971, 28.479859000085277], [77.02921999997264, 28.47987199935937], [77.02883699965803, 28.479922999958344], [77.02871499945928, 28.479938000083347], [77.02841000075907, 28.479974999382474], [77.0281669992882, 28.480003999976475], [77.02813600022435, 28.48000799932262], [77.0279890008096, 28.480031000495128], [77.02719300004306, 28.480283000002146], [77.02766792675736, 28.481185262856254], [77.027889489934, 28.481750179855922], [77.02878060432278, 28.4814360586371], [77.0288249209107, 28.481492697755957], [77.02916132022168, 28.482127521721953], [77.02940368388867, 28.48264915103036], [77.02850239518096, 28.482996851937944], [77.02889098391499, 28.483817122607316], [77.02959934144916, 28.48361077385577], [77.03025238342303, 28.484976212057724], [77.0322710883093, 28.484277546986146], [77.03328686819829, 28.484076130813296], [77.03466729222738, 28.48320530217316], [77.03562000050196, 28.479740000156532], [77.03544499970148, 28.479689000258823], [77.03535899948776, 28.478572999722314], [77.0362649998591, 28.478737999931052], [77.03694199990161, 28.478862000028307], [77.0369609992699, 28.47886499976778], [77.037003000001, 28.478871999685968], [77.03751999931164, 28.47897900006942], [77.03752899953246, 28.478981000156725], [77.03807199968067, 28.479089000077575], [77.03862999989751, 28.479207999950212], [77.03899200029576, 28.479281999836576], [77.0390870007303, 28.47930600002332], [77.03929900044241, 28.479360000620993], [77.03937899991006, 28.47938099948609], [77.03954200011665, 28.479445999293237], [77.03955600036039, 28.47945200031815], [77.0396369996529, 28.47948499963212], [77.04029100012919, 28.47977500024238], [77.04047800062528, 28.479857999655135], [77.04102900027111, 28.480102999738836], [77.041903999782, 28.480473999889064], [77.04195699948545, 28.480493999687738], [77.04213099956273, 28.480557999965587], [77.04227699915259, 28.480607000176807], [77.04327799995852, 28.480843999894432], [77.04397600081575, 28.480993999740704], [77.04549100055927, 28.48131299960038], [77.04560100016411, 28.481336000488646], [77.04613099989356, 28.481446999246607], [77.04675500023262, 28.48157799985008], [77.04701200015056, 28.48163299969939], [77.04731399937604, 28.481696000453468], [77.04756600016943, 28.481732000303502], [77.0477590005133, 28.481748000583835], [77.04793099914411, 28.481759000380336], [77.04801699935784, 28.48175799996821], [77.04837600028135, 28.481723999372825], [77.0492240000281, 28.481644999921123], [77.04949600091298, 28.481525000011228], [77.04992299981191, 28.48224000012488], [77.04994700010135, 28.482274000554135], [77.05008199982059, 28.482465999614405], [77.05046099993727, 28.482896000158476], [77.05052264053543, 28.48296488807407], [77.05109899962173, 28.483608999675283], [77.05119802810202, 28.483721001964707], [77.05155700027944, 28.484126999891878], [77.05215499978091, 28.484804000202114], [77.05450200027595, 28.487487999192876], [77.05536599991622, 28.48849199999332], [77.05564177462362, 28.488816234738913], [77.05589676321364, 28.48911602839678], [77.05589664822928, 28.48911610813994], [77.05599199990512, 28.489228000369042], [77.05656299964242, 28.48987700043494], [77.05689699955327, 28.490256000479732], [77.05728199951773, 28.490742000260543], [77.05814935795884, 28.491837803486767], [77.05892999933064, 28.49269400000529], [77.05952000023282, 28.493330000095273], [77.0598199998085, 28.493655000009944], [77.05920649179194, 28.49409531400243], [77.05908269136938, 28.494200884968286], [77.0587990429285, 28.494442764841104], [77.05876609631717, 28.494480486973075], [77.0587113035764, 28.494539289418192], [77.05823825344275, 28.495046941033525], [77.05819785710273, 28.49509837089157], [77.05813964806896, 28.495172478854723], [77.05800488281002, 28.495314147385404], [77.05763973830827, 28.495614676550307], [77.05747794364078, 28.49578080672664], [77.0572335273233, 28.495996220241288], [77.05702186807271, 28.496182761122842], [77.05699033361297, 28.49620863012222], [77.0568155295435, 28.496352021491145], [77.05663799190064, 28.496519663152213], [77.05649265257252, 28.4966568993138], [77.05636995617944, 28.496774529377944], [77.05632581925458, 28.49681684386346], [77.05615344512798, 28.49694101457251], [77.05607286804363, 28.497004820143168], [77.0557503423139, 28.497260217303676], [77.05561449099181, 28.49732204030997], [77.0556128156338, 28.497323637417644], [77.05548967008309, 28.497441092264893], [77.05537624789702, 28.497523595422212], [77.05500671961666, 28.497792389446584], [77.05489161847929, 28.49787611285101], [77.05482556715312, 28.497924157660446], [77.054160740181, 28.498369336696644], [77.05407793257979, 28.498416998390216], [77.05399424013801, 28.498465168478592], [77.05362196391124, 28.498744303665752], [77.05349636236653, 28.498838480391623], [77.05336727086694, 28.498914233337796], [77.05325723353286, 28.498816466198704], [77.05323339224523, 28.498785359745465], [77.05322260437694, 28.49877128597103], [77.05318344411879, 28.498737125067183], [77.05291224453114, 28.498500552353427], [77.05289455221161, 28.498485119080257], [77.05281511688598, 28.49841582524275], [77.05260188558361, 28.498229816462295], [77.05255587926466, 28.49819246119423], [77.05222447817992, 28.497940414433124], [77.05222294655238, 28.497939249175037], [77.05213142529293, 28.497863449739675], [77.05194465476555, 28.4977087654492], [77.05191278253928, 28.497688569174944], [77.05153432769997, 28.497448252004247], [77.05145844790624, 28.49739744381807], [77.05144925724257, 28.497391289865625], [77.05113834133957, 28.4971831036927], [77.0510185186571, 28.49714799490337], [77.05076785635347, 28.49695948677077], [77.05069234397071, 28.49690269726402], [77.05062501703678, 28.496855690153613], [77.05056656186461, 28.496814878061574], [77.05026873531362, 28.496606937858935], [77.05021063138273, 28.49654140703237], [77.05015759215341, 28.496516716020054], [77.05008536131636, 28.49646941584019], [77.04984640765417, 28.49631293896037], [77.04946937754289, 28.496066040674524], [77.04940344030271, 28.496009430689547], [77.04934650238505, 28.495960547364785], [77.04900699130994, 28.495771283151683], [77.04887602143312, 28.495698272206432], [77.04878145668147, 28.495645554986744], [77.0487739764101, 28.49564155939083], [77.04872274638778, 28.49561419654181], [77.04855670628224, 28.495525508619608], [77.04844932077485, 28.495466454877022], [77.04812226304452, 28.495272154409445], [77.04809382956914, 28.49525526168605], [77.04805392191264, 28.4952316803965], [77.04804216745715, 28.49522473445874], [77.0478146780946, 28.495090308603935], [77.04763645773211, 28.494984995902197], [77.04740591858918, 28.49483476961018], [77.04736112769079, 28.494810639528602], [77.04713973070253, 28.494691365916513], [77.04671849180116, 28.49446442862053], [77.04668117129268, 28.494453687523453], [77.04664991351406, 28.494444692001828], [77.04627039866271, 28.494150233908023], [77.04602982713467, 28.493963578114734], [77.04599841215088, 28.493947741533074], [77.04591080215619, 28.49390357451873], [77.04575192162343, 28.493802890268046], [77.04544486488291, 28.49360830488567], [77.04534193232439, 28.493543074576994], [77.04531729602773, 28.493528731672395], [77.0450324680989, 28.493362905068633], [77.04489335679065, 28.493274555531485], [77.04465404470062, 28.49312256699555], [77.04463625266811, 28.493113245294378], [77.0445492059171, 28.49306763629164], [77.04405513790071, 28.492808766990677], [77.0439667337953, 28.492762446508774], [77.04395631154136, 28.492756074381585], [77.0435835942418, 28.49252822656641], [77.04353791760451, 28.492500303147033], [77.04327885605299, 28.492341931869944], [77.04322159204689, 28.4923196628885], [77.04318885833625, 28.492306933580995], [77.04275192407027, 28.491986390274377], [77.04259346305078, 28.491883295383087], [77.04251487483647, 28.491834647002168], [77.04233906285727, 28.491725813755167], [77.04225919634028, 28.491647234704153], [77.04216696181851, 28.491556485964868], [77.04202977739654, 28.491442571087877], [77.04202784422203, 28.491440986523514], [77.04190168482351, 28.491349913903914], [77.04172929003566, 28.49119948979535], [77.04142818193895, 28.49091144857524], [77.04141291776563, 28.490896847139062], [77.04140879539682, 28.490892903471938], [77.04128757673234, 28.49077694459118], [77.04121296625813, 28.490838801396833], [77.04068640348297, 28.491202852363823], [77.04053382014038, 28.491339226177242], [77.03992219858593, 28.4917488415873], [77.0398542410347, 28.49179435483889], [77.03942105184512, 28.492085396171834], [77.03917322821779, 28.492098503683245], [77.03882456061501, 28.49212351390314], [77.03861631047089, 28.492211038573014], [77.03848978905133, 28.49214598898903], [77.03811170431793, 28.49228522435658], [77.03780378609304, 28.491921713992692], [77.03775881463328, 28.491876212638754], [77.03712134405653, 28.49207487668615], [77.03647921122347, 28.49230339814446], [77.03643975811447, 28.49231919944479], [77.03623866125497, 28.492379989505725], [77.03575801586558, 28.49254726640559], [77.03565738658747, 28.49257674593749], [77.035571124964, 28.492559967261727], [77.03553751629428, 28.492565391198706], [77.03507499711067, 28.492640028332893], [77.03476008999289, 28.49268509670633], [77.03460515665749, 28.492707479300048], [77.03439226042674, 28.492762982585386], [77.0340037597276, 28.492854804018737], [77.03370980671212, 28.492916128268043], [77.03302791803785, 28.493129661498813], [77.0327308406818, 28.493170734763307], [77.03234579490325, 28.493318578329607], [77.03216541319422, 28.493404154301782], [77.03184529674608, 28.493508989352243], [77.03157095035998, 28.493609393609802], [77.0316800004456, 28.493676999489452], [77.03092899988492, 28.49572600056605], [77.0305330000498, 28.497080999933495], [77.03019949960225, 28.498088455790906], [77.02990899971074, 28.498965999990766], [77.02954300001282, 28.50026000017145], [77.02947199986774, 28.50047400010964], [77.02931899970686, 28.50093400053666], [77.02892799989459, 28.50211399980761], [77.02889593093727, 28.50209156079028], [77.02817200020937, 28.501584999335737], [77.02719399986799, 28.500865000403095], [77.0265330006173, 28.500377999630306], [77.0262320003184, 28.50016899989653], [77.02612300053846, 28.50009299996246], [77.02607799943429, 28.500061999672415], [77.02509200049361, 28.49937799997027], [77.02498300071368, 28.49930200025599], [77.02471300037695, 28.499114999895], [77.02382400062233, 28.498493999784888], [77.02349300018622, 28.49826399963546], [77.02331200043625, 28.49813799970492], [77.02318000019176, 28.498029000063433], [77.02304599939916, 28.497882999403984], [77.02265599941182, 28.497431000418448], [77.02257599994418, 28.497329999795387], [77.02178300044903, 28.496324999882706], [77.02167999961854, 28.49618900040995], [77.0213729994719, 28.495782000430044], [77.02119099989702, 28.495541999450236], [77.02114900006423, 28.495485999458907], [77.02072100044204, 28.494932000424775], [77.02060500009107, 28.494771000623306], [77.02050200015891, 28.494629000565162], [77.02038499998305, 28.494426999386008], [77.02036800026463, 28.494389999624516], [77.02033300010454, 28.49431499976942], [77.02014600050678, 28.49385100009181], [77.02002524177976, 28.49361189554368], [77.01998012209799, 28.49363495928149], [77.01973345729738, 28.49376104827513], [77.01971566706149, 28.49377014333216], [77.01924235282313, 28.494012088141563], [77.01914463139157, 28.49406203977173], [77.01880789970396, 28.494178676380884], [77.0185492423943, 28.494203086089293], [77.01834079641748, 28.49433269556203], [77.01830299980188, 28.49434941000671], [77.01828927264602, 28.494355479660356], [77.01818259770603, 28.494397938804124], [77.01805853946698, 28.494447316287854], [77.01738629241065, 28.494734031772683], [77.01729951245923, 28.494771636165954], [77.01724791412762, 28.494793788574505], [77.01680893529607, 28.494982254784706], [77.0165038027469, 28.495134306960043], [77.01618061495881, 28.49523618365029], [77.01514078088145, 28.494048338800646], [77.01459600027233, 28.49342599988029], [77.01419599934093, 28.492972000143638], [77.01391700058001, 28.492655000597562], [77.01443600043876, 28.493243999309104], [77.01489200054834, 28.493052000110268], [77.0162399998873, 28.492566999431475], [77.01577299990706, 28.491550000074277], [77.01577899975483, 28.491548000225027], [77.0163016198242, 28.49136752176741], [77.01652899959227, 28.491289000084645], [77.01675500044641, 28.491778999536717], [77.01789400044629, 28.491373000242504], [77.01844499919379, 28.492551999521464], [77.01937200037989, 28.492211000676388], [77.01965699988692, 28.492890000292547], [77.01981234105745, 28.492904936204404], [77.01983064423133, 28.492906696017535], [77.01986500029939, 28.49291000010805], [77.01985899955328, 28.492878000559323], [77.01979900017714, 28.49243599982961], [77.01972599948388, 28.49182999991133], [77.01972267571735, 28.491795383578527], [77.01967299978043, 28.491277999701865], [77.01966100008487, 28.491081000045273], [77.0196629997347, 28.49100700053218], [77.01968700002416, 28.49003499959409], [77.01968840049766, 28.489935325410162], [77.019692000047, 28.48967899940591], [77.01970899976544, 28.489510999485674], [77.01971100031358, 28.489490999815725], [77.01973576686599, 28.489312866707408], [77.01973539586176, 28.489096144713873], [77.01974543902664, 28.489046128360407]]]}}, {"type": "Feature", "properties": {"OBJECTID_1": 24, "OBJECTID": 24, "Ward_No": "31", "SHAPE_Leng": 13269.1028327, "Shape_Length": 15127.258441858734, "Shape_Area": 1714256.3001498054}, "geometry": {"type": "Polygon", "coordinates": [[[77.01784599986738, 28.476484999907285], [77.01779599963866, 28.476497999596646], [77.01774700013318, 28.476535999772796], [77.01759100049757, 28.476856999801136], [77.01722400007645, 28.477613000286464], [77.01700100049369, 28.478096000066753], [77.01671899956307, 28.47872099954339], [77.01566200047728, 28.48113299951335], [77.01558200011132, 28.48110600006606], [77.01475400045608, 28.480826999845753], [77.01471008361848, 28.480813344532955], [77.0146350006304, 28.480790000055496], [77.01468099976285, 28.48068299992761], [77.01483300009879, 28.48033400040264], [77.01504999983376, 28.479879000000434], [77.0152910007565, 28.47933399957631], [77.01536099928006, 28.4791749997601], [77.01571600000563, 28.478403000194756], [77.01592500024303, 28.47794800015951], [77.01608699972638, 28.477597000169304], [77.0163899996751, 28.47698499998805], [77.01641399996456, 28.476935999675728], [77.01667399935722, 28.476390999858353], [77.01678999970818, 28.476146999525795], [77.01703399920734, 28.47563199948166], [77.01708700070742, 28.47552000045831], [77.01736800001652, 28.474956000074695], [77.01743100066402, 28.474829999963895], [77.01757399988085, 28.47453400026551], [77.01767300051335, 28.474211000107193], [77.01774899978301, 28.474038000000046], [77.01777217631734, 28.474003407841124], [77.01781599973016, 28.47393800038404], [77.0179310002562, 28.473810000453128], [77.01799999985319, 28.473723999561123], [77.01805500010478, 28.47340300027768], [77.01815100036423, 28.473178999754676], [77.01817300010555, 28.47313099975001], [77.01825199974826, 28.472964000057402], [77.01826000014418, 28.47294599982416], [77.01827299966467, 28.47291899986339], [77.01844199971904, 28.472561000199075], [77.01851900061024, 28.472384999835477], [77.01862500001715, 28.47214599987285], [77.01872700012441, 28.471923000348568], [77.01882799950845, 28.47170300029643], [77.01896199940273, 28.471411999914984], [77.01918300023401, 28.470928000645056], [77.01920400015038, 28.47088199985835], [77.01926000022686, 28.47076300008207], [77.01928000031837, 28.470719999983952], [77.01929400056208, 28.47069199972703], [77.01936300015903, 28.470547000477527], [77.0194380005021, 28.47038699954985], [77.01952800001547, 28.470188000150596], [77.01960100070873, 28.470028000258623], [77.01945399949734, 28.469933999991923], [77.01923000008964, 28.469676000275143], [77.01910800078923, 28.469535999901908], [77.01893200016384, 28.469331000459068], [77.01881800036102, 28.469198000187927], [77.01873100032236, 28.46909599966469], [77.01841499995489, 28.468718999771706], [77.01828799973327, 28.46856800012017], [77.01823599985472, 28.468506000760325], [77.01803800038634, 28.468282000120745], [77.0179170000125, 28.468145000313452], [77.01779300016393, 28.468005000280762], [77.01771499944782, 28.4679169998945], [77.01749099914183, 28.467647999515737], [77.01770200082566, 28.467545000108277], [77.01757699935554, 28.467371000382833], [77.01764300037613, 28.46734199947944], [77.01775200015607, 28.467495000398067], [77.01787899947935, 28.467438999746875], [77.01784699969231, 28.46723599970409], [77.01816300005979, 28.467076999841716], [77.01823199965678, 28.467810000151726], [77.01834900073094, 28.46779799993764], [77.01849200084608, 28.46777700034944], [77.01888499940983, 28.46768800001761], [77.01908899962436, 28.467623000082796], [77.0192250000668, 28.467557000351075], [77.01913999967798, 28.467449000485797], [77.0192250000668, 28.467396000665097], [77.01925999932858, 28.46742600052219], [77.01948500035778, 28.46727000022473], [77.01957999989402, 28.467159999755022], [77.01981900026861, 28.466943000129508], [77.01999400017081, 28.4665780000163], [77.02009399972994, 28.466371999804768], [77.02017099972281, 28.466384000180796], [77.02035900004378, 28.46646200022259], [77.02052399990023, 28.466582999636945], [77.02055200038762, 28.466642999804197], [77.02061700068496, 28.466777999661122], [77.02081500015338, 28.467128000300438], [77.02087699917931, 28.46723599970409], [77.02114999988912, 28.46663000048158], [77.02128599943323, 28.46633200038417], [77.02183000030467, 28.465166999857278], [77.02184399965009, 28.4651370001486], [77.02185599934563, 28.465112000121632], [77.02151599958701, 28.464925000016546], [77.02146299988355, 28.464963000406772], [77.02120299959257, 28.46443899988945], [77.02109500053587, 28.46450000027019], [77.02091199933943, 28.464327999844265], [77.02060299954294, 28.464014999558547], [77.02049299993809, 28.463867000458045], [77.02064399955084, 28.463797999792746], [77.02110200020856, 28.463539000304234], [77.02083199987182, 28.463105999750912], [77.02079299951373, 28.463123999291266], [77.0207330001376, 28.463001000265063], [77.02061400031192, 28.462780999800657], [77.02036199951854, 28.46288999949928], [77.01991800000285, 28.462065999867114], [77.01990200010931, 28.462037000666847], [77.01975700034436, 28.461776000398523], [77.01945400039564, 28.461909999554702], [77.01939099974814, 28.4619379997695], [77.01931399975523, 28.461972000415173], [77.01862599984206, 28.46227599980254], [77.01861900016937, 28.462237000218405], [77.01853600032868, 28.461804999670402], [77.01851900061024, 28.461736999840127], [77.01847499933102, 28.461566999283242], [77.01888600013308, 28.461435999926557], [77.01916499979234, 28.46132699951816], [77.01945699987039, 28.461214999546584], [77.01974999977334, 28.461108000125723], [77.02003099998072, 28.461004000053393], [77.02030699926694, 28.46090300012821], [77.02059099984739, 28.460799000643885], [77.02070199927715, 28.46103099989975], [77.02078699966596, 28.461208000038017], [77.02086100018411, 28.461362999991508], [77.0210000001013, 28.461656999844394], [77.02129200017934, 28.46154700063987], [77.0215850000823, 28.461436000716276], [77.02178800047189, 28.46135999975509], [77.0218650004648, 28.461330999571345], [77.02188500055627, 28.46132300025456], [77.02203799981885, 28.461264000042334], [77.02215899929435, 28.461217999787124], [77.02239600091744, 28.46112700061386], [77.02246200014135, 28.461100999820324], [77.02257199974623, 28.461058999557622], [77.0227309997549, 28.460993000465002], [77.02268300007431, 28.46093100060974], [77.02259000018788, 28.460723999836034], [77.02244699917443, 28.46044000036965], [77.0223030001327, 28.460147999944706], [77.02226399977465, 28.46006800032583], [77.02218300048209, 28.459866999999356], [77.02226299994975, 28.459836000535795], [77.0223530003614, 28.45979999954235], [77.0224509993724, 28.459749000285804], [77.02245700011848, 28.459745000172738], [77.02248399988267, 28.45973099938095], [77.02259400038585, 28.459638999885392], [77.02261399957904, 28.459619999919514], [77.02276200061532, 28.459480000439708], [77.02280600009796, 28.45943799953292], [77.02289500068473, 28.459363000128608], [77.02307000058691, 28.459212999580807], [77.02308800013024, 28.459198000462038], [77.02339700082504, 28.458923000182146], [77.02345900074934, 28.458865999888165], [77.02370000077376, 28.45862800078096], [77.0239290002043, 28.458402000050956], [77.02406899994638, 28.458252000508782], [77.02415299961196, 28.45816200020743], [77.02424399984857, 28.458065999959516], [77.0241550001601, 28.45801000063021], [77.02438800068693, 28.457785000007867], [77.02397600005997, 28.457537999801733], [77.02384899983835, 28.457481000340447], [77.02373300038572, 28.457180999219283], [77.02372800036285, 28.457171999733237], [77.0239789995347, 28.457096000444874], [77.02409820058303, 28.457069057247033], [77.02427099961275, 28.457029999667604], [77.02438099921761, 28.457005999949114], [77.02452500005596, 28.456979999721423], [77.0246050004219, 28.45696600014296], [77.02469399921203, 28.456950000058306], [77.02492300043922, 28.456913000593648], [77.02498100016555, 28.456898000358763], [77.0252320002357, 28.456836000470968], [77.02545300016864, 28.45679100051686], [77.02554100003219, 28.456772999898043], [77.02575699994227, 28.456727999917153], [77.02594999938782, 28.456692000234543], [77.02603700032473, 28.456675000248534], [77.02605200039338, 28.456673000528745], [77.02628900021982, 28.456612999440146], [77.0263929999769, 28.45658799976631], [77.02648700058654, 28.45659100013818], [77.02653900046509, 28.45660100032404], [77.02658299994769, 28.456609999858696], [77.02662399995559, 28.456618000321946], [77.026969999562, 28.45673499972235], [77.02709199976073, 28.45677799998249], [77.02714500036248, 28.456840000694093], [77.0271670001038, 28.456916000166537], [77.02716499955565, 28.456986999509983], [77.02711799969998, 28.45714600033617], [77.02711900042321, 28.457217000314923], [77.02714199998944, 28.457344999811326], [77.02717399977647, 28.457445000124498], [77.02722300018029, 28.457538999653433], [77.02725000084278, 28.457573999986018], [77.02728400027965, 28.45761699990484], [77.02736700012034, 28.457701999839912], [77.02751199988529, 28.457795999930077], [77.02763699955874, 28.457868000110672], [77.02771699992469, 28.457906000668846], [77.02766400022126, 28.457972999957022], [77.02754700004537, 28.45811999956674], [77.02753499945152, 28.458134999628232], [77.02733799980801, 28.458380999385486], [77.02723499987584, 28.458521000320843], [77.0271880000202, 28.45858500048361], [77.02689200064252, 28.458988000729292], [77.02674500032941, 28.45917299982], [77.02670000012355, 28.45921900017545], [77.0266170002829, 28.459304999447117], [77.0265419999398, 28.45938599947773], [77.0265139994524, 28.459416000029087], [77.02640399984756, 28.459533000281514], [77.0263640005629, 28.459575999403494], [77.02629900026555, 28.459642000170664], [77.02610500009682, 28.459839999855667], [77.02607999998247, 28.459866000169654], [77.02598299989808, 28.459959000086208], [77.02576700088633, 28.46016700060545], [77.02571199973642, 28.460220000102797], [77.02539900064028, 28.46053499942792], [77.02513799962605, 28.460793000138967], [77.02489800032485, 28.46103999984699], [77.02488800027913, 28.461049999612], [77.02470900017897, 28.461234000015526], [77.02468499988952, 28.46125800035355], [77.02438399959065, 28.46156800067634], [77.0243790004661, 28.461572999744256], [77.02422399975708, 28.46173399961432], [77.02389799934386, 28.462057000007214], [77.0236760004843, 28.462274999995635], [77.02367300011126, 28.462277999416354], [77.02365000054505, 28.462301000500403], [77.02388999984625, 28.462505000350895], [77.0241419997413, 28.462700999805403], [77.02419899964273, 28.46274800000739], [77.02443999966714, 28.462948999593543], [77.02451699966004, 28.46301300023413], [77.02463800003387, 28.463112999923517], [77.0247689995551, 28.463222000069464], [77.02506700037927, 28.463450000351756], [77.02526199947461, 28.46359999962497], [77.0253159999013, 28.46364199966763], [77.02539700009214, 28.463703999512052], [77.02569099982003, 28.46392099947085], [77.02545100051883, 28.464222999993044], [77.02523900080672, 28.464083000292366], [77.02502700019632, 28.46392300063298], [77.02460299987376, 28.46359300027436], [77.02396600001421, 28.464338999875288], [77.02412300037307, 28.46447900002656], [77.02420799986356, 28.464541999955184], [77.02458699998023, 28.464839999572227], [77.02437799974287, 28.46508399995803], [77.0247169996766, 28.465316000074235], [77.02504399991473, 28.46555299935049], [77.02512299955747, 28.46560699987094], [77.02513500015132, 28.465614999653216], [77.02522399983978, 28.465661000363806], [77.02548300030585, 28.465858999829035], [77.02570600078697, 28.465600000653225], [77.0258730002932, 28.46571299970092], [77.02610200062207, 28.46544699936002], [77.02600100033973, 28.465376000171172], [77.02626799940512, 28.465062999830494], [77.02655499946029, 28.46472199988268], [77.02688900026943, 28.464323999904476], [77.0276820006629, 28.464862999308995], [77.02798200023858, 28.46506600075149], [77.02831500032448, 28.465284999839692], [77.02875399981734, 28.46557700028718], [77.02867599999952, 28.46566600002782], [77.02858500066125, 28.465769000477067], [77.02842599975428, 28.465958999984313], [77.02835799998222, 28.466039999653777], [77.02826199972273, 28.466154999350806], [77.02821000074252, 28.466208999563648], [77.02867000015175, 28.466510999865072], [77.02901999995609, 28.46674099968824], [77.02912799991114, 28.46681199953943], [77.02940599974549, 28.466993999863192], [77.0296049999371, 28.467123999676943], [77.02967500025733, 28.467171000280953], [77.02988799979434, 28.467310000079944], [77.03005600002383, 28.467420999362023], [77.03048900056717, 28.466798999447892], [77.03054900084163, 28.466836000190177], [77.03061400024066, 28.466741000477946], [77.03056400001194, 28.46671099963671], [77.03082000010498, 28.466354000027895], [77.03087300070673, 28.466323000097834], [77.03086100011286, 28.46624199985561], [77.03100199967986, 28.46585999960205], [77.03117099973426, 28.465673999805635], [77.03103700073827, 28.465602999979584], [77.03108300076903, 28.465386000315636], [77.03109399974136, 28.465370999703726], [77.03253599968996, 28.466134999996164], [77.03143199985018, 28.46701699992086], [77.03207599938241, 28.46757699943658], [77.03200400031069, 28.467639000131218], [77.03190599950311, 28.467722999358458], [77.03162000017113, 28.467996000136942], [77.03206299986192, 28.46837300024044], [77.03203299972469, 28.46840500010767], [77.03207600028072, 28.468461999995302], [77.03203200079811, 28.468501000440988], [77.03223100009143, 28.46869300005629], [77.03220900035011, 28.4687080001966], [77.03227799994707, 28.46877700002503], [77.03245299984927, 28.468944999762208], [77.03175800026341, 28.469508999859347], [77.03223800066245, 28.469939999977825], [77.03201900037932, 28.470070000115513], [77.03093999975559, 28.46918299932745], [77.03045199985895, 28.468810000304735], [77.03001399929272, 28.468510999500044], [77.02979800028096, 28.46874699976182], [77.02921599977469, 28.469351999738436], [77.0290979997739, 28.469257999660037], [77.02880900006893, 28.469547999918607], [77.0278261137907, 28.468838177160784], [77.02718200017239, 28.46837300024044], [77.02693300065037, 28.468613000588018], [77.0274850001211, 28.469481000071163], [77.027851515452, 28.469861801924594], [77.0281620873002, 28.470561479958846], [77.02852366998187, 28.471809518349158], [77.02897569774125, 28.47284133071687], [77.02959999991427, 28.474122000457157], [77.02958947974395, 28.474189514580857], [77.02938699947892, 28.474268999714532], [77.02893399974238, 28.47441600034662], [77.02878999980236, 28.47446499945902], [77.02866500012887, 28.474000000504574], [77.02862499994592, 28.473763000433397], [77.02858300011313, 28.473651000218116], [77.02840900003584, 28.473709999831645], [77.02836399983, 28.473643000254583], [77.02829999935756, 28.473428000711987], [77.02819900087187, 28.47323300032609], [77.02813400057455, 28.473255000112268], [77.02803900013997, 28.473161000347737], [77.02800900000274, 28.47317100054506], [77.02796099942387, 28.47313099975001], [77.02759399990106, 28.472635999713088], [77.02797500056586, 28.47234699974542], [77.02790300059587, 28.472274000240557], [77.02801599967545, 28.47218200060887], [77.02765799947517, 28.47173799988668], [77.02751600008324, 28.47181399970162], [77.02744899923779, 28.47186199951497], [77.02738899986166, 28.471903999432506], [77.02723300022603, 28.472071000011024], [77.0271880000202, 28.47211900049729], [77.0271679999287, 28.472180000392814], [77.02690099996501, 28.472307000217686], [77.02680200023082, 28.47219200010922], [77.02611500014254, 28.471432999570435], [77.02596100015677, 28.47117800031313], [77.02638700012912, 28.47105600011942], [77.02576199996511, 28.469838999906248], [77.0257650003382, 28.469807999419245], [77.02573400037606, 28.47011899966426], [77.02568200049751, 28.470499000066738], [77.0256609996828, 28.470832999873792], [77.02495799970099, 28.47102499998952], [77.02501000047788, 28.471139000065886], [77.02505499978538, 28.47124899955192], [77.02506099963315, 28.47126299960751], [77.02511900025782, 28.471387000582954], [77.02525199942889, 28.471691999452673], [77.02510400018919, 28.471748000218746], [77.0252749998934, 28.47214200022902], [77.024993999686, 28.472248999533182], [77.0248720003856, 28.47206700036434], [77.02464800007961, 28.47172799955373], [77.02450400013957, 28.47149600009111], [77.02423000050317, 28.47090199989386], [77.02409900008361, 28.47060799970133], [77.02381200002843, 28.47019199986838], [77.0235640003313, 28.469913999773162], [77.02356299960807, 28.469913000038545], [77.02317300051907, 28.470206000064042], [77.0230479999473, 28.470289999619656], [77.0230350004268, 28.470300000088738], [77.02340000029979, 28.47093399978487], [77.02339699992675, 28.470936000024512], [77.02356000013337, 28.471243999362404], [77.02329200034474, 28.47138900002433], [77.02338800060421, 28.471535000206583], [77.0225700000964, 28.47199099994179], [77.02251900004279, 28.47202499972197], [77.02258000014214, 28.472104999765453], [77.0224229997833, 28.472186999964322], [77.02228099949309, 28.472249000322837], [77.02222799978964, 28.472258999816837], [77.02236600078021, 28.47236500008072], [77.02261300065243, 28.47269499989347], [77.02272099970914, 28.472848000167577], [77.02304100027457, 28.47335099998709], [77.02288499974067, 28.47343699960346], [77.02278400035664, 28.473464999922555], [77.02270800018867, 28.473401999786383], [77.02262799982273, 28.473426999431304], [77.02247300001201, 28.473512000074862], [77.02218599995685, 28.473684999464066], [77.02201799972737, 28.47353500029296], [77.02203600016901, 28.473501000209087], [77.02196199965084, 28.4734629997308], [77.02183899962719, 28.473626000626236], [77.02191900089147, 28.473670000030346], [77.02180099999238, 28.473802000501667], [77.02168000051687, 28.473937000687474], [77.02157300038674, 28.474004000078054], [77.02155099974712, 28.474039000485316], [77.02166899974789, 28.474202999396432], [77.02086899968174, 28.47440400009321], [77.02101699981974, 28.474774000041915], [77.02104400048222, 28.47490899977519], [77.02111700027714, 28.475137999793922], [77.02112500067307, 28.47533700013462], [77.02107100024642, 28.475341999340785], [77.02102000019278, 28.475345999653108], [77.02092599958313, 28.475339000290894], [77.02094799932445, 28.47550600017721], [77.02081800052642, 28.475549999587898], [77.02083600006976, 28.475656000497803], [77.02094200037499, 28.475629000440012], [77.02096699959101, 28.475826999387436], [77.02104999943171, 28.475964999965708], [77.02113200034577, 28.475918999792977], [77.02119099989702, 28.47599299961475], [77.02116400013283, 28.476008000297917], [77.02112100047512, 28.476028999829403], [77.02116900015571, 28.476152000272876], [77.02125700001923, 28.476307000415876], [77.0209590000934, 28.47645099998323], [77.02095200042072, 28.476453999791172], [77.02059799952006, 28.476621000283597], [77.02040000005168, 28.476715000127854], [77.02037499993733, 28.476678000476348], [77.02023799966994, 28.47647899950343], [77.02017000079624, 28.476388000048626], [77.01991800090114, 28.47604699953732], [77.01986799977409, 28.476028000152645], [77.01982799959114, 28.47601400072851], [77.01971200013851, 28.476015000405408], [77.01970600029074, 28.476018000225746], [77.01946399954306, 28.47615199948322], [77.01925800057707, 28.47625000002293], [77.01902699970006, 28.476352999630002], [77.01874200019301, 28.47645500025355], [77.01856999976556, 28.476508999939934], [77.01841499995489, 28.47654600044027], [77.01832099934525, 28.47655400018396], [77.01819800021991, 28.47653900036794], [77.018001999503, 28.476498000386265], [77.01790799979169, 28.4764829997727], [77.01784599986738, 28.476484999907285]]]}}, {"type": "Feature", "properties": {"OBJECTID_1": 25, "OBJECTID": 25, "Ward_No": "28", "SHAPE_Leng": 6616.77750175, "Shape_Length": 7536.659864014382, "Shape_Area": 1913099.5807909777}, "geometry": {"type": "Polygon", "coordinates": [[[77.0129380004137, 28.45484199951706], [77.01208199937271, 28.455346999490764], [77.01151600055658, 28.454626000543414], [77.01113900008974, 28.45487799982961], [77.0105249997964, 28.45426799972234], [77.01043499938471, 28.454340999818275], [77.01039500010005, 28.454359999943158], [77.01036699961266, 28.45436300037827], [77.01002100000625, 28.454725999479557], [77.00997400015058, 28.454792000115674], [77.00973300012618, 28.45509700028227], [77.0090469998628, 28.454777000369624], [77.00885199986914, 28.454711000513953], [77.00884748673316, 28.454705445896746], [77.00879999999061, 28.454647000375243], [77.00864799965464, 28.45446000071051], [77.00850600026273, 28.454324000243997], [77.00845600003402, 28.454279000010505], [77.00824699979665, 28.454064000560997], [77.00820599978876, 28.454020999986803], [77.0078340002431, 28.453673999837637], [77.00767199986136, 28.453515999997833], [77.00762228529693, 28.453464773405717], [77.0073429999734, 28.453177000494566], [77.00581900000907, 28.453235000589142], [77.00580399994047, 28.452686000570512], [77.00579700026775, 28.45254300010921], [77.00578500057219, 28.452188000630002], [77.00661600060052, 28.452180999733923], [77.00663099977078, 28.45191599999564], [77.00662900012097, 28.45184599952173], [77.00664399929127, 28.45180399953108], [77.0070609999411, 28.451977000494963], [77.00743599985985, 28.45213799997353], [77.00778999986215, 28.452299999898027], [77.00794700022098, 28.452369000170773], [77.00807000024466, 28.452134000362292], [77.00809999948355, 28.452133999572457], [77.00811099935422, 28.451982999920666], [77.00853800004981, 28.45197500068632], [77.00846200078013, 28.450344000393127], [77.00830100022334, 28.45034600023263], [77.00830300077148, 28.450178999287637], [77.00829200000248, 28.449849000253412], [77.00778400001438, 28.449857000438453], [77.00778800021232, 28.449286999365153], [77.00709000025344, 28.449293999662995], [77.00705499739837, 28.449113894480984], [77.00704770217993, 28.449076356765627], [77.00698000064855, 28.448728000034254], [77.0070479995223, 28.448719000618524], [77.007137999934, 28.4486950005932], [77.00730300068875, 28.448625000356547], [77.00736800008775, 28.448598000501118], [77.00766000016581, 28.448452999375135], [77.0080240002139, 28.448275000057894], [77.00826000021544, 28.44816600029701], [77.00834600042917, 28.448123999634554], [77.00851099938728, 28.44804800016114], [77.00872200017281, 28.447949999533204], [77.00915899911749, 28.447746999974616], [77.0093910007177, 28.44763599977884], [77.00955099965296, 28.447559000008653], [77.00960799955439, 28.447530999934727], [77.00988899976178, 28.447393000138998], [77.01025100016003, 28.44721100003005], [77.01063800067261, 28.447014999501686], [77.01131999983971, 28.446656000602225], [77.01223100023394, 28.446175999965185], [77.01268700034353, 28.445935000053044], [77.0130940000493, 28.445713999654235], [77.01317259545011, 28.4456725153769], [77.01365100044121, 28.445419999698146], [77.01381700012254, 28.445333000223368], [77.01389500083869, 28.445304000382574], [77.01440099938036, 28.445116000023216], [77.0147349992912, 28.44499100064129], [77.01503460540475, 28.444879473081382], [77.01518900064929, 28.444821999984576], [77.01592300059319, 28.44454900017607], [77.01594899963415, 28.444539000430083], [77.01676899979178, 28.444233999825208], [77.01705099982411, 28.44405499974697], [77.0172250007997, 28.44391300023282], [77.01788899952511, 28.443528999890994], [77.0179449996016, 28.443499999555534], [77.0185359994304, 28.443188000782236], [77.0198660001243, 28.442487999375736], [77.01987900054309, 28.442850999746778], [77.01988499949253, 28.44299799984294], [77.01989299988846, 28.4432159996363], [77.02043399948856, 28.443197999866047], [77.02053799924563, 28.443193999916677], [77.02080000008475, 28.443189999967167], [77.02091999973534, 28.443187999992364], [77.0210149992716, 28.44318700000493], [77.02106100020066, 28.443192999929305], [77.02108999961466, 28.443202999802544], [77.02118599987413, 28.44330199928626], [77.02120000011783, 28.44330700000773], [77.02120599996562, 28.443309999966562], [77.02122999935673, 28.443309999966562], [77.02160900037175, 28.44312300000045], [77.0216489996564, 28.443186000017494], [77.02170000060835, 28.443171000204895], [77.02180099999238, 28.443516000095666], [77.02183999945211, 28.443516000095666], [77.02183799980229, 28.44355800021845], [77.02175699961144, 28.44355599946072], [77.02184700002312, 28.443864999575194], [77.02187800088359, 28.443974999799387], [77.02191899999313, 28.44404799989219], [77.02206600030624, 28.444232999847696], [77.02242799980618, 28.444694000335687], [77.02250499979908, 28.444794999948094], [77.02284599938261, 28.445226999704378], [77.0228720002202, 28.445268999937642], [77.02293600069261, 28.445370999757642], [77.02333599982737, 28.446047999585353], [77.02341999949296, 28.44617899984263], [77.0235849993494, 28.446436000086997], [77.0236349995781, 28.446513999840928], [77.02385300003633, 28.44685400012174], [77.02394699974764, 28.447000000232098], [77.02411399925391, 28.44739599998193], [77.02414500011437, 28.447469000083103], [77.02429000077763, 28.44790700042186], [77.02433066751053, 28.44806515239426], [77.02434254773017, 28.44811135109419], [77.02439562468875, 28.448102717323195], [77.02464657175832, 28.448033292490226], [77.02473799959297, 28.44800799933554], [77.02477100010329, 28.448308999569015], [77.02475000018686, 28.44852400045243], [77.02484800009614, 28.448825999941224], [77.02495000020342, 28.449071000101142], [77.02507999989975, 28.449486000205326], [77.02529800035795, 28.449984000234114], [77.02557299981923, 28.45052999952121], [77.02573500020095, 28.45085799975971], [77.02632600002975, 28.45195799994185], [77.02643300015986, 28.45229600029291], [77.02637400060864, 28.452321000191855], [77.02592299962362, 28.452355999882474], [77.02531700062453, 28.452402999945214], [77.02524399993126, 28.45240900013658], [77.02498399964028, 28.45244700028754], [77.0246758110225, 28.452491873351576], [77.0246199995922, 28.45249999970624], [77.02449699956857, 28.452517999472963], [77.02437400044323, 28.4525380006143], [77.02393300040227, 28.452608999738604], [77.02383000047011, 28.4526259995886], [77.02368099960887, 28.45264999951155], [77.02346300004899, 28.4526849998831], [77.02296400028172, 28.452750000316662], [77.02146000040885, 28.45296500006872], [77.02060099989313, 28.45308199956276], [77.02028699917547, 28.45314699975226], [77.01947699996185, 28.452284999798444], [77.01921500002103, 28.452007999893603], [77.01918900008178, 28.45198100011214], [77.01878599967564, 28.451554999751497], [77.01848600009998, 28.451237999910088], [77.01839299931524, 28.451140999781224], [77.01808399951878, 28.45081500025115], [77.01780000073495, 28.450526000638966], [77.01752100017738, 28.45070799978171], [77.0171489997334, 28.450929999926323], [77.01695799993767, 28.451038999997504], [77.01677500053789, 28.45114200048325], [77.01663400007259, 28.451219999925474], [77.01613400048039, 28.451503000557768], [77.01534699993469, 28.451946999412183], [77.01448599976918, 28.452279000389876], [77.01455799973918, 28.452422999528693], [77.01429499997346, 28.452473000050386], [77.01338100010447, 28.45288500054266], [77.01354899943566, 28.453332000376673], [77.01358900051694, 28.453440000450673], [77.01374799962727, 28.45388400064891], [77.01383100036628, 28.454140999543487], [77.01384599953658, 28.454267000629457], [77.01397799978105, 28.454367999786907], [77.01400899974318, 28.45439199931445], [77.0140310003828, 28.454413999863817], [77.01387999987176, 28.454507000627785], [77.01363100034973, 28.45436899966862], [77.0129380004137, 28.45484199951706]]]}}, {"type": "Feature", "properties": {"OBJECTID_1": 26, "OBJECTID": 26, "Ward_No": "35", "SHAPE_Leng": 6071.55116756, "Shape_Length": 6925.681277215383, "Shape_Area": 1687636.5993682782}, "geometry": {"type": "Polygon", "coordinates": [[[77.0163016198242, 28.49136752176741], [77.01577899975483, 28.491548000225027], [77.01577299990706, 28.491550000074277], [77.0162399998873, 28.492566999431475], [77.01489200054834, 28.493052000110268], [77.01443600043876, 28.493243999309104], [77.01391700058001, 28.492655000597562], [77.01330900013446, 28.491962000580738], [77.01276599998623, 28.491389000640936], [77.01243400062353, 28.491050999800798], [77.01221600016535, 28.490804999527356], [77.01200500027814, 28.490576000320583], [77.01149899993985, 28.4899859998102], [77.01117299952662, 28.48960900026119], [77.01074999992731, 28.4891119993932], [77.01108100036342, 28.488690000090422], [77.01116799950374, 28.4884990000629], [77.01118699977032, 28.48845600007933], [77.01122500030347, 28.48837200075861], [77.0112849996796, 28.488237000074843], [77.0113259996875, 28.48814600048742], [77.01148899989408, 28.48777800072237], [77.01163300073244, 28.487456999937894], [77.01178199979705, 28.4871250005201], [77.01189899997293, 28.486861000342596], [77.01224000045477, 28.486104000154153], [77.01226899986877, 28.486036999754017], [77.01233599981592, 28.48588500000843], [77.01258881987286, 28.485306801752923], [77.01266700025205, 28.485127999928686], [77.01268599962029, 28.485083999770705], [77.01271599975753, 28.48502100024834], [77.01291999997203, 28.484573000630743], [77.01292200052015, 28.484567999492835], [77.01305100039161, 28.484280000187663], [77.01306099953904, 28.484256999940634], [77.01307500068103, 28.484225000137805], [77.01312599983633, 28.48410600039132], [77.01318599921248, 28.483966000192734], [77.01328200037025, 28.483743000356018], [77.0133119996092, 28.483672999644508], [77.01344399985365, 28.48338799987809], [77.01357900047118, 28.4830970001042], [77.01366500068491, 28.482910999861208], [77.01371899931497, 28.482792000213102], [77.01375799967302, 28.482706000317595], [77.01384599953658, 28.482510999689083], [77.01392900027557, 28.482324999993146], [77.01401399976606, 28.482136000323074], [77.01438399966192, 28.481278000024197], [77.01447699954834, 28.481095000201506], [77.01457900055388, 28.48089500002398], [77.01461100034096, 28.480835999686047], [77.0146350006304, 28.480790000055496], [77.01471008361848, 28.480813344532955], [77.01475400045608, 28.480826999845753], [77.01558200011132, 28.48110600006606], [77.01566200047728, 28.48113299951335], [77.01671899956307, 28.47872099954339], [77.01700100049369, 28.478096000066753], [77.01722400007645, 28.477613000286464], [77.01759100049757, 28.476856999801136], [77.01774700013318, 28.476535999772796], [77.01779599963866, 28.476497999596646], [77.01784599986738, 28.476484999907285], [77.01790799979169, 28.4764829997727], [77.018001999503, 28.476498000386265], [77.01819800021991, 28.47653900036794], [77.01832099934525, 28.47655400018396], [77.01841499995489, 28.47654600044027], [77.01856999976556, 28.476508999939934], [77.01874200019301, 28.47645500025355], [77.01902699970006, 28.476352999630002], [77.01925800057707, 28.47625000002293], [77.01946399954306, 28.47615199948322], [77.01970600029074, 28.476018000225746], [77.01971200013851, 28.476015000405408], [77.01982799959114, 28.47601400072851], [77.01986799977409, 28.476028000152645], [77.01991800090114, 28.47604699953732], [77.02017000079624, 28.476388000048626], [77.02023799966994, 28.47647899950343], [77.02037499993733, 28.476678000476348], [77.02040000005168, 28.476715000127854], [77.02059799952006, 28.476621000283597], [77.02095200042072, 28.476453999791172], [77.0209590000934, 28.47645099998323], [77.02125700001923, 28.476307000415876], [77.02163564799635, 28.476939650912417], [77.0219010004498, 28.477382999652384], [77.02165100020454, 28.477463999249625], [77.02128499960833, 28.47761800017453], [77.02108600031501, 28.477700999703117], [77.02137800039307, 28.47812199983698], [77.02172900002235, 28.478628000346927], [77.02184299982517, 28.47855100025407], [77.02191099959722, 28.478506000071235], [77.02211999983459, 28.478812000146707], [77.02303099933053, 28.47834099950008], [77.02359899959309, 28.479261999808358], [77.02367800013414, 28.479408999808825], [77.02436900042035, 28.479137000533346], [77.02472300042267, 28.479975000172093], [77.02483400075079, 28.479942999861354], [77.02484100042346, 28.479974999382474], [77.02490300034773, 28.47994799963913], [77.02492000006617, 28.480071999894992], [77.02494800055356, 28.480306999961442], [77.02496600009694, 28.480451000392225], [77.02498000034063, 28.48086399962302], [77.02498399964028, 28.480971999987148], [77.02484299917496, 28.481057000086363], [77.02460000039903, 28.48120800004748], [77.02453599992661, 28.481248000152675], [77.02435700072478, 28.481330999987], [77.02410400010648, 28.481449999702242], [77.02373000001269, 28.481617999815104], [77.02363000045357, 28.481663000251142], [77.02307300006166, 28.481904000031697], [77.02289499978642, 28.48198100004877], [77.02280799974776, 28.482035999688197], [77.02231999985115, 28.482462000361323], [77.02203899964374, 28.48274400062894], [77.02198299956724, 28.482800000273272], [77.02172799929912, 28.48305500068928], [77.0217189999766, 28.48306399955013], [77.02135799940325, 28.483452999587787], [77.02107100024642, 28.483763000325183], [77.02104699995695, 28.483789000279447], [77.0209160004357, 28.48394299987731], [77.02083299969672, 28.484070999372108], [77.02063899952796, 28.484369999561427], [77.02034300015026, 28.484822999587237], [77.02033200027961, 28.48483999978218], [77.02028000040109, 28.484919000001977], [77.02027737103224, 28.484923000741144], [77.0201189998443, 28.485163999398285], [77.0198780007182, 28.485395999633546], [77.01980900022289, 28.48546900033386], [77.0197979994539, 28.485516000671517], [77.01980199965188, 28.486045999939858], [77.01980400020003, 28.48611099959251], [77.01980800039796, 28.486241999936983], [77.01982199974337, 28.487260999827555], [77.01982800048947, 28.487878999431807], [77.01983000013928, 28.488034000523058], [77.01982099991847, 28.488354999553277], [77.01981600079388, 28.488532000497468], [77.01981600079388, 28.48854300037683], [77.0198100000478, 28.488740999588735], [77.01979899927882, 28.4889690000635], [77.01978689448036, 28.489029285960527], [77.01974543902664, 28.489046128360407], [77.01973539586176, 28.489096144713873], [77.01973576686599, 28.489312866707408], [77.01971100031358, 28.489490999815725], [77.01970899976544, 28.489510999485674], [77.019692000047, 28.48967899940591], [77.01968840049766, 28.489935325410162], [77.01968700002416, 28.49003499959409], [77.0196629997347, 28.49100700053218], [77.01966100008487, 28.491081000045273], [77.01967299978043, 28.491277999701865], [77.01972267571735, 28.491795383578527], [77.01972599948388, 28.49182999991133], [77.01979900017714, 28.49243599982961], [77.01985899955328, 28.492878000559323], [77.01986500029939, 28.49291000010805], [77.01983064423133, 28.492906696017535], [77.01981234105745, 28.492904936204404], [77.01965699988692, 28.492890000292547], [77.01937200037989, 28.492211000676388], [77.01844499919379, 28.492551999521464], [77.01789400044629, 28.491373000242504], [77.01675500044641, 28.491778999536717], [77.01652899959227, 28.491289000084645], [77.0163016198242, 28.49136752176741]]]}}, {"type": "Feature", "properties": {"OBJECTID_1": 27, "OBJECTID": 27, "Ward_No": "29", "SHAPE_Leng": 7029.00827803, "Shape_Length": 8005.6512617469025, "Shape_Area": 1588823.2282000482}, "geometry": {"type": "Polygon", "coordinates": [[[77.01187200020875, 28.46043099958155], [77.01174400016222, 28.46042600045963], [77.01153699957466, 28.460424999845486], [77.0114960004651, 28.460424999845486], [77.0108989998902, 28.46037000001132], [77.01066000041394, 28.4603420001709], [77.01058200059613, 28.460263999561004], [77.01037900020654, 28.46010699992055], [77.01003999937453, 28.45987499942637], [77.00977499995896, 28.459694000099915], [77.00976999993608, 28.45970499982348], [77.00968500044559, 28.45982099992591], [77.00962099997315, 28.459894000136153], [77.00948100023108, 28.460051999920932], [77.00918499995508, 28.46037300027585], [77.00907100015226, 28.46051200032879], [77.00904000019013, 28.460543000383886], [77.00899300033444, 28.460586999707633], [77.00895399997638, 28.46056499965316], [77.00862699973824, 28.460513000152403], [77.00858900010341, 28.46050800024462], [77.00792499958136, 28.460101999993544], [77.00770299982354, 28.459987999856633], [77.00747499931956, 28.459828999356404], [77.00719800020845, 28.460011000649267], [77.00715399982751, 28.46004500033533], [77.00705699974313, 28.459928999689], [77.00695899983384, 28.460001999824655], [77.0069130007014, 28.46002099972187], [77.00663399924552, 28.45985400063305], [77.00652100016592, 28.459943000454565], [77.00637499967775, 28.459829000146136], [77.00621900004215, 28.459962000362392], [77.00611500028505, 28.45985399984328], [77.0066230002732, 28.459393999730892], [77.00664199964143, 28.45937499972097], [77.00658499974004, 28.4593209999651], [77.00651900051612, 28.45932299963479], [77.0064359997771, 28.45921000007313], [77.00664200053976, 28.459055999958835], [77.00674207376072, 28.45898451946071], [77.00706193508731, 28.45883535868326], [77.00723177326988, 28.45875615731128], [77.0073156175269, 28.458534053555113], [77.00743182089714, 28.458284128223763], [77.00751722552782, 28.458100444910635], [77.00755112974328, 28.45800712587187], [77.00789294140382, 28.457063925283762], [77.00791735940989, 28.456992792519774], [77.00791925216018, 28.45698727909083], [77.00798544811515, 28.45677622535137], [77.00822162598314, 28.456298301181178], [77.00824776246633, 28.456230605033596], [77.00843308670605, 28.45575059810141], [77.00850224889813, 28.455524422995158], [77.0085574548639, 28.455381256568366], [77.00859938372976, 28.45528355969756], [77.00879999999061, 28.454647000375243], [77.00884748673316, 28.454705445896746], [77.00885199986914, 28.454711000513953], [77.0090469998628, 28.454777000369624], [77.00973300012618, 28.45509700028227], [77.00997400015058, 28.454792000115674], [77.01002100000625, 28.454725999479557], [77.01036699961266, 28.45436300037827], [77.01039500010005, 28.454359999943158], [77.01043499938471, 28.454340999818275], [77.0105249997964, 28.45426799972234], [77.01113900008974, 28.45487799982961], [77.01151600055658, 28.454626000543414], [77.01208199937271, 28.455346999490764], [77.0129380004137, 28.45484199951706], [77.01363100034973, 28.45436899966862], [77.01387999987176, 28.454507000627785], [77.0140310003828, 28.454413999863817], [77.01400899974318, 28.45439199931445], [77.01397799978105, 28.454367999786907], [77.01384599953658, 28.454267000629457], [77.01383100036628, 28.454140999543487], [77.01374799962727, 28.45388400064891], [77.01358900051694, 28.453440000450673], [77.01354899943566, 28.453332000376673], [77.01338100010447, 28.45288500054266], [77.01429499997346, 28.452473000050386], [77.01455799973918, 28.452422999528693], [77.01448599976918, 28.452279000389876], [77.01534699993469, 28.451946999412183], [77.01613400048039, 28.451503000557768], [77.01663400007259, 28.451219999925474], [77.01677500053789, 28.45114200048325], [77.01695799993767, 28.451038999997504], [77.0171489997334, 28.450929999926323], [77.01752100017738, 28.45070799978171], [77.01780000073495, 28.450526000638966], [77.01808399951878, 28.45081500025115], [77.01839299931524, 28.451140999781224], [77.01848600009998, 28.451237999910088], [77.01878599967564, 28.451554999751497], [77.01918900008178, 28.45198100011214], [77.01921500002103, 28.452007999893603], [77.01947699996185, 28.452284999798444], [77.02028699917547, 28.45314699975226], [77.02060099989313, 28.45308199956276], [77.02146000040885, 28.45296500006872], [77.02296400028172, 28.452750000316662], [77.02346300004899, 28.4526849998831], [77.02368099960887, 28.45264999951155], [77.02383000047011, 28.4526259995886], [77.02393300040227, 28.452608999738604], [77.02437400044323, 28.4525380006143], [77.02449699956857, 28.452517999472963], [77.0246199995922, 28.45249999970624], [77.0246758110225, 28.452491873351576], [77.02498399964028, 28.45244700028754], [77.02524399993126, 28.45240900013658], [77.02531700062453, 28.452402999945214], [77.02592299962362, 28.452355999882474], [77.02637400060864, 28.452321000191855], [77.02643300015986, 28.45229600029291], [77.02635299979391, 28.452406000435857], [77.0264850000384, 28.452929999789898], [77.02670900034441, 28.45383699966489], [77.02682399997212, 28.454312000078318], [77.02743000076785, 28.45425100013633], [77.02986499932982, 28.453972000082583], [77.02982399932192, 28.45405500001981], [77.02945300049946, 28.454849999324313], [77.0293929993267, 28.454989999407346], [77.02938000070452, 28.455020000416475], [77.02919900005627, 28.455441000095377], [77.0291450005279, 28.45556599976167], [77.02907900040566, 28.455705000607104], [77.02895199928574, 28.455972999925716], [77.02892899971953, 28.45602099982627], [77.0287490006928, 28.45640099958591], [77.02864400021248, 28.45659100013818], [77.02861200042541, 28.456648000079323], [77.02858300011313, 28.45669800018248], [77.02855699927554, 28.456743000176157], [77.02853900063049, 28.456766999164582], [77.02816700018649, 28.457270999566052], [77.02814100024723, 28.457305999987362], [77.02780200031351, 28.457813999584943], [77.02771699992469, 28.457906000668846], [77.02763699955874, 28.457868000110672], [77.02751199988529, 28.457795999930077], [77.02736700012034, 28.457701999839912], [77.02728400027965, 28.45761699990484], [77.02725000084278, 28.457573999986018], [77.02722300018029, 28.457538999653433], [77.02717399977647, 28.457445000124498], [77.02714199998944, 28.457344999811326], [77.02711900042321, 28.457217000314923], [77.02711799969998, 28.45714600033617], [77.02716499955565, 28.456986999509983], [77.0271670001038, 28.456916000166537], [77.02714500036248, 28.456840000694093], [77.02709199976073, 28.45677799998249], [77.026969999562, 28.45673499972235], [77.02662399995559, 28.456618000321946], [77.02658299994769, 28.456609999858696], [77.02653900046509, 28.45660100032404], [77.02648700058654, 28.45659100013818], [77.0263929999769, 28.45658799976631], [77.02628900021982, 28.456612999440146], [77.02605200039338, 28.456673000528745], [77.02603700032473, 28.456675000248534], [77.02594999938782, 28.456692000234543], [77.02575699994227, 28.456727999917153], [77.02554100003219, 28.456772999898043], [77.02545300016864, 28.45679100051686], [77.0252320002357, 28.456836000470968], [77.02498100016555, 28.456898000358763], [77.02492300043922, 28.456913000593648], [77.02469399921203, 28.456950000058306], [77.0246050004219, 28.45696600014296], [77.02452500005596, 28.456979999721423], [77.02438099921761, 28.457005999949114], [77.02427099961275, 28.457029999667604], [77.02409820058303, 28.457069057247033], [77.0239789995347, 28.457096000444874], [77.02372800036285, 28.457171999733237], [77.02373300038572, 28.457180999219283], [77.02384899983835, 28.457481000340447], [77.02374900027925, 28.45744099992426], [77.02359399957022, 28.457387999823325], [77.02300100009163, 28.457192999849134], [77.0228870002888, 28.457152000258347], [77.02279100002932, 28.45712600006656], [77.0226470000893, 28.45708999972972], [77.0224780000349, 28.4570629996665], [77.022317999303, 28.457031999380625], [77.02216400021553, 28.457004000235585], [77.02197000004679, 28.456977000150392], [77.0212170007346, 28.456934999828636], [77.02096999996405, 28.45693200025633], [77.02087100022986, 28.45693200025633], [77.02084199991754, 28.456931000398868], [77.02089999964387, 28.457190000284132], [77.02106799987334, 28.457543000639753], [77.02077099977245, 28.45764900065962], [77.0201970005604, 28.457853999860028], [77.01989899973627, 28.457959999568025], [77.0195990001606, 28.458066999806242], [77.01932000050134, 28.458167000226176], [77.01902400022534, 28.458271999775565], [77.0191699998152, 28.45856399985449], [77.01922400024186, 28.45867100027108], [77.0189439998594, 28.458785000248838], [77.01866399947691, 28.458897999475084], [77.01852400063314, 28.458958000056487], [77.01849600014573, 28.458894000119553], [77.01835499968041, 28.458954999751803], [77.01837199939885, 28.458987999939534], [77.01764999915049, 28.459258999918852], [77.01762299938632, 28.459224999979973], [77.01742099971997, 28.459345000737496], [77.01736600036668, 28.459244000016856], [77.0173580008691, 28.459231000573908], [77.01716000050234, 28.458929000003472], [77.01713799986274, 28.458897000425978], [77.0170009995954, 28.458692999929973], [77.01692400050082, 28.458565000486253], [77.01676799906858, 28.45830200064307], [77.01671600008837, 28.458217000400683], [77.01668499922789, 28.45816500053462], [77.01663999992036, 28.458091000073605], [77.01662400002685, 28.458064000266024], [77.01631099913409, 28.45817200024471], [77.0161519991254, 28.45824900018406], [77.01575399964048, 28.45842100023577], [77.01512400035193, 28.458697999923604], [77.01373699975665, 28.459294999517024], [77.01286600044367, 28.459717999997878], [77.01267599957454, 28.459819000265647], [77.012551999726, 28.459598000453546], [77.01243899974808, 28.45943099990667], [77.01240199993816, 28.45934199965406], [77.01236300047844, 28.459239000049035], [77.01220000027182, 28.459313999541333], [77.01233900018899, 28.45956899978638], [77.01256700069293, 28.459928999689], [77.01243099935216, 28.460016000580563], [77.01228800013534, 28.460111999847303], [77.01223200005886, 28.460111999847303], [77.01200899957779, 28.460256999199704], [77.01183599932543, 28.460383999928744], [77.01187200020875, 28.46043099958155]]]}}, {"type": "Feature", "properties": {"OBJECTID_1": 28, "OBJECTID": 28, "Ward_No": "24", "SHAPE_Leng": 19526.2300844, "Shape_Length": 22244.24458338365, "Shape_Area": 10182836.724481037}, "geometry": {"type": "Polygon", "coordinates": [[[77.06428081881208, 28.450004870666184], [77.06415305771742, 28.449868840774386], [77.06448514331838, 28.44964739444312], [77.06455042389008, 28.449603862885624], [77.065476521371, 28.448986300473397], [77.06557409098728, 28.448921236118952], [77.06572110387677, 28.44882320075754], [77.06469296855937, 28.44758534376682], [77.06516007813407, 28.44719869101577], [77.06315234257576, 28.445017654666486], [77.0626582646779, 28.444480910259944], [77.0625339737752, 28.44434588666711], [77.06294299918193, 28.444064000349442], [77.06293595818676, 28.444054141155014], [77.06289300074985, 28.44399399941721], [77.06244900033583, 28.443536999764223], [77.06287499940989, 28.44319600068125], [77.06267100009369, 28.443001999799712], [77.06242999917096, 28.442766999712934], [77.06282099988152, 28.442461999527637], [77.06279600066547, 28.4424399996512], [77.06223699972543, 28.44187499967689], [77.06262899936257, 28.44157300008731], [77.06289900059762, 28.44137400015587], [77.0622999994746, 28.440786000576686], [77.0624100008761, 28.440700000461007], [77.0626069996213, 28.440551000306314], [77.06325100005182, 28.44006299947547], [77.06367500037437, 28.439741999864097], [77.06403699987428, 28.439468000350555], [77.06486100022991, 28.438839000074324], [77.06545099933547, 28.438388999708028], [77.06661600017294, 28.43750100004747], [77.06729299931712, 28.436983999614345], [77.0674239997367, 28.43710999981368], [77.06753000004191, 28.437212000391735], [77.06763700017206, 28.437348999998957], [77.06782299994487, 28.437629000500962], [77.0679170005545, 28.4377519998158], [77.06798100012861, 28.437835999882235], [77.06816600007653, 28.438057999398218], [77.06827800022954, 28.438192000175807], [77.06957799988788, 28.439531000174664], [77.06965400005588, 28.43960999951243], [77.06973999937128, 28.43969599972434], [77.07019878335994, 28.44016001134469], [77.07105799947131, 28.441028999598114], [77.07113800073556, 28.441111000208075], [77.07175499960532, 28.4417390004026], [77.07266500017464, 28.442665999743806], [77.07303799954524, 28.443050000059106], [77.07340699961617, 28.443429999829814], [77.07412799914131, 28.444172000410475], [77.0745690000806, 28.444621999872705], [77.07519000004662, 28.445256999534198], [77.0754300002461, 28.445503000029124], [77.07545900055844, 28.44553299978064], [77.0757800000505, 28.445858999796457], [77.0758729999369, 28.445940999821577], [77.07597099984619, 28.445985999654216], [77.07603799979334, 28.446006999622224], [77.07604500036435, 28.44600800037284], [77.07610099954255, 28.44601600005858], [77.07618599993137, 28.44601500009789], [77.07627700016798, 28.44600700041207], [77.07646999961348, 28.445978999927245], [77.07684100023256, 28.445963999720867], [77.07692599972306, 28.445972000199777], [77.07704499954875, 28.445998000764824], [77.07713199958738, 28.446035000099634], [77.07730499983977, 28.446129000294146], [77.07743500043442, 28.446198999813358], [77.07753699964336, 28.446256000617566], [77.07757299962837, 28.446275999783868], [77.07887900003281, 28.447004999988856], [77.07907900004936, 28.447112000255874], [77.07938399964787, 28.44727599987923], [77.07955799972515, 28.447344999481018], [77.07996499943094, 28.447485000022812], [77.08031799960833, 28.447606000623882], [77.0807879999616, 28.447758000151346], [77.08156900065951, 28.44801099995085], [77.0817870002194, 28.448080999804084], [77.08295700018145, 28.448463999478395], [77.08355600040616, 28.448178999520767], [77.08476300017807, 28.448577000257735], [77.08453499967413, 28.44906499972037], [77.08582200071035, 28.449561000297834], [77.08590699930254, 28.44888400005294], [77.0855029999698, 28.448842999609585], [77.0855320002821, 28.44876200018956], [77.08587500041381, 28.448556999946877], [77.08578700055023, 28.448216000462153], [77.08565400048084, 28.4479440006685], [77.08525300062284, 28.448138000383782], [77.08500500002742, 28.447998999858516], [77.08491099941779, 28.448033000248206], [77.08449099929321, 28.44773000013009], [77.0843410004037, 28.447838999550502], [77.0840119996174, 28.44778600016517], [77.08357699942424, 28.44776000003973], [77.08392000045424, 28.44716100017963], [77.08404700067581, 28.447084000063594], [77.08423000007564, 28.447328999520153], [77.08564600008492, 28.446654999857717], [77.08575199949183, 28.44680399931269], [77.08674600062507, 28.446248000160093], [77.08689800006272, 28.44618199972], [77.08695299941597, 28.446144000477126], [77.08695335694546, 28.44614443568857], [77.08699399942387, 28.446194000018487], [77.08703099923378, 28.44624599945325], [77.08796400026766, 28.44754699986505], [77.08809500068722, 28.44781199949439], [77.08806399982676, 28.447946999705987], [77.08801299977314, 28.4480450003367], [77.08787999970374, 28.44847900012001], [77.08781400047982, 28.44849899965583], [77.08716099982844, 28.448703000075707], [77.08710800012499, 28.449058000197184], [77.08662899955088, 28.449029999730293], [77.08660099996179, 28.449436999779206], [77.08702000026145, 28.44928800008471], [77.08701900043656, 28.449449999636563], [77.08727499963126, 28.449422000063283], [77.08755900021168, 28.449891999364976], [77.08756199968644, 28.449897000564686], [77.08755500001375, 28.449897000564686], [77.08740100002798, 28.449903000108428], [77.08725899973771, 28.449908999651814], [77.08721100005715, 28.449910999499522], [77.0872770001794, 28.45025499959906], [77.0876720001896, 28.452140999681873], [77.0878470000918, 28.452587999502004], [77.08833800036147, 28.452464000163577], [77.08845299998919, 28.452660000070235], [77.08861700002073, 28.453044000429845], [77.08890499990082, 28.453592000280185], [77.08860100012723, 28.45414300010097], [77.08881000036459, 28.45488900005433], [77.08887299921547, 28.4549420006183], [77.08917400041265, 28.455000000534447], [77.0894109993408, 28.455670000445533], [77.08944999969886, 28.456001999999863], [77.08940700004115, 28.456209000543144], [77.0894109993408, 28.456747000402835], [77.0894229999347, 28.458627000149793], [77.08819899954598, 28.458691000248376], [77.0878750005792, 28.458713999743686], [77.08594499983565, 28.458915999732042], [77.0858770000636, 28.45979399977046], [77.08463699978141, 28.461024999407975], [77.0846854063988, 28.461206872282318], [77.0845469993697, 28.46117700017799], [77.08433899985558, 28.46113099988488], [77.08353599941634, 28.46095399961769], [77.0822569996744, 28.460673000235538], [77.07982500058715, 28.460101999993544], [77.07959900063136, 28.46005100009297], [77.07784600033814, 28.459654000521105], [77.07749700035869, 28.459575000360786], [77.07699600004328, 28.459460999655498], [77.07617700060885, 28.459276000279072], [77.07607399977834, 28.459253000116252], [77.0756969993115, 28.459167999848813], [77.07554900007182, 28.459133999880674], [77.07547900064992, 28.459118000124164], [77.07543199989595, 28.45910699954974], [77.07486899965626, 28.45898000044543], [77.07469600030221, 28.458940999645108], [77.07445000025488, 28.45888499998957], [77.0741820004663, 28.458856999755817], [77.07417199952224, 28.459082000465678], [77.07414800013112, 28.459550999640612], [77.07414700030621, 28.45995999991502], [77.07414600048128, 28.460446999929083], [77.07405800061774, 28.461360999570662], [77.07403099995526, 28.46184500001471], [77.07384000015954, 28.463171999893294], [77.07378999993081, 28.46352100004482], [77.07370899973996, 28.46407200023469], [77.07343899940324, 28.465938000030626], [77.07318499985834, 28.467661000292505], [77.07313700017775, 28.46802300056609], [77.07306699985755, 28.468462999743686], [77.07276900083004, 28.47049200038339], [77.07270899965728, 28.47089800020292], [77.07267199984736, 28.471010999902393], [77.07261700049406, 28.471332000136417], [77.0724379994956, 28.47258300012522], [77.07230100012659, 28.473538999884084], [77.07224199967703, 28.473957000144647], [77.07222525238518, 28.474074573376303], [77.07413913375926, 28.474065476622712], [77.07840821724693, 28.474137607066243], [77.07927321401714, 28.47420294412109], [77.07914600089481, 28.474246000445866], [77.07892299951541, 28.474321999246207], [77.07918299980642, 28.47507600034128], [77.07931599987582, 28.47546700073803], [77.07951699971727, 28.47606000007023], [77.0804690001194, 28.476889999925845], [77.08089900028973, 28.477136999909888], [77.081321999889, 28.47744900035248], [77.08162199946467, 28.47766999994389], [77.08168200063743, 28.477729999342237], [77.08172500029514, 28.477772999745536], [77.08091500018323, 28.47851899951188], [77.08044786725235, 28.478503295637804], [77.08041025658804, 28.47853415460091], [77.07977773033859, 28.47905311382029], [77.07884626003396, 28.478952764416103], [77.07888492801537, 28.477892146391003], [77.07810679204489, 28.477894494721404], [77.07743464829483, 28.47779017163352], [77.07718323320297, 28.477795411557953], [77.07657575557693, 28.477808069180238], [77.07655979520929, 28.478925639652633], [77.07654438640722, 28.479004661668387], [77.07582400043142, 28.478895000316253], [77.07486300070677, 28.47874900004108], [77.07426699995679, 28.478638000026734], [77.0738577185302, 28.478554045010412], [77.07350617362356, 28.478651613771223], [77.07295542820093, 28.478804430123713], [77.07225329778835, 28.47895560070327], [77.07218192035083, 28.478991969446593], [77.07187655513799, 28.479061492387558], [77.0713488515024, 28.479190649051162], [77.07070194592023, 28.479348977675947], [77.07057099939959, 28.47922700034213], [77.07053799978762, 28.479196000241174], [77.06854500019324, 28.47752300068163], [77.06792599987702, 28.477027000237698], [77.06727699942361, 28.47650699980581], [77.06437099978511, 28.474273000067488], [77.06317700043199, 28.47329400036806], [77.06257200035951, 28.4727990003052], [77.06160499988874, 28.472027999655598], [77.06148699988799, 28.47193399958898], [77.06097399987698, 28.47152099939738], [77.05883807023604, 28.469798625910045], [77.05849957335889, 28.469525660586605], [77.05768900012184, 28.468871999486165], [77.05753500013603, 28.468747999507507], [77.05728800026384, 28.46854900018012], [77.05711700055963, 28.468380000064162], [77.05697899956903, 28.46823700030164], [77.05677699990267, 28.467980999895527], [77.05662999958957, 28.467794999883928], [77.05602800078846, 28.466855000438247], [77.05583200007156, 28.46654899968495], [77.0555550000621, 28.466146999609407], [77.05527700022778, 28.465807999547582], [77.05235499979746, 28.46275699980845], [77.05187799977149, 28.462261999345998], [77.05019899999645, 28.46051899988348], [77.04947800047131, 28.45977199955094], [77.04932125164075, 28.459609040464713], [77.04988104309827, 28.459481784502533], [77.05297540148551, 28.457190520745772], [77.05334352749566, 28.45691792643246], [77.05430955868422, 28.45654377527036], [77.0553600324078, 28.456136908407622], [77.05571302270376, 28.456000186656343], [77.05594500004945, 28.455824999831982], [77.05605837103157, 28.455940846235272], [77.05672812166974, 28.45619114119626], [77.05706287077552, 28.45618773644447], [77.05709846292542, 28.456187374724145], [77.05732144005029, 28.456174966452387], [77.05738984586087, 28.456171159700812], [77.05775209329582, 28.45608326950811], [77.05778520879045, 28.456075235043727], [77.05790496948919, 28.45605044769442], [77.05792261150305, 28.456046796525683], [77.05835386212823, 28.456004011579115], [77.0583992459147, 28.455999509021854], [77.05864739203722, 28.455898310817748], [77.05868287099935, 28.45588215498391], [77.05872432555476, 28.455856899246964], [77.05908084533148, 28.455639683706277], [77.0591610271571, 28.455590831452632], [77.05922024499893, 28.455554752404076], [77.05939982451245, 28.455699386018363], [77.05977750949556, 28.455631777153588], [77.05984650549925, 28.45561942568127], [77.06006686942497, 28.455579978201317], [77.06017485590529, 28.455560647374895], [77.06030588507095, 28.45569378564548], [77.06041440065896, 28.455628975780705], [77.06053278603697, 28.45555827011581], [77.0606481036683, 28.455489397500607], [77.06069975679713, 28.455485969032615], [77.06107662880493, 28.455319540904824], [77.06120040946455, 28.455293638986017], [77.06122095124019, 28.455286685682907], [77.06168589318007, 28.455129305869132], [77.06189069738676, 28.45505998042434], [77.06190875442228, 28.455054904438747], [77.06204271209579, 28.455017244045465], [77.0623249367069, 28.45493790001978], [77.06257973215915, 28.454976344704207], [77.06262478626391, 28.454984246567157], [77.06312510924958, 28.4551461434069], [77.06326648610901, 28.455166607657787], [77.06327919906691, 28.455168447868484], [77.06378061889558, 28.455224450282607], [77.06395462885432, 28.45519019078482], [77.06411931430041, 28.455157765958273], [77.06456951308986, 28.4550360537092], [77.06465203772176, 28.455013742901365], [77.06470030060872, 28.4550054374573], [77.06495777753209, 28.45496112937122], [77.06533881951941, 28.454895556118206], [77.06553514183321, 28.45496862844165], [77.06601998504992, 28.455149087744573], [77.0660222820421, 28.45514994229753], [77.0661077226054, 28.455180988943084], [77.06659084554835, 28.455352976611174], [77.0667059350076, 28.455383291853064], [77.06670638057197, 28.45538339531535], [77.0673902581163, 28.45554152267938], [77.06739340311813, 28.455542259550835], [77.06776842100315, 28.4556301391363], [77.06808045530867, 28.455697946238445], [77.06836668371099, 28.45576014502986], [77.0685413314736, 28.455819556633003], [77.06876684993242, 28.45593317664041], [77.06904911047617, 28.456088855644257], [77.06944044176674, 28.45633167971374], [77.0694518458793, 28.45633809036837], [77.07007469457818, 28.456688214825586], [77.07012277780206, 28.456715244206347], [77.0701370098111, 28.456723243871846], [77.07018063918783, 28.45674776964679], [77.07037089248352, 28.456765188203462], [77.06978600119866, 28.456100588661624], [77.06688442396633, 28.452803424499983], [77.06674677421705, 28.45264700060749], [77.06654917809222, 28.452422454559425], [77.06651428393333, 28.452382800535883], [77.06428081881208, 28.450004870666184]]]}}, {"type": "Feature", "properties": {"OBJECTID_1": 29, "OBJECTID": 29, "Ward_No": "12", "SHAPE_Leng": 16745.0861547, "Shape_Length": 19075.894081391576, "Shape_Area": 5159438.8932730295}, "geometry": {"type": "Polygon", "coordinates": [[[77.06978600119866, 28.456100588661624], [77.07037089248352, 28.456765188203462], [77.07018063918783, 28.45674776964679], [77.0701370098111, 28.456723243871846], [77.07012277780206, 28.456715244206347], [77.07007469457818, 28.456688214825586], [77.0694518458793, 28.45633809036837], [77.06944044176674, 28.45633167971374], [77.06904911047617, 28.456088855644257], [77.06876684993242, 28.45593317664041], [77.0685413314736, 28.455819556633003], [77.06836668371099, 28.45576014502986], [77.06808045530867, 28.455697946238445], [77.06776842100315, 28.4556301391363], [77.06739340311813, 28.455542259550835], [77.0673902581163, 28.45554152267938], [77.06670638057197, 28.45538339531535], [77.0667059350076, 28.455383291853064], [77.06659084554835, 28.455352976611174], [77.0661077226054, 28.455180988943084], [77.0660222820421, 28.45514994229753], [77.06601998504992, 28.455149087744573], [77.06553514183321, 28.45496862844165], [77.06533881951941, 28.454895556118206], [77.06495777753209, 28.45496112937122], [77.06470030060872, 28.4550054374573], [77.06465203772176, 28.455013742901365], [77.06456951308986, 28.4550360537092], [77.06411931430041, 28.455157765958273], [77.06395462885432, 28.45519019078482], [77.06378061889558, 28.455224450282607], [77.06327919906691, 28.455168447868484], [77.06326648610901, 28.455166607657787], [77.06312510924958, 28.4551461434069], [77.06262478626391, 28.454984246567157], [77.06257973215915, 28.454976344704207], [77.0623249367069, 28.45493790001978], [77.06204271209579, 28.455017244045465], [77.06190875442228, 28.455054904438747], [77.06189069738676, 28.45505998042434], [77.06168589318007, 28.455129305869132], [77.06122095124019, 28.455286685682907], [77.06120040946455, 28.455293638986017], [77.06107662880493, 28.455319540904824], [77.06069975679713, 28.455485969032615], [77.0606481036683, 28.455489397500607], [77.06053278603697, 28.45555827011581], [77.06041440065896, 28.455628975780705], [77.06030588507095, 28.45569378564548], [77.06017485590529, 28.455560647374895], [77.06006686942497, 28.455579978201317], [77.05984650549925, 28.45561942568127], [77.05977750949556, 28.455631777153588], [77.05939982451245, 28.455699386018363], [77.05922024499893, 28.455554752404076], [77.0591610271571, 28.455590831452632], [77.05908084533148, 28.455639683706277], [77.05872432555476, 28.455856899246964], [77.05868287099935, 28.45588215498391], [77.05864739203722, 28.455898310817748], [77.0583992459147, 28.455999509021854], [77.05835386212823, 28.456004011579115], [77.05792261150305, 28.456046796525683], [77.05790496948919, 28.45605044769442], [77.05778520879045, 28.456075235043727], [77.05775209329582, 28.45608326950811], [77.05738984586087, 28.456171159700812], [77.05732144005029, 28.456174966452387], [77.05709846292542, 28.456187374724145], [77.05706287077552, 28.45618773644447], [77.05672812166974, 28.45619114119626], [77.05605837103157, 28.455940846235272], [77.05594500004945, 28.455824999831982], [77.05598482056938, 28.45579495482331], [77.05626847619676, 28.455580933053707], [77.05660899967319, 28.455324000052677], [77.0579900004207, 28.454332000090485], [77.05837000036229, 28.454059999443018], [77.06079362804941, 28.452221798270806], [77.06393819237957, 28.449836646525917], [77.0610030001893, 28.446777999735676], [77.05875999945133, 28.444440999710114], [77.05834699989776, 28.444010999862265], [77.0577019996423, 28.44449499995686], [77.05708499987425, 28.444979999386923], [77.05666800012273, 28.445575999857205], [77.05633500003678, 28.446054999307755], [77.05610799935774, 28.4462630003262], [77.05587300007944, 28.446374000383308], [77.05524799991545, 28.446552000530595], [77.05516800044784, 28.446567999819155], [77.05386799989114, 28.44682699981415], [77.05362800058997, 28.446841999898137], [77.0537329992736, 28.447037000006247], [77.05442000026021, 28.447052000060413], [77.05441399951408, 28.447385999715284], [77.05439500014585, 28.448070000450812], [77.05454799940838, 28.44829200060465], [77.05478299958504, 28.448692999932643], [77.05499399947222, 28.44903199959462], [77.05475400017104, 28.44927799999698], [77.05502399960946, 28.44976999987469], [77.05263600000485, 28.449733000266924], [77.05261500008844, 28.44971899972886], [77.05264899952532, 28.449529999391963], [77.0526529997233, 28.449098999767358], [77.05234800012478, 28.449101000420235], [77.05233499970599, 28.448749000247627], [77.0523360004292, 28.448665000158925], [77.05210800082358, 28.44832799998798], [77.05163400027232, 28.44866600009457], [77.05162199967846, 28.448675000304636], [77.0510760000555, 28.449062999856668], [77.0509210002448, 28.449187999954702], [77.05076300006104, 28.449015999888985], [77.05043099980003, 28.448656999883738], [77.0502939995327, 28.448510000544164], [77.05029300060609, 28.4485089998172], [77.05016599948617, 28.4483719996564], [77.05015200014077, 28.448355999850893], [77.04991699996411, 28.448113999436746], [77.0489089994855, 28.447334999999384], [77.04770000006373, 28.446400000059654], [77.0475629997964, 28.446531000670802], [77.04668258164767, 28.447357416687478], [77.04664999975232, 28.447388000400572], [77.04623870969274, 28.44674868671948], [77.04620525463494, 28.44669668516229], [77.04649995235378, 28.44586856894423], [77.04563100479294, 28.44494047132074], [77.04392620001303, 28.443119549804692], [77.04293999984974, 28.442091000209327], [77.04286999952953, 28.44201800034569], [77.04268100028197, 28.441820999672323], [77.0424460001053, 28.441581000108474], [77.04163899946815, 28.440755999478846], [77.0414600002663, 28.440571999773567], [77.04027000021281, 28.441462999734878], [77.03999600057644, 28.44166800029961], [77.03943700053468, 28.442089000213723], [77.03774000031797, 28.443365999972343], [77.03754300067449, 28.44350599946215], [77.03745100061298, 28.443573999959945], [77.03728500003331, 28.44372999968224], [77.0370809998188, 28.44396499999914], [77.03670099987721, 28.444601999603783], [77.03643499973842, 28.445144999915588], [77.03606300019275, 28.445904000453837], [77.03594727472627, 28.446090446552063], [77.03593700069437, 28.446106999600712], [77.03569699959654, 28.446002999779086], [77.03538801686805, 28.445877785813824], [77.03530244515072, 28.44585064071274], [77.0352537789202, 28.44583520290587], [77.03492025421815, 28.44572940430465], [77.03431851143688, 28.445621416891917], [77.03382084746441, 28.445588271147003], [77.03379530117435, 28.445589765565032], [77.0337980006118, 28.445363999989976], [77.03382399965275, 28.444955000122068], [77.03384000044458, 28.44471300061425], [77.03384799994218, 28.44466399955633], [77.03390099964564, 28.444280000361235], [77.03395299952417, 28.44389899971414], [77.03397500016379, 28.44374000029455], [77.03406400075055, 28.442952999528917], [77.03424899980017, 28.441313999864946], [77.0342639998688, 28.441190999952052], [77.03428800015823, 28.440984000026205], [77.03449700039562, 28.439207999688914], [77.03452899928436, 28.438997000514235], [77.03455599994686, 28.43883199987439], [77.03465899987901, 28.438202999766386], [77.03482599938526, 28.437412000294984], [77.03486800011639, 28.437212000391735], [77.03495599997991, 28.436824000022632], [77.03505700026227, 28.436420000569324], [77.03518300065895, 28.436007999921316], [77.03468600054151, 28.43585399998428], [77.03442299987746, 28.435737000390077], [77.03417399945711, 28.435634999969917], [77.03407100042328, 28.435610000076494], [77.0338550005132, 28.43553699969044], [77.03383499952338, 28.43554900040662], [77.03390800021664, 28.43565200017841], [77.032975999906, 28.436075999709328], [77.03283699998882, 28.435844000206306], [77.03362899965909, 28.435486999851435], [77.03334499997696, 28.435397999984705], [77.03384100026949, 28.43521000018885], [77.03384499956914, 28.435173000227508], [77.03372599974344, 28.43503700023707], [77.03354900019143, 28.434789999824822], [77.03343400056372, 28.434577999669983], [77.03342399961966, 28.434450999545184], [77.03351900005421, 28.434242000507048], [77.03299099997463, 28.434300999997628], [77.03285700008033, 28.434035999698004], [77.03276100071913, 28.434011000216742], [77.03248299998648, 28.434049999942083], [77.03225200000782, 28.433653999997095], [77.03268600037609, 28.43345099986164], [77.03272099963786, 28.43349699955678], [77.03300999934287, 28.433352999929276], [77.03308100038629, 28.43344899970272], [77.03357299958257, 28.433211000269303], [77.03387400077976, 28.433662999904588], [77.03417500018034, 28.433554000095768], [77.03404799995872, 28.43330000039558], [77.03449300019764, 28.433103000077672], [77.03429099963296, 28.43277100052454], [77.03442500042559, 28.432713000267295], [77.03458500025916, 28.43264400060088], [77.03502099937893, 28.432455000562946], [77.03469300021419, 28.431912999986494], [77.03507700035375, 28.431742000365425], [77.03486100044367, 28.431376999598523], [77.03475900033645, 28.43142699979963], [77.03465699933088, 28.431476999977125], [77.0344949998475, 28.431218999629273], [77.03456500016767, 28.431181999852402], [77.03443899977096, 28.430972000574727], [77.03453300038063, 28.430948999785908], [77.03463599941448, 28.430890000006357], [77.03496399947754, 28.430702000101142], [77.0350660004831, 28.430660000404455], [77.03498499939393, 28.430546999444918], [77.03488300018499, 28.43037299966095], [77.03478900047367, 28.43021699920283], [77.03466899992473, 28.430033999450956], [77.03513000005721, 28.429865000180364], [77.03484399982693, 28.429380000186217], [77.03564199934496, 28.429027999959935], [77.03580200007684, 28.429293999489428], [77.0361450002085, 28.429136000360323], [77.03630500004209, 28.429390999902875], [77.0363619999435, 28.429497999816036], [77.03639200008072, 28.4294870001105], [77.0364740000965, 28.42946100022744], [77.03670800044823, 28.42938499998575], [77.03681999970291, 28.4293919992307], [77.03684500071557, 28.429362999760084], [77.03698299990951, 28.428880000080746], [77.03703899998601, 28.428697000387036], [77.03751199981403, 28.428804999545214], [77.0384519996223, 28.429018999658258], [77.03873000035495, 28.429081997803937], [77.03946800049683, 28.42924999978563], [77.03968399950858, 28.42930000020168], [77.04013100029564, 28.429402000408345], [77.04190099940895, 28.42980699991041], [77.04194399996499, 28.429817000258872], [77.04294400004768, 28.430046000001237], [77.04352599965564, 28.430175999424048], [77.044760999915, 28.430451000198786], [77.04488199939051, 28.430481000268774], [77.04503600027462, 28.43052000050508], [77.04515099990235, 28.430550999872423], [77.04524600033689, 28.43058799986991], [77.04534799954583, 28.43064600050185], [77.04544000050565, 28.43069799967932], [77.0456480000198, 28.430881999176798], [77.04608300021299, 28.43132699937379], [77.04688300027914, 28.432159000702967], [77.04727800028935, 28.432567000187333], [77.04748599980348, 28.432780999802976], [77.04820316891225, 28.43353018700794], [77.04930100002098, 28.434677000115602], [77.04974399971177, 28.435134000126148], [77.05125800052868, 28.436705999872537], [77.05152399976915, 28.436981999522192], [77.05157200034805, 28.43703200023459], [77.05194800009168, 28.437421999924755], [77.05263300053012, 28.438130999624747], [77.05296400006792, 28.438474000090604], [77.05471399998805, 28.440265000338492], [77.05481899957006, 28.44037299953892], [77.05598799970717, 28.4415760000953], [77.05689000077889, 28.440783000546283], [77.05691299944681, 28.439729000393292], [77.05820700015569, 28.438752999955668], [77.05875099923051, 28.438330999370585], [77.05895899964297, 28.438553000217656], [77.05962800018786, 28.439234999571646], [77.06121999992429, 28.43802899993268], [77.06125300043456, 28.43806300036757], [77.06191999953302, 28.438740999602885], [77.0622579996418, 28.439076999487142], [77.06311899980737, 28.439931999542544], [77.06325100005182, 28.44006299947547], [77.0626069996213, 28.440551000306314], [77.0624100008761, 28.440700000461007], [77.0622999994746, 28.440786000576686], [77.06289900059762, 28.44137400015587], [77.06262899936257, 28.44157300008731], [77.06223699972543, 28.44187499967689], [77.06279600066547, 28.4424399996512], [77.06282099988152, 28.442461999527637], [77.06242999917096, 28.442766999712934], [77.06267100009369, 28.443001999799712], [77.06287499940989, 28.44319600068125], [77.06244900033583, 28.443536999764223], [77.06289300074985, 28.44399399941721], [77.06293595818676, 28.444054141155014], [77.06294299918193, 28.444064000349442], [77.0625339737752, 28.44434588666711], [77.0626582646779, 28.444480910259944], [77.06315234257576, 28.445017654666486], [77.06516007813407, 28.44719869101577], [77.06469296855937, 28.44758534376682], [77.06572110387677, 28.44882320075754], [77.06557409098728, 28.448921236118952], [77.065476521371, 28.448986300473397], [77.06455042389008, 28.449603862885624], [77.06448514331838, 28.44964739444312], [77.06415305771742, 28.449868840774386], [77.06428081881208, 28.450004870666184], [77.06651428393333, 28.452382800535883], [77.06654917809222, 28.452422454559425], [77.06674677421705, 28.45264700060749], [77.06978600119866, 28.456100588661624]]]}}, {"type": "Feature", "properties": {"OBJECTID_1": 30, "OBJECTID": 30, "Ward_No": "13", "SHAPE_Leng": 10156.764951, "Shape_Length": 11572.18728893588, "Shape_Area": 4973716.143908134}, "geometry": {"type": "Polygon", "coordinates": [[[77.04790135743467, 28.45993180726594], [77.04645316090726, 28.461061711545316], [77.0435901088242, 28.463295393585142], [77.04303596148165, 28.462583283611494], [77.0417374081109, 28.46091451701027], [77.04110885690658, 28.46010674404055], [77.04032615120629, 28.459282009557473], [77.03997457665523, 28.458816739238575], [77.03988361055461, 28.45869635484597], [77.03974871414165, 28.458517830204297], [77.03932972192682, 28.458073829722622], [77.03864892201064, 28.457352381826173], [77.03848712285158, 28.4571809202418], [77.03762377269324, 28.456244392258107], [77.03756787053314, 28.456161832369016], [77.03736543518384, 28.455862856593903], [77.0368215933142, 28.455059648712208], [77.03650773183541, 28.45459609814678], [77.03610797794073, 28.454357798781615], [77.03595205825516, 28.454264852382334], [77.03547586581465, 28.45398098325527], [77.03511991646812, 28.453819797820792], [77.03484434118674, 28.453695007756586], [77.03445219422586, 28.453517427170656], [77.0340960400635, 28.45330944594962], [77.03389051450965, 28.453183272334844], [77.03373271015863, 28.45305681660881], [77.03364370238532, 28.4529854900156], [77.03326774306588, 28.45266979448787], [77.03319141141955, 28.452605696756844], [77.03298932012503, 28.45250515795476], [77.03268325422626, 28.45232980342784], [77.03261967865697, 28.452308647542946], [77.03239716416448, 28.45221152992439], [77.03238166463255, 28.452204764393887], [77.03226803673226, 28.452138740817777], [77.03143290804691, 28.451653485145002], [77.03128008126089, 28.451600669329288], [77.03125412444075, 28.45159169859145], [77.03099957333026, 28.451491977865892], [77.03089776905577, 28.451460820352413], [77.03081404876622, 28.451429673887212], [77.03138546622014, 28.450237622620456], [77.03270109117456, 28.447716699130105], [77.03321550693042, 28.446366044956573], [77.03363838705378, 28.445635181803944], [77.03363600472166, 28.445635009614207], [77.03363934375957, 28.445598892414722], [77.03379530117435, 28.445589765565032], [77.03382084746441, 28.445588271147003], [77.03431851143688, 28.445621416891917], [77.03492025421815, 28.44572940430465], [77.0352537789202, 28.44583520290587], [77.03530299941126, 28.44584900017433], [77.03535400036317, 28.445864000397016], [77.03538801686805, 28.445877785813824], [77.0357899357026, 28.446005278520705], [77.03594727472627, 28.446090446552063], [77.03606300019275, 28.445904000453837], [77.03643499973842, 28.445144999915588], [77.03670099987721, 28.444601999603783], [77.0370809998188, 28.44396499999914], [77.03728500003331, 28.44372999968224], [77.03745100061298, 28.443573999959945], [77.03754300067449, 28.44350599946215], [77.03774000031797, 28.443365999972343], [77.03943700053468, 28.442089000213723], [77.03999600057644, 28.44166800029961], [77.04027000021281, 28.441462999734878], [77.0414600002663, 28.440571999773567], [77.04163899946815, 28.440755999478846], [77.0424460001053, 28.441581000108474], [77.04268100028197, 28.441820999672323], [77.04286999952953, 28.44201800034569], [77.04293999984974, 28.442091000209327], [77.04392620001303, 28.443119549804692], [77.04563100479294, 28.44494047132074], [77.04649995235378, 28.44586856894423], [77.04620525463494, 28.44669668516229], [77.04623870969274, 28.44674868671948], [77.04664999975232, 28.447388000400572], [77.0475629997964, 28.446531000670802], [77.04770000006373, 28.446400000059654], [77.0489089994855, 28.447334999999384], [77.04991699996411, 28.448113999436746], [77.05015200014077, 28.448355999850893], [77.05016599948617, 28.4483719996564], [77.05029300060609, 28.4485089998172], [77.0502939995327, 28.448510000544164], [77.05043099980003, 28.448656999883738], [77.05076300006104, 28.449015999888985], [77.0509210002448, 28.449187999954702], [77.0510760000555, 28.449062999856668], [77.05162199967846, 28.448675000304636], [77.05163400027232, 28.44866600009457], [77.05210800082358, 28.44832799998798], [77.0523360004292, 28.448665000158925], [77.05233499970599, 28.448749000247627], [77.05234800012478, 28.449101000420235], [77.0526529997233, 28.449098999767358], [77.05264899952532, 28.449529999391963], [77.05261500008844, 28.44971899972886], [77.05263600000485, 28.449733000266924], [77.05502399960946, 28.44976999987469], [77.05475400017104, 28.44927799999698], [77.05499399947222, 28.44903199959462], [77.05478299958504, 28.448692999932643], [77.05454799940838, 28.44829200060465], [77.05439500014585, 28.448070000450812], [77.05441399951408, 28.447385999715284], [77.05442000026021, 28.447052000060413], [77.0537329992736, 28.447037000006247], [77.05362800058997, 28.446841999898137], [77.05386799989114, 28.44682699981415], [77.0542142007202, 28.44675802751927], [77.05516800044784, 28.446567999819155], [77.05524799991545, 28.446552000530595], [77.05587300007944, 28.446374000383308], [77.05610799935774, 28.4462630003262], [77.05633500003678, 28.446054999307755], [77.05666800012273, 28.445575999857205], [77.05708499987425, 28.444979999386923], [77.0577019996423, 28.44449499995686], [77.05834699989776, 28.444010999862265], [77.05875999945133, 28.444440999710114], [77.0610030001893, 28.446777999735676], [77.06393819237957, 28.449836646525917], [77.06079362804941, 28.452221798270806], [77.05837000036229, 28.454059999443018], [77.0579900004207, 28.454332000090485], [77.05660899967319, 28.455324000052677], [77.05626847619676, 28.455580933053707], [77.05598482056938, 28.45579495482331], [77.05594500004945, 28.455824999831982], [77.05571302270376, 28.456000186656343], [77.05555777316141, 28.456060318406973], [77.0553600324078, 28.456136908407622], [77.05430955868422, 28.45654377527036], [77.05334352749566, 28.45691792643246], [77.05297540148551, 28.457190520745772], [77.04988104309827, 28.459481784502533], [77.04932125164075, 28.459609040464713], [77.04947800047131, 28.45977199955094], [77.04862585499954, 28.459767118071458], [77.04790135743467, 28.45993180726594]]]}}, {"type": "Feature", "properties": {"OBJECTID_1": 31, "OBJECTID": 31, "Ward_No": "11", "SHAPE_Leng": 18949.3442844, "Shape_Length": 21581.303919930826, "Shape_Area": 9220175.624201994}, "geometry": {"type": "Polygon", "coordinates": [[[77.03397500016379, 28.44374000029455], [77.03395299952417, 28.44389899971414], [77.03390099964564, 28.444280000361235], [77.03384799994218, 28.44466399955633], [77.03384000044458, 28.44471300061425], [77.03382399965275, 28.444955000122068], [77.0337980006118, 28.445363999989976], [77.03379530117435, 28.445589765565032], [77.03363934375957, 28.445598892414722], [77.03310851847841, 28.445629956082147], [77.03279296637024, 28.445693833721016], [77.03220440097584, 28.445812977041236], [77.03146303933819, 28.446031762470763], [77.0306327858099, 28.446263807559568], [77.02889055272365, 28.446760577164124], [77.02842123239505, 28.446901328048895], [77.02653972181226, 28.4474655808332], [77.02567029634766, 28.447726306022375], [77.02496636121968, 28.44793739757283], [77.02464657175832, 28.448033292490226], [77.02439562468875, 28.448102717323195], [77.02434254773017, 28.44811135109419], [77.02433066751053, 28.44806515239426], [77.02429000077763, 28.44790700042186], [77.02414500011437, 28.447469000083103], [77.02411399925391, 28.44739599998193], [77.02394699974764, 28.447000000232098], [77.02385300003633, 28.44685400012174], [77.0236349995781, 28.446513999840928], [77.0235849993494, 28.446436000086997], [77.02341999949296, 28.44617899984263], [77.02333599982737, 28.446047999585353], [77.02293600069261, 28.445370999757642], [77.0228720002202, 28.445268999937642], [77.02284599938261, 28.445226999704378], [77.02250499979908, 28.444794999948094], [77.02242799980618, 28.444694000335687], [77.02206600030624, 28.444232999847696], [77.02191899999313, 28.44404799989219], [77.02187800088359, 28.443974999799387], [77.02184700002312, 28.443864999575194], [77.02175699961144, 28.44355599946072], [77.02183799980229, 28.44355800021845], [77.02183999945211, 28.443516000095666], [77.02180099999238, 28.443516000095666], [77.02170000060835, 28.443171000204895], [77.0216489996564, 28.443186000017494], [77.02160900037175, 28.44312300000045], [77.02122999935673, 28.443309999966562], [77.02120599996562, 28.443309999966562], [77.02120000011783, 28.44330700000773], [77.02118599987413, 28.44330199928626], [77.02108999961466, 28.443202999802544], [77.02106100020066, 28.443192999929305], [77.0210149992716, 28.44318700000493], [77.02091999973534, 28.443187999992364], [77.02080000008475, 28.443189999967167], [77.02053799924563, 28.443193999916677], [77.02043399948856, 28.443197999866047], [77.01989299988846, 28.4432159996363], [77.01988499949253, 28.44299799984294], [77.01987900054309, 28.442850999746778], [77.0198660001243, 28.442487999375736], [77.0185359994304, 28.443188000782236], [77.0179449996016, 28.443499999555534], [77.01788899952511, 28.443528999890994], [77.0172250007997, 28.44391300023282], [77.01705099982411, 28.44405499974697], [77.01542123311651, 28.44211488877935], [77.01481399983221, 28.441392000236526], [77.01456799978493, 28.441102000144248], [77.01438600021007, 28.44088099991603], [77.01420600028499, 28.440662000038607], [77.01415120754423, 28.440596101169426], [77.01405800014699, 28.44048400024786], [77.01384700025979, 28.44023400065734], [77.01375600002322, 28.440125999735177], [77.01339800072121, 28.439699000575494], [77.01317200076541, 28.439442000550102], [77.01306510753483, 28.43931896765418], [77.01271499993263, 28.438915999873235], [77.01235799955724, 28.438514000572273], [77.01208699939559, 28.43820199973184], [77.01172099969767, 28.437773999877244], [77.011313000167, 28.437274999979454], [77.01094700046912, 28.436836999850385], [77.010511000451, 28.43631699996527], [77.01030200021363, 28.43608200003701], [77.01018800041082, 28.435937000711682], [77.01033800019864, 28.43583399963747], [77.01050800007796, 28.435731000042825], [77.0113559998247, 28.435215000502883], [77.01233600071424, 28.43462799993853], [77.01275599994048, 28.434343000619123], [77.01333299952557, 28.433951999774514], [77.0141990006123, 28.433372999955107], [77.01473000016662, 28.43301700082638], [77.0148170002053, 28.432959000703978], [77.01664499994322, 28.431749000244476], [77.01680599960173, 28.43164300033376], [77.0172260006246, 28.431363999889925], [77.01866100000217, 28.430414000153373], [77.01923900031049, 28.430034000240916], [77.01999220354024, 28.42953958049378], [77.02031300091136, 28.429329000479555], [77.02080699975747, 28.428994999903395], [77.02117799947823, 28.428742999778624], [77.02131899994355, 28.428623999971975], [77.02161299967139, 28.42827499998645], [77.02184600019821, 28.427981999888704], [77.02219300052785, 28.427667999325713], [77.02268300007431, 28.42737700019134], [77.02353599984392, 28.42690399997271], [77.02422100028235, 28.426544999979175], [77.02462999963797, 28.426356000109518], [77.02577900058189, 28.426307000029684], [77.02633100005264, 28.426303000231748], [77.02671900039012, 28.426288999752813], [77.02707100074265, 28.426336000337614], [77.02763599973385, 28.426445000470544], [77.02795999959896, 28.424134999823938], [77.029722000113, 28.423250999760114], [77.03174200036987, 28.42183999979988], [77.03255300030668, 28.420112999528364], [77.03314587761443, 28.4187538956362], [77.03362000033657, 28.417666999579083], [77.03384967619849, 28.416849148374947], [77.0340389997379, 28.416571000146373], [77.0341600001117, 28.416562000365744], [77.03456200069293, 28.416348999803827], [77.03495099995703, 28.416103999721958], [77.03544100040183, 28.415919999819828], [77.0357410008758, 28.415764000184833], [77.03610299947741, 28.41557500003052], [77.03612400029212, 28.415564000458435], [77.03639200008072, 28.415431999973823], [77.03712699984956, 28.415078000268075], [77.03825799945352, 28.414544000481808], [77.03835199916483, 28.414500000178133], [77.03863599974531, 28.414375000185295], [77.03876499961672, 28.414308000147372], [77.03900199944319, 28.41420099989276], [77.039567000231, 28.41394900010654], [77.04018099962605, 28.4137020002609], [77.0405020000164, 28.413620000536625], [77.04090299987439, 28.41352799965274], [77.04147862683372, 28.413414866630937], [77.04153899990902, 28.413403000092856], [77.04140400018981, 28.413869999786723], [77.040917999943, 28.41552499945249], [77.04085299964568, 28.415738999548385], [77.04066699987284, 28.41635400021882], [77.04041199960474, 28.41719599989585], [77.04092600033894, 28.417368999776336], [77.04094199933415, 28.417374999584442], [77.04174999979622, 28.417657000453012], [77.04268200010686, 28.41798200000977], [77.04289700019201, 28.418063000081904], [77.04363699998373, 28.418323999980675], [77.04399099998605, 28.41844900005249], [77.04424199915792, 28.418537999950455], [77.04428999973679, 28.418555999965093], [77.0444439997226, 28.4186099999907], [77.04227100020314, 28.419595000058166], [77.04229299994442, 28.41963099972504], [77.04280799960526, 28.420463999966405], [77.0446349995183, 28.419567000484378], [77.04508400085349, 28.419346999738064], [77.04470199946545, 28.418701000191014], [77.0453519997438, 28.418924000559606], [77.04591399926025, 28.41909200049165], [77.04590400011283, 28.41971699958196], [77.04713000015136, 28.419700999393367], [77.04793900043833, 28.419691000459373], [77.0479090003011, 28.420295000427462], [77.04956100031198, 28.420306000298133], [77.04957000053281, 28.42020599963621], [77.0495830000533, 28.420052000407214], [77.04960399996969, 28.419805999994207], [77.04997999971333, 28.41981100024595], [77.04998200026147, 28.418676999676954], [77.05064700060842, 28.418679999543993], [77.05065800047907, 28.419670000008722], [77.05132700012567, 28.419670999428323], [77.05130800075739, 28.420450999707583], [77.05130499948606, 28.420604999936312], [77.05130399966112, 28.42073399969384], [77.05131700007992, 28.420738999901793], [77.05203099993237, 28.421140999570646], [77.05201400021394, 28.42105699968344], [77.05202300043476, 28.42097700051896], [77.05209000038191, 28.42080199981515], [77.0524350001634, 28.420080000642788], [77.05254999979114, 28.419822999585104], [77.05288099932893, 28.419852999507068], [77.052891000273, 28.420333999676483], [77.05362899951655, 28.420352999589042], [77.05362799969164, 28.41982300037513], [77.05626300006679, 28.419815999707414], [77.05629599967872, 28.42014099974783], [77.05543799988624, 28.420136999716924], [77.0554339996883, 28.42038399956381], [77.05465000041394, 28.42038800037543], [77.05463100014741, 28.421473000052643], [77.05463400052045, 28.421713000190582], [77.05553899927027, 28.42172799988489], [77.05553999999351, 28.42226399936405], [77.05612400014961, 28.422274999820196], [77.0561159997537, 28.422765000090727], [77.0553579995203, 28.422754000475543], [77.05395699957961, 28.42275799961751], [77.05398000004416, 28.4229819995198], [77.05400800053154, 28.423058000408833], [77.05473400007955, 28.42397500055612], [77.05533999997695, 28.424705999905495], [77.05534700054797, 28.424713999621883], [77.0547030001174, 28.42472300028962], [77.05470200029251, 28.42444999997173], [77.05379400027131, 28.42445500000414], [77.0538210000355, 28.42471799947987], [77.05390499970105, 28.425502000323906], [77.05384399960171, 28.425781000420542], [77.05366500039989, 28.426448000117464], [77.05373600054497, 28.426801999728674], [77.05419099993132, 28.42874799960823], [77.05527500057794, 28.42838299957525], [77.05805800019276, 28.427444999995547], [77.05843700030944, 28.427819000507732], [77.05726200032458, 28.42871499946439], [77.05396000085098, 28.431205999901312], [77.05389499965534, 28.431255000083038], [77.052266000109, 28.432496000248754], [77.05145599999709, 28.433106000325846], [77.0510890004743, 28.433382999966607], [77.05045299954135, 28.433861000045482], [77.04930100002098, 28.434677000115602], [77.04748599980348, 28.432780999802976], [77.04727800028935, 28.432567000187333], [77.04688300027914, 28.432159000702967], [77.04608300021299, 28.43132699937379], [77.0456480000198, 28.430881999176798], [77.04544000050565, 28.43069799967932], [77.04534799954583, 28.43064600050185], [77.04524600033689, 28.43058799986991], [77.04515099990235, 28.430550999872423], [77.04503600027462, 28.43052000050508], [77.04488199939051, 28.430481000268774], [77.044760999915, 28.430451000198786], [77.04352599965564, 28.430175999424048], [77.04294400004768, 28.430046000001237], [77.04194399996499, 28.429817000258872], [77.04190099940895, 28.42980699991041], [77.04013100029564, 28.429402000408345], [77.03968399950858, 28.42930000020168], [77.03946800049683, 28.42924999978563], [77.03703899998601, 28.428697000387036], [77.03698299990951, 28.428880000080746], [77.03684500071557, 28.429362999760084], [77.03681999970291, 28.4293919992307], [77.03670800044823, 28.42938499998575], [77.0364740000965, 28.42946100022744], [77.03639200008072, 28.4294870001105], [77.0363619999435, 28.429497999816036], [77.03630500004209, 28.429390999902875], [77.0361450002085, 28.429136000360323], [77.03580200007684, 28.429293999489428], [77.03564199934496, 28.429027999959935], [77.03484399982693, 28.429380000186217], [77.03513000005721, 28.429865000180364], [77.03466899992473, 28.430033999450956], [77.03478900047367, 28.43021699920283], [77.03488300018499, 28.43037299966095], [77.03498499939393, 28.430546999444918], [77.0350660004831, 28.430660000404455], [77.03496399947754, 28.430702000101142], [77.03463599941448, 28.430890000006357], [77.03453300038063, 28.430948999785908], [77.03443899977096, 28.430972000574727], [77.03456500016767, 28.431181999852402], [77.0344949998475, 28.431218999629273], [77.03465699933088, 28.431476999977125], [77.03475900033645, 28.43142699979963], [77.03486100044367, 28.431376999598523], [77.03507700035375, 28.431742000365425], [77.03469300021419, 28.431912999986494], [77.03502099937893, 28.432455000562946], [77.03458500025916, 28.43264400060088], [77.03442500042559, 28.432713000267295], [77.03429099963296, 28.43277100052454], [77.03449300019764, 28.433103000077672], [77.03404799995872, 28.43330000039558], [77.03417500018034, 28.433554000095768], [77.03387400077976, 28.433662999904588], [77.03357299958257, 28.433211000269303], [77.03308100038629, 28.43344899970272], [77.03300999934287, 28.433352999929276], [77.03272099963786, 28.43349699955678], [77.03268600037609, 28.43345099986164], [77.03225200000782, 28.433653999997095], [77.03248299998648, 28.434049999942083], [77.03276100071913, 28.434011000216742], [77.03285700008033, 28.434035999698004], [77.03299099997463, 28.434300999997628], [77.03351900005421, 28.434242000507048], [77.03342399961966, 28.434450999545184], [77.03343400056372, 28.434577999669983], [77.03354900019143, 28.434789999824822], [77.03372599974344, 28.43503700023707], [77.03384499956914, 28.435173000227508], [77.03384100026949, 28.43521000018885], [77.03334499997696, 28.435397999984705], [77.03362899965909, 28.435486999851435], [77.03283699998882, 28.435844000206306], [77.032975999906, 28.436075999709328], [77.03390800021664, 28.43565200017841], [77.03383499952338, 28.43554900040662], [77.0338550005132, 28.43553699969044], [77.03407100042328, 28.435610000076494], [77.03417399945711, 28.435634999969917], [77.03442299987746, 28.435737000390077], [77.03468600054151, 28.43585399998428], [77.03518300065895, 28.436007999921316], [77.03505700026227, 28.436420000569324], [77.03495599997991, 28.436824000022632], [77.03486800011639, 28.437212000391735], [77.03482599938526, 28.437412000294984], [77.03465899987901, 28.438202999766386], [77.03455599994686, 28.43883199987439], [77.03452899928436, 28.438997000514235], [77.03449700039562, 28.439207999688914], [77.03428800015823, 28.440984000026205], [77.0342639998688, 28.441190999952052], [77.03424899980017, 28.441313999864946], [77.03406400075055, 28.442952999528917], [77.03397500016379, 28.44374000029455]]]}}, {"type": "Feature", "properties": {"OBJECTID_1": 32, "OBJECTID": 32, "Ward_No": "23", "SHAPE_Leng": 11486.0775284, "Shape_Length": 13078.728993872195, "Shape_Area": 5006096.432405103}, "geometry": {"type": "Polygon", "coordinates": [[[77.08759299964858, 28.479535999628315], [77.08754238137895, 28.479383404635218], [77.08726427284846, 28.479398798062117], [77.08716052641631, 28.479404540887614], [77.08707714479162, 28.47941115307208], [77.08699786038297, 28.47941743993732], [77.08678635654088, 28.47943421201599], [77.08663128127172, 28.479477075123214], [77.08658870921207, 28.479488841865862], [77.08619264290164, 28.479539257550407], [77.08610603542677, 28.479535506913003], [77.08606968869204, 28.479533933224445], [77.08600092535198, 28.479530954033795], [77.08592830644275, 28.479527809025388], [77.08585662627297, 28.479513896921997], [77.08581797176629, 28.479506394855612], [77.08538399834748, 28.479417923967514], [77.08524966966978, 28.47936512597423], [77.08415899993051, 28.479093999895767], [77.08384399938794, 28.478966999544756], [77.08307899948186, 28.47865900061461], [77.08200600050252, 28.47801899958602], [77.08172500029514, 28.477772999745536], [77.08168200063743, 28.477729999342237], [77.08162199946467, 28.47766999994389], [77.081321999889, 28.47744900035248], [77.08089900028973, 28.477136999909888], [77.0804690001194, 28.476889999925845], [77.07951699971727, 28.47606000007023], [77.07931599987582, 28.47546700073803], [77.07918299980642, 28.47507600034128], [77.07892299951541, 28.474321999246207], [77.07914600089481, 28.474246000445866], [77.07992599997118, 28.473982000447865], [77.08007900013206, 28.473929999652597], [77.07989100070941, 28.473315000439094], [77.08016699999558, 28.473212000238757], [77.08070000009808, 28.47301400033824], [77.08131900041425, 28.47275400004091], [77.08149099994341, 28.47267800011253], [77.08186599986216, 28.4724859998422], [77.08259899998116, 28.472087000175534], [77.08265900025562, 28.472109999914235], [77.08274700011916, 28.472159999809573], [77.08291699999847, 28.472346000033788], [77.08297700027293, 28.47241599956636], [77.08309100007574, 28.472332000121707], [77.08373899980593, 28.471965999957085], [77.08388999941867, 28.471871000119158], [77.08396899995972, 28.471862000304665], [77.08402699968603, 28.47185099947742], [77.08410100020417, 28.47179300012189], [77.08409199998336, 28.471759999984222], [77.08417599964895, 28.471694000467608], [77.0841439998619, 28.471673999792362], [77.0843979994068, 28.471456999961244], [77.08452800000146, 28.47135999943407], [77.08431700011425, 28.471073999885025], [77.08413800001412, 28.47076800029436], [77.08398999987608, 28.470443000217987], [77.08350000032966, 28.469725999743005], [77.08326800052605, 28.46940800016545], [77.08307399945897, 28.468988000582694], [77.08417399999914, 28.468688000535504], [77.08427199990842, 28.468950000060538], [77.08444299961263, 28.468767999946973], [77.0850749994493, 28.46862700020319], [77.0851309995258, 28.468611999261682], [77.0851580001883, 28.46934400023906], [77.08559299948318, 28.47009099924804], [77.08629599946494, 28.469728999741925], [77.08636399923702, 28.469852000413457], [77.08700699984266, 28.469564999413475], [77.08695800033719, 28.469476999536763], [77.0868559993316, 28.46904399962324], [77.08636400013532, 28.468530000236605], [77.08618400021028, 28.468161000282805], [77.08567499949892, 28.468342999862507], [77.08554199942955, 28.468171000163714], [77.08598099982066, 28.46802499928146], [77.08636499996022, 28.46802200002387], [77.0869549999641, 28.468022999776423], [77.0873700000658, 28.46802200002387], [77.08774499998455, 28.46802200002387], [77.08783100019826, 28.46802300056609], [77.08826800004128, 28.468026999576168], [77.08890100060118, 28.468026999576168], [77.09076500032414, 28.46802800011834], [77.09182800015606, 28.46802800011834], [77.09379499981118, 28.468027999328672], [77.09444799956424, 28.46802800011834], [77.09453399977797, 28.467558000108035], [77.09458300018179, 28.467287000086074], [77.0947249995737, 28.466510000098218], [77.09473799999249, 28.466439000044147], [77.09475999973377, 28.466312000273344], [77.0941639998821, 28.466428000231705], [77.09369600007696, 28.466379999529146], [77.09325700058415, 28.46633499968974], [77.09315700012672, 28.465893000002993], [77.09334700009752, 28.46583399997285], [77.09323199957146, 28.465566999371053], [77.09308700070483, 28.465601000428695], [77.09291899957702, 28.46530299979866], [77.09258300001638, 28.464504999199416], [77.09396199931741, 28.463895000154363], [77.09501599982681, 28.46351200030881], [77.0953380000421, 28.463184000632705], [77.09555700032521, 28.463192000598386], [77.09614399995603, 28.463306000438514], [77.09627099927935, 28.46332599953879], [77.09695700044101, 28.46343600005072], [77.09770599955522, 28.463553000591624], [77.09838599997079, 28.463643999255563], [77.09877399941, 28.463678999935805], [77.09886500054489, 28.4636850002769], [77.09941900056377, 28.463722000530016], [77.09984999966066, 28.463752999643614], [77.10011100067491, 28.46377100065322], [77.1008780002308, 28.463825999507332], [77.1014909998009, 28.463868000249914], [77.10163000061637, 28.46387699995557], [77.10246700049247, 28.463938999662137], [77.10321999980467, 28.463992000426938], [77.1039289996342, 28.464047000745477], [77.10464599985971, 28.46410599940414], [77.10550299982728, 28.464173000290444], [77.10557800017035, 28.463396999315133], [77.10562900022397, 28.462736999810776], [77.10554099946211, 28.46059200040141], [77.10536800010806, 28.4603500003517], [77.10844700089723, 28.46064599950799], [77.11334099920889, 28.46194800023927], [77.11547998491845, 28.462968862137796], [77.1158259997962, 28.463133999648825], [77.11638176590294, 28.463227994908365], [77.1143793250149, 28.46591733964792], [77.1139163530804, 28.466668976332915], [77.11376469949411, 28.466914040962855], [77.1133257844429, 28.46762330806462], [77.11280581260704, 28.468463546999313], [77.1124498443959, 28.469340355847006], [77.11337914257417, 28.470625475199412], [77.11354842110633, 28.470933337249882], [77.11360243141445, 28.471082438310525], [77.11319099403117, 28.471019331727252], [77.1118692057356, 28.47116901228465], [77.11124490805418, 28.471240828837793], [77.11081430691091, 28.471290361660156], [77.1095429913579, 28.471459336589657], [77.10949500605038, 28.4714657131607], [77.10727742404168, 28.47235706082375], [77.10666102704319, 28.471793631854503], [77.10495280058036, 28.473940125331477], [77.10397479844232, 28.47333215488972], [77.1039315427648, 28.473305263999954], [77.10340848341924, 28.472980100373114], [77.10283009054717, 28.472490110815137], [77.10277879494781, 28.47255309333291], [77.10205850688837, 28.473230751388595], [77.1018115501353, 28.473437227813324], [77.10126463333243, 28.473894491464232], [77.1012192926651, 28.47393239860866], [77.10068065204098, 28.47438273570709], [77.09894305875318, 28.47570833761818], [77.0978065264254, 28.476549697489002], [77.09653996206193, 28.477487290767883], [77.09621391313966, 28.47761455584231], [77.09434637944436, 28.478665556783127], [77.09417494046396, 28.47876203656363], [77.09396472211107, 28.47888033878697], [77.09395904745342, 28.478884637438906], [77.09395639921995, 28.478736359903067], [77.09395158784329, 28.478653118776418], [77.09386900032935, 28.478534999489387], [77.09324199961722, 28.47791500036533], [77.09154600012373, 28.478492999839375], [77.09145362636306, 28.478526823021877], [77.0909669999905, 28.478704999594086], [77.09014299963489, 28.478983999892815], [77.08958765573637, 28.47912632578344], [77.08894900028176, 28.479290000162642], [77.08855300044662, 28.479360999476636], [77.08759299964858, 28.479535999628315]]]}}, {"type": "Feature", "properties": {"OBJECTID_1": 33, "OBJECTID": 33, "Ward_No": "27", "SHAPE_Leng": 10642.3405144, "Shape_Length": 12129.103704926369, "Shape_Area": 2611948.3961836556}, "geometry": {"type": "Polygon", "coordinates": [[[77.02821000074252, 28.466208999563648], [77.02826199972273, 28.466154999350806], [77.02826781811083, 28.466148030178292], [77.02835799998222, 28.466039999653777], [77.02842599975428, 28.465958999984313], [77.02858500066125, 28.465769000477067], [77.02867599999952, 28.46566600002782], [77.02875399981734, 28.46557700028718], [77.02831500032448, 28.465284999839692], [77.02798200023858, 28.46506600075149], [77.0276820006629, 28.464862999308995], [77.02688900026943, 28.464323999904476], [77.02655499946029, 28.46472199988268], [77.02626799940512, 28.465062999830494], [77.02600100033973, 28.465376000171172], [77.02610200062207, 28.46544699936002], [77.0258730002932, 28.46571299970092], [77.02570600078697, 28.465600000653225], [77.02548300030585, 28.465858999829035], [77.02522399983978, 28.465661000363806], [77.02513500015132, 28.465614999653216], [77.02512299955747, 28.46560699987094], [77.02504399991473, 28.46555299935049], [77.0247169996766, 28.465316000074235], [77.02437799974287, 28.46508399995803], [77.02458699998023, 28.464839999572227], [77.02420799986356, 28.464541999955184], [77.02412300037307, 28.46447900002656], [77.02396600001421, 28.464338999875288], [77.02460299987376, 28.46359300027436], [77.02502700019632, 28.46392300063298], [77.02523900080672, 28.464083000292366], [77.02545100051883, 28.464222999993044], [77.02569099982003, 28.46392099947085], [77.02539700009214, 28.463703999512052], [77.0253159999013, 28.46364199966763], [77.02526199947461, 28.46359999962497], [77.02506700037927, 28.463450000351756], [77.0247689995551, 28.463222000069464], [77.02463800003387, 28.463112999923517], [77.02451699966004, 28.46301300023413], [77.02443999966714, 28.462948999593543], [77.02419899964273, 28.46274800000739], [77.0241419997413, 28.462700999805403], [77.02388999984625, 28.462505000350895], [77.02365000054505, 28.462301000500403], [77.02367300011126, 28.462277999416354], [77.0236760004843, 28.462274999995635], [77.02389799934386, 28.462057000007214], [77.02422399975708, 28.46173399961432], [77.0243790004661, 28.461572999744256], [77.02438399959065, 28.46156800067634], [77.02468499988952, 28.46125800035355], [77.02470900017897, 28.461234000015526], [77.02488800027913, 28.461049999612], [77.02489800032485, 28.46103999984699], [77.02513799962605, 28.460793000138967], [77.02539900064028, 28.46053499942792], [77.02571199973642, 28.460220000102797], [77.02576700088633, 28.46016700060545], [77.02598299989808, 28.459959000086208], [77.02607999998247, 28.459866000169654], [77.02610500009682, 28.459839999855667], [77.02629900026555, 28.459642000170664], [77.0263640005629, 28.459575999403494], [77.02640399984756, 28.459533000281514], [77.0265139994524, 28.459416000029087], [77.0265419999398, 28.45938599947773], [77.0266170002829, 28.459304999447117], [77.02670000012355, 28.45921900017545], [77.02674500032941, 28.45917299982], [77.02689200064252, 28.458988000729292], [77.0271880000202, 28.45858500048361], [77.02723499987584, 28.458521000320843], [77.02733799980801, 28.458380999385486], [77.02753499945152, 28.458134999628232], [77.02754700004537, 28.45811999956674], [77.02766400022126, 28.457972999957022], [77.02771699992469, 28.457906000668846], [77.02780200031351, 28.457813999584943], [77.0279999683409, 28.457517340146293], [77.02814100024723, 28.457305999987362], [77.02816700018649, 28.457270999566052], [77.02853900063049, 28.456766999164582], [77.02855699927554, 28.456743000176157], [77.02858300011313, 28.45669800018248], [77.02861200042541, 28.456648000079323], [77.02864400021248, 28.45659100013818], [77.0287490006928, 28.45640099958591], [77.02892899971953, 28.45602099982627], [77.02895199928574, 28.455972999925716], [77.02907900040566, 28.455705000607104], [77.0291450005279, 28.45556599976167], [77.02919900005627, 28.455441000095377], [77.02938000070452, 28.455020000416475], [77.0293929993267, 28.454989999407346], [77.02945300049946, 28.454849999324313], [77.02982399932192, 28.45405500001981], [77.02986499932982, 28.453972000082583], [77.02743000076785, 28.45425100013633], [77.02682399997212, 28.454312000078318], [77.02670900034441, 28.45383699966489], [77.0264850000384, 28.452929999789898], [77.02635299979391, 28.452406000435857], [77.02643300015986, 28.45229600029291], [77.02632600002975, 28.45195799994185], [77.02596520876386, 28.451286481380443], [77.02573500020095, 28.45085799975971], [77.02557299981923, 28.45052999952121], [77.02529800035795, 28.449984000234114], [77.02507999989975, 28.449486000205326], [77.02495000020342, 28.449071000101142], [77.02484800009614, 28.448825999941224], [77.02475000018686, 28.44852400045243], [77.02477100010329, 28.448308999569015], [77.02473799959297, 28.44800799933554], [77.02464657175832, 28.448033292490226], [77.02496636121968, 28.44793739757283], [77.02567029634766, 28.447726306022375], [77.02653972181226, 28.4474655808332], [77.02842123239505, 28.446901328048895], [77.02889055272365, 28.446760577164124], [77.0306327858099, 28.446263807559568], [77.03146303933819, 28.446031762470763], [77.03220440097584, 28.445812977041236], [77.03279296637024, 28.445693833721016], [77.03310851847841, 28.445629956082147], [77.03363934375957, 28.445598892414722], [77.03363600472166, 28.445635009614207], [77.03363838705378, 28.445635181803944], [77.03321550693042, 28.446366044956573], [77.03270109117456, 28.447716699130105], [77.03138546622014, 28.450237622620456], [77.03081404876622, 28.451429673887212], [77.03089776905577, 28.451460820352413], [77.03099957333026, 28.451491977865892], [77.03125412444075, 28.45159169859145], [77.03128008126089, 28.451600669329288], [77.03143290804691, 28.451653485145002], [77.03226803673226, 28.452138740817777], [77.03238166463255, 28.452204764393887], [77.03239716416448, 28.45221152992439], [77.03261967865697, 28.452308647542946], [77.03268325422626, 28.45232980342784], [77.03298932012503, 28.45250515795476], [77.03319141141955, 28.452605696756844], [77.03326774306588, 28.45266979448787], [77.03364370238532, 28.4529854900156], [77.03373271015863, 28.45305681660881], [77.03389051450965, 28.453183272334844], [77.0340960400635, 28.45330944594962], [77.03445219422586, 28.453517427170656], [77.03484434118674, 28.453695007756586], [77.03511991646812, 28.453819797820792], [77.03547586581465, 28.45398098325527], [77.03595205825516, 28.454264852382334], [77.03610797794073, 28.454357798781615], [77.03650773183541, 28.45459609814678], [77.0368215933142, 28.455059648712208], [77.03736543518384, 28.455862856593903], [77.03756787053314, 28.456161832369016], [77.03762377269324, 28.456244392258107], [77.03848712285158, 28.4571809202418], [77.03864892201064, 28.457352381826173], [77.03932972192682, 28.458073829722622], [77.03974871414165, 28.458517830204297], [77.03988361055461, 28.45869635484597], [77.03997457665523, 28.458816739238575], [77.04032615120629, 28.459282009557473], [77.04110885690658, 28.46010674404055], [77.0417374081109, 28.46091451701027], [77.04169200006993, 28.460952999798263], [77.04157299934589, 28.461111999397467], [77.04143500015195, 28.461311000093612], [77.04132800002185, 28.461538999759945], [77.04127100012042, 28.461667999363687], [77.04122800046272, 28.46222899939068], [77.04167799982619, 28.462666000380782], [77.04216999992079, 28.463137000624606], [77.04071500045174, 28.463946000569308], [77.04074300004083, 28.4639860001033], [77.04096300014886, 28.464360999933923], [77.04126600009758, 28.464765999835848], [77.04124699983099, 28.46474099972111], [77.04112899983019, 28.46477900017749], [77.04104800053769, 28.46477999996072], [77.0409669994485, 28.46484399949249], [77.04064699978136, 28.46510199995123], [77.04049600016862, 28.46521799965838], [77.04053800000142, 28.465266999877684], [77.03972200004172, 28.465917000072782], [77.03895399976261, 28.465480000679673], [77.03909900042586, 28.4653050001449], [77.03946800049683, 28.465072000224104], [77.03992400060642, 28.464714000032796], [77.04000699954877, 28.4646409999927], [77.04023000002984, 28.464524999652202], [77.04044300046516, 28.46438799971242], [77.04052500048094, 28.46435600020817], [77.0404380004423, 28.464069000075167], [77.0404610000085, 28.463888000033553], [77.04050700003927, 28.463869999833562], [77.04054599949903, 28.463646999427148], [77.04026299964181, 28.463838999964594], [77.0400430004321, 28.46401000060615], [77.03921200040378, 28.463467000037905], [77.03880899999764, 28.463163999926085], [77.03877900075875, 28.46318700081733], [77.03830199983445, 28.462751000204406], [77.03800600045676, 28.463038999767594], [77.037692999564, 28.46273200000818], [77.03754699997414, 28.462465000256415], [77.03747000087957, 28.46195700010842], [77.0373560001784, 28.461461000033342], [77.03726100064219, 28.461169000059783], [77.0371299993243, 28.460979999657663], [77.03663899995294, 28.46061400045025], [77.03643500063674, 28.460531999957766], [77.03618200001846, 28.46037400010075], [77.03605600052006, 28.46029199942205], [77.03602999968248, 28.460330999723897], [77.03588600064076, 28.460235999692493], [77.03562500052483, 28.46052900048752], [77.03537100008161, 28.460365000096782], [77.03538900052328, 28.460572999817092], [77.03535700073624, 28.46060099959632], [77.03451499993896, 28.46158499987544], [77.03405800000448, 28.462184999960737], [77.03394300037675, 28.46231999998435], [77.03376099990355, 28.462195999425074], [77.03338531636689, 28.462595636639357], [77.03296099983739, 28.463046999744268], [77.0328500004076, 28.463146000392538], [77.0329269995022, 28.46321499990406], [77.03307299999037, 28.46334700080123], [77.03344800080741, 28.46361900045485], [77.03345299993195, 28.46384900025451], [77.03345200010706, 28.463886000450195], [77.03344999955893, 28.46397899998849], [77.03347999969616, 28.464475000092513], [77.03348600044227, 28.46456900047717], [77.03354200051876, 28.46496000027254], [77.0335619997119, 28.46510100017104], [77.03362100016146, 28.465514999962135], [77.03376599992643, 28.466855999412125], [77.03378000017013, 28.466957999728564], [77.03347200019853, 28.467178000184305], [77.03275800034612, 28.46769799994325], [77.03259599996441, 28.46777999961398], [77.03237500003145, 28.467940999504595], [77.03200400031069, 28.467639000131218], [77.03207599938241, 28.46757699943658], [77.03143199985018, 28.46701699992086], [77.03253599968996, 28.466134999996164], [77.03109399974136, 28.465370999703726], [77.03108300076903, 28.465386000315636], [77.03103700073827, 28.465602999979584], [77.03117099973426, 28.465673999805635], [77.03100199967986, 28.46585999960205], [77.03086100011286, 28.46624199985561], [77.03087300070673, 28.466323000097834], [77.03082000010498, 28.466354000027895], [77.03056400001194, 28.46671099963671], [77.03061400024066, 28.466741000477946], [77.03054900084163, 28.466836000190177], [77.03048900056717, 28.466798999447892], [77.03005600002383, 28.467420999362023], [77.02988799979434, 28.467310000079944], [77.02967500025733, 28.467171000280953], [77.0296049999371, 28.467123999676943], [77.02940599974549, 28.466993999863192], [77.02912799991114, 28.46681199953943], [77.02901999995609, 28.46674099968824], [77.02867000015175, 28.466510999865072], [77.02821000074252, 28.466208999563648]]]}}, {"type": "Feature", "properties": {"OBJECTID_1": 34, "OBJECTID": 34, "Ward_No": "9", "SHAPE_Leng": 15105.0121878, "Shape_Length": 17206.29986890834, "Shape_Area": 7727586.212076638}, "geometry": {"type": "Polygon", "coordinates": [[[76.99014099979937, 28.45749200029432], [76.9886510001702, 28.457531999901462], [76.98840399939968, 28.457539999505148], [76.98760199968369, 28.457567999297986], [76.98615399988732, 28.45761500020289], [76.98510799977389, 28.45765000051027], [76.984785000632, 28.457657000254464], [76.98460499980862, 28.457398999786857], [76.98451299974714, 28.457262999942003], [76.98432600014937, 28.456998000305013], [76.98420500067388, 28.456823999800587], [76.98406100073382, 28.456620999903166], [76.98390500019991, 28.45641100057954], [76.98388299956028, 28.45638099996513], [76.98380300009265, 28.456268000417747], [76.98375400058717, 28.456198999530404], [76.98357500048702, 28.455944000633416], [76.98345099974016, 28.455766000499946], [76.98344499989234, 28.45575600023509], [76.98344200041764, 28.455747000627714], [76.9834409996944, 28.455738000229818], [76.9834409996944, 28.455727000093468], [76.98344300024254, 28.455717999693853], [76.9834469995422, 28.455707000345186], [76.9834540001132, 28.45569700007475], [76.98345999996098, 28.455690000200786], [76.98359600040341, 28.455560999619912], [76.98339500056196, 28.45534300000091], [76.98316299986006, 28.455098000157086], [76.98300399985139, 28.4549319994857], [76.98284900004072, 28.45476999964494], [76.98275299978123, 28.454669999960604], [76.98263100048082, 28.45454199959479], [76.98250399936089, 28.454410000338672], [76.98334800070629, 28.453938999908644], [76.98337900066844, 28.4539719992928], [76.983828000207, 28.453707000094298], [76.98386993536111, 28.453294998066248], [76.98374314175202, 28.45327957556263], [76.98111599983898, 28.452959999803948], [76.98056875874431, 28.452904907627527], [76.97876200056956, 28.452722999934853], [76.97948199937147, 28.451254000069383], [76.97949604632755, 28.451225253014773], [76.97949533486184, 28.451224490839017], [76.98021200001573, 28.449760000622387], [76.98086700031695, 28.449495999483556], [76.98083652317429, 28.44938730190763], [76.98070521373427, 28.448918974026725], [76.98069700043764, 28.448505000068714], [76.98115099999909, 28.448477000245227], [76.98113800047858, 28.447951999418002], [76.98116899954243, 28.447953000150207], [76.98131383581402, 28.447671000230287], [76.98125928472005, 28.44696006693728], [76.98333683015575, 28.44291894537396], [76.98365383753467, 28.442302294159482], [76.98375312023818, 28.442323811444265], [76.98472563636479, 28.44266646972441], [76.98469799969504, 28.441582000111058], [76.98469300057049, 28.441364000109765], [76.98469100002237, 28.440895999263425], [76.98473163082268, 28.44089523385363], [76.9879260004471, 28.440835000271537], [76.98792190323113, 28.440797049661125], [76.98774300014901, 28.43913999954412], [76.98778726014307, 28.439136341472242], [76.98778346655762, 28.43910120786143], [76.98820635566413, 28.439066259077993], [76.9876799995015, 28.438205999869957], [76.98718700048033, 28.4375279995759], [76.98723433361096, 28.437498652399412], [76.98980299969057, 28.43590599976238], [76.9907700001613, 28.435329999760995], [76.99184200021402, 28.434760000186397], [76.99185800010757, 28.43475100037222], [76.99189846292292, 28.43471220787027], [76.99188246392768, 28.434721207687755], [76.9918495496557, 28.43473870807672], [76.9918470002369, 28.434734999296342], [76.99136299963992, 28.434052000089643], [76.99071499990971, 28.43317699985515], [76.99062200092163, 28.433050999712034], [76.99002100014876, 28.43236799990537], [76.98841299962054, 28.430597999354625], [76.9897989994926, 28.42986800052035], [76.99065100033563, 28.42941999936582], [76.99120199998143, 28.429150999792768], [76.99159000031896, 28.428975999961892], [76.9919800003063, 28.428755000475277], [76.99237199994347, 28.428538000240827], [76.99281499963423, 28.428295000181954], [76.99299799993233, 28.42819899968313], [76.99327799941653, 28.42806099994908], [76.99329500003327, 28.428014000130247], [76.99446399927204, 28.42735000044284], [76.99468899940295, 28.427222000195524], [76.99530300059462, 28.426860999417112], [76.99567399941705, 28.426608999741536], [76.99630934817311, 28.42618347074753], [76.9965369992324, 28.426031000188217], [76.99742900025839, 28.425548999678124], [76.99763699977252, 28.425441000357726], [76.99832600040894, 28.425148000315144], [77.00023999946231, 28.424472999802845], [77.00049542104031, 28.424415717076055], [77.00051200034719, 28.42441199924369], [77.00065799993703, 28.424582999647345], [77.00130599966725, 28.425366999911237], [77.00203700013645, 28.426218000342605], [77.00303300002118, 28.427390999736346], [77.00319800077594, 28.427585999357397], [77.00378599933336, 28.42828399956141], [77.00410099987596, 28.428656000019416], [77.00482899997209, 28.429528000156193], [77.0052860008049, 28.43007600018607], [77.00587399936232, 28.430781000501202], [77.00593299981188, 28.430850999906408], [77.00693499954443, 28.43205699999359], [77.00730699998839, 28.432505000254718], [77.00746599909874, 28.43269599958664], [77.00783999919254, 28.43313300018583], [77.00828799980454, 28.433656000152133], [77.00881000003635, 28.434293000215913], [77.00887019794017, 28.43436445237742], [77.00951600039119, 28.435130999935467], [77.00952570129795, 28.435142393234177], [77.00960199970659, 28.435231999988932], [77.00973773334941, 28.43539529523819], [77.00995696000795, 28.435659037715727], [77.01000616612598, 28.435718235479886], [77.010059999466, 28.435782999881393], [77.01018800041082, 28.435937000711682], [77.01016121175074, 28.435954033258962], [77.0100431722241, 28.436029081653423], [77.01002600002913, 28.436040000105788], [77.00969299994318, 28.43625300054411], [77.00943500020034, 28.436422999933505], [77.00940300041327, 28.436444000220167], [77.00935200035966, 28.43647700032364], [77.00879499996775, 28.43681799973703], [77.00861199966963, 28.436930000272877], [77.00850899973747, 28.436992999238594], [77.0082500001697, 28.437151000065615], [77.00810499950643, 28.437242000124865], [77.0075189997005, 28.437610000529805], [77.0074199999663, 28.437671999840965], [77.00680799932282, 28.4380639996135], [77.00661299932914, 28.438198000383483], [77.00648399945769, 28.43827199975741], [77.0062089999964, 28.438421999994766], [77.00584499994832, 28.43861900067855], [77.00560399992392, 28.438768000394695], [77.00554599929929, 28.438805000678713], [77.00548000007534, 28.438845999483863], [77.00541499977803, 28.438891000755092], [77.00519499967001, 28.43904300016804], [77.0050820005904, 28.43912299989604], [77.00484100056597, 28.439293000203378], [77.00391300045331, 28.43997100024504], [77.00311400021205, 28.440544999442185], [77.00294099995968, 28.440670000128648], [77.00276400040768, 28.440796999897607], [77.0026969995622, 28.44084600037724], [77.00244999969001, 28.44102699958242], [77.00241799990295, 28.441049999760367], [77.00223200013012, 28.441182999901386], [77.0021889995741, 28.44122099934677], [77.00218300062464, 28.44122600016661], [77.00213099984776, 28.44127199964107], [77.00207300012147, 28.44132599992587], [77.00189999986908, 28.441521999938118], [77.00163600027847, 28.44181600046041], [77.00126399983446, 28.442239999774678], [77.00094299944408, 28.4426030002069], [77.0007320004552, 28.44283600067657], [77.00046000046866, 28.443131999892312], [77.00021607822461, 28.44340214873956], [77.00022146272643, 28.443402205610763], [76.99977346391105, 28.4438972059099], [76.99963246434409, 28.444060205799786], [76.99951146397025, 28.44422920609397], [76.99950646394741, 28.44423920507937], [76.99941246423606, 28.44442620465187], [76.99916546436384, 28.44491120518723], [76.99887846430866, 28.445455205457336], [76.99880846488678, 28.445585205694254], [76.99859946554774, 28.4459752054463], [76.99833746560691, 28.44645720532798], [76.9982674652867, 28.446586205957693], [76.99799346565032, 28.44709020591783], [76.99779846565666, 28.44745320550138], [76.99775346634911, 28.447538205709037], [76.99754246646195, 28.44793120598548], [76.99748546656052, 28.448038205315402], [76.99745046550211, 28.448105206117727], [76.99739646687205, 28.448188205131245], [76.9973014664375, 28.448333205830483], [76.99728965269321, 28.448328266954263], [76.9972610000289, 28.448372000446245], [76.99724000011251, 28.448428000141387], [76.99692199919687, 28.449036000113054], [76.99670499946188, 28.44942399992023], [76.998246000043, 28.449412999916788], [76.99827799983007, 28.451074000112474], [76.99894599965171, 28.451085999855863], [76.99898300035997, 28.451802000508977], [76.99843900038685, 28.451826999734877], [76.99846199995308, 28.452265000188884], [76.99847700002167, 28.453436000098886], [76.99847700002167, 28.45379400057797], [76.99907399969824, 28.453792000013884], [77.00086000050172, 28.453766000575367], [77.00090899910892, 28.453758999783762], [77.00095900023595, 28.453740000340666], [77.0015619997603, 28.45347900012119], [77.00171999994404, 28.45340999978303], [77.00182400059944, 28.453385000141584], [77.00432000015908, 28.453350999893086], [77.00431900033415, 28.45298600023045], [77.00430399936725, 28.452607999840264], [77.00424399999109, 28.451061999577902], [77.00444200035783, 28.451091000209253], [77.00487599982776, 28.451180000299704], [77.00545299941285, 28.451351000094636], [77.00606300040654, 28.451556999568115], [77.0064349999522, 28.451712999362417], [77.00651400049325, 28.451747000137626], [77.00664500001452, 28.451801999719144], [77.00664399929127, 28.45180399953108], [77.00662900012097, 28.45184599952173], [77.00663099977078, 28.45191599999564], [77.00661600060052, 28.452180999733923], [77.00578500057219, 28.452188000630002], [77.00579700026775, 28.45254300010921], [77.00580399994047, 28.452686000570512], [77.00581900000907, 28.453235000589142], [77.0073429999734, 28.453177000494566], [77.00762228529693, 28.453464773405717], [77.00767199986136, 28.453515999997833], [77.0078340002431, 28.453673999837637], [77.00820599978876, 28.454020999986803], [77.00824699979665, 28.454064000560997], [77.00845600003402, 28.454279000010505], [77.00850600026273, 28.454324000243997], [77.00864799965464, 28.45446000071051], [77.00879999999061, 28.454647000375243], [77.00859938372976, 28.45528355969756], [77.0085574548639, 28.455381256568366], [77.00850224889813, 28.455524422995158], [77.00843308670605, 28.45575059810141], [77.00824776246633, 28.456230605033596], [77.00822162598314, 28.456298301181178], [77.00798544811515, 28.45677622535137], [77.00791925216018, 28.45698727909083], [77.00791735940989, 28.456992792519774], [77.00789599926904, 28.45699300023095], [77.00763100075181, 28.456994999944694], [77.00686800049557, 28.457000000018642], [77.0066869998473, 28.457004000235585], [77.00638699937333, 28.457011000022543], [77.00626500007289, 28.45701399959262], [77.00610100004135, 28.45701699995239], [77.00579000059507, 28.457023999738492], [77.00527300038611, 28.4570339998834], [77.00477000042089, 28.45704400081715], [77.004024999708, 28.45706400031246], [77.00370099984286, 28.457072999807718], [77.00348299938469, 28.457077999878003], [77.00334899949038, 28.457081999302186], [77.00289799940367, 28.457092999297572], [77.00265500062774, 28.457099000012533], [77.00223299995503, 28.457108999360585], [77.0019690003644, 28.45711799964178], [77.00182299987621, 28.45712200064404], [77.00151099970668, 28.45713199998988], [77.00127300005528, 28.457140000413624], [77.0008510002809, 28.457153000113724], [77.00059400036297, 28.45715999989082], [77.00040999934163, 28.457164000101695], [77.00039500017132, 28.457164000101695], [77.00002699992531, 28.457172999588426], [76.99985000037327, 28.457178000443747], [76.99938500004286, 28.456774999615924], [76.99911700025427, 28.45654999952412], [76.9985220002275, 28.457109000150343], [76.99847799984657, 28.45723200050457], [76.99825199989077, 28.457244000338836], [76.99778599973546, 28.457262999942003], [76.99636800007633, 28.457301000717646], [76.9962030002199, 28.457121999854245], [76.99550899956061, 28.45644900008187], [76.99519700028938, 28.455940000376373], [76.99510800060095, 28.455771999710656], [76.99490600003627, 28.455762000236145], [76.99486699967818, 28.455564000020928], [76.99436200006312, 28.455460999893987], [76.99347099976036, 28.456568000180937], [76.99201700011622, 28.45532499992532], [76.99138099918326, 28.455606999967554], [76.99123100029375, 28.45567700032082], [76.99113099983634, 28.455731000358565], [76.99110499989708, 28.45574699983793], [76.99107099956187, 28.455771999710656], [76.9910379999499, 28.455799000103625], [76.99100600016286, 28.45582800022549], [76.99097600092396, 28.455858000207023], [76.99095199973617, 28.4558830000535], [76.99092999999489, 28.45590899976121], [76.99090900007847, 28.455936000119152], [76.990860000573, 28.45600600025458], [76.99081100016919, 28.456096000022118], [76.99078000020705, 28.456173999758654], [76.99071099971177, 28.456370999758455], [76.99065100033563, 28.456541999845516], [76.99048200028122, 28.45707700002191], [76.99046500056278, 28.457142000124595], [76.9904379999003, 28.457240000130977], [76.99039299969446, 28.457477999993866], [76.99038400037193, 28.457477999993866], [76.99014099979937, 28.45749200029432]]]}}, {"type": "Feature", "properties": {"OBJECTID_1": 35, "OBJECTID": 35, "Ward_No": "10", "SHAPE_Leng": 6883.78307867, "Shape_Length": 7842.252632240869, "Shape_Area": 2534035.8916748115}, "geometry": {"type": "Polygon", "coordinates": [[[77.01705099982411, 28.44405499974697], [77.01702919232227, 28.444068842270422], [77.01693842564765, 28.444126456373773], [77.01680752494107, 28.444209546185522], [77.01676899979178, 28.444233999825208], [77.01594899963415, 28.444539000430083], [77.01592300059319, 28.44454900017607], [77.01518900064929, 28.444821999984576], [77.01503460540475, 28.444879473081382], [77.0147349992912, 28.44499100064129], [77.01440099938036, 28.445116000023216], [77.01389500083869, 28.445304000382574], [77.01381700012254, 28.445333000223368], [77.01365100044121, 28.445419999698146], [77.01317259545011, 28.4456725153769], [77.0130940000493, 28.445713999654235], [77.01268700034353, 28.445935000053044], [77.01223100023394, 28.446175999965185], [77.01131999983971, 28.446656000602225], [77.01063800067261, 28.447014999501686], [77.01025100016003, 28.44721100003005], [77.00988899976178, 28.447393000138998], [77.00960799955439, 28.447530999934727], [77.00955099965296, 28.447559000008653], [77.0093910007177, 28.44763599977884], [77.00915899911749, 28.447746999974616], [77.00872200017281, 28.447949999533204], [77.00851099938728, 28.44804800016114], [77.00834600042917, 28.448123999634554], [77.00826000021544, 28.44816600029701], [77.0080240002139, 28.448275000057894], [77.00766000016581, 28.448452999375135], [77.00736800008775, 28.448598000501118], [77.00730300068875, 28.448625000356547], [77.007137999934, 28.4486950005932], [77.0070479995223, 28.448719000618524], [77.00698000064855, 28.448728000034254], [77.00704770217993, 28.449076356765627], [77.00705499739837, 28.449113894480984], [77.00709000025344, 28.449293999662995], [77.00778800021232, 28.449286999365153], [77.00778400001438, 28.449857000438453], [77.00829200000248, 28.449849000253412], [77.00830300077148, 28.450178999287637], [77.00830100022334, 28.45034600023263], [77.00846200078013, 28.450344000393127], [77.00853800004981, 28.45197500068632], [77.00811099935422, 28.451982999920666], [77.00809999948355, 28.452133999572457], [77.00807000024466, 28.452134000362292], [77.00794700022098, 28.452369000170773], [77.00778999986215, 28.452299999898027], [77.00743599985985, 28.45213799997353], [77.0070609999411, 28.451977000494963], [77.00664399929127, 28.45180399953108], [77.00664500001452, 28.451801999719144], [77.00651400049325, 28.451747000137626], [77.0064349999522, 28.451712999362417], [77.00606300040654, 28.451556999568115], [77.00545299941285, 28.451351000094636], [77.00487599982776, 28.451180000299704], [77.00444200035783, 28.451091000209253], [77.00424399999109, 28.451061999577902], [77.00430399936725, 28.452607999840264], [77.00431900033415, 28.45298600023045], [77.00432000015908, 28.453350999893086], [77.00182400059944, 28.453385000141584], [77.00171999994404, 28.45340999978303], [77.0015619997603, 28.45347900012119], [77.00095900023595, 28.453740000340666], [77.00090899910892, 28.453758999783762], [77.00086000050172, 28.453766000575367], [76.99907399969824, 28.453792000013884], [76.99847700002167, 28.45379400057797], [76.99847700002167, 28.453436000098886], [76.99846199995308, 28.452265000188884], [76.99843900038685, 28.451826999734877], [76.99898300035997, 28.451802000508977], [76.99894599965171, 28.451085999855863], [76.99827799983007, 28.451074000112474], [76.998246000043, 28.449412999916788], [76.99670499946188, 28.44942399992023], [76.99692199919687, 28.449036000113054], [76.99724000011251, 28.448428000141387], [76.9972610000289, 28.448372000446245], [76.99728965269321, 28.448328266954263], [76.99735600046347, 28.448226999800248], [76.99740999999183, 28.448144000027316], [76.99744500015193, 28.448076999249558], [76.99750200005333, 28.447969999958882], [76.99771300083883, 28.44757700061645], [76.99775799924804, 28.447491999650104], [76.99795300014004, 28.447129000199745], [76.9982269997764, 28.446625000424476], [76.99829700009664, 28.44649599984209], [76.99855900003746, 28.446014000137183], [76.99876800027482, 28.445624000528213], [76.99883799969672, 28.445493999549118], [76.99912499975188, 28.44495000026843], [76.9993720005224, 28.444464999910952], [76.99946600023375, 28.444277999617157], [76.99941246423606, 28.44442620465187], [76.99950646394741, 28.44423920507937], [76.99951146397025, 28.44422920609397], [76.99963246434409, 28.444060205799786], [76.99977346391105, 28.4438972059099], [77.00022146272643, 28.443402205610763], [77.00021607822461, 28.44340214873956], [77.00046000046866, 28.443131999892312], [77.0007320004552, 28.44283600067657], [77.00094299944408, 28.4426030002069], [77.00126399983446, 28.442239999774678], [77.00163600027847, 28.44181600046041], [77.00189999986908, 28.441521999938118], [77.00207300012147, 28.44132599992587], [77.00213099984776, 28.44127199964107], [77.00218300062464, 28.44122600016661], [77.0021889995741, 28.44122099934677], [77.00223200013012, 28.441182999901386], [77.00241799990295, 28.441049999760367], [77.00244999969001, 28.44102699958242], [77.0026969995622, 28.44084600037724], [77.00276400040768, 28.440796999897607], [77.00294099995968, 28.440670000128648], [77.00311400021205, 28.440544999442185], [77.00391300045331, 28.43997100024504], [77.00484100056597, 28.439293000203378], [77.0050820005904, 28.43912299989604], [77.00519499967001, 28.43904300016804], [77.00541499977803, 28.438891000755092], [77.00548000007534, 28.438845999483863], [77.00554599929929, 28.438805000678713], [77.00560399992392, 28.438768000394695], [77.00584499994832, 28.43861900067855], [77.0062089999964, 28.438421999994766], [77.00648399945769, 28.43827199975741], [77.00661299932914, 28.438198000383483], [77.00680799932282, 28.4380639996135], [77.0074199999663, 28.437671999840965], [77.0075189997005, 28.437610000529805], [77.00810499950643, 28.437242000124865], [77.0082500001697, 28.437151000065615], [77.00850899973747, 28.436992999238594], [77.00861199966963, 28.436930000272877], [77.00879499996775, 28.43681799973703], [77.00935200035966, 28.43647700032364], [77.00940300041327, 28.436444000220167], [77.00943500020034, 28.436422999933505], [77.00969299994318, 28.43625300054411], [77.00990613871907, 28.436116667800455], [77.01002600002913, 28.436040000105788], [77.0100431722241, 28.436029081653423], [77.01016121175074, 28.435954033258962], [77.01018800041082, 28.435937000711682], [77.01030200021363, 28.43608200003701], [77.010511000451, 28.43631699996527], [77.01094700046912, 28.436836999850385], [77.011313000167, 28.437274999979454], [77.01172099969767, 28.437773999877244], [77.01208699939559, 28.43820199973184], [77.01235799955724, 28.438514000572273], [77.01271499993263, 28.438915999873235], [77.01306510753483, 28.43931896765418], [77.01317200076541, 28.439442000550102], [77.01339800072121, 28.439699000575494], [77.01375600002322, 28.440125999735177], [77.01384700025979, 28.44023400065734], [77.01405800014699, 28.44048400024786], [77.01415120754423, 28.440596101169426], [77.01420600028499, 28.440662000038607], [77.01438600021007, 28.44088099991603], [77.01456799978493, 28.441102000144248], [77.01481399983221, 28.441392000236526], [77.01542123311651, 28.44211488877935], [77.01705099982411, 28.44405499974697]]]}}, {"type": "Feature", "properties": {"OBJECTID_1": 36, "OBJECTID": 36, "Ward_No": "21", "SHAPE_Leng": 19912.3578455, "Shape_Length": 22679.203381183794, "Shape_Area": 12820801.284284566}, "geometry": {"type": "Polygon", "coordinates": [[[77.09201899995175, 28.44950400048512], [77.09208000005113, 28.44958400019967], [77.09180599951641, 28.449780999840996], [77.09194600015682, 28.45004300042312], [77.09190500014893, 28.450039999865467], [77.0918599999431, 28.45003800002017], [77.09161300007088, 28.450028000003353], [77.09139200013796, 28.450018999908448], [77.0912629993682, 28.450014000294193], [77.09114600009067, 28.450008999889835], [77.09097600021136, 28.45000299956229], [77.09070300039988, 28.4499919996191], [77.08946099956951, 28.44994300021726], [77.08922600029118, 28.44993299940165], [77.08867399992215, 28.449910999499522], [77.08756199968644, 28.449897000564686], [77.08755900021168, 28.449891999364976], [77.08727499963126, 28.449422000063283], [77.08701900043656, 28.449449999636563], [77.08702000026145, 28.44928800008471], [77.08660099996179, 28.449436999779206], [77.08662899955088, 28.449029999730293], [77.08710800012499, 28.449058000197184], [77.08716099982844, 28.448703000075707], [77.08781400047982, 28.44849899965583], [77.08787999970374, 28.44847900012001], [77.08801299977314, 28.4480450003367], [77.08806399982676, 28.447946999705987], [77.08809500068722, 28.44781199949439], [77.08796400026766, 28.44754699986505], [77.08703099923378, 28.44624599945325], [77.08699399942387, 28.446194000018487], [77.08695335694546, 28.44614443568857], [77.08695299941597, 28.446144000477126], [77.08689800006272, 28.44618199972], [77.08674600062507, 28.446248000160093], [77.08575199949183, 28.44680399931269], [77.08564600008492, 28.446654999857717], [77.08423000007564, 28.447328999520153], [77.08404700067581, 28.447084000063594], [77.08392000045424, 28.44716100017963], [77.08357699942424, 28.44776000003973], [77.0840119996174, 28.44778600016517], [77.0843410004037, 28.447838999550502], [77.08449099929321, 28.44773000013009], [77.08491099941779, 28.448033000248206], [77.08500500002742, 28.447998999858516], [77.08525300062284, 28.448138000383782], [77.08565400048084, 28.4479440006685], [77.08578700055023, 28.448216000462153], [77.08587500041381, 28.448556999946877], [77.0855320002821, 28.44876200018956], [77.0855029999698, 28.448842999609585], [77.08590699930254, 28.44888400005294], [77.08582200071035, 28.449561000297834], [77.08453499967413, 28.44906499972037], [77.08476300017807, 28.448577000257735], [77.08355600040616, 28.448178999520767], [77.08295700018145, 28.448463999478395], [77.0817870002194, 28.448080999804084], [77.08156900065951, 28.44801099995085], [77.0807879999616, 28.447758000151346], [77.08031799960833, 28.447606000623882], [77.07996499943094, 28.447485000022812], [77.07955799972515, 28.447344999481018], [77.07938399964787, 28.44727599987923], [77.07907900004936, 28.447112000255874], [77.07887900003281, 28.447004999988856], [77.07757299962837, 28.446275999783868], [77.07753699964336, 28.446256000617566], [77.07743500043442, 28.446198999813358], [77.07730499983977, 28.446129000294146], [77.07713199958738, 28.446035000099634], [77.07704499954875, 28.445998000764824], [77.07692599972306, 28.445972000199777], [77.07684100023256, 28.445963999720867], [77.07646999961348, 28.445978999927245], [77.07627700016798, 28.44600700041207], [77.07618599993137, 28.44601500009789], [77.07610099954255, 28.44601600005858], [77.07604500036435, 28.44600800037284], [77.07603799979334, 28.446006999622224], [77.07597099984619, 28.445985999654216], [77.0758729999369, 28.445940999821577], [77.0757800000505, 28.445858999796457], [77.07545900055844, 28.44553299978064], [77.0754300002461, 28.445503000029124], [77.07519000004662, 28.445256999534198], [77.0745690000806, 28.444621999872705], [77.07412799914131, 28.444172000410475], [77.07340699961617, 28.443429999829814], [77.07303799954524, 28.443050000059106], [77.07266500017464, 28.442665999743806], [77.07175499960532, 28.4417390004026], [77.07113800073556, 28.441111000208075], [77.07105799947131, 28.441028999598114], [77.07019878335994, 28.44016001134469], [77.0702473759286, 28.440164911897124], [77.07026209751946, 28.440164298143223], [77.07044126740121, 28.440156824879622], [77.07062269205431, 28.44017730703935], [77.07094506686705, 28.440252316102598], [77.07130282721715, 28.44033555903868], [77.07162756549742, 28.440385570014666], [77.0716611696756, 28.440390744652074], [77.07199748634154, 28.440442536826414], [77.07202509246851, 28.440535524600705], [77.07218794804638, 28.44087932296529], [77.07227590838407, 28.44106501172215], [77.07289128759135, 28.4409429404377], [77.07298980493023, 28.440917882556317], [77.0731329424876, 28.440867641182145], [77.0731528725105, 28.440856787999508], [77.07334971674545, 28.440727962058542], [77.0734026104477, 28.440679877806158], [77.07349416135158, 28.440590053703822], [77.07353024667654, 28.440557843202566], [77.07367881095655, 28.440425230116528], [77.0738405858611, 28.440272802983248], [77.07398094852257, 28.44014055131509], [77.07410932316655, 28.439980071496397], [77.07417439802406, 28.439909958064945], [77.07418610486883, 28.439898007607344], [77.07421505846875, 28.43984449949397], [77.07434287975055, 28.43970516973749], [77.0743703655033, 28.43968631232223], [77.07451311768338, 28.439588366349312], [77.07458074285798, 28.439541967239887], [77.07490760655223, 28.439317698271424], [77.07495129791268, 28.439287721244327], [77.07498305066301, 28.43926735186932], [77.07504806802834, 28.43922564546893], [77.07505908676364, 28.439219632680977], [77.0751760635833, 28.43915580089662], [77.0756003792145, 28.438924257606438], [77.07574685311482, 28.438844328820192], [77.07586480191162, 28.43877996519838], [77.07594114523606, 28.438738305210705], [77.07593933962232, 28.438731759203918], [77.07593278551403, 28.43870799230641], [77.07588214658315, 28.43852436345845], [77.0758141243532, 28.438277692683187], [77.07570455593967, 28.43797681477721], [77.07569213313761, 28.4379389057971], [77.07568350931086, 28.43792505299248], [77.0756414690539, 28.437857522814983], [77.07558844958751, 28.437741809846457], [77.07558698353698, 28.437738609879908], [77.07535122338561, 28.43742735638931], [77.07512385080405, 28.437053314790628], [77.0750822668912, 28.436984906449148], [77.07503208340619, 28.436878267993226], [77.07471294702005, 28.436329178327377], [77.07467642601215, 28.43626056650542], [77.07466437601092, 28.436237092117317], [77.07446909843785, 28.435856686550565], [77.07443740497632, 28.435780562142664], [77.074236496763, 28.435420897904624], [77.07420551386885, 28.43536387783291], [77.07413366032421, 28.435231637406996], [77.07386047366317, 28.434730930301978], [77.07382216051631, 28.434682629249437], [77.07380837047839, 28.43466524260299], [77.07375143705232, 28.434565251556783], [77.07359792664836, 28.434335274951692], [77.07353374920783, 28.434239130632193], [77.07345889349352, 28.434133055011056], [77.07325410725315, 28.43384285965243], [77.07322393463936, 28.43380010285069], [77.07308995001642, 28.433610238301355], [77.07307220918788, 28.43358322592394], [77.07293185461128, 28.433369512313607], [77.07278517679336, 28.433146169517315], [77.07270979556459, 28.433033658614907], [77.07269535694304, 28.433012107842394], [77.07255922983816, 28.43280892952523], [77.07255862437364, 28.43280802581447], [77.07249752366297, 28.432716829982095], [77.0723929292212, 28.432550908725865], [77.07235083147202, 28.432484127159746], [77.07217766682797, 28.432209431063573], [77.07215645940072, 28.432175788180253], [77.07196497810801, 28.431934302144324], [77.07187111494063, 28.43181592604801], [77.07186238780763, 28.431804919473723], [77.07179128884786, 28.431702780179158], [77.07171900141692, 28.43159893445949], [77.07169092996263, 28.43155860668746], [77.07160778459487, 28.43138478946931], [77.07134542083637, 28.430836308013856], [77.07134506061193, 28.430835553590892], [77.07129404888019, 28.430728909727673], [77.07125225296497, 28.43066801310038], [77.07118747634816, 28.430573632620074], [77.07112277698646, 28.43047936344193], [77.07111730265311, 28.430466997972587], [77.07112140256406, 28.430463768556965], [77.07127843256731, 28.430415997999738], [77.07173715008062, 28.430276448063857], [77.07180186381538, 28.43025676028331], [77.07227046010188, 28.43011254295288], [77.0722837812192, 28.429940417073354], [77.07228024455193, 28.429856175325217], [77.07226884223603, 28.429584498825115], [77.07227659290032, 28.429352160406996], [77.07227466601401, 28.42931168958186], [77.07226405331727, 28.42908875296367], [77.07226084453507, 28.429028253545166], [77.07225730068126, 28.42896143499677], [77.07233883626803, 28.428766141664607], [77.07235441844496, 28.428728819505277], [77.07237961529034, 28.42858040288381], [77.0724647288669, 28.428219654005698], [77.07247388629291, 28.428180840149718], [77.07251870234411, 28.428109006196905], [77.07256112258845, 28.428041010769256], [77.07268965982753, 28.427834980509537], [77.07276191851236, 28.42777968406834], [77.07279132486318, 28.427699848773162], [77.07282950955096, 28.42766952717669], [77.07311413446051, 28.427347525379957], [77.07318349518023, 28.427280624400687], [77.07327356116892, 28.42711819273921], [77.0735780873553, 28.426568982119516], [77.07364248757801, 28.426462214666543], [77.0737769977154, 28.426239209635995], [77.07390960342437, 28.426019360216184], [77.07399063505628, 28.425903609812465], [77.0741472527328, 28.425679882325728], [77.07422500012402, 28.425770000328722], [77.07462900035506, 28.42561800002018], [77.0753800000174, 28.42526999976007], [77.07538153254328, 28.425125493599655], [77.07553469260428, 28.425061757595277], [77.07621496251443, 28.424824572768006], [77.07669058991466, 28.42461655172209], [77.07680936426321, 28.424544630028358], [77.07689462965502, 28.424542396645585], [77.07757429320235, 28.424260216610925], [77.07782679615399, 28.424225183923845], [77.0780024733859, 28.424081991723963], [77.07825355340613, 28.42394804102109], [77.07866465841276, 28.423704215119134], [77.07893161076575, 28.423545884525435], [77.07948226905177, 28.423249935591976], [77.07952336787433, 28.423227847187988], [77.07961016219876, 28.423181199946086], [77.07995830069385, 28.423010161726683], [77.08028941072443, 28.422869179970576], [77.08038066698089, 28.422836655962932], [77.08039123027031, 28.42283203506918], [77.08053946666521, 28.422747459010232], [77.08096821727898, 28.42252429367735], [77.08115377867398, 28.422427709639628], [77.08119536887499, 28.422406061113364], [77.08120374746166, 28.422401700122236], [77.08152326293683, 28.42223539058841], [77.08164731039612, 28.42220119071938], [77.08187098102039, 28.422139523640336], [77.08187275698972, 28.42213903381765], [77.08188435962992, 28.422133671839074], [77.0820284269436, 28.42206709384993], [77.08207722792142, 28.4220493069522], [77.08232722637004, 28.421939953096256], [77.08244622080582, 28.421882615276203], [77.08284263745924, 28.421691599590734], [77.08289958525836, 28.421664159129794], [77.08294414888297, 28.42163629678017], [77.08300237678137, 28.421614626761006], [77.08307310833023, 28.42158830576781], [77.0831673389086, 28.421530363375847], [77.08320764721368, 28.42150557820204], [77.08338802353288, 28.42140434225728], [77.08344530909851, 28.421372191489624], [77.08368499668433, 28.421264294563866], [77.08368510178722, 28.421264247161258], [77.08410151314222, 28.42100200781916], [77.08430807804686, 28.420868164615698], [77.08433169206072, 28.420852863791985], [77.08436267764984, 28.420836853504444], [77.08460188643356, 28.420713256215418], [77.08469405178509, 28.420662399281944], [77.08501773454488, 28.420453380915873], [77.08504074578923, 28.42043884163972], [77.08520999377863, 28.42033190841393], [77.08524127760839, 28.420312143728975], [77.08535895601229, 28.42023422262539], [77.08556277656376, 28.42012387221966], [77.08567596159462, 28.420053966847078], [77.08571864055374, 28.42002815820987], [77.08583771404128, 28.419956149653334], [77.08589814550709, 28.419919604960313], [77.08590029517558, 28.41991757847392], [77.08590344736388, 28.419794821519385], [77.08589938338554, 28.41977750590228], [77.08588968697038, 28.419736197118844], [77.08577661961881, 28.419254481601257], [77.08575739657006, 28.41919642574372], [77.08575023520059, 28.419174796308216], [77.08559853759688, 28.418713938249816], [77.08557988138506, 28.41865730894895], [77.0855313112743, 28.41850987921738], [77.08549960433801, 28.418413636775618], [77.08547834301187, 28.4183490979749], [77.0854213970094, 28.418176247438048], [77.08542000012912, 28.41816200017373], [77.0854129995581, 28.418087999379622], [77.08539900021275, 28.41725000061502], [77.08524899952657, 28.417201000270833], [77.08519699964806, 28.417156999490963], [77.0851570003634, 28.41708700051101], [77.08513699937359, 28.41701700069471], [77.08510699923636, 28.4167569993917], [77.08511299998247, 28.41667400021483], [77.08504833116349, 28.416674263310608], [77.08503946568992, 28.41662565062816], [77.08498430284327, 28.416499181227827], [77.08481953565051, 28.415959877672094], [77.08480722334122, 28.415885427361832], [77.08476654942179, 28.41563947494496], [77.08767518741224, 28.41647170939816], [77.08788666250821, 28.41700974227703], [77.0883831110601, 28.418225699248563], [77.0893391305248, 28.41877804861473], [77.08997503264308, 28.418499697666178], [77.09055340575225, 28.418729560937876], [77.09115948649803, 28.419089346682266], [77.09168051744764, 28.419398638669804], [77.09282477169363, 28.419723502521826], [77.09282500076402, 28.4197329997681], [77.09302626920173, 28.419780707992015], [77.09313471112787, 28.419811494819747], [77.09355799998472, 28.419966000032346], [77.09389800064164, 28.420112999528364], [77.09431299984503, 28.420264000426666], [77.0946840004641, 28.42028300035177], [77.09495352110048, 28.42038373015686], [77.09566291529046, 28.42106828468104], [77.09646260903114, 28.422249693397116], [77.09661405780149, 28.422817716538482], [77.09682713369533, 28.42361686202712], [77.097733399968, 28.42506520837987], [77.09889378166831, 28.42570386466208], [77.10127442227407, 28.426592264311445], [77.10271485825575, 28.427733893606703], [77.10400970338101, 28.42834058421337], [77.1046534819277, 28.429319794017925], [77.10461843864847, 28.42935478630972], [77.104926341602, 28.42973481789015], [77.10510875080865, 28.429971148017874], [77.10532887218925, 28.430256338436138], [77.1053475903848, 28.430280589117313], [77.10543127743667, 28.430389015615987], [77.1054214345961, 28.430677039330934], [77.10574039401415, 28.430509293196202], [77.1056480561861, 28.430342275152892], [77.1059951265843, 28.43020410441862], [77.1060693049689, 28.43030849501023], [77.10617476358998, 28.430519362206034], [77.10628128312143, 28.430693439166706], [77.10658600783549, 28.430638570014473], [77.1066827563916, 28.430792852452036], [77.10685371836658, 28.430755403821895], [77.10692036617414, 28.430941870298682], [77.10685967958679, 28.431024166275787], [77.1068984347048, 28.43112257519915], [77.10695146045936, 28.431236052685204], [77.10686179691592, 28.43127219532746], [77.1068524741999, 28.43134211304106], [77.10706167565992, 28.4313397873755], [77.10716415546753, 28.431284553593], [77.10740233029036, 28.431159061516777], [77.10768874823725, 28.431014775898504], [77.1078781113025, 28.431171833739395], [77.10801584639175, 28.431123613219135], [77.10813586221204, 28.431317921060803], [77.10828452081515, 28.43127733407203], [77.1081736453529, 28.431032893077234], [77.10845930781659, 28.430934217060305], [77.10870591602334, 28.431307442923412], [77.10873726543012, 28.431321173359397], [77.10899583200994, 28.431318312095], [77.10918130896327, 28.431129445564157], [77.10926817964452, 28.431203743750014], [77.10937128917112, 28.43118618352875], [77.1094335648782, 28.43131416239251], [77.10945336823865, 28.431354859172647], [77.10935568633298, 28.43139523995016], [77.10944614129221, 28.431534081390787], [77.10981443169405, 28.43137754151633], [77.10997632158296, 28.43165788565588], [77.11018518797137, 28.431542509542876], [77.11062633443775, 28.431470918811662], [77.11108031782952, 28.43194082882255], [77.11108034477896, 28.431940858051185], [77.11157679422914, 28.432454717757423], [77.11180696057126, 28.432404292253423], [77.11286810987365, 28.433081548063672], [77.11308634928372, 28.433145331375638], [77.11330099992423, 28.43331999964146], [77.11386169598524, 28.433371932728928], [77.11525922393736, 28.433780356479467], [77.11789400871682, 28.433798734658023], [77.11796707678373, 28.433793744546424], [77.11808392334765, 28.433795690982254], [77.12009884183502, 28.43399158092342], [77.12064711150066, 28.434506728549934], [77.12100176727319, 28.435114739816793], [77.12159547642084, 28.435910478687205], [77.12281897015971, 28.438468619981617], [77.1230366157834, 28.43930703134819], [77.12309410077506, 28.43952847089311], [77.1233025458536, 28.44033142706764], [77.12341959184354, 28.44078062216511], [77.1238783955951, 28.442641264543063], [77.12393466336955, 28.442635347525137], [77.12392482861384, 28.442924214673187], [77.12384026121298, 28.442938831428343], [77.12346900008247, 28.443002999788877], [77.12252099987828, 28.443131999892312], [77.1223767609864, 28.44314615927837], [77.11825200083229, 28.443551000330785], [77.10826799989876, 28.440543000207253], [77.10684299966861, 28.439550000590707], [77.10640099980273, 28.43992100013173], [77.10577499981383, 28.439649000333638], [77.10521899924682, 28.439115000478914], [77.10360999979198, 28.437509999627736], [77.1035960004466, 28.437555999928033], [77.10358499967765, 28.437592999845997], [77.10347493808902, 28.437890078543074], [77.1034620005523, 28.43792500006791], [77.10290199978732, 28.439441999760206], [77.10288900026684, 28.439477999785982], [77.10274999945138, 28.439841000217225], [77.10264599969427, 28.440114999554602], [77.10231099995853, 28.440994000108265], [77.10218600028509, 28.441322000695624], [77.10182899990969, 28.442262999688868], [77.10163199936788, 28.44279700024048], [77.10154900042552, 28.44302199958134], [77.10136100010453, 28.443523999969887], [77.10121500051469, 28.44398599957856], [77.1011479996692, 28.444197000650224], [77.10111099985929, 28.444328000040674], [77.1009719999421, 28.44481900006863], [77.10090099979702, 28.445059000184386], [77.10056899953598, 28.446190000182458], [77.10053899939878, 28.446293999820185], [77.10040999952733, 28.446737000055542], [77.10038899961094, 28.446809999821728], [77.10031499999107, 28.44706500021097], [77.1002650006607, 28.44723599955145], [77.10015400033261, 28.447616000079858], [77.09987300012521, 28.447440000038146], [77.0996899998271, 28.44726799949896], [77.09933099980192, 28.446939000021164], [77.09899100004328, 28.447138000540622], [77.09923600026566, 28.447420999459627], [77.09845500046609, 28.448247000173506], [77.09815700054025, 28.44841300028239], [77.097386999713, 28.447415999722526], [77.09679800043234, 28.447729000185618], [77.09638300033066, 28.447133000000303], [77.09655300020994, 28.447049000207723], [77.09659500004273, 28.44681499958748], [77.09582999923836, 28.44566199995791], [77.09586499939847, 28.445620999845143], [77.0955070000965, 28.44519499992922], [77.09582400028891, 28.444848000042413], [77.09597599972655, 28.444721999581], [77.09573899990009, 28.444531999817492], [77.09614300013112, 28.44420700042854], [77.09545299966982, 28.44378199953853], [77.095190999729, 28.443620999976456], [77.09507399955315, 28.44353300061755], [77.09435600040106, 28.444190999992905], [77.09382499994842, 28.44398999949797], [77.09283499991145, 28.44485799975919], [77.09255099933101, 28.44454099958948], [77.0917260000488, 28.44510000051501], [77.09153699990291, 28.445198999802916], [77.09085499983752, 28.44553099985013], [77.09153699990291, 28.446414000247287], [77.0912330001293, 28.4466770004372], [77.09149599989502, 28.446953000137423], [77.09158600030672, 28.4468749999174], [77.0929529999122, 28.448131999950096], [77.09295899975997, 28.44813799959396], [77.09316600034755, 28.44795999974652], [77.09377700026783, 28.448442000060542], [77.09254299983338, 28.449230999335033], [77.09201899995175, 28.44950400048512]]]}}]}